person_id,label,label_name,session,timestamp,x0,y0,x1,y1,x2,y2,x3,y3,x4,y4,x5,y5,x6,y6,x7,y7,x8,y8,x9,y9,x10,y10,x11,y11,x12,y12,x13,y13,x14,y14,x15,y15,x16,y16,x17,y17,x18,y18,x19,y19,x20,y20
p2,A,A,mock,mock,0.0,0.0,0.43359932,-0.04606776,0.806067,-0.39180967,0.98006946,-0.7642049,1.0994624,-1.0471201,0.7048599,-0.81149954,0.87786454,-1.041984,0.75240153,-0.70599717,0.6275333,-0.5394726,0.44448155,-0.895788,0.60651624,-1.0772487,0.47989658,-0.6678432,0.39601493,-0.5704899,0.1701454,-0.90813684,0.31670737,-1.0834945,0.23228835,-0.6921161,0.17085183,-0.6163353,-0.1262265,-0.90172833,0.018752638,-1.0258253,0.008424183,-0.76828545,-0.035174683,-0.7063858
p4,A,A,mock,mock,0.0,0.0,0.37136054,-0.18761206,0.72367525,-0.54608065,0.8788257,-0.8607924,0.7621369,-1.096174,0.3861697,-0.9595207,0.5880555,-1.0089656,0.47802532,-0.7041025,0.37456775,-0.7202971,0.15407059,-0.9880598,0.37843004,-1.0320228,0.3084469,-0.65305394,0.23428868,-0.6925137,-0.063096516,-0.9419385,0.17248121,-1.0444663,0.14803159,-0.6582346,0.049814496,-0.65023005,-0.28377047,-0.8846249,-0.06519221,-0.9173453,-0.040015724,-0.66797334,-0.116110794,-0.64934576
p4,A,A,mock,mock,0.0,0.0,0.40047678,-0.15229735,0.7587338,-0.54745126,0.9027865,-0.89344984,0.7989239,-1.1388605,0.43077937,-0.95642835,0.60742813,-1.0649452,0.5149864,-0.7413985,0.4161897,-0.7109833,0.19909854,-0.97997946,0.40293276,-1.0703527,0.34529313,-0.6658712,0.27047998,-0.66991246,-0.026629318,-0.94409645,0.20019814,-1.0753081,0.17801794,-0.66427606,0.08610738,-0.6279168,-0.26720774,-0.8925194,-0.04316311,-0.95918584,-0.015674962,-0.6862234,-0.08749241,-0.64146507
p4,A,A,mock,mock,0.0,0.0,0.44989553,-0.16883978,0.7887512,-0.5634315,0.91756004,-0.9030772,0.81808174,-1.1590576,0.4873851,-0.94096655,0.6413451,-1.0775081,0.549,-0.75312114,0.45933324,-0.7277276,0.26108348,-0.96531624,0.44385144,-1.0705864,0.3792656,-0.6679011,0.29991332,-0.6727377,0.03094861,-0.9356926,0.24010842,-1.0648944,0.2118584,-0.6569936,0.12345201,-0.6165593,-0.21756639,-0.88498574,0.002075102,-0.9750449,0.03240494,-0.71004295,-0.04257336,-0.6516759
p4,A,A,mock,mock,0.0,0.0,0.44315663,-0.09957217,0.8240414,-0.5282343,0.9613956,-0.9165949,0.86320686,-1.19057,0.5461022,-0.92039376,0.6711635,-1.1040583,0.5809307,-0.7642588,0.50599277,-0.72680414,0.29516867,-0.9554452,0.43294218,-1.0812455,0.3748017,-0.6580326,0.32348117,-0.66552114,0.045359354,-0.932644,0.21049109,-1.079875,0.19468422,-0.65098506,0.12639159,-0.6114398,-0.21029633,-0.8945613,-0.024359269,-0.95754564,-0.0016655646,-0.67486274,-0.06701773,-0.6280134
p3,A,A,mock,mock,0.0,0.0,0.41509804,-0.1705172,0.6798704,-0.58104765,0.7844731,-0.93785155,0.8502123,-1.2234539,0.5208759,-0.93618166,0.6396548,-1.1892586,0.5614763,-0.86873114,0.48518068,-0.7335235,0.28368378,-0.9589179,0.38471606,-1.1637865,0.32581073,-0.7647872,0.2774479,-0.6980509,0.036202546,-0.93087417,0.13402556,-1.1222225,0.1071856,-0.7500599,0.06517114,-0.6922794,-0.22366802,-0.880088,-0.10705247,-1.0492865,-0.09246042,-0.80317503,-0.1434146,-0.7383701
p3,A,A,mock,mock,0.0,0.0,0.25234094,-0.34132957,0.31525582,-0.8406751,0.23286985,-1.261241,0.2757988,-1.5409018,0.02358293,-1.0932773,-0.087481156,-1.3549553,0.013120492,-1.0273746,0.059412353,-0.9114629,-0.21940327,-0.9756343,-0.3223019,-1.1982341,-0.13179746,-0.81334144,-0.06880602,-0.76884604,-0.4101068,-0.81276995,-0.51569754,-0.9786213,-0.3004292,-0.64814657,-0.22970468,-0.6177077,-0.5882574,-0.65081096,-0.64929897,-0.7566683,-0.49031812,-0.56786567,-0.42889962,-0.5422625
p1,A,A,mock,mock,0.0,0.0,0.35232127,-0.34315684,0.4613335,-0.8496198,0.43496862,-1.2790813,0.38134766,-1.5919747,0.17298953,-1.0824392,0.09184955,-1.3867508,0.10416182,-1.0821263,0.14299461,-0.8576016,-0.10040046,-0.99494714,-0.1857552,-1.2905276,-0.08791008,-0.90195435,-0.0043268823,-0.67715406,-0.34542194,-0.8719553,-0.42330688,-1.1112518,-0.27787924,-0.740603,-0.18321542,-0.5326314,-0.58778733,-0.72261363,-0.62540257,-0.93355274,-0.49226382,-0.6965255,-0.40468884,-0.5422489
p4,A,A,mock,mock,0.0,0.0,0.27085018,-0.33616006,0.33017427,-0.8481306,0.22727524,-1.281031,0.28386226,-1.5630586,0.06056352,-1.103075,-0.07627722,-1.3767347,0.023219865,-1.042393,0.074034214,-0.92433745,-0.19589418,-0.98062503,-0.3188576,-1.2086403,-0.12160221,-0.8185555,-0.05094999,-0.7730594,-0.39738074,-0.80883765,-0.5144302,-0.9902846,-0.29229686,-0.65043753,-0.21593197,-0.6135253,-0.58472216,-0.6352439,-0.6557874,-0.755614,-0.49018046,-0.5613009,-0.42454815,-0.5277408
p3,A,A,mock,mock,0.0,0.0,0.3798293,-0.29484126,0.60791504,-0.74494946,0.60376346,-1.1924804,0.48535615,-1.4604484,0.32520148,-1.0602789,0.24171494,-1.3419966,0.27538165,-0.9959545,0.3027679,-0.8499912,0.0335683,-0.99943644,-0.029303065,-1.2462506,0.06910828,-0.8171077,0.10326826,-0.7273494,-0.21653473,-0.89487785,-0.26465243,-1.0898762,-0.146484,-0.7032534,-0.11422737,-0.622539,-0.4681809,-0.77387106,-0.4713426,-0.9380032,-0.36121988,-0.6928651,-0.33436477,-0.61172163
p4,A,A,mock,mock,0.0,0.0,0.3709882,-0.31214836,0.59831107,-0.7502243,0.5987615,-1.1925349,0.47375816,-1.4539746,0.30560705,-1.060381,0.22829695,-1.3242999,0.2601391,-0.96749353,0.28510156,-0.84359676,0.019193036,-0.9998158,-0.039627947,-1.233133,0.059836328,-0.80292225,0.09275986,-0.7282171,-0.221955,-0.8942646,-0.2673171,-1.078891,-0.14930813,-0.69821024,-0.12014885,-0.6266492,-0.46451396,-0.7791196,-0.4723663,-0.92415965,-0.3629837,-0.68615204,-0.33856636,-0.6153289
p1,A,A,mock,mock,0.0,0.0,0.37249938,-0.30602753,0.60918814,-0.7466135,0.6007112,-1.1983374,0.4799854,-1.4694084,0.30585355,-1.0660887,0.23224626,-1.335527,0.2740097,-0.984633,0.29986185,-0.861108,0.019749543,-0.999805,-0.038084403,-1.234814,0.071421504,-0.8043991,0.10366352,-0.73860276,-0.22397019,-0.89101005,-0.26594305,-1.0784807,-0.14131504,-0.6934819,-0.115286045,-0.6323458,-0.47260347,-0.7684229,-0.4707343,-0.918613,-0.3573947,-0.679518,-0.33798882,-0.61491734
p3,A,A,mock,mock,0.0,0.0,0.37248126,-0.30348793,0.6050495,-0.7552534,0.59281766,-1.1946971,0.45412537,-1.4464351,0.291904,-1.0667073,0.22955401,-1.3196161,0.2592943,-0.9612495,0.2708395,-0.8591228,0.004401207,-0.99999034,-0.042231943,-1.2223185,0.059189163,-0.79136276,0.08132382,-0.73449296,-0.2384786,-0.889121,-0.27184126,-1.0668285,-0.15191108,-0.68934745,-0.13224576,-0.63122535,-0.48326918,-0.76942945,-0.48155797,-0.90919894,-0.37136316,-0.67658174,-0.35386324,-0.61529315
p4,A,A,mock,mock,0.0,0.0,0.3725216,-0.31158543,0.61007875,-0.764559,0.610011,-1.2052189,0.46259674,-1.4641073,0.2739241,-1.0637014,0.22488056,-1.3137394,0.25936368,-0.9555055,0.26090837,-0.85574,-0.016457468,-0.9998646,-0.06653114,-1.2296909,0.052627195,-0.80112,0.07383129,-0.7416748,-0.2604797,-0.88324887,-0.29624507,-1.0573833,-0.15225238,-0.6913766,-0.13282517,-0.63856244,-0.5023296,-0.7590037,-0.500539,-0.89354044,-0.38439932,-0.6748559,-0.37653786,-0.6244386
p3,A,A,mock,mock,0.0,0.0,0.33787605,-0.33212036,0.44648823,-0.8400689,0.42682725,-1.2602073,0.36893436,-1.5627259,0.17861181,-1.077342,0.09522703,-1.3698732,0.09667751,-1.0651512,0.13185623,-0.8473522,-0.09069374,-0.9958788,-0.17970064,-1.2793705,-0.09359766,-0.893042,-0.011806412,-0.67966783,-0.3324306,-0.8739674,-0.41312903,-1.1034552,-0.27485082,-0.7370151,-0.17760326,-0.53906995,-0.56901884,-0.72462106,-0.6099531,-0.91967356,-0.4817087,-0.6885845,-0.38963336,-0.5442673
p2,A,A,mock,mock,0.0,0.0,0.35385758,-0.36191198,0.4496061,-0.8676013,0.4147709,-1.2909306,0.35610506,-1.604388,0.18875623,-1.0874903,0.092060626,-1.3618379,0.09608076,-1.0868585,0.12539998,-0.8860341,-0.08349876,-0.9965079,-0.17873895,-1.2531892,-0.087049246,-0.8878396,-0.0045042094,-0.6779439,-0.31763223,-0.8649295,-0.41246986,-1.0787412,-0.28201708,-0.734592,-0.18709068,-0.54529107,-0.536007,-0.7083381,-0.60708153,-0.89796114,-0.49116582,-0.6773767,-0.3976567,-0.5414447
p4,A,A,mock,mock,0.0,0.0,0.34513292,-0.17354684,0.6222804,-0.6174564,0.6181724,-1.0837983,0.5402586,-1.3756443,0.3913483,-1.038722,0.29771093,-1.3623029,0.29351145,-1.0392148,0.32660648,-0.8990155,0.11109915,-0.99380934,0.012854273,-1.2537696,0.06763385,-0.8365855,0.14538728,-0.8209715,-0.135614,-0.91679466,-0.22538675,-1.1199126,-0.14122108,-0.7488722,-0.0631457,-0.73379093,-0.389343,-0.8324607,-0.43386358,-0.9590041,-0.348524,-0.72128165,-0.28921506,-0.68850034
p4,A,A,mock,mock,0.0,0.0,0.34717065,-0.20207839,0.611705,-0.6311793,0.60132796,-1.0836747,0.51380557,-1.3729315,0.36767486,-1.0408046,0.27951854,-1.3613198,0.28112376,-1.0374444,0.31283876,-0.8947977,0.09107983,-0.9958436,-0.0012748566,-1.253325,0.05702855,-0.8356712,0.12916899,-0.8119247,-0.15005943,-0.9154881,-0.23739693,-1.1263583,-0.14881867,-0.7546871,-0.07642044,-0.7253554,-0.3976479,-0.8309261,-0.43930942,-0.9595222,-0.355654,-0.72614276,-0.29918298,-0.6885063
p2,A,A,mock,mock,0.0,0.0,0.36871108,-0.3094769,0.5775363,-0.74384946,0.588576,-1.1541421,0.6341191,-1.4366236,0.32413986,-1.0609456,0.34628975,-1.2828681,0.32035005,-0.9132034,0.2832969,-0.8983986,0.0287357,-0.99958706,0.09416502,-1.1856196,0.14751363,-0.77143925,0.12455764,-0.8082418,-0.19717517,-0.8534506,-0.15560816,-1.0326996,-0.046267837,-0.6776848,-0.08510867,-0.7000656,-0.40811417,-0.7512179,-0.36164644,-0.829978,-0.2574151,-0.6404355,-0.2819962,-0.64929324
p2,A,A,mock,mock,0.0,0.0,0.35654205,-0.30041358,0.62424004,-0.66977674,0.6886604,-1.0767872,0.7005258,-1.3722398,0.35395932,-1.0578184,0.36206707,-1.2545781,0.35152698,-0.9059608,0.34039366,-0.880024,0.057290368,-0.99835753,0.07507161,-1.191321,0.14940739,-0.7806068,0.1665085,-0.80416036,-0.17175499,-0.89205235,-0.1791448,-1.0617965,-0.074216224,-0.707581,-0.063560724,-0.7233296,-0.38179332,-0.8219429,-0.37792733,-0.8948618,-0.29219022,-0.7026217,-0.28589046,-0.7030593
p2,A,A,mock,mock,0.0,0.0,0.33701247,-0.25272706,0.59187466,-0.6787671,0.6401243,-1.0928313,0.6079021,-1.3908482,0.28563628,-1.060095,0.25352186,-1.2516814,0.27940178,-0.8919604,0.28235334,-0.8319744,-0.0055779484,-0.99998444,-0.021425966,-1.109542,0.07483598,-0.7021256,0.10250633,-0.7446441,-0.23759624,-0.89750195,-0.26833126,-0.9753932,-0.14590098,-0.629605,-0.111876845,-0.6672342,-0.44849718,-0.79954803,-0.4436448,-0.8215894,-0.34333012,-0.61609054,-0.33129647,-0.6210135
p2,A,A,mock,mock,0.0,0.0,0.4259663,-0.19476484,0.7225287,-0.5664222,0.79036987,-1.0406569,0.8387321,-1.3226627,0.54822934,-0.9640637,0.541512,-1.2959856,0.49410284,-0.9506677,0.48846826,-0.8085687,0.27070162,-0.9626633,0.27799803,-1.2599488,0.28383055,-0.82763475,0.2999258,-0.75228286,0.024115872,-0.89896923,0.030601643,-1.1514488,0.07102941,-0.7473462,0.077219106,-0.6705154,-0.23134843,-0.8213159,-0.1938029,-0.99170184,-0.12975264,-0.736335,-0.12365011,-0.6692881
p2,A,A,mock,mock,0.0,0.0,0.38296837,-0.19213273,0.6787351,-0.586183,0.71712315,-1.0580535,0.7420086,-1.3563648,0.47315517,-1.0004245,0.4476446,-1.3127686,0.41843033,-0.9673003,0.41684115,-0.843399,0.19453004,-0.98089653,0.17601213,-1.2550749,0.20736386,-0.8296268,0.23261586,-0.7861838,-0.04566265,-0.90954226,-0.0627942,-1.1510372,-0.0056364853,-0.7524099,0.015284242,-0.6987581,-0.29667988,-0.827,-0.2813195,-0.98266923,-0.20778273,-0.73970884,-0.18760554,-0.68888503
p2,A,A,mock,mock,0.0,0.0,0.37022766,-0.24461408,0.63026667,-0.61827964,0.65832376,-1.0844053,0.6637687,-1.3821068,0.43073428,-1.0085659,0.378031,-1.3055375,0.3615614,-0.98913425,0.37610728,-0.8734658,0.16568604,-0.9861786,0.12093535,-1.2509512,0.16169406,-0.8466502,0.19855623,-0.80788404,-0.064705834,-0.90642685,-0.11477719,-1.1354569,-0.038443428,-0.76712406,-0.00638207,-0.7109867,-0.30001757,-0.81092256,-0.3186702,-0.9495002,-0.23439318,-0.73634005,-0.20064645,-0.68952227
p4,A,A,mock,mock,0.0,0.0,0.42118096,-0.1532892,0.716209,-0.5092031,0.8497757,-0.8416501,0.94435924,-1.1234396,0.6141239,-0.8975692,0.7306682,-1.1939251,0.6523136,-0.8801833,0.56923765,-0.7209911,0.38423717,-0.9232344,0.48865676,-1.1431971,0.41271153,-0.75145984,0.3724057,-0.67028695,0.13593967,-0.90447104,0.23817727,-1.102816,0.19688083,-0.7343362,0.15923756,-0.65462095,-0.1388535,-0.8671593,-0.006498054,-1.0496383,0.004732894,-0.7971414,-0.046512976,-0.708638
p1,A,A,mock,mock,0.0,0.0,0.44563228,-0.09343257,0.78274375,-0.49135354,0.9188883,-0.8827433,1.0383382,-1.1588217,0.6715932,-0.8441876,0.8139151,-1.1477368,0.7021115,-0.82601,0.5850503,-0.6409724,0.42245427,-0.9063842,0.547656,-1.1727023,0.45168072,-0.7779203,0.3711926,-0.63346064,0.15384594,-0.92470634,0.2860249,-1.1789246,0.22658455,-0.7897119,0.16672492,-0.6480892,-0.1377384,-0.913748,0.0059385183,-1.1280482,0.011770998,-0.8616324,-0.038868368,-0.7410965
p3,A,A,mock,mock,0.0,0.0,0.37440827,-0.20299315,0.5503816,-0.78624815,0.44459113,-1.2946672,0.3534139,-1.6009095,0.2610994,-1.1002964,0.07892383,-1.3990062,0.116995536,-1.0431255,0.19240174,-0.866088,-0.036254946,-0.99934256,-0.20068493,-1.2657986,-0.06389151,-0.84981966,0.034626383,-0.7236311,-0.27756006,-0.869953,-0.42426118,-1.0684578,-0.25639737,-0.67307943,-0.1420014,-0.552434,-0.49113077,-0.73455936,-0.5848606,-0.8525077,-0.45258883,-0.58074814,-0.3501983,-0.48511407
p3,A,A,mock,mock,0.0,0.0,0.38573146,-0.22609237,0.58995575,-0.78874743,0.49614075,-1.3077885,0.3853934,-1.6055971,0.31148762,-1.0972036,0.10702978,-1.4303788,0.13490714,-1.068478,0.21150975,-0.8701047,0.014383471,-0.9998965,-0.1769165,-1.2886074,-0.04940561,-0.8715361,0.05381811,-0.7412751,-0.22479196,-0.87990135,-0.39624932,-1.0914749,-0.23757526,-0.698622,-0.12044396,-0.57200557,-0.4373124,-0.75458056,-0.54731643,-0.8866364,-0.4214403,-0.6157499,-0.31463036,-0.5088244
p3,A,A,mock,mock,0.0,0.0,0.3747895,-0.20831974,0.55812275,-0.79971933,0.44587702,-1.3341235,0.31890443,-1.6377665,0.2644503,-1.1112871,0.027818885,-1.4349573,0.08060579,-1.061014,0.17176233,-0.8853019,-0.0334329,-0.99944097,-0.24826843,-1.2732948,-0.092109546,-0.84341353,0.020341678,-0.73695475,-0.2732015,-0.8715046,-0.46716627,-1.0646766,-0.29127726,-0.6705586,-0.16819093,-0.5627993,-0.484376,-0.74440265,-0.61874235,-0.87259185,-0.4818512,-0.59941965,-0.3721302,-0.5037923
p3,A,A,mock,mock,0.0,0.0,0.36313212,-0.23467128,0.548698,-0.8087696,0.43706274,-1.3346362,0.3225253,-1.6488861,0.24727899,-1.1100951,0.029766029,-1.4311377,0.0718351,-1.0578212,0.1572729,-0.87620085,-0.04349496,-0.99905366,-0.24630703,-1.2717836,-0.09961643,-0.8497043,0.013114029,-0.7265955,-0.27508545,-0.87528956,-0.46411672,-1.0683371,-0.29230067,-0.67683923,-0.16463235,-0.55892247,-0.4817243,-0.7525179,-0.61457646,-0.8787259,-0.47932276,-0.6034639,-0.36261156,-0.49785125
p3,A,A,mock,mock,0.0,0.0,0.3460871,-0.2806523,0.48997203,-0.8099891,0.37555352,-1.2805022,0.29845467,-1.5905102,0.1902798,-1.106054,0.03610505,-1.3855017,0.09091841,-1.0568429,0.15296665,-0.8831883,-0.08462013,-0.9964133,-0.23028603,-1.2537313,-0.08271129,-0.86002874,-0.0009850804,-0.73065966,-0.3137588,-0.8527802,-0.44930324,-1.0431368,-0.27012834,-0.6768125,-0.16915864,-0.566556,-0.5280552,-0.6902755,-0.61451817,-0.8288893,-0.46653256,-0.5848383,-0.37462857,-0.4885332
p3,A,A,mock,mock,0.0,0.0,0.41834715,-0.22934684,0.6275833,-0.7273688,0.54466355,-1.1842039,0.49458265,-1.4844733,0.32087857,-1.0435749,0.24608555,-1.3828086,0.2922726,-1.039191,0.31704924,-0.8202288,0.034862798,-0.9993921,-0.04126875,-1.3596207,0.068257354,-0.926818,0.11210763,-0.7048561,-0.2246987,-0.906231,-0.30864,-1.197419,-0.15432726,-0.76088214,-0.07982108,-0.5565563,-0.49380296,-0.77121675,-0.52720046,-0.98915875,-0.39154768,-0.6919726,-0.32092655,-0.5385986
p3,A,A,mock,mock,0.0,0.0,0.3978709,-0.2639823,0.5921525,-0.73175186,0.52342623,-1.1744026,0.4629884,-1.4643843,0.3108916,-1.042887,0.23256579,-1.3806487,0.26791683,-1.0517373,0.28866985,-0.83634126,0.03299475,-0.9994555,-0.04501692,-1.3524299,0.05164233,-0.92879677,0.09555894,-0.7099568,-0.21265462,-0.90404147,-0.29625383,-1.1847355,-0.15486202,-0.76658845,-0.08540266,-0.5719745,-0.46665132,-0.76345026,-0.501195,-0.9916338,-0.3760594,-0.70862687,-0.31340897,-0.5640582
p3,A,A,mock,mock,0.0,0.0,0.40673932,-0.25069666,0.6146454,-0.7211777,0.52611196,-1.158844,0.4456202,-1.4385192,0.28245962,-1.0466226,0.20877609,-1.3866196,0.2641363,-1.0555311,0.28662953,-0.82539916,0.0028077257,-0.99999607,-0.081427954,-1.3653581,0.03984012,-0.9502891,0.09365707,-0.7170281,-0.24495967,-0.9003562,-0.33565587,-1.1894257,-0.17436494,-0.7707229,-0.09340853,-0.5623761,-0.50279576,-0.7515122,-0.5436001,-0.97121155,-0.40065527,-0.6897099,-0.32522848,-0.5378298
p3,A,A,mock,mock,0.0,0.0,0.4548571,-0.30363125,0.6651419,-0.75837886,0.6321004,-1.2447616,0.73131084,-1.5314671,0.3937406,-1.0342257,0.31043577,-1.4077107,0.30980527,-1.0668652,0.35497046,-0.86658216,0.08214282,-0.9966206,0.0030484828,-1.3777882,0.075425096,-0.9311437,0.1334496,-0.7155893,-0.1835644,-0.89890665,-0.27634934,-1.2087384,-0.156675,-0.78024995,-0.0699203,-0.57344306,-0.4284672,-0.7559529,-0.51953274,-0.99376696,-0.3944301,-0.70975244,-0.29965264,-0.56181145
p3,A,A,mock,mock,0.0,0.0,0.42786288,-0.24633627,0.64333165,-0.7375839,0.5759551,-1.2133039,0.61386245,-1.5180011,0.35731256,-1.0474689,0.26074523,-1.3771936,0.27825335,-1.037955,0.32783207,-0.83266586,0.055205338,-0.998475,-0.043262824,-1.3541175,0.050663803,-0.9248144,0.116298385,-0.7075092,-0.20194419,-0.8981475,-0.30595043,-1.1821269,-0.16391341,-0.7537884,-0.07201095,-0.5538757,-0.45318848,-0.75698346,-0.5186852,-0.9603328,-0.3914041,-0.675516,-0.3027383,-0.5302878
p3,A,A,mock,mock,0.0,0.0,0.44740024,-0.07073405,0.73967814,-0.64332455,0.7225715,-1.1851562,0.7170852,-1.491413,0.44756043,-1.040311,0.371729,-1.3708601,0.38591278,-0.98795277,0.4165817,-0.8295487,0.13838367,-0.9903787,0.05861205,-1.331677,0.15241727,-0.85320145,0.18750945,-0.7242255,-0.13232736,-0.9020887,-0.22311303,-1.1887757,-0.08948167,-0.7300852,-0.030554732,-0.59494907,-0.4092637,-0.8180828,-0.47109622,-0.9766041,-0.3609048,-0.65549195,-0.29773492,-0.5526357
p3,A,A,mock,mock,0.0,0.0,0.41440153,-0.13072114,0.68894506,-0.6615179,0.67472166,-1.1618435,0.6564232,-1.4591905,0.43384054,-1.0299476,0.36226672,-1.381297,0.3496928,-1.0537128,0.37823072,-0.8737652,0.12672125,-0.99193835,0.061597917,-1.3544513,0.12101314,-0.9214844,0.15732594,-0.75520587,-0.13271762,-0.92077404,-0.20515822,-1.2244446,-0.101677045,-0.7863371,-0.04039634,-0.6137235,-0.38347372,-0.8330564,-0.42616886,-1.0234675,-0.33547342,-0.72022897,-0.27611476,-0.583628
p3,A,A,mock,mock,0.0,0.0,0.4230101,-0.1787706,0.73229736,-0.6572975,0.75138164,-1.1520356,0.72074425,-1.4656153,0.51129067,-1.0095042,0.4151392,-1.382543,0.3451712,-1.0963014,0.3690037,-0.8723163,0.19948408,-0.9799011,0.09543996,-1.3570621,0.10192008,-0.95841026,0.16359532,-0.73755497,-0.05889909,-0.91302204,-0.16153541,-1.2100027,-0.10087514,-0.8072241,-0.0144617865,-0.60238457,-0.2931867,-0.81177545,-0.3583612,-1.001641,-0.30546078,-0.718001,-0.22961596,-0.5610722
p3,A,A,mock,mock,0.0,0.0,0.45056018,-0.16738695,0.7631336,-0.651454,0.7816769,-1.1750628,0.74415517,-1.479659,0.52321184,-1.0140123,0.4294236,-1.3855592,0.37802476,-1.0875264,0.41319272,-0.88660574,0.20607702,-0.9785358,0.10811691,-1.3602471,0.14085615,-0.9273253,0.19492918,-0.73547095,-0.05799223,-0.91201365,-0.15532653,-1.2258734,-0.0786295,-0.7973946,-0.010238365,-0.601673,-0.30690894,-0.822268,-0.37336788,-1.0246154,-0.30477628,-0.72622913,-0.23852971,-0.581184
p3,A,A,mock,mock,0.0,0.0,0.45635998,-0.16262516,0.7343574,-0.6863176,0.7237025,-1.1984829,0.6763287,-1.4991435,0.45965666,-1.0411798,0.3489574,-1.4029742,0.34818587,-1.0711287,0.39444685,-0.8804003,0.14894843,-0.988845,0.048555154,-1.3735539,0.12144735,-0.93620455,0.16069597,-0.75219357,-0.117872946,-0.90859306,-0.21207507,-1.2233264,-0.099621564,-0.78122884,-0.038356133,-0.59945935,-0.38621327,-0.8075597,-0.43251175,-1.0167224,-0.33967125,-0.7062283,-0.28643182,-0.5664088
p3,A,A,mock,mock,0.0,0.0,0.4237173,-0.22137913,0.65380013,-0.74534076,0.64717776,-1.2071654,0.56940097,-1.4937868,0.38212684,-1.0465231,0.36477742,-1.3089374,0.3627947,-0.96077025,0.3315423,-0.89523226,0.067544155,-0.9977163,0.11477418,-1.2447466,0.17254463,-0.8208978,0.12550816,-0.7776014,-0.18702686,-0.8706119,-0.1379406,-1.1189646,-0.026188228,-0.7097391,-0.08152758,-0.6598657,-0.43182573,-0.7622126,-0.33875978,-0.898204,-0.24240218,-0.64670897,-0.2875685,-0.60128754
p3,A,A,mock,mock,0.0,0.0,0.41048533,-0.24558981,0.62878656,-0.74903905,0.6266164,-1.1910206,0.55189276,-1.4728512,0.3745121,-1.0402648,0.33994976,-1.2988106,0.33800358,-0.959218,0.31760487,-0.8968207,0.077919304,-0.9969597,0.10658923,-1.2385566,0.15870295,-0.82868165,0.12097267,-0.80103105,-0.1666311,-0.8763921,-0.13247028,-1.1184878,-0.02902344,-0.7269528,-0.08159883,-0.6888976,-0.4063749,-0.77424043,-0.32294944,-0.90796506,-0.23402421,-0.6689524,-0.279982,-0.630333
p3,A,A,mock,mock,0.0,0.0,0.4247202,-0.17403571,0.6925454,-0.7100646,0.70736855,-1.1953305,0.62754333,-1.4822866,0.43143845,-1.0441386,0.40034106,-1.332344,0.38331473,-0.96511966,0.35887894,-0.8892212,0.099453755,-0.9950422,0.13543859,-1.2561401,0.18820308,-0.8114531,0.15939046,-0.7773927,-0.16226676,-0.87334466,-0.13036549,-1.1260059,-0.020921327,-0.7097365,-0.051010244,-0.6693029,-0.4063736,-0.78115845,-0.34855938,-0.9112243,-0.25398853,-0.6426917,-0.26946828,-0.5956155
p3,A,A,mock,mock,0.0,0.0,0.43043363,-0.1994213,0.6936223,-0.71465975,0.71442074,-1.1740025,0.6363371,-1.459114,0.43269375,-1.0394225,0.41362366,-1.3096321,0.39401454,-0.9433477,0.36511377,-0.8720903,0.11409504,-0.99346983,0.15875971,-1.2408438,0.20532098,-0.8068904,0.16507734,-0.77112657,-0.1407297,-0.8719101,-0.10055066,-1.1156284,0.00022528903,-0.704935,-0.041753262,-0.6607956,-0.38014394,-0.78123057,-0.31183,-0.89890665,-0.22179855,-0.6410688,-0.24882634,-0.597006
p3,A,A,mock,mock,0.0,0.0,0.4008213,-0.20919944,0.66324383,-0.7117079,0.688698,-1.1804622,0.6071711,-1.4702959,0.41385254,-1.0381916,0.39576674,-1.3165628,0.38018465,-0.96858144,0.35859758,-0.8872852,0.11092041,-0.9938293,0.122408874,-1.2432958,0.17282557,-0.81483287,0.15383337,-0.7835327,-0.14377807,-0.8824796,-0.12718949,-1.1113523,-0.030237112,-0.70895094,-0.05328385,-0.6716972,-0.39312392,-0.77644694,-0.3415944,-0.9108803,-0.25274527,-0.65551597,-0.27211276,-0.6091696
p3,A,A,mock,mock,0.0,0.0,0.36422825,-0.2743028,0.5573904,-0.7734873,0.54076374,-1.197029,0.4857725,-1.4838804,0.29516736,-1.053393,0.27719542,-1.2935183,0.3014895,-0.95036435,0.27156934,-0.8743485,0.02324273,-0.9997299,0.059982672,-1.2682549,0.13877164,-0.8543949,0.0934537,-0.7803414,-0.21081127,-0.8776026,-0.17241159,-1.1280671,-0.051115297,-0.7343865,-0.107074596,-0.66177344,-0.44741714,-0.7623975,-0.35179248,-0.9327361,-0.2554241,-0.6872021,-0.30920762,-0.62731636
p3,A,A,mock,mock,0.0,0.0,0.36138254,-0.26500934,0.5657778,-0.7592849,0.5411544,-1.1843401,0.49421784,-1.4636587,0.31785202,-1.0525942,0.28667936,-1.3019806,0.30605882,-0.95351857,0.28912064,-0.87442917,0.036603548,-0.99932986,0.05643805,-1.2548482,0.13403659,-0.8415146,0.10426252,-0.784219,-0.19795612,-0.87674946,-0.1790777,-1.1295774,-0.05559831,-0.7365122,-0.095728986,-0.6708867,-0.43408093,-0.7643999,-0.36641362,-0.9274313,-0.26331377,-0.6828877,-0.2975688,-0.62753564
p3,A,A,mock,mock,0.0,0.0,0.3532435,-0.2374299,0.5776302,-0.7334199,0.55344516,-1.1708199,0.505936,-1.4513294,0.318887,-1.0495082,0.28563482,-1.3029847,0.30678827,-0.95969146,0.2960265,-0.8650209,0.042691495,-0.9990883,0.049897674,-1.2398084,0.12661244,-0.82641274,0.10294944,-0.7668838,-0.19320515,-0.8840083,-0.18344823,-1.1203344,-0.06705098,-0.72531694,-0.094438836,-0.6618018,-0.43453377,-0.7684643,-0.3770706,-0.919302,-0.2755637,-0.6720291,-0.298288,-0.61843574
p3,A,A,mock,mock,0.0,0.0,0.37673125,-0.22993207,0.60322016,-0.7279052,0.5768023,-1.1756748,0.52699816,-1.4575989,0.35102952,-1.0474949,0.31685495,-1.3134986,0.32595825,-0.9625219,0.3194912,-0.8542326,0.06886354,-0.99762607,0.0753375,-1.2591298,0.14162105,-0.8410341,0.12576185,-0.76428175,-0.17434503,-0.88650954,-0.16607009,-1.1339387,-0.058248144,-0.7268639,-0.06460053,-0.6387616,-0.41909516,-0.7765572,-0.37998852,-0.937802,-0.27769893,-0.6726547,-0.27539143,-0.59469265
p3,A,A,mock,mock,0.0,0.0,0.3633759,-0.24598125,0.5896344,-0.73912495,0.5742161,-1.1772268,0.5257526,-1.4642305,0.33648452,-1.0498352,0.3137255,-1.3009013,0.32542047,-0.9608093,0.31075737,-0.86753374,0.058200203,-0.9983049,0.06989583,-1.2419455,0.14230856,-0.83092433,0.121564,-0.7660002,-0.18351096,-0.8825649,-0.16970424,-1.1133885,-0.058525197,-0.71469456,-0.07753287,-0.6446082,-0.42871475,-0.7665806,-0.37675104,-0.9116343,-0.27470416,-0.6597088,-0.28615963,-0.5976364
p2,A,A,mock,mock,0.0,0.0,0.3831263,-0.2306939,0.5474845,-0.7647462,0.46318072,-1.2528551,0.46012157,-1.5810691,0.26660767,-1.0736856,0.16031808,-1.4103698,0.19021143,-1.0874661,0.22386776,-0.9178203,-0.029463843,-0.99956584,-0.12484184,-1.2924249,-0.009463894,-0.87151873,0.041536164,-0.76076746,-0.29156673,-0.87425554,-0.3856713,-1.0987853,-0.22938454,-0.7077742,-0.15552247,-0.6271891,-0.5433677,-0.7265678,-0.59649485,-0.9007423,-0.47025868,-0.6530809,-0.41523975,-0.5869865
p2,A,A,mock,mock,0.0,0.0,0.4008232,-0.19908422,0.6035067,-0.7505998,0.5278566,-1.26141,0.53549653,-1.6042218,0.32912228,-1.0662972,0.21774344,-1.4288313,0.22433801,-1.0926737,0.25636706,-0.91203845,0.016377807,-0.9998659,-0.093421325,-1.2956537,0.005392679,-0.8590043,0.076350115,-0.7527012,-0.25614333,-0.88299525,-0.36301377,-1.1105993,-0.2250974,-0.6958149,-0.13226962,-0.6102498,-0.5145335,-0.7472127,-0.58763695,-0.90768707,-0.4740678,-0.640724,-0.40037492,-0.5748772
p2,A,A,mock,mock,0.0,0.0,0.36065516,-0.18928792,0.53245777,-0.7260731,0.44336954,-1.2040266,0.445482,-1.5314698,0.23893197,-1.0702955,0.18530814,-1.4021621,0.23574094,-1.0741202,0.24736227,-0.9042473,-0.05257047,-0.99861723,-0.08026922,-1.2969589,0.026648007,-0.8653765,0.024920192,-0.7610743,-0.31695423,-0.87526554,-0.33982003,-1.1054844,-0.18779097,-0.70320493,-0.16705212,-0.6330007,-0.579853,-0.7210091,-0.56717193,-0.9077794,-0.42771965,-0.6493299,-0.41509637,-0.58852434
p2,A,A,mock,mock,0.0,0.0,0.34235534,-0.20009431,0.5042305,-0.7408841,0.40981087,-1.230149,0.41135532,-1.571362,0.233027,-1.0795617,0.13996227,-1.4026374,0.17049907,-1.0754739,0.18931265,-0.89422476,-0.0726583,-0.9973569,-0.1464833,-1.2375758,-0.028903916,-0.8133519,0.0044395807,-0.7402025,-0.3365649,-0.8634305,-0.40564546,-1.0477446,-0.23814988,-0.672483,-0.18046094,-0.6333538,-0.5856912,-0.70646477,-0.6194571,-0.85192907,-0.4763294,-0.6089779,-0.4268866,-0.5675199
p2,A,A,mock,mock,0.0,0.0,0.40679154,-0.1873322,0.59948945,-0.73414516,0.5221867,-1.2307311,0.53505236,-1.562176,0.3195381,-1.0664488,0.23423204,-1.4351943,0.24589947,-1.106978,0.26677546,-0.8975812,0.0043835584,-0.9999904,-0.073696144,-1.3104352,0.02782295,-0.8711744,0.07412835,-0.7302664,-0.2732099,-0.8824029,-0.3450016,-1.131957,-0.19137765,-0.72058785,-0.12133697,-0.6085146,-0.5433204,-0.7362068,-0.57570964,-0.9377983,-0.4422726,-0.66997135,-0.38591215,-0.5794713
p2,A,A,mock,mock,0.0,0.0,0.44233835,-0.29367605,0.612371,-0.7508144,0.573485,-1.1986872,0.5481761,-1.4803451,0.36939874,-1.0263877,0.2962346,-1.379819,0.3120394,-1.0977113,0.33849123,-0.8990943,0.08566473,-0.996324,0.020574106,-1.3570755,0.09318543,-0.9790497,0.13077137,-0.77943116,-0.16912578,-0.91584784,-0.23801243,-1.2445496,-0.13630554,-0.8930546,-0.08311257,-0.7127096,-0.42033923,-0.7974276,-0.4664794,-1.0581783,-0.37010187,-0.84517306,-0.2995356,-0.7055853
p2,A,A,mock,mock,0.0,0.0,0.4207352,-0.2893436,0.6189807,-0.73734266,0.61408067,-1.1787256,0.6125378,-1.4800951,0.41639468,-1.0099071,0.33190557,-1.3404008,0.30791092,-1.0743603,0.3485352,-0.88599694,0.13763277,-0.99048334,0.057054196,-1.3256665,0.08849726,-0.96399105,0.14451747,-0.7771183,-0.11390299,-0.926701,-0.20326845,-1.2230183,-0.13302854,-0.87604815,-0.0649051,-0.69906896,-0.35362747,-0.83625215,-0.41239667,-1.0589416,-0.34925205,-0.8423408,-0.26912296,-0.708836
p2,A,A,mock,mock,0.0,0.0,0.44119197,-0.2939274,0.61121374,-0.7484759,0.5718231,-1.1893386,0.556665,-1.4740038,0.3741117,-1.0243706,0.30637175,-1.3729037,0.3225292,-1.1011864,0.3420248,-0.90823287,0.09386306,-0.99558514,0.033503726,-1.357639,0.10088495,-0.9860693,0.12855381,-0.78946173,-0.16309151,-0.9178693,-0.23182145,-1.2488768,-0.13070826,-0.8978993,-0.08218879,-0.72078174,-0.41887888,-0.80557376,-0.45637703,-1.067909,-0.36007908,-0.85062695,-0.29480618,-0.7099066
p2,A,A,mock,mock,0.0,0.0,0.4350149,-0.25508407,0.64162564,-0.70492005,0.6193273,-1.163079,0.6186542,-1.4586375,0.40142515,-1.0070837,0.35658622,-1.3690146,0.36123824,-1.0624686,0.36789575,-0.8731026,0.11645597,-0.99319583,0.07914642,-1.3566899,0.13517399,-0.9576006,0.15346529,-0.7773586,-0.14711392,-0.9293734,-0.19084047,-1.2626959,-0.10216016,-0.8841193,-0.06332007,-0.7196205,-0.4152776,-0.83323807,-0.42652678,-1.0984691,-0.33869368,-0.8563157,-0.28995967,-0.7181257
p2,A,A,mock,mock,0.0,0.0,0.42862448,-0.26275006,0.63761413,-0.70726043,0.61545,-1.1546735,0.6108172,-1.4470953,0.40614426,-1.0027924,0.3748699,-1.3575468,0.37775907,-1.0611343,0.38267753,-0.8734959,0.121232376,-0.99262416,0.0943683,-1.3464503,0.145534,-0.9564691,0.16206047,-0.7778314,-0.14162931,-0.9285102,-0.17638227,-1.2624347,-0.09209253,-0.8887367,-0.05785101,-0.721336,-0.41050494,-0.83137125,-0.41566908,-1.0947806,-0.32882383,-0.86012584,-0.2822812,-0.7225701
p2,A,A,mock,mock,0.0,0.0,0.45027936,-0.13218461,0.752755,-0.6398416,0.7463954,-1.1441535,0.67909014,-1.4368385,0.4740337,-0.99892545,0.4121049,-1.3240441,0.39946276,-0.98610914,0.41571796,-0.84156674,0.15345648,-0.9881554,0.112004064,-1.2884761,0.16819738,-0.8531379,0.1995875,-0.74683857,-0.13473849,-0.9269667,-0.15685458,-1.1744579,-0.07117034,-0.7482269,-0.03559488,-0.6415965,-0.41469482,-0.8417596,-0.39835098,-1.045067,-0.323633,-0.77070034,-0.30623797,-0.6744425
p2,A,A,mock,mock,0.0,0.0,0.44592956,-0.09059079,0.76364106,-0.62365067,0.76367605,-1.1498213,0.6905983,-1.4435283,0.50755554,-0.99784446,0.4127632,-1.3117796,0.3824197,-0.95607126,0.41551164,-0.8228967,0.18370132,-0.9829821,0.10511406,-1.264414,0.15561055,-0.8229673,0.21678592,-0.75442064,-0.09980878,-0.9247664,-0.16995752,-1.1494352,-0.08727656,-0.73178774,-0.02354731,-0.6623153,-0.36315593,-0.862476,-0.39850667,-1.008889,-0.3364457,-0.73608947,-0.29450342,-0.6790273
p2,A,A,mock,mock,0.0,0.0,0.50665087,-0.13139233,0.8129674,-0.62691593,0.8315331,-1.1329014,0.77793264,-1.4304296,0.58718395,-0.9806956,0.52268595,-1.3303882,0.47884154,-0.9960633,0.49009112,-0.832712,0.27023292,-0.96279496,0.2077013,-1.2936721,0.23773319,-0.87295413,0.29106757,-0.74898183,-0.021129802,-0.90068704,-0.07099122,-1.1783916,-0.010493794,-0.78416747,0.051227685,-0.6576527,-0.30210787,-0.82516015,-0.3280768,-1.0251409,-0.2676769,-0.7817869,-0.22019613,-0.6829527
p2,A,A,mock,mock,0.0,0.0,0.4519509,-0.15728223,0.73295385,-0.6607223,0.7035563,-1.1569445,0.6392364,-1.4463854,0.45620117,-1.0108893,0.4168714,-1.3383814,0.41013083,-1.0009812,0.41046128,-0.85886914,0.14639163,-0.9892267,0.11466401,-1.3091749,0.1691946,-0.87492186,0.18533857,-0.75500214,-0.13580711,-0.92157495,-0.15645264,-1.1820174,-0.067825004,-0.75860125,-0.033068784,-0.6376232,-0.42013273,-0.83127284,-0.40234503,-1.0407615,-0.31700465,-0.76376027,-0.2936788,-0.65607846
p2,A,A,mock,mock,0.0,0.0,0.45545015,-0.10062387,0.7631832,-0.62425655,0.7572607,-1.1480663,0.6955509,-1.4382858,0.4998694,-0.99837613,0.4230411,-1.3349227,0.39853036,-0.9805499,0.42059135,-0.82868207,0.17580889,-0.9844243,0.11197369,-1.28762,0.16763535,-0.843306,0.22051382,-0.74924165,-0.11200467,-0.9269859,-0.16090743,-1.1774389,-0.082016736,-0.7486524,-0.031136444,-0.649038,-0.38518238,-0.85518074,-0.3992956,-1.0461758,-0.3365906,-0.76755846,-0.3106476,-0.68498576
p2,A,A,mock,mock,0.0,0.0,0.48468968,-0.15086658,0.7136895,-0.6137797,0.7345964,-1.0796016,0.7525885,-1.3726134,0.5291059,-0.9615002,0.48077995,-1.3698688,0.48581147,-1.125344,0.51149565,-0.95844024,0.25001383,-0.9682423,0.2343502,-1.2995741,0.26705325,-0.9116345,0.29174888,-0.77081436,-0.015953446,-0.90889037,-0.03557313,-1.1951874,0.01987743,-0.8038078,0.049331557,-0.68188745,-0.29375303,-0.82690555,-0.28161526,-1.0452181,-0.22353445,-0.8011105,-0.19469202,-0.70831615
p2,A,A,mock,mock,0.0,0.0,0.4741803,-0.14187776,0.71787053,-0.6069418,0.7404005,-1.0855356,0.74962807,-1.3887455,0.5212725,-0.97038543,0.46582806,-1.3906409,0.48234987,-1.1149886,0.50553167,-0.93631566,0.2333042,-0.9724038,0.22448505,-1.3134525,0.2640762,-0.8958375,0.2872166,-0.76587856,-0.036938746,-0.91173494,-0.050613306,-1.1971898,0.013102731,-0.7826107,0.036569282,-0.66813296,-0.31701535,-0.8278972,-0.29669505,-1.0433279,-0.2298288,-0.78446335,-0.21573971,-0.69606745
p2,A,A,mock,mock,0.0,0.0,0.4845811,-0.14440718,0.7225028,-0.6014353,0.7544033,-1.0743954,0.75862205,-1.3602194,0.5429053,-0.9653469,0.4818033,-1.3522515,0.4664875,-1.046285,0.49889338,-0.88002014,0.26573032,-0.96404743,0.22507146,-1.2863774,0.2514329,-0.8819229,0.29528812,-0.7765794,0.005436454,-0.9035837,-0.032175876,-1.1743484,0.01828747,-0.7772628,0.058959335,-0.679789,-0.26021773,-0.828142,-0.26085398,-1.0319004,-0.20869678,-0.7815733,-0.1759735,-0.69910985
p2,A,A,mock,mock,0.0,0.0,0.4452796,-0.2282198,0.6252244,-0.69192976,0.6150985,-1.108902,0.5984766,-1.389086,0.39986604,-1.0187267,0.35991544,-1.3860452,0.4033261,-1.1897261,0.41258228,-1.0238354,0.15627864,-0.987713,0.14947939,-1.3204776,0.2179849,-0.97171676,0.22569941,-0.8083611,-0.08852177,-0.90910316,-0.084833704,-1.1725551,0.00358257,-0.8221818,0.013569519,-0.6921451,-0.3577882,-0.8041943,-0.317781,-1.0206594,-0.24170548,-0.80585015,-0.23773459,-0.7149806
p2,A,A,mock,mock,0.0,0.0,0.4680793,-0.23558922,0.64881605,-0.70114446,0.6387576,-1.1218607,0.60924923,-1.402914,0.41560575,-1.0100958,0.35917863,-1.3841952,0.42690915,-1.2686034,0.45915878,-1.1228042,0.17129925,-0.98521906,0.15534785,-1.3460989,0.24738997,-1.0263181,0.27269053,-0.82447356,-0.07759201,-0.91141355,-0.08761747,-1.2010012,0.015109146,-0.8727277,0.04150967,-0.72125787,-0.35327247,-0.8127903,-0.3341398,-1.0327462,-0.2503799,-0.83354104,-0.22220013,-0.7340146
p2,A,A,mock,mock,0.0,0.0,0.4114917,-0.2997105,0.56266034,-0.7398956,0.5272941,-1.1673139,0.54507715,-1.4636611,0.32382032,-1.0255619,0.28936213,-1.3945388,0.31101763,-1.1570933,0.3148329,-0.95078474,0.05947704,-0.9982297,0.028870396,-1.3573283,0.09221037,-1.0063357,0.10907547,-0.79377097,-0.19545111,-0.92300737,-0.23543969,-1.2448238,-0.14022693,-0.8937034,-0.10508216,-0.69866824,-0.46227697,-0.80865866,-0.4770417,-1.0793554,-0.37292534,-0.859453,-0.31133896,-0.7083605
p2,A,A,mock,mock,0.0,0.0,0.4441732,-0.2971876,0.6200263,-0.746713,0.6424574,-1.1869283,0.67248636,-1.4899181,0.43612507,-1.0145651,0.3865118,-1.3950679,0.36168605,-1.174728,0.37636778,-0.9759907,0.14668915,-0.98918265,0.0856985,-1.3482454,0.10795313,-1.0015029,0.15371788,-0.8067698,-0.12001264,-0.9253892,-0.18804276,-1.2392943,-0.13214752,-0.8912944,-0.07155312,-0.7108175,-0.37983,-0.829213,-0.41460833,-1.0819609,-0.35553744,-0.85168326,-0.27758145,-0.7000774
p2,A,A,mock,mock,0.0,0.0,0.42229477,-0.31842336,0.562078,-0.76027274,0.5279579,-1.1882095,0.53928906,-1.4810483,0.32885584,-1.0255531,0.29278982,-1.4045413,0.31595278,-1.1870689,0.3235927,-0.9782534,0.062029865,-0.9980743,0.030179527,-1.3699056,0.096582934,-1.0314392,0.11885238,-0.8088028,-0.19559498,-0.92182887,-0.23467243,-1.2612602,-0.13621223,-0.92152935,-0.09720464,-0.7174727,-0.4622863,-0.80453587,-0.48619443,-1.0897199,-0.37911573,-0.8801096,-0.30619866,-0.7201248
p2,A,A,mock,mock,0.0,0.0,0.41944295,-0.30192548,0.5799738,-0.7319131,0.5471157,-1.1659358,0.5658371,-1.4624006,0.3464222,-1.016582,0.32119438,-1.3935751,0.33551642,-1.1846017,0.3395324,-0.9738384,0.07440001,-0.9972285,0.05251196,-1.3648816,0.101591855,-1.0290854,0.11875961,-0.7983087,-0.18385357,-0.92558056,-0.21733895,-1.2626714,-0.13584799,-0.91931534,-0.10025256,-0.70309997,-0.45114863,-0.80606216,-0.47182235,-1.0968505,-0.36992052,-0.88459426,-0.29473674,-0.72056913
p2,A,A,mock,mock,0.0,0.0,0.4281329,-0.28158346,0.6157155,-0.7133206,0.612592,-1.1425285,0.63389677,-1.4359086,0.41215593,-1.0042864,0.38581306,-1.3865473,0.37643367,-1.157163,0.3755171,-0.94184273,0.13079196,-0.99140984,0.10482534,-1.3507047,0.12814373,-1.0043559,0.14368019,-0.79046696,-0.13642712,-0.9253411,-0.17206451,-1.2492056,-0.11270758,-0.90456444,-0.0759736,-0.70898795,-0.4075421,-0.8121336,-0.42474762,-1.0984137,-0.34560996,-0.88017315,-0.28375053,-0.7237158
p3,A,A,mock,mock,0.0,0.0,0.40252954,-0.25574693,0.58948237,-0.73871696,0.5558706,-1.1693686,0.5273963,-1.4614171,0.28512236,-1.042658,0.2386605,-1.2933832,0.28429267,-0.9422264,0.27672613,-0.8764264,-0.030104214,-0.99954677,-0.00252218,-1.2399402,0.10246651,-0.82213753,0.059471715,-0.79772663,-0.2818047,-0.8744196,-0.25021318,-1.0902857,-0.10571117,-0.7111068,-0.16980155,-0.6937249,-0.5219599,-0.7657724,-0.4314527,-0.9011755,-0.32188964,-0.6759877,-0.3881645,-0.64408183
p3,A,A,mock,mock,0.0,0.0,0.40134022,-0.27083313,0.58925253,-0.74877894,0.56250036,-1.1725866,0.5333073,-1.4625239,0.27510637,-1.051739,0.24249773,-1.2942846,0.27384675,-0.94070965,0.24969062,-0.88790387,-0.045493882,-0.9989646,0.00086916325,-1.2402532,0.097602345,-0.8264983,0.043901566,-0.8119703,-0.29557642,-0.8690784,-0.24937458,-1.0997498,-0.111185186,-0.7241771,-0.18411046,-0.71224576,-0.5324946,-0.7629018,-0.43151578,-0.9155029,-0.3263783,-0.68579584,-0.3975712,-0.64947724
p3,A,A,mock,mock,0.0,0.0,0.43500373,-0.22418605,0.6683351,-0.7141654,0.6335803,-1.1919702,0.6240907,-1.4974158,0.3694466,-1.0474424,0.28321636,-1.3186867,0.3019244,-0.956448,0.32351735,-0.8647479,0.03942797,-0.9992224,-0.01209095,-1.2417182,0.089754954,-0.8101016,0.103546694,-0.7807092,-0.23049758,-0.88761836,-0.27768633,-1.1007578,-0.13701007,-0.7033357,-0.1283735,-0.6754769,-0.48661527,-0.7864704,-0.49431115,-0.91482306,-0.38152307,-0.6682456,-0.37309688,-0.6245957
p3,A,A,mock,mock,0.0,0.0,0.423351,-0.32506767,0.51954067,-0.81263894,0.4393755,-1.2301204,0.39593595,-1.5130637,0.18085419,-1.0729506,0.12516606,-1.3821433,0.2100047,-1.0535039,0.21156566,-0.9311357,-0.09779492,-0.9952066,-0.10112983,-1.2849956,0.028382214,-0.8876229,-0.0068510934,-0.83552307,-0.34544927,-0.88577527,-0.31287846,-1.1590602,-0.16394052,-0.7769173,-0.21715863,-0.7343948,-0.5993631,-0.7617523,-0.49634242,-0.9996428,-0.3722046,-0.75961846,-0.439957,-0.682176
p3,A,A,mock,mock,0.0,0.0,0.44823366,-0.3358628,0.5221937,-0.81930196,0.43573186,-1.2289451,0.37558255,-1.5059083,0.16500193,-1.0689532,0.101595916,-1.3848085,0.204053,-1.0804995,0.20802374,-0.9255,-0.09257898,-0.99570537,-0.1126834,-1.3087198,0.029832983,-0.93461496,0.003782181,-0.83472276,-0.33418465,-0.8923309,-0.30725512,-1.1916101,-0.14681776,-0.81700295,-0.18771419,-0.72072107,-0.59124017,-0.7612337,-0.49082252,-1.0331401,-0.35113397,-0.79558563,-0.393387,-0.68313944
p4,A,A,mock,mock,0.0,0.0,0.48320556,-0.06337691,0.7934474,-0.49629334,0.8466251,-0.9441498,0.8941998,-1.2477789,0.58103824,-0.916394,0.59283894,-1.2322614,0.56433547,-0.9049234,0.55625004,-0.7169941,0.28436363,-0.9587165,0.3131385,-1.2421052,0.31742272,-0.82421714,0.31273803,-0.66938365,0.014223221,-0.9042362,0.030614728,-1.1669165,0.070338406,-0.74804217,0.081878975,-0.603024,-0.2509744,-0.80818427,-0.22129802,-0.97959214,-0.17151545,-0.704676,-0.15503155,-0.59073687
p4,A,A,mock,mock,0.0,0.0,0.4898632,0.012553006,0.8574201,-0.38961825,0.9556101,-0.84247726,1.0551519,-1.1350054,0.70191056,-0.841581,0.7412717,-1.1622369,0.66992813,-0.81425494,0.6514183,-0.6339477,0.3986345,-0.9171099,0.46174717,-1.1879281,0.41437578,-0.7533243,0.39975953,-0.62160665,0.12000077,-0.8889355,0.17941867,-1.1456217,0.16393007,-0.7077148,0.15185028,-0.58016336,-0.15284254,-0.8250685,-0.09255188,-0.9795791,-0.07825912,-0.6884068,-0.08232757,-0.585064
p4,A,A,mock,mock,0.0,0.0,0.43943286,-0.171668,0.6807386,-0.6371075,0.6613789,-1.0937142,0.67798877,-1.4043484,0.41365358,-1.0136064,0.3671242,-1.3628467,0.40174168,-1.0404986,0.42223653,-0.832808,0.11463293,-0.9934079,0.06540386,-1.3556997,0.15091136,-0.93683726,0.18589637,-0.75437737,-0.15233162,-0.90457433,-0.20256616,-1.2109985,-0.080486305,-0.7865092,-0.01640793,-0.6146177,-0.4130219,-0.76829964,-0.4389417,-0.98004615,-0.31592315,-0.70324475,-0.24791102,-0.5666275
p4,A,A,mock,mock,0.0,0.0,0.4336062,-0.21695104,0.67810005,-0.66543984,0.63335156,-1.1191512,0.6426668,-1.4373478,0.40614432,-1.0299028,0.32179442,-1.3792204,0.3308377,-1.0909361,0.3793126,-0.88023454,0.10938931,-0.993999,0.011177683,-1.3581575,0.081200816,-0.9650033,0.15485229,-0.76674014,-0.1497902,-0.90184855,-0.26650214,-1.2017606,-0.15419774,-0.79663825,-0.055186186,-0.6139999,-0.40679282,-0.75945675,-0.48375973,-0.9771553,-0.3680592,-0.7085905,-0.2691806,-0.56867796
p4,A,A,mock,mock,0.0,0.0,0.40786788,-0.19683291,0.61489546,-0.6667493,0.55903554,-1.1087526,0.56664866,-1.4127139,0.3266586,-1.0374134,0.26742315,-1.3714094,0.32347682,-1.0688516,0.35277748,-0.8625586,0.03985462,-0.99920547,-0.014982671,-1.3516777,0.09212856,-0.94228643,0.13053249,-0.7490462,-0.21776666,-0.8974244,-0.28043586,-1.1976299,-0.14274023,-0.77685374,-0.08228707,-0.5995729,-0.47524372,-0.7443983,-0.5051916,-0.9659482,-0.37081107,-0.6926127,-0.30488068,-0.555715
p2,A,A,mock,mock,0.0,0.0,0.46937194,-0.3114903,0.69357026,-0.76325095,0.70921737,-1.2349052,0.62955934,-1.5477934,0.43075705,-1.0154045,0.38014466,-1.3911794,0.39656526,-1.1532011,0.42915413,-0.93015397,0.15351811,-0.9881458,0.12481838,-1.3904412,0.18749087,-1.0388184,0.21961308,-0.7770474,-0.10763426,-0.9281851,-0.12596646,-1.2803547,-0.035261836,-0.8950944,0.0030223008,-0.6359468,-0.3849846,-0.83017355,-0.32846183,-1.1083323,-0.2247432,-0.8493751,-0.16551451,-0.6448754
p2,A,A,mock,mock,0.0,0.0,0.5177788,-0.2111135,0.8244744,-0.65803015,0.895224,-1.1698346,0.81578815,-1.4872276,0.55374193,-0.97216034,0.52609795,-1.3825922,0.48542652,-1.1090848,0.4956823,-0.87779063,0.2537292,-0.9672753,0.23782957,-1.3792323,0.25011897,-0.9687641,0.2752379,-0.70834,-0.018003607,-0.92516375,-0.02904769,-1.2640455,0.012887313,-0.8393181,0.04123368,-0.59720135,-0.30491248,-0.84872484,-0.27726594,-1.1183034,-0.20961723,-0.8332927,-0.16005397,-0.63838667
p2,A,A,mock,mock,0.0,0.0,0.4339363,-0.27580562,0.62125117,-0.74079293,0.60449463,-1.1453812,0.54228234,-1.4470184,0.39051023,-1.0021858,0.39785895,-1.3612245,0.4537298,-1.103338,0.42235392,-0.88236177,0.17896645,-0.9838552,0.2304616,-1.3460616,0.32660463,-0.9992784,0.2938954,-0.76256764,-0.040659573,-0.9421155,0.070087485,-1.2400354,0.17106736,-0.8470044,0.13362649,-0.61344427,-0.27884653,-0.8550036,-0.084982574,-1.0911012,0.027319238,-0.82084984,0.005855541,-0.6335748
p2,A,A,mock,mock,0.0,0.0,0.47921705,-0.22833976,0.75047123,-0.68630666,0.8067927,-1.1602869,0.7375564,-1.4745826,0.49774078,-0.98766035,0.4915048,-1.3772084,0.5127278,-1.1117399,0.5257736,-0.8858675,0.23060578,-0.97304726,0.23974991,-1.3858684,0.31448925,-1.0074422,0.32806233,-0.7523334,-0.02417462,-0.9222343,0.0012116202,-1.2670753,0.09610888,-0.86619747,0.11604419,-0.6293422,-0.29429573,-0.8330044,-0.18845648,-1.089938,-0.08308908,-0.8172849,-0.04538839,-0.6209939
p2,A,A,mock,mock,0.0,0.0,0.45258918,-0.16582479,0.7940249,-0.5659039,0.9239448,-1.0136405,0.88548076,-1.3349036,0.5866317,-0.93163276,0.6093408,-1.2823101,0.55691075,-0.99139345,0.54921067,-0.7733338,0.30412808,-0.9526312,0.3325114,-1.3148652,0.32371682,-0.9099818,0.32522503,-0.6804084,0.04362,-0.92933583,0.060725,-1.2289196,0.08846856,-0.80798364,0.102697164,-0.5847474,-0.22380738,-0.8738323,-0.16449733,-1.0973458,-0.113323465,-0.81407243,-0.08745905,-0.6382559
p2,A,A,mock,mock,0.0,0.0,0.3735252,-0.31067497,0.56782305,-0.7475634,0.59358346,-1.1840911,0.47772455,-1.4676813,0.33671904,-1.0164307,0.29289192,-1.3189543,0.29415146,-1.0242788,0.32015586,-0.90697366,0.059242252,-0.99824363,0.019706352,-1.268027,0.07547314,-0.8976595,0.11106638,-0.835367,-0.19689241,-0.9531559,-0.23373418,-1.2342755,-0.15060744,-0.8850306,-0.1148545,-0.7948792,-0.46395856,-0.90726894,-0.4741017,-1.1430367,-0.38943806,-0.93999827,-0.3394861,-0.83628803
p2,A,A,mock,mock,0.0,0.0,0.3638755,-0.2973341,0.5775394,-0.7238734,0.6126255,-1.1665804,0.47796306,-1.4632943,0.34273186,-1.0254433,0.3019009,-1.3189985,0.29192126,-1.0405504,0.31262952,-0.92789155,0.06954217,-0.99757904,0.029155659,-1.2690566,0.076867044,-0.90165037,0.121093325,-0.85800976,-0.17351963,-0.9580972,-0.22182186,-1.2289896,-0.15088502,-0.88894737,-0.117214255,-0.8284067,-0.43174067,-0.9394788,-0.43898645,-1.1447688,-0.3857181,-0.9532595,-0.35454118,-0.8770063
p2,A,A,mock,mock,0.0,0.0,0.36886412,-0.30171147,0.50342363,-0.7727866,0.49649748,-1.1586456,0.39931542,-1.4106569,0.28274253,-1.0069927,0.266058,-1.2779552,0.29930198,-1.0038757,0.29359227,-0.8920907,0.04825967,-0.99883485,0.03991805,-1.2596416,0.11911427,-0.89747494,0.11308406,-0.8156797,-0.18382612,-0.95784736,-0.18402542,-1.216447,-0.07398022,-0.8579573,-0.07819063,-0.76101285,-0.42519844,-0.8929751,-0.3707974,-1.1132717,-0.2730333,-0.8985672,-0.27162138,-0.79972935
p2,A,A,mock,mock,0.0,0.0,0.3925915,-0.24965985,0.6465241,-0.62674177,0.73498076,-1.0400041,0.6752253,-1.3444489,0.46210086,-0.94978845,0.48938677,-1.2434844,0.45258638,-0.9481604,0.4441393,-0.83201814,0.20119385,-0.97955143,0.23384346,-1.2254797,0.23118521,-0.8446784,0.24054869,-0.7931072,-0.043685686,-0.97896254,-0.011564485,-1.2491146,0.016613057,-0.884314,0.018776981,-0.7980263,-0.3027823,-0.9735045,-0.2504743,-1.2068876,-0.19244115,-0.98578906,-0.17649199,-0.8745829
p2,A,A,mock,mock,0.0,0.0,0.2957954,-0.21005458,0.54599094,-0.5944023,0.64386743,-1.021463,0.5655057,-1.3403658,0.42927724,-0.9556982,0.4144622,-1.2135367,0.34467846,-0.93173796,0.35734603,-0.8397737,0.18272144,-0.9831647,0.15308551,-1.1934502,0.11731944,-0.82496077,0.16610016,-0.8278113,-0.04662166,-0.97301394,-0.08752312,-1.1862668,-0.07813776,-0.8565807,-0.030235946,-0.8228441,-0.28670996,-0.96065843,-0.3134633,-1.1379457,-0.28048033,-0.9378666,-0.23442657,-0.8696848
p2,A,A,mock,mock,0.0,0.0,0.37705395,-0.11499454,0.6680435,-0.4789209,0.7671819,-0.87006754,0.85847443,-1.1511396,0.6044088,-0.9065926,0.6417898,-1.2498863,0.5210601,-1.0037675,0.47469336,-0.7980771,0.34837613,-0.93735486,0.34056836,-1.2678038,0.26001152,-0.8884878,0.2892913,-0.69112206,0.09526864,-0.9194352,0.05857526,-1.1807885,0.030799022,-0.79398453,0.081212394,-0.61292726,-0.1687284,-0.86143374,-0.18894272,-1.038328,-0.17873946,-0.7622963,-0.117856674,-0.62198776
p2,A,A,mock,mock,0.0,0.0,0.4232959,-0.1130674,0.7423742,-0.5290564,0.916642,-0.9262148,1.1145988,-1.1345494,0.63812214,-0.8801403,0.7909232,-1.2013078,0.65656567,-0.8646609,0.5746405,-0.7531288,0.37415195,-0.9273674,0.5056302,-1.2048662,0.4002609,-0.77982956,0.3493807,-0.7250041,0.09258845,-0.9279492,0.19851325,-1.1569908,0.15654974,-0.7354556,0.13053276,-0.6727543,-0.20100571,-0.91798574,-0.096001,-1.1126406,-0.07163865,-0.8209509,-0.09309201,-0.73530656
p2,A,A,mock,mock,0.0,0.0,0.4295718,-0.06946386,0.8011655,-0.48824725,0.9900742,-0.89464295,1.1864681,-1.0833035,0.67720896,-0.8620604,0.8444156,-1.1641297,0.70553964,-0.809868,0.62617165,-0.7279118,0.41457373,-0.9100157,0.56939113,-1.1710275,0.4557798,-0.7381533,0.40480658,-0.72165173,0.1452666,-0.9119441,0.28236955,-1.1272151,0.21284847,-0.6984391,0.17696619,-0.6835938,-0.13697818,-0.9013288,0.0023274226,-1.0694438,-0.0044138553,-0.78347105,-0.058501426,-0.74219215
p2,A,A,mock,mock,0.0,0.0,0.46103674,-0.049762677,0.83048165,-0.44109902,1.0237519,-0.8323819,1.2010528,-1.0653969,0.71102226,-0.8280609,0.8735938,-1.136867,0.75002766,-0.80148864,0.66524506,-0.6873354,0.46681264,-0.88435626,0.6250667,-1.1482567,0.5012179,-0.732509,0.44261995,-0.687243,0.21269007,-0.9028569,0.3605449,-1.1096529,0.26612076,-0.6951877,0.21563454,-0.6572353,-0.06238455,-0.9077304,0.105335705,-1.0505286,0.07472621,-0.77136105,0.00608003,-0.7287672
p2,A,A,mock,mock,0.0,0.0,0.48422077,-0.09915604,0.8129127,-0.49980116,0.99702466,-0.8826124,1.1723775,-1.1053121,0.66635346,-0.86731935,0.8276692,-1.1624576,0.7107799,-0.8251992,0.6272769,-0.7251111,0.42341343,-0.9059366,0.5776348,-1.1825025,0.47149473,-0.7685462,0.407037,-0.714109,0.16315995,-0.9142459,0.30660853,-1.1276761,0.241435,-0.7122597,0.18903206,-0.65225315,-0.117557645,-0.91172105,0.046424907,-1.0855386,0.04590053,-0.804278,-0.017143557,-0.72814655
p2,A,A,mock,mock,0.0,0.0,0.4288812,-0.100921266,0.7313278,-0.5040903,0.83945376,-0.92626715,0.9788459,-1.2074262,0.59917384,-0.9609592,0.67509544,-1.3096802,0.6272386,-0.960049,0.57964396,-0.81140375,0.30290097,-0.95302206,0.3695841,-1.1834656,0.35421547,-0.72669125,0.36063612,-0.6964734,0.022887306,-0.88945687,0.075739734,-1.0157644,0.09343072,-0.5883764,0.103197746,-0.57988507,-0.2512642,-0.81089365,-0.17398678,-0.87091494,-0.13250329,-0.5971958,-0.15161449,-0.5870842
p2,A,A,mock,mock,0.0,0.0,0.4604619,-0.1138439,0.75614834,-0.53430563,0.85488987,-0.9433201,0.98969424,-1.2165475,0.60072476,-0.9661402,0.69581246,-1.3018245,0.63648516,-0.9055807,0.5884668,-0.77839977,0.31474966,-0.9491747,0.40230063,-1.17041,0.38462374,-0.6939419,0.3900832,-0.6640203,0.0397925,-0.8621428,0.10453601,-0.9880635,0.13150908,-0.5589029,0.1326215,-0.55018157,-0.23156016,-0.76877236,-0.15116149,-0.8153992,-0.09938533,-0.55802983,-0.13071962,-0.5668869
p2,A,A,mock,mock,0.0,0.0,0.40087548,-0.037664466,0.7894294,-0.41218987,0.9431823,-0.8138633,1.1193147,-1.0959458,0.68880945,-0.8704472,0.8212818,-1.1647571,0.7038142,-0.7997925,0.6271434,-0.70208955,0.35301334,-0.9356183,0.51412755,-1.1060398,0.41804194,-0.6398117,0.380326,-0.64139175,0.047909673,-0.8763209,0.18656789,-0.9791224,0.16511422,-0.5281295,0.113234766,-0.5656573,-0.24181746,-0.8005694,-0.10106288,-0.76127845,-0.0715344,-0.48961866,-0.13213463,-0.556522
p2,A,A,mock,mock,0.0,0.0,0.40700886,-0.0961885,0.74606395,-0.50299895,0.87653345,-0.8925317,1.0338454,-1.1850666,0.60983694,-0.9445059,0.71688575,-1.2329162,0.63717514,-0.85890883,0.56844217,-0.7322142,0.29983556,-0.9539909,0.413665,-1.1257343,0.37202433,-0.65721256,0.35209638,-0.6222257,0.0129141,-0.8723224,0.10578841,-0.97025824,0.12608872,-0.5341569,0.109788135,-0.5311828,-0.25535598,-0.7760622,-0.1524809,-0.77144456,-0.103897355,-0.5083508,-0.13990247,-0.53473514
p2,A,A,mock,mock,0.0,0.0,0.33934847,-0.19371639,0.6101678,-0.63864136,0.65340596,-1.0864393,0.6062905,-1.3995876,0.33987924,-1.0426924,0.35150915,-1.3251841,0.32772464,-0.9242608,0.2914906,-0.8244513,0.012400366,-0.9999231,0.045721002,-1.212207,0.10686682,-0.7285591,0.09921761,-0.7160096,-0.25610098,-0.8904698,-0.24964403,-1.0968846,-0.14268368,-0.66921073,-0.1492806,-0.6484294,-0.5104379,-0.7963645,-0.4911521,-0.91239274,-0.3840957,-0.63577485,-0.37316158,-0.6098223
p2,A,A,mock,mock,0.0,0.0,0.36277726,-0.30673546,0.5927311,-0.68319476,0.66250235,-1.0740727,0.6291496,-1.3500714,0.39633,-0.99814504,0.41860947,-1.2406243,0.36982042,-0.9318241,0.34423274,-0.86628616,0.16549835,-0.98621005,0.17775916,-1.1865041,0.1823561,-0.8163485,0.18070802,-0.81257963,-0.05439074,-0.9255472,-0.043208595,-1.1019273,-0.00036824855,-0.7614291,0.0032918842,-0.7384918,-0.2774677,-0.8652688,-0.23363808,-1.0071766,-0.17443003,-0.79535335,-0.16628642,-0.7467696
p2,A,A,mock,mock,0.0,0.0,0.3496109,-0.26457265,0.57559466,-0.69070655,0.6133289,-1.1273869,0.57530034,-1.4120518,0.38301298,-1.017633,0.35704032,-1.3151827,0.33161953,-0.9826894,0.3165315,-0.8734417,0.121882044,-0.9925446,0.0758612,-1.2331833,0.1104981,-0.8147769,0.1282287,-0.7961555,-0.1234065,-0.9311919,-0.15460253,-1.1401472,-0.08892919,-0.7570362,-0.06646565,-0.73019844,-0.37861922,-0.86577594,-0.37139377,-1.0225495,-0.30275223,-0.78040826,-0.28507745,-0.73010397
p2,A,A,mock,mock,0.0,0.0,0.3487132,-0.2784563,0.5338969,-0.70308733,0.5844396,-1.0952784,0.53722936,-1.370154,0.32346278,-1.0227606,0.31448168,-1.2691704,0.28493923,-0.9364967,0.25754598,-0.8734916,0.056086577,-0.9984259,0.06087226,-1.2270879,0.0906522,-0.8285506,0.073925346,-0.803641,-0.18524967,-0.910601,-0.17685117,-1.1285956,-0.1009851,-0.75839597,-0.11973621,-0.7096336,-0.41037738,-0.8351018,-0.38598153,-0.9825622,-0.29529864,-0.7583619,-0.28543696,-0.71127695
p4,B,B,mock,mock,0.0,0.0,0.28056115,-0.10591829,0.4564353,-0.41472647,0.2647906,-0.6567538,-0.021492003,-0.70949143,0.41150653,-0.90592444,0.44455418,-1.281288,0.45604387,-1.5228108,0.45480928,-1.7218496,0.21408094,-0.97681594,0.23441176,-1.4259872,0.24594165,-1.7070614,0.24225114,-1.9255651,0.027355157,-0.93950635,0.026400225,-1.3665712,0.025783852,-1.6264573,0.016368667,-1.839766,-0.1757956,-0.81696206,-0.19398873,-1.1309093,-0.21546356,-1.3352646,-0.24687943,-1.5202116
p4,B,B,mock,mock,0.0,0.0,0.27942994,-0.13009389,0.45177975,-0.45265305,0.25354618,-0.7009436,-0.03503464,-0.7467188,0.4007667,-0.9202489,0.4257479,-1.2940476,0.42917806,-1.529774,0.4243661,-1.7296398,0.19828896,-0.9801436,0.21009535,-1.4246655,0.21524711,-1.702009,0.21077742,-1.925713,0.008048834,-0.93353975,-0.0068600895,-1.365562,-0.017314853,-1.6331824,-0.024569605,-1.8606149,-0.19387408,-0.8067681,-0.22229965,-1.1298534,-0.24811506,-1.3371394,-0.27456507,-1.5287564
p4,B,B,mock,mock,0.0,0.0,0.30807593,-0.09939991,0.4871197,-0.5082996,0.26758537,-0.85788894,-0.075785816,-0.8863442,0.34550953,-0.9279618,0.3775032,-1.3332286,0.37168285,-1.580312,0.34818423,-1.7890481,0.12834732,-0.99172926,0.16365997,-1.441603,0.18523818,-1.7137163,0.17646861,-1.9288584,-0.061372347,-0.9586085,-0.041799825,-1.3978091,-0.011519183,-1.6505443,-0.020320848,-1.8583626,-0.26151967,-0.84790796,-0.23162441,-1.1913357,-0.19016753,-1.3927766,-0.17552534,-1.5655415
p4,B,B,mock,mock,0.0,0.0,0.29569292,-0.098909006,0.48411292,-0.5012911,0.3020996,-0.8370282,-0.028063407,-0.8699077,0.3679586,-0.91864616,0.40564695,-1.3079532,0.4031633,-1.5502992,0.3831919,-1.7565597,0.15715086,-0.98757464,0.19370873,-1.4184246,0.21931228,-1.6928071,0.21444461,-1.9101429,-0.032278355,-0.9581223,-0.018295143,-1.3800797,0.011530027,-1.6317132,0.00462071,-1.8381891,-0.23055498,-0.8501323,-0.20128894,-1.1748288,-0.16007608,-1.372313,-0.14276904,-1.5446743
p4,B,B,mock,mock,0.0,0.0,0.3072588,-0.18916766,0.4890844,-0.57068235,0.35461754,-0.91091573,0.13398495,-1.0954099,0.35105315,-0.9345033,0.39696464,-1.3098367,0.40000087,-1.556501,0.3857978,-1.770992,0.1635071,-0.98654217,0.19272918,-1.4187931,0.20701241,-1.709222,0.19538273,-1.9431696,-0.009342427,-0.94741726,0.009372529,-1.3765087,0.027420932,-1.6467893,0.020056408,-1.8716965,-0.19395293,-0.83730286,-0.16518976,-1.1626265,-0.13303576,-1.3711966,-0.12221854,-1.5580522
p4,B,B,mock,mock,0.0,0.0,0.31491584,-0.10004706,0.50224125,-0.46163318,0.33930057,-0.8057701,0.08255021,-1.0160846,0.3901582,-0.9189995,0.45382196,-1.355887,0.46440926,-1.6549361,0.44589514,-1.9168143,0.17541176,-0.98449516,0.23777519,-1.4949892,0.2619443,-1.8456527,0.25949752,-2.141393,-0.021677013,-0.9413663,0.02133218,-1.4447732,0.041382264,-1.7734218,0.04491101,-2.0659373,-0.24301082,-0.81581074,-0.23133577,-1.1800544,-0.20590343,-1.4201669,-0.18325695,-1.6476895
p2,B,B,mock,mock,0.0,0.0,0.29559118,-0.049894452,0.48952088,-0.35428447,0.32772252,-0.64483917,0.052181862,-0.7382438,0.49911442,-0.8606287,0.5542874,-1.2496564,0.58158857,-1.5027722,0.5991215,-1.7131363,0.28928745,-0.95724225,0.34251776,-1.4419829,0.37804052,-1.7450591,0.400986,-1.9779608,0.08308442,-0.9399181,0.11100275,-1.4029938,0.12798063,-1.7007878,0.14146464,-1.9406121,-0.14811377,-0.83673155,-0.14809644,-1.1873223,-0.14719102,-1.4066767,-0.14958222,-1.6013265
p3,B,B,mock,mock,0.0,0.0,0.30605993,-0.060801636,0.4728235,-0.3669759,0.30839908,-0.6637156,0.048878033,-0.80924255,0.42975026,-0.91033065,0.48097837,-1.3327676,0.49806678,-1.6232263,0.4901695,-1.8764077,0.20172001,-0.97944325,0.24214613,-1.4887147,0.25255305,-1.8284361,0.24629807,-2.1013448,-0.019771475,-0.9336328,-0.01530412,-1.420432,-0.018145775,-1.7496903,-0.024455812,-2.0173068,-0.27312446,-0.8102815,-0.2804368,-1.1997609,-0.2834882,-1.4587504,-0.28834364,-1.689511
p3,B,B,mock,mock,0.0,0.0,0.27889812,-0.22569163,0.43022686,-0.572618,0.30603856,-0.8824378,0.039221458,-0.89064175,0.12045229,-0.9976325,0.051827177,-1.3642815,-0.01733979,-1.5778652,-0.09033605,-1.7676958,-0.08681642,-0.99622434,-0.1724579,-1.3969047,-0.22591075,-1.651548,-0.28710306,-1.864707,-0.2472887,-0.90854627,-0.3666006,-1.2654465,-0.4104416,-1.4983141,-0.4548947,-1.6958389,-0.3970864,-0.747253,-0.48842636,-1.0221455,-0.51928866,-1.2007036,-0.53953785,-1.3602889
p4,B,B,mock,mock,0.0,0.0,0.3007483,-0.24321917,0.45041883,-0.5629565,0.29229262,-0.84100753,0.058558717,-0.9272405,0.21475111,-1.0066507,0.17714119,-1.3814242,0.1425229,-1.6074575,0.11315036,-1.8119891,0.0053551774,-0.99998564,-0.0291705,-1.3997307,-0.05874552,-1.6540209,-0.09154983,-1.8588179,-0.17290068,-0.9156124,-0.21672639,-1.2907084,-0.23122358,-1.5376662,-0.24871881,-1.7376218,-0.34420466,-0.7713311,-0.3906279,-1.0509915,-0.40380183,-1.236527,-0.4086278,-1.4007672
p1,B,B,mock,mock,0.0,0.0,0.30981293,-0.23148133,0.46808407,-0.57038355,0.30613086,-0.85355014,0.06798909,-0.92297137,0.22432771,-1.0004102,0.18411437,-1.3697814,0.14767271,-1.5923007,0.1152245,-1.7883866,0.018026656,-0.9998375,-0.025971895,-1.391451,-0.058966424,-1.6410283,-0.0986313,-1.8379067,-0.15675971,-0.9163427,-0.20962611,-1.2879275,-0.2304042,-1.525587,-0.25394163,-1.7178644,-0.32645395,-0.7671366,-0.37891334,-1.0436661,-0.39311114,-1.22692,-0.40346313,-1.3903723
p3,B,B,mock,mock,0.0,0.0,0.3058587,-0.24817438,0.45346016,-0.5792525,0.3009995,-0.8608669,0.059141,-0.91131085,0.2083983,-1.0067937,0.16398624,-1.3776811,0.12521087,-1.6011639,0.092578575,-1.7983595,-0.0005619785,-0.9999998,-0.046073064,-1.3930267,-0.08078361,-1.6435053,-0.11908871,-1.8404855,-0.17617422,-0.91331404,-0.231302,-1.2828771,-0.25157407,-1.523174,-0.27235767,-1.714984,-0.3442383,-0.76692635,-0.39609453,-1.0452992,-0.41106045,-1.2331734,-0.41717488,-1.3987592
p2,B,B,mock,mock,0.0,0.0,0.27881676,-0.2544643,0.4006339,-0.5923589,0.2410113,-0.85347044,0.010097258,-0.9189894,0.17375232,-1.0045668,0.119254366,-1.3666124,0.0695537,-1.5854983,0.023943752,-1.7795589,-0.030399786,-0.9995378,-0.08882701,-1.3813837,-0.13129403,-1.6363378,-0.17804992,-1.8369641,-0.20022032,-0.9087231,-0.27098608,-1.2752806,-0.3042797,-1.5149068,-0.3367143,-1.712244,-0.3601734,-0.75295836,-0.42377234,-1.0262164,-0.4524231,-1.2080994,-0.46911535,-1.3744936
p2,B,B,mock,mock,0.0,0.0,0.29995432,-0.24103932,0.42579353,-0.5962121,0.21366113,-0.8715341,-0.07944763,-0.88059753,0.26375338,-0.9790798,0.2589401,-1.3558004,0.22207503,-1.5877463,0.1880717,-1.8015593,0.044186346,-0.9990233,0.025295217,-1.413588,-0.005542177,-1.6859614,-0.03862184,-1.9249153,-0.14092511,-0.9234464,-0.20079769,-1.3078912,-0.22442545,-1.5574454,-0.24472988,-1.7737006,-0.31343552,-0.77370393,-0.38108873,-1.0677447,-0.39858398,-1.2650446,-0.41290048,-1.4438801
p1,B,B,mock,mock,0.0,0.0,0.2610925,-0.23399699,0.37475878,-0.5861114,0.14313312,-0.8445689,-0.14524463,-0.8433651,0.20863798,-0.9803997,0.19647072,-1.3525813,0.1605593,-1.5711819,0.12602714,-1.7684801,-0.0064445785,-0.99997926,-0.031936973,-1.3982365,-0.060894966,-1.655508,-0.09346893,-1.8844565,-0.18525106,-0.9258879,-0.23926501,-1.2862563,-0.2593469,-1.5216285,-0.28081435,-1.7292194,-0.3533466,-0.78027785,-0.41578987,-1.0507559,-0.43224004,-1.2372204,-0.44622532,-1.4073511
p1,B,B,mock,mock,0.0,0.0,0.26433697,-0.30995327,0.32044482,-0.6933631,0.024632733,-0.95144874,-0.2824815,-0.94388145,0.16888458,-0.98818594,0.122724056,-1.3636137,0.06315347,-1.5945902,0.014124631,-1.8034202,-0.045823433,-0.9989495,-0.10657382,-1.4276091,-0.15708044,-1.707848,-0.19855854,-1.9517934,-0.22451761,-0.93854403,-0.3002673,-1.3337749,-0.338485,-1.5922371,-0.37492588,-1.8253131,-0.38733378,-0.80616647,-0.45236954,-1.1383648,-0.46234846,-1.352447,-0.47711647,-1.5452421
p4,B,B,mock,mock,0.0,0.0,0.2671158,-0.31668338,0.30809045,-0.69860816,0.021855364,-0.9377798,-0.28761542,-0.93296117,0.16222811,-0.9953009,0.11654092,-1.3661834,0.054073557,-1.596579,-0.0032558285,-1.8022038,-0.05333418,-0.9985767,-0.11679695,-1.4225425,-0.17318322,-1.7038877,-0.22439715,-1.9449139,-0.23297548,-0.933514,-0.30445328,-1.3259181,-0.34419674,-1.5836189,-0.3825619,-1.8219404,-0.39370203,-0.80232155,-0.45773375,-1.1281995,-0.47146377,-1.3433623,-0.49253118,-1.5354577
p2,B,B,mock,mock,0.0,0.0,0.28812826,-0.20964879,0.41328537,-0.5901484,0.2100667,-0.85563064,-0.09187218,-0.8506299,0.27357394,-0.96349484,0.27590802,-1.3251451,0.24872047,-1.559011,0.21610369,-1.7694918,0.056727305,-0.9983897,0.041033007,-1.4038589,0.029131366,-1.6717757,0.008162128,-1.9004967,-0.13456212,-0.92891693,-0.19008419,-1.3108166,-0.20346348,-1.5580007,-0.22219768,-1.7716607,-0.31975523,-0.7813444,-0.3750815,-1.0670226,-0.39182442,-1.2631122,-0.40777335,-1.4356878
p4,B,B,mock,mock,0.0,0.0,0.2848452,-0.20854893,0.44586274,-0.5698632,0.32227406,-0.8809851,0.0503606,-0.8994968,0.11989134,-1.0050611,0.048309214,-1.3628353,-0.024340315,-1.5763415,-0.09926084,-1.765883,-0.09155717,-0.99579984,-0.18021238,-1.3949708,-0.23590644,-1.6467568,-0.2983512,-1.8590355,-0.2543441,-0.902309,-0.37574592,-1.2593912,-0.42457235,-1.4923446,-0.4726909,-1.6880299,-0.40092316,-0.73855495,-0.49596372,-1.0139953,-0.5320017,-1.1942712,-0.55993545,-1.3574967
p3,B,B,mock,mock,0.0,0.0,0.30118448,-0.2276893,0.46056187,-0.5522847,0.30069074,-0.83877915,0.06836868,-0.92492455,0.23980571,-0.99528486,0.20892216,-1.3730311,0.17880568,-1.5997983,0.15672791,-1.8025281,0.0319989,-0.9994879,0.005325478,-1.3995152,-0.016616607,-1.654207,-0.040191703,-1.8594211,-0.14601406,-0.9229495,-0.1816832,-1.2978315,-0.18967701,-1.5425744,-0.20120735,-1.7423759,-0.3174919,-0.78080195,-0.36093134,-1.060181,-0.3707566,-1.2434673,-0.37312666,-1.4081548
p3,B,B,mock,mock,0.0,0.0,0.2878378,-0.2377719,0.38994366,-0.6022979,0.14869383,-0.898051,-0.12505947,-0.9794139,0.27954525,-0.9505912,0.2822276,-1.3693944,0.25990662,-1.6327525,0.24459329,-1.8631027,0.06135499,-0.998116,0.041598804,-1.4668038,0.016491808,-1.7768335,-0.0060642874,-2.0339093,-0.12580554,-0.96085125,-0.16587402,-1.3966463,-0.18730384,-1.6792835,-0.20866986,-1.9174639,-0.3050829,-0.8453025,-0.34291276,-1.1884124,-0.3326906,-1.4084442,-0.3273087,-1.6012547
p3,B,B,mock,mock,0.0,0.0,0.28192446,-0.26194996,0.37135997,-0.63957584,0.107551835,-0.9276997,-0.17275213,-0.9799088,0.27211976,-0.9546176,0.26263404,-1.366592,0.23239475,-1.6353415,0.20742998,-1.8684734,0.049318776,-0.9987831,0.024754127,-1.4534174,0.0008822533,-1.7667584,-0.02428599,-2.0282207,-0.14159188,-0.9602502,-0.18955348,-1.3805592,-0.2065807,-1.6580445,-0.22603384,-1.8988887,-0.32552528,-0.8473948,-0.36266935,-1.1791685,-0.35347953,-1.3982373,-0.351218,-1.5940179
p3,B,B,mock,mock,0.0,0.0,0.27290878,-0.26448533,0.34976763,-0.64241934,0.089628726,-0.9177045,-0.18264478,-0.94637704,0.24636301,-0.9574193,0.23392549,-1.3491988,0.20210133,-1.6010481,0.1749985,-1.8246443,0.029023817,-0.9995787,0.0013561735,-1.4286672,-0.027943471,-1.7269032,-0.058340747,-1.9814049,-0.1571884,-0.9589788,-0.2101513,-1.3599247,-0.23329204,-1.6217923,-0.26003066,-1.8480227,-0.33672196,-0.84168243,-0.3773958,-1.1636947,-0.3741643,-1.3709679,-0.3723798,-1.5561087
p3,B,B,mock,mock,0.0,0.0,0.29896715,-0.2076209,0.4965965,-0.51941687,0.36755672,-0.7892352,0.097154975,-0.79841,0.22726145,-0.9823967,0.19474669,-1.3234329,0.14704624,-1.5320102,0.102445476,-1.7211766,0.00031186076,-0.99999994,-0.041511647,-1.3887343,-0.063549474,-1.632008,-0.08612521,-1.8450725,-0.1816984,-0.9242153,-0.2563471,-1.275862,-0.27810088,-1.504119,-0.29466432,-1.6981148,-0.34798685,-0.77704525,-0.40671983,-1.051936,-0.42482823,-1.2341663,-0.4301815,-1.3995736
p3,B,B,mock,mock,0.0,0.0,0.30480388,-0.20401591,0.4745736,-0.5218697,0.3206642,-0.7858972,0.077271245,-0.848166,0.179687,-0.9877517,0.13411051,-1.3564006,0.083433986,-1.5851047,0.02972132,-1.7882543,-0.035687592,-0.999363,-0.09283923,-1.3916326,-0.12995836,-1.653322,-0.17295645,-1.8717455,-0.20794098,-0.92148334,-0.29592255,-1.2786845,-0.33431172,-1.5145677,-0.3733369,-1.7141958,-0.37263566,-0.7698392,-0.44081268,-1.0417936,-0.4680499,-1.2260733,-0.48740512,-1.3965038
p3,B,B,mock,mock,0.0,0.0,0.30122748,-0.21075374,0.4627557,-0.5275627,0.3230382,-0.7913779,0.06353073,-0.85525954,0.17329384,-0.9945432,0.12102457,-1.3732995,0.06280279,-1.6068932,0.0014089532,-1.8134007,-0.050746586,-0.9987116,-0.12075561,-1.4039837,-0.16430798,-1.6735848,-0.21350656,-1.8943185,-0.23002715,-0.9177373,-0.32536972,-1.2840801,-0.3696423,-1.527144,-0.41233045,-1.727201,-0.3963353,-0.77538496,-0.46986705,-1.0522695,-0.49988273,-1.2408941,-0.5153769,-1.4088571
p3,B,B,mock,mock,0.0,0.0,0.23872064,-0.22064957,0.3322156,-0.56796974,0.103967436,-0.86787516,-0.13245831,-1.0017335,0.28110188,-0.9502391,0.27728522,-1.3490989,0.24007517,-1.5884979,0.201088,-1.7948478,0.06948078,-0.99758327,0.054581713,-1.4051716,0.036804233,-1.6726921,0.016899977,-1.9042779,-0.106070474,-0.9575425,-0.14292209,-1.3240273,-0.14352709,-1.5477436,-0.15506926,-1.7494625,-0.26770198,-0.8428092,-0.30192825,-1.1214095,-0.30678308,-1.2991008,-0.31367505,-1.4621032
p3,B,B,mock,mock,0.0,0.0,0.23861751,-0.2341188,0.32020122,-0.58523697,0.07788991,-0.8843196,-0.16511601,-1.0054903,0.27983516,-0.9535907,0.27491048,-1.3453614,0.23683064,-1.5792192,0.19993159,-1.7811905,0.07138317,-0.997449,0.05423302,-1.3936297,0.037225325,-1.6532993,0.022665728,-1.881679,-0.10477851,-0.9566957,-0.13917834,-1.3097397,-0.14255325,-1.5270875,-0.15815091,-1.7227039,-0.26579103,-0.84218115,-0.301039,-1.1091833,-0.30582723,-1.2824148,-0.3146181,-1.4431113
p3,B,B,mock,mock,0.0,0.0,0.22555618,-0.21989882,0.3053662,-0.55708766,0.09192387,-0.8499235,-0.13740538,-0.99227923,0.25485954,-0.95463437,0.23984408,-1.3427821,0.19567353,-1.5782808,0.15428512,-1.7844642,0.048458245,-0.9988252,0.0228217,-1.3958113,-0.004737179,-1.6558721,-0.027392227,-1.8855288,-0.12305262,-0.9568042,-0.16530299,-1.3099211,-0.17130028,-1.5282325,-0.18432236,-1.7242568,-0.27768955,-0.83793116,-0.3199774,-1.1079206,-0.33304217,-1.2797892,-0.3438106,-1.4367774
p3,B,B,mock,mock,0.0,0.0,0.22385618,-0.22995764,0.29087818,-0.5741704,0.058320582,-0.8636358,-0.16910319,-1.0035056,0.26429608,-0.94935197,0.25011158,-1.3404232,0.20706064,-1.5797633,0.16621421,-1.7891103,0.06001974,-0.9981972,0.040530182,-1.4024472,0.016135493,-1.6625352,-0.0025532541,-1.8908566,-0.11504011,-0.9636618,-0.15588577,-1.3201753,-0.16955172,-1.5367131,-0.19026677,-1.7307417,-0.27681646,-0.8520784,-0.31317687,-1.1195271,-0.32442653,-1.2886394,-0.335372,-1.4442185
p3,B,B,mock,mock,0.0,0.0,0.23099822,-0.23418926,0.32490617,-0.5803532,0.10816477,-0.86051935,-0.11695921,-0.9874579,0.25470605,-0.9678411,0.23710321,-1.3363649,0.19491124,-1.5572287,0.15113819,-1.7506391,0.05386248,-0.9985484,0.027979841,-1.3819206,-5.368964e-05,-1.6352397,-0.029593382,-1.8551944,-0.11335382,-0.9438438,-0.15721816,-1.2892433,-0.16246007,-1.5050734,-0.18000998,-1.6973921,-0.26884353,-0.8195909,-0.30353144,-1.0870413,-0.3178446,-1.2636448,-0.33252478,-1.4279048
p3,B,B,mock,mock,0.0,0.0,0.2549444,-0.22600098,0.37141138,-0.59900874,0.15572247,-0.91293794,-0.06963243,-1.0777539,0.31341127,-0.95278543,0.32204124,-1.3342966,0.29291645,-1.5712401,0.25987667,-1.7748868,0.10866332,-0.99407864,0.10338357,-1.4012449,0.09640644,-1.6752794,0.08095466,-1.9026085,-0.07296189,-0.94642985,-0.097216904,-1.3242266,-0.08572481,-1.557037,-0.0904104,-1.7557446,-0.2519745,-0.831261,-0.260294,-1.1178637,-0.25924703,-1.3108841,-0.26519248,-1.4872253
p3,B,B,mock,mock,0.0,0.0,0.2592014,-0.22581522,0.37160692,-0.5993322,0.16738762,-0.90490294,-0.05759482,-1.0622603,0.3185772,-0.9512455,0.32847524,-1.3332816,0.30446035,-1.5686085,0.27528846,-1.7718844,0.121333726,-0.99261177,0.122474454,-1.4027929,0.1212423,-1.6785669,0.10948182,-1.9057516,-0.058810756,-0.94492227,-0.08156646,-1.3222659,-0.071586974,-1.5577437,-0.077971,-1.755627,-0.24067856,-0.8317672,-0.2543972,-1.1295495,-0.25235188,-1.3283397,-0.25319445,-1.5076379
p3,B,B,mock,mock,0.0,0.0,0.26021338,-0.20878406,0.36919641,-0.5863366,0.15234183,-0.91831726,-0.060270768,-1.1024388,0.3570749,-0.9377564,0.37615117,-1.333349,0.3619485,-1.5800292,0.3430082,-1.7887135,0.1477688,-0.98902196,0.15437461,-1.4087985,0.15994802,-1.6866041,0.15863739,-1.9165212,-0.03988763,-0.9479015,-0.05447219,-1.3323364,-0.03162039,-1.5679234,-0.02260234,-1.7705269,-0.22716811,-0.8404254,-0.2347135,-1.135886,-0.22676226,-1.3251978,-0.22059222,-1.4958377
p3,B,B,mock,mock,0.0,0.0,0.25572273,-0.2265323,0.37589025,-0.6051467,0.1674253,-0.92012876,-0.05988735,-1.0782217,0.30940288,-0.9502551,0.3219069,-1.330806,0.2927906,-1.5643065,0.25672144,-1.7650236,0.10961879,-0.99397373,0.1069697,-1.3991363,0.09720943,-1.6705333,0.07417906,-1.8941174,-0.066880986,-0.94968486,-0.0879616,-1.3279415,-0.0813455,-1.5584086,-0.094915,-1.7534403,-0.24145052,-0.8380814,-0.24779636,-1.1263318,-0.24771382,-1.3205887,-0.2586851,-1.4962611
p3,B,B,mock,mock,0.0,0.0,0.25746137,-0.2141826,0.37200132,-0.5849032,0.17658927,-0.89259815,-0.041033998,-1.0576272,0.3205423,-0.9513423,0.32823658,-1.3409494,0.30399573,-1.5824504,0.27234453,-1.7897336,0.12467857,-0.99219716,0.123853624,-1.4121141,0.12082552,-1.6921891,0.10446069,-1.9217421,-0.053126354,-0.94070584,-0.07816312,-1.3273691,-0.07154429,-1.5682498,-0.08195459,-1.7707554,-0.23221403,-0.82203066,-0.2444742,-1.1205338,-0.24574445,-1.3213457,-0.25332025,-1.5030209
p3,B,B,mock,mock,0.0,0.0,0.23890974,-0.22621,0.3555527,-0.60483766,0.1338709,-0.91183317,-0.123005085,-1.038905,0.2981663,-0.95825666,0.28265086,-1.3306434,0.24035957,-1.5548728,0.19439709,-1.7481929,0.09236845,-0.9957249,0.065565415,-1.3861774,0.04342018,-1.6364262,0.009788413,-1.8481588,-0.08546014,-0.9433089,-0.12658255,-1.307422,-0.12599914,-1.5238426,-0.14401138,-1.7175062,-0.26080385,-0.8242546,-0.29070354,-1.1119807,-0.29296094,-1.2968614,-0.30095866,-1.4661841
p3,B,B,mock,mock,0.0,0.0,0.22902052,-0.24834925,0.3392459,-0.6323149,0.11205304,-0.9389437,-0.14660747,-1.0652565,0.27575737,-0.96323866,0.26550543,-1.3246142,0.22364888,-1.5389738,0.1830369,-1.7294625,0.07147749,-0.9974422,0.045562662,-1.3745252,0.02606055,-1.6153237,-0.00044366336,-1.8270581,-0.10365119,-0.94619834,-0.14061563,-1.2969508,-0.13939832,-1.5078118,-0.15792203,-1.7015388,-0.273054,-0.8284961,-0.29980543,-1.109313,-0.30187428,-1.293612,-0.31301537,-1.4650425
p3,B,B,mock,mock,0.0,0.0,0.22734724,-0.23425813,0.32470962,-0.614958,0.102181636,-0.92368555,-0.15176298,-1.0552949,0.2951533,-0.9569022,0.2783296,-1.3364707,0.23577505,-1.5670528,0.19610263,-1.7650017,0.08919192,-0.9960145,0.064532034,-1.3914554,0.049191047,-1.6441659,0.028092697,-1.8572139,-0.09116641,-0.94685835,-0.13005437,-1.30988,-0.1232788,-1.5249923,-0.13259463,-1.7188395,-0.2634962,-0.8295054,-0.29613608,-1.1154505,-0.29835254,-1.2996417,-0.30310312,-1.4688368
p3,B,B,mock,mock,0.0,0.0,0.24569696,-0.22837019,0.35254312,-0.60821134,0.122560255,-0.9231542,-0.13410868,-1.0595244,0.32092273,-0.95178926,0.30633003,-1.3453034,0.26401,-1.5866455,0.2229117,-1.7918922,0.10939456,-0.9939984,0.08701665,-1.4053308,0.06990687,-1.6691954,0.04687841,-1.8874297,-0.075669155,-0.9466201,-0.118955575,-1.3233049,-0.118043,-1.5498053,-0.13020073,-1.7474865,-0.2544238,-0.8298952,-0.28862515,-1.1251254,-0.2892194,-1.3143498,-0.29117998,-1.4851936
p3,B,B,mock,mock,0.0,0.0,0.2498725,-0.23508216,0.35837582,-0.6279539,0.13348798,-0.9364591,-0.1212286,-1.0597361,0.31299996,-0.96018565,0.29221073,-1.3540205,0.24711697,-1.5916147,0.2042332,-1.7926729,0.10471444,-0.9945023,0.0677858,-1.4106147,0.041600093,-1.6762884,0.011566043,-1.8957781,-0.07741327,-0.94448453,-0.12603515,-1.3275217,-0.1291348,-1.5524524,-0.14526108,-1.7463728,-0.25400817,-0.8310062,-0.2934375,-1.1280975,-0.29902792,-1.3218561,-0.30727383,-1.4967626
p3,B,B,mock,mock,0.0,0.0,0.34214902,-0.11464527,0.4751597,-0.47285834,0.21686898,-0.81120765,-0.069374874,-1.0089585,0.43352416,-0.9255782,0.4382457,-1.4476697,0.3974699,-1.766591,0.34970975,-2.033363,0.14563745,-0.98933804,0.13183919,-1.5710412,0.109913714,-1.9266818,0.08327601,-2.208271,-0.0989085,-0.93913,-0.14293529,-1.467501,-0.15350696,-1.7830588,-0.17112693,-2.0450318,-0.3392713,-0.80594504,-0.40033692,-1.2007226,-0.40204442,-1.444068,-0.40152845,-1.665574
p3,B,B,mock,mock,0.0,0.0,0.3115273,-0.11740294,0.4448136,-0.46331346,0.21511073,-0.80238235,-0.059914593,-1.0089173,0.43820867,-0.92251736,0.4423462,-1.4151598,0.4005523,-1.7351238,0.34501263,-2.0054843,0.16037574,-0.987056,0.14956324,-1.5318584,0.13182579,-1.8828626,0.10499773,-2.1665192,-0.08939719,-0.9331479,-0.121759616,-1.4428278,-0.12647651,-1.7617503,-0.14463823,-2.0296884,-0.33526102,-0.79131377,-0.3804442,-1.1869993,-0.37779853,-1.4337829,-0.37122345,-1.6540753
p3,B,B,mock,mock,0.0,0.0,0.35430568,-0.05289817,0.51022583,-0.35011354,0.30558854,-0.68779325,0.016063437,-0.97679204,0.5619136,-0.8937499,0.5819868,-1.4715761,0.5464362,-1.8244671,0.50663626,-2.1222346,0.24178131,-0.9703308,0.24884759,-1.6020489,0.22648843,-1.9905121,0.21038099,-2.3126168,-0.05331215,-0.93485934,-0.082825765,-1.5133144,-0.08951192,-1.8511274,-0.09465862,-2.1340172,-0.33205658,-0.8194489,-0.35888022,-1.2355126,-0.34591633,-1.4885395,-0.3363593,-1.7199885
p3,B,B,mock,mock,0.0,0.0,0.29917333,-0.14231503,0.44711083,-0.51543814,0.22769772,-0.8795102,-0.046807315,-1.0482932,0.43105492,-0.91425467,0.43483683,-1.3634299,0.40578535,-1.6321689,0.37267816,-1.8620493,0.18489742,-0.9827578,0.18290932,-1.4666231,0.17854117,-1.7637606,0.16689116,-1.9997829,-0.025699623,-0.9402012,-0.041585177,-1.3870848,-0.037157148,-1.64391,-0.04221504,-1.8604988,-0.23866545,-0.8179213,-0.2607823,-1.1586468,-0.25942907,-1.3704133,-0.2542005,-1.5558382
p3,B,B,mock,mock,0.0,0.0,0.2929286,-0.13916185,0.43520907,-0.51073617,0.21500957,-0.87016803,-0.051886983,-1.0414623,0.41322264,-0.91839695,0.41405818,-1.3686886,0.38692707,-1.6337425,0.35458997,-1.8612275,0.17293511,-0.9849332,0.17000502,-1.4666783,0.16884197,-1.7577184,0.15750271,-1.991707,-0.031513948,-0.9413424,-0.055364236,-1.3817271,-0.054118067,-1.6364608,-0.06548176,-1.8550427,-0.24185765,-0.8155237,-0.26827803,-1.1549851,-0.26432633,-1.36475,-0.25961807,-1.5532836
p3,B,B,mock,mock,0.0,0.0,0.23806688,-0.2169601,0.3377884,-0.5812106,0.10718843,-0.90272325,-0.13990556,-1.0593048,0.31692004,-0.9429558,0.3113363,-1.3407758,0.2780535,-1.583323,0.24521849,-1.7960467,0.110881634,-0.9938336,0.0910434,-1.40842,0.074213624,-1.671943,0.05643197,-1.8978893,-0.06958383,-0.9541812,-0.10268451,-1.3336592,-0.092775226,-1.5593913,-0.09777864,-1.7577908,-0.24298249,-0.84476435,-0.26447904,-1.143027,-0.25954756,-1.3303779,-0.2584558,-1.4979992
p3,B,B,mock,mock,0.0,0.0,0.2401963,-0.20710541,0.34244606,-0.57335055,0.10120272,-0.8990696,-0.16490695,-1.0431066,0.32701436,-0.93728983,0.32209587,-1.3476499,0.2899019,-1.594801,0.2598994,-1.8058623,0.11897244,-0.99289757,0.10315353,-1.4146879,0.09006791,-1.678272,0.07587843,-1.8978238,-0.061882455,-0.95669085,-0.093328044,-1.3374155,-0.08803655,-1.5568177,-0.09856162,-1.7471863,-0.23499152,-0.84753114,-0.25749522,-1.1437155,-0.2509974,-1.327777,-0.2518318,-1.4911785
p3,B,B,mock,mock,0.0,0.0,0.22482121,-0.21989605,0.30578813,-0.588267,0.064271234,-0.9018489,-0.18834366,-1.0407914,0.30541924,-0.94355726,0.29750392,-1.3439858,0.25946322,-1.5785989,0.22737174,-1.7803203,0.09809475,-0.9951771,0.078194365,-1.4015614,0.061362006,-1.6530112,0.046634097,-1.8691235,-0.08097951,-0.95707035,-0.11398267,-1.3236123,-0.1118095,-1.5317193,-0.12487585,-1.7162937,-0.24514362,-0.8453628,-0.27317858,-1.137965,-0.26859644,-1.3123277,-0.26878145,-1.4665185
p3,B,B,mock,mock,0.0,0.0,0.21895626,-0.22216098,0.29738796,-0.59183824,0.06541725,-0.9073646,-0.18005227,-1.0535691,0.30912048,-0.94266355,0.30233297,-1.3385539,0.26207203,-1.5694947,0.2302973,-1.7682277,0.10538409,-0.9944316,0.0924406,-1.4011371,0.07528314,-1.648825,0.059259556,-1.8596156,-0.073480815,-0.9576383,-0.10308183,-1.3211167,-0.10076347,-1.5232768,-0.11579429,-1.7026875,-0.23588125,-0.84623295,-0.25769642,-1.1321063,-0.25362146,-1.3034302,-0.257521,-1.4578465
p3,B,B,mock,mock,0.0,0.0,0.23640539,-0.24679804,0.31918988,-0.65751386,0.08314483,-0.9660123,-0.17152083,-1.0809163,0.20105441,-0.97582537,0.16870534,-1.3470498,0.11606426,-1.5618092,0.061052624,-1.7523183,0.005528812,-0.99998474,-0.045561563,-1.3847905,-0.08231659,-1.6242048,-0.1352269,-1.8252282,-0.15485507,-0.9432339,-0.21354188,-1.3037237,-0.22907071,-1.5183171,-0.27466494,-1.7015262,-0.30200663,-0.8247809,-0.3396985,-1.1128422,-0.3557637,-1.3044307,-0.38586214,-1.4787498
p2,B,B,mock,mock,0.0,0.0,0.27732718,-0.24915776,0.37817463,-0.63899916,0.1693987,-0.94660515,-0.10277128,-1.0111547,0.32734236,-0.9549671,0.33416474,-1.3487403,0.30277497,-1.5746847,0.2746577,-1.7676635,0.11685921,-0.9931485,0.110070914,-1.397938,0.09746265,-1.655181,0.078291275,-1.8571153,-0.0729111,-0.95002973,-0.10062586,-1.3259689,-0.092372194,-1.5489218,-0.10181813,-1.7284864,-0.25321212,-0.8400798,-0.28638577,-1.1206379,-0.28255993,-1.311029,-0.27503666,-1.4795365
p2,B,B,mock,mock,0.0,0.0,0.25682932,-0.26193252,0.34720415,-0.6404032,0.13507934,-0.92426634,-0.124148816,-0.9969946,0.2877025,-0.96982783,0.27992114,-1.3540398,0.23987599,-1.5743741,0.20611511,-1.7646832,0.081061326,-0.9967091,0.061325394,-1.3904021,0.035775356,-1.641954,0.008792297,-1.8464601,-0.104430944,-0.9453918,-0.1429641,-1.3100343,-0.14593942,-1.5283282,-0.16313311,-1.7099645,-0.2761676,-0.82846,-0.31737378,-1.0979133,-0.32135323,-1.2839278,-0.32209435,-1.4525924
p2,B,B,mock,mock,0.0,0.0,0.24953586,-0.24950512,0.30582923,-0.6675929,0.06661796,-0.97395945,-0.2098185,-1.0422082,0.25927556,-0.98142743,0.226341,-1.3965973,0.17397621,-1.6180034,0.13471799,-1.8077989,0.033917,-0.99942464,-0.01755349,-1.4290142,-0.051162075,-1.6856971,-0.08012506,-1.8738871,-0.16120362,-0.9356185,-0.22076996,-1.3211055,-0.23523165,-1.5440458,-0.24936096,-1.7277468,-0.33609802,-0.82206637,-0.3963322,-1.1072913,-0.41371995,-1.2886994,-0.4083243,-1.4584243
p2,B,B,mock,mock,0.0,0.0,0.2637095,-0.26641577,0.340475,-0.65870655,0.13146949,-0.9470421,-0.13302921,-0.9953881,0.26034048,-0.96866536,0.2589986,-1.3498601,0.21847425,-1.5628948,0.17973644,-1.7442307,0.056205224,-0.9984192,0.03191591,-1.3993732,0.0060664043,-1.6473019,-0.028789693,-1.8457358,-0.12422183,-0.9484906,-0.1667417,-1.3179202,-0.17040165,-1.5374902,-0.1967328,-1.713042,-0.29223165,-0.8354428,-0.33777502,-1.1149585,-0.3475883,-1.3038582,-0.35279047,-1.4728059
p2,B,B,mock,mock,0.0,0.0,0.26441327,-0.26441127,0.34765995,-0.6595632,0.15237804,-0.95949346,-0.112914555,-1.0059077,0.25245664,-0.97467744,0.23849952,-1.3590453,0.1878016,-1.5711125,0.1388616,-1.7479917,0.049442068,-0.998777,0.015587483,-1.4012048,-0.014966606,-1.6503034,-0.05525549,-1.854355,-0.12798475,-0.94492286,-0.18356492,-1.3143785,-0.18884677,-1.5397164,-0.21738365,-1.7240674,-0.29296204,-0.8290655,-0.3418682,-1.1091725,-0.3510858,-1.2991112,-0.35797182,-1.4720119
p2,B,B,mock,mock,0.0,0.0,0.26856133,-0.25689232,0.36169297,-0.650405,0.13906355,-0.9573626,-0.13906546,-1.0384746,0.33414078,-0.9629849,0.3482658,-1.3669065,0.32410753,-1.5985204,0.30474365,-1.7974844,0.1172915,-0.99309754,0.11221054,-1.4106691,0.1029305,-1.6701291,0.08752035,-1.8735902,-0.081720926,-0.94341826,-0.115994915,-1.3242408,-0.1181713,-1.5535151,-0.13939138,-1.7396109,-0.2616767,-0.8351021,-0.29631248,-1.1154975,-0.3020088,-1.3078225,-0.30957794,-1.4794873
p2,B,B,mock,mock,0.0,0.0,0.26353303,-0.26055557,0.35406825,-0.65214,0.11779581,-0.95257044,-0.16163582,-1.0385344,0.3423016,-0.9639295,0.35369164,-1.372821,0.32878965,-1.606926,0.30946198,-1.807576,0.122936435,-0.99241453,0.11815742,-1.4108884,0.10579607,-1.67245,0.09104132,-1.8786696,-0.0794433,-0.9428526,-0.10860252,-1.3258302,-0.112461835,-1.5565685,-0.13323803,-1.7451104,-0.26442286,-0.8345928,-0.2964337,-1.1187186,-0.3004815,-1.3117421,-0.3051535,-1.484566
p2,B,B,mock,mock,0.0,0.0,0.2686756,-0.25737116,0.3421412,-0.664052,0.102972515,-0.968034,-0.1807475,-1.01787,0.2819115,-0.97260785,0.29531673,-1.3539947,0.26673964,-1.5757118,0.23942961,-1.7699347,0.06933483,-0.99759346,0.06285669,-1.3989261,0.045125656,-1.6512625,0.017965717,-1.859357,-0.118052036,-0.9452201,-0.15612306,-1.3131503,-0.16280547,-1.5406818,-0.19795083,-1.7256559,-0.28740057,-0.83297646,-0.32299304,-1.1132528,-0.33469453,-1.3121208,-0.35762778,-1.4892455
p2,B,B,mock,mock,0.0,0.0,0.27112767,-0.26102462,0.34509653,-0.6829039,0.11576694,-0.99430555,-0.17886494,-1.0444144,0.2734174,-0.97048706,0.27060494,-1.3692918,0.23810844,-1.5942925,0.20574316,-1.7862346,0.06080164,-0.9981499,0.04090127,-1.4095824,0.018064776,-1.6677989,-0.021329978,-1.8731455,-0.12680961,-0.944518,-0.17532842,-1.3286759,-0.18954358,-1.5580779,-0.2332918,-1.7445858,-0.2978699,-0.82893765,-0.33428523,-1.1148233,-0.34568974,-1.3118663,-0.36977693,-1.4866606
p2,B,B,mock,mock,0.0,0.0,0.26298428,-0.25801325,0.3536476,-0.6450738,0.13345687,-0.9451379,-0.13752083,-1.0228511,0.3162374,-0.970265,0.32946023,-1.3748566,0.30108935,-1.6072264,0.27620846,-1.8089737,0.10170666,-0.99481446,0.092485264,-1.4121124,0.07294556,-1.6760579,0.04978372,-1.8888737,-0.09322338,-0.9424525,-0.13388315,-1.3205917,-0.14504667,-1.557903,-0.17500825,-1.7521935,-0.26796427,-0.83159024,-0.30659488,-1.1092426,-0.31994095,-1.3055373,-0.33842793,-1.4828107
p2,B,B,mock,mock,0.0,0.0,0.27711287,-0.2241343,0.3936244,-0.6378182,0.1964356,-0.94810206,-0.075766146,-0.9931423,0.31982404,-0.9662861,0.30994433,-1.3488975,0.27539644,-1.5664116,0.2434039,-1.7514061,0.11096674,-0.9938241,0.086681366,-1.3999325,0.06556862,-1.6517123,0.041862737,-1.8540143,-0.069398746,-0.9414294,-0.10856369,-1.3007585,-0.109808505,-1.5296805,-0.12574232,-1.7132792,-0.24870951,-0.83434165,-0.28166607,-1.1067303,-0.2863304,-1.2946417,-0.29427624,-1.4600604
p2,B,B,mock,mock,0.0,0.0,0.27198762,-0.25946,0.3728241,-0.6538396,0.13769443,-0.96275467,-0.13455476,-1.0156599,0.33083114,-0.964475,0.31908682,-1.3597052,0.28322998,-1.5922287,0.25370696,-1.7895316,0.11507242,-0.9933571,0.08472891,-1.4009794,0.0671594,-1.6592194,0.049060415,-1.8614143,-0.07388524,-0.9443988,-0.11454534,-1.3055228,-0.10670404,-1.5188898,-0.11297718,-1.6908511,-0.2563922,-0.8357485,-0.2957313,-1.1153815,-0.29579306,-1.2976422,-0.2926013,-1.4566174
p2,B,B,mock,mock,0.0,0.0,0.2665936,-0.24882245,0.3720324,-0.6446654,0.14208928,-0.960576,-0.1327332,-1.0196906,0.3232837,-0.9674044,0.3126778,-1.3678879,0.2735965,-1.5995995,0.23956841,-1.797501,0.10829236,-0.9941191,0.08242551,-1.4071234,0.058755238,-1.6668215,0.033773664,-1.8745154,-0.079046376,-0.94353735,-0.11831994,-1.3112775,-0.117212914,-1.530438,-0.13249117,-1.7044438,-0.25980958,-0.83236134,-0.30016473,-1.1122677,-0.30310652,-1.2961488,-0.3060996,-1.4530343
p2,B,B,mock,mock,0.0,0.0,0.27397084,-0.24233131,0.38911584,-0.63018,0.20220588,-0.93578345,-0.053184595,-0.99488866,0.28605822,-0.97114486,0.285126,-1.3261288,0.25144476,-1.5346481,0.22258635,-1.7166668,0.07939939,-0.99684286,0.059265144,-1.3768326,0.038809296,-1.6181479,0.011452026,-1.8183577,-0.097572826,-0.94332457,-0.13949981,-1.285304,-0.14234227,-1.5011891,-0.16976278,-1.6729959,-0.26108155,-0.82993615,-0.292934,-1.0965409,-0.29873788,-1.285264,-0.31259426,-1.4518919
p2,B,B,mock,mock,0.0,0.0,0.2767424,-0.2281179,0.3908525,-0.62431437,0.20873536,-0.93059295,-0.04421597,-1.0042033,0.29173988,-0.97023785,0.28790373,-1.3352201,0.25403824,-1.5527645,0.21927659,-1.7456062,0.08554716,-0.99633414,0.0631586,-1.38704,0.0404045,-1.6403606,0.006211978,-1.852689,-0.09381098,-0.9420791,-0.13512398,-1.2947867,-0.1363906,-1.5106812,-0.16328655,-1.6881459,-0.26450688,-0.8314949,-0.2972245,-1.1105664,-0.30380702,-1.3031167,-0.316699,-1.4745011
p2,B,B,mock,mock,0.0,0.0,0.3182617,-0.22839051,0.42576727,-0.65254694,0.24692652,-0.98985493,-0.05090471,-1.0309776,0.3400575,-0.9404713,0.36350897,-1.3333317,0.34905222,-1.5623131,0.33025086,-1.7548071,0.12841453,-0.99172056,0.13023463,-1.4061239,0.13650115,-1.6645604,0.11839934,-1.863814,-0.061743096,-0.9569382,-0.09527063,-1.3401785,-0.08155323,-1.5650132,-0.10040112,-1.7417711,-0.24771914,-0.854099,-0.274596,-1.1408815,-0.26191786,-1.3323858,-0.25685564,-1.4941155
p2,B,B,mock,mock,0.0,0.0,0.30631086,-0.26553136,0.39196378,-0.6683712,0.20810539,-0.9876384,-0.0686193,-1.0144491,0.315905,-0.9452131,0.34091127,-1.3405347,0.32567784,-1.5714663,0.30678257,-1.7683307,0.11138629,-0.99377716,0.11487443,-1.4046713,0.12060239,-1.6623154,0.11174425,-1.8682283,-0.07326144,-0.9578026,-0.10422463,-1.332322,-0.09268186,-1.5591694,-0.10782117,-1.7412826,-0.25701937,-0.8527019,-0.2847274,-1.1396028,-0.27738687,-1.332157,-0.27269349,-1.4925979
p2,B,B,mock,mock,0.0,0.0,0.30958238,-0.22652465,0.41864073,-0.62747,0.23194844,-0.9484307,-0.038951397,-1.0119694,0.36521095,-0.93859386,0.39515427,-1.3393562,0.38021287,-1.5742335,0.36565432,-1.7779113,0.15651996,-0.9876748,0.16587079,-1.4085203,0.16907907,-1.6689198,0.16260123,-1.8751818,-0.037337616,-0.9513667,-0.051842146,-1.3382095,-0.038970586,-1.5638629,-0.048866145,-1.7410479,-0.2236342,-0.85260624,-0.25334358,-1.1429183,-0.24463832,-1.3330073,-0.23595844,-1.493306
p2,B,B,mock,mock,0.0,0.0,0.3036817,-0.2382151,0.40719184,-0.62836134,0.22519204,-0.9512814,-0.034405172,-0.99799716,0.3658971,-0.93622494,0.39793742,-1.3365179,0.3843461,-1.571653,0.3706712,-1.774171,0.15969874,-0.9871658,0.17075007,-1.4019016,0.17557949,-1.663251,0.17557797,-1.8760753,-0.031190787,-0.95207417,-0.046404812,-1.3302411,-0.033817567,-1.5545429,-0.04201864,-1.7368234,-0.21616782,-0.848503,-0.24218206,-1.1383882,-0.23257615,-1.3287492,-0.22549072,-1.4883599
p2,B,B,mock,mock,0.0,0.0,0.29773486,-0.22622909,0.41948348,-0.611036,0.23561735,-0.9311542,-0.021552896,-0.9955635,0.37529054,-0.9356742,0.4065765,-1.3333156,0.39362672,-1.5681083,0.38215515,-1.7709523,0.16877599,-0.9856544,0.17949204,-1.3943558,0.18364744,-1.6540859,0.18319303,-1.8672701,-0.023357539,-0.948817,-0.0369374,-1.3227834,-0.025895614,-1.5469964,-0.0352456,-1.7301785,-0.21014981,-0.84512603,-0.23594366,-1.1309249,-0.22638191,-1.3212434,-0.21839969,-1.4837546
p2,B,B,mock,mock,0.0,0.0,0.30021352,-0.24671972,0.41129097,-0.6599243,0.19678217,-0.98216873,-0.1105054,-1.0071368,0.3596653,-0.9583841,0.3628119,-1.3536558,0.32989162,-1.577934,0.30259454,-1.7719296,0.14565001,-0.9893362,0.13259113,-1.3964062,0.12294058,-1.6442041,0.10305196,-1.8401209,-0.047218896,-0.944994,-0.08367166,-1.3207028,-0.07558361,-1.5380132,-0.09446893,-1.7137122,-0.23225158,-0.843616,-0.25970125,-1.132207,-0.2544856,-1.3258708,-0.25438344,-1.4965218
p2,B,B,mock,mock,0.0,0.0,0.3116427,-0.24242772,0.42893243,-0.65682906,0.2191204,-0.9922013,-0.08330555,-1.0269421,0.37889203,-0.9511485,0.38428614,-1.3556514,0.3537886,-1.5852625,0.32893798,-1.7800026,0.16273896,-0.9866692,0.15284686,-1.4008855,0.14818858,-1.6528986,0.13204892,-1.8531408,-0.031433273,-0.9440837,-0.063127734,-1.3279161,-0.050630085,-1.5471848,-0.06669038,-1.7282351,-0.22070195,-0.84162277,-0.25024405,-1.1341512,-0.24167311,-1.3267995,-0.23861031,-1.4986912
p2,B,B,mock,mock,0.0,0.0,0.29179937,-0.24736431,0.41797164,-0.6426277,0.20141609,-0.97599167,-0.08412171,-1.048692,0.38808846,-0.9432431,0.40464753,-1.3568224,0.38087064,-1.592564,0.36307406,-1.7943727,0.17110366,-0.98525304,0.17233142,-1.4086388,0.16939048,-1.6617472,0.1629682,-1.8595914,-0.024884278,-0.95160156,-0.047618113,-1.3385701,-0.030623954,-1.5604005,-0.034244966,-1.7353619,-0.21118265,-0.85844505,-0.23773566,-1.1496729,-0.22681883,-1.3435788,-0.21877149,-1.5119945
p2,B,B,mock,mock,0.0,0.0,0.30775675,-0.25755772,0.43423304,-0.6568653,0.2701294,-0.9922599,0.0011062683,-1.0694702,0.34939075,-0.94991684,0.36900598,-1.3346202,0.34278646,-1.5530791,0.31431562,-1.7349557,0.14501186,-0.9894299,0.14922373,-1.3879491,0.13741386,-1.6344993,0.10916498,-1.8334025,-0.039417956,-0.9489031,-0.06274713,-1.3248119,-0.06092524,-1.5493134,-0.08989664,-1.7331126,-0.22484773,-0.8442447,-0.23552522,-1.1341785,-0.2295967,-1.3329638,-0.23814224,-1.5079442
p2,B,B,mock,mock,0.0,0.0,0.30355576,-0.22731203,0.4177601,-0.63806146,0.21735215,-0.96698904,-0.069090724,-1.0145724,0.35232472,-0.95707935,0.352188,-1.3567319,0.3211566,-1.5916591,0.28964025,-1.7917267,0.13890833,-0.99030524,0.12478824,-1.4008483,0.11722558,-1.6559377,0.09592898,-1.8577999,-0.053404655,-0.94297636,-0.09565594,-1.3208971,-0.083526544,-1.5430461,-0.09897321,-1.7253674,-0.24298757,-0.83418787,-0.27767068,-1.118365,-0.27626768,-1.3134744,-0.28330195,-1.4859687
p3,B,B,mock,mock,0.0,0.0,0.35415572,-0.17857677,0.52069664,-0.5979454,0.3355836,-0.97331434,0.047936067,-1.0624263,0.44134834,-0.91074234,0.46407622,-1.2855884,0.4424298,-1.5169426,0.41750267,-1.7164973,0.23133902,-0.9728732,0.25229576,-1.3882633,0.2606387,-1.6500823,0.25468937,-1.8623463,0.03291775,-0.9557502,0.032529753,-1.3651526,0.059707627,-1.613559,0.06446848,-1.824816,-0.17763759,-0.88054997,-0.1729493,-1.2177976,-0.15454037,-1.4271814,-0.14217213,-1.6198964
p3,B,B,mock,mock,0.0,0.0,0.33505866,-0.18166275,0.48457018,-0.60750675,0.28528154,-0.9599032,0.0015192087,-1.0267578,0.37393326,-0.9376778,0.37671754,-1.2988861,0.34716088,-1.5248294,0.31717724,-1.7231026,0.16677181,-0.98599553,0.1635967,-1.3902657,0.16049965,-1.652775,0.14942473,-1.8755058,-0.021548124,-0.9545197,-0.031593405,-1.3511037,-0.013301061,-1.5972128,-0.018434858,-1.8070582,-0.21573229,-0.8658112,-0.22620995,-1.1870815,-0.21183005,-1.3980465,-0.20317127,-1.5918703
p3,B,B,mock,mock,0.0,0.0,0.31896272,-0.22711612,0.41236112,-0.66881335,0.18883182,-0.9991633,-0.08113852,-1.0357217,0.24791639,-0.9692576,0.2171227,-1.3211294,0.17097422,-1.5424412,0.12891838,-1.7370913,0.047364935,-0.99887764,0.010574932,-1.4025215,-0.016418617,-1.6754595,-0.046160348,-1.9016185,-0.12959827,-0.95010245,-0.17537439,-1.3579283,-0.18416362,-1.6163408,-0.21229376,-1.8339001,-0.30215362,-0.841069,-0.33103472,-1.1718289,-0.33647794,-1.395596,-0.35113963,-1.5990757
p3,B,B,mock,mock,0.0,0.0,0.29452786,-0.19065803,0.41218573,-0.62302375,0.20337823,-0.9470349,-0.058736976,-0.96605575,0.2594165,-0.97098976,0.23765291,-1.3169031,0.20106812,-1.5478325,0.16101901,-1.7502552,0.06072271,-0.9981547,0.035488255,-1.3933227,0.016195746,-1.6733775,-0.009454952,-1.9199226,-0.11192138,-0.9373254,-0.15222283,-1.3367462,-0.1619242,-1.6011993,-0.1902315,-1.8297123,-0.2795916,-0.8156338,-0.30571467,-1.1289084,-0.31085053,-1.3490356,-0.32531115,-1.5543685
p3,B,B,mock,mock,0.0,0.0,0.3222147,-0.21824437,0.43494073,-0.663721,0.22384098,-1.0037842,-0.05542003,-1.0553211,0.2924565,-0.9600291,0.27255282,-1.3114216,0.23697075,-1.5393292,0.19965787,-1.7384495,0.08954196,-0.99598306,0.05850968,-1.3951038,0.037479408,-1.6652949,0.010311765,-1.891952,-0.092931375,-0.9512384,-0.12938775,-1.3510922,-0.13213493,-1.6081408,-0.15626073,-1.826263,-0.27398327,-0.84765,-0.29935575,-1.1683342,-0.30287153,-1.3883933,-0.3149385,-1.5895332
p4,B,B,mock,mock,0.0,0.0,0.30420065,-0.18382546,0.4605316,-0.5134512,0.27095327,-0.85017097,0.04888302,-0.9913522,0.35648412,-0.92700446,0.37980676,-1.2801846,0.34904218,-1.4831222,0.31554475,-1.6576799,0.14911385,-0.98882,0.16344519,-1.3658619,0.15159275,-1.605463,0.12814398,-1.8070387,-0.028945835,-0.9622716,-0.03760343,-1.3107456,-0.028772304,-1.5152848,-0.04484558,-1.6887366,-0.20820324,-0.86409795,-0.22061358,-1.1416879,-0.21361329,-1.3128151,-0.20954075,-1.4705161
p4,B,B,mock,mock,0.0,0.0,0.28538954,-0.20901075,0.41257972,-0.5544095,0.19128336,-0.87238324,-0.055320907,-0.9823143,0.27351284,-0.95203936,0.262212,-1.2950172,0.21094245,-1.4825567,0.16079514,-1.6436253,0.0626526,-0.9980354,0.036942646,-1.358175,0.0026648764,-1.5843638,-0.03777956,-1.7794375,-0.11153884,-0.95682645,-0.15807877,-1.2913464,-0.16593434,-1.4906751,-0.1935235,-1.6616118,-0.2788327,-0.84147084,-0.3200649,-1.109877,-0.3274996,-1.2754294,-0.33444187,-1.4273471
p4,B,B,mock,mock,0.0,0.0,0.3043804,-0.17646205,0.4706556,-0.49692538,0.28190485,-0.8359598,0.054808203,-0.9796943,0.37250966,-0.9158232,0.4141405,-1.2653648,0.3920793,-1.4654489,0.36540377,-1.6388916,0.16798261,-0.98578995,0.19785546,-1.3594835,0.19343126,-1.5988413,0.17456554,-1.8026087,-0.009923622,-0.964715,-0.006692518,-1.3092574,0.010665124,-1.5139632,0.0017391497,-1.6888802,-0.18963823,-0.8706457,-0.19242214,-1.1435416,-0.17763186,-1.3124672,-0.16606963,-1.4676499
p4,B,B,mock,mock,0.0,0.0,0.29138365,-0.20056559,0.45226234,-0.521163,0.2809317,-0.83807397,0.07795507,-0.9643996,0.29735085,-0.94583493,0.31409052,-1.2789696,0.28222597,-1.4654472,0.2448305,-1.6341959,0.1106938,-0.9938546,0.1253936,-1.3584476,0.11098575,-1.5951878,0.08005747,-1.8054916,-0.045041002,-0.95889634,-0.043732215,-1.3027704,-0.040573772,-1.5160583,-0.064002,-1.7023674,-0.20409214,-0.85380614,-0.2089415,-1.133954,-0.20347947,-1.3130654,-0.20755897,-1.4826411
p4,B,B,mock,mock,0.0,0.0,0.2890271,-0.1825562,0.44116136,-0.50356156,0.24628235,-0.8360324,0.0154124815,-0.97663265,0.35723984,-0.9244395,0.38990113,-1.2797586,0.3608291,-1.4788482,0.32797948,-1.6496416,0.14873941,-0.9888764,0.16327593,-1.3633076,0.15085205,-1.6010488,0.1324705,-1.8063978,-0.031158954,-0.96233416,-0.045144007,-1.3026551,-0.03494225,-1.5070684,-0.045208205,-1.6826981,-0.2088341,-0.8623267,-0.22291578,-1.1314712,-0.21309413,-1.3008566,-0.20172073,-1.4581454
p2,B,B,mock,mock,0.0,0.0,0.27914366,-0.16824572,0.4338275,-0.51405644,0.2372568,-0.8447975,-0.009240986,-0.95243955,0.3134356,-0.9573635,0.30426034,-1.321674,0.2675592,-1.527504,0.23646125,-1.7028245,0.09902195,-0.99508524,0.09198309,-1.3731885,0.08178718,-1.5997268,0.06220921,-1.7892807,-0.07734586,-0.94910663,-0.10068185,-1.2838829,-0.09309541,-1.4804249,-0.11514243,-1.6484251,-0.24388982,-0.83936477,-0.2534199,-1.1157838,-0.24901274,-1.2897822,-0.25692704,-1.4549396
p2,B,B,mock,mock,0.0,0.0,0.28819972,-0.18481055,0.4594516,-0.5343507,0.26987442,-0.8564504,0.032525796,-0.9735172,0.2722506,-0.97281337,0.22568081,-1.3276217,0.16632356,-1.5265936,0.115201205,-1.6971396,0.06586329,-0.99782866,0.026171515,-1.3815746,-0.0113314465,-1.6194558,-0.057699963,-1.8219547,-0.10151004,-0.943787,-0.15446341,-1.2937315,-0.17732295,-1.502164,-0.22444735,-1.68064,-0.26408857,-0.8276497,-0.29413655,-1.1185313,-0.30469698,-1.3003871,-0.324538,-1.4756025
p2,B,B,mock,mock,0.0,0.0,0.26639262,-0.14237908,0.44640222,-0.45914358,0.2802283,-0.79994076,0.048645012,-0.9547991,0.4472747,-0.8852434,0.49305266,-1.2706459,0.49363023,-1.5056416,0.4931564,-1.7067652,0.2452896,-0.9694499,0.29630375,-1.3681171,0.32001838,-1.6152023,0.3362813,-1.8213973,0.06380068,-0.96354175,0.10228554,-1.3160813,0.15051685,-1.5193735,0.17521556,-1.6951605,-0.12044534,-0.8843797,-0.08085274,-1.1636333,-0.046627104,-1.3318883,-0.022501785,-1.4864
p2,B,B,mock,mock,0.0,0.0,0.2825591,-0.1670905,0.45804864,-0.49635193,0.27719545,-0.81886303,0.048442055,-0.9549668,0.30409473,-0.95590127,0.28327537,-1.3134382,0.24437568,-1.5210922,0.21340056,-1.7030121,0.0913761,-0.99581647,0.08052952,-1.3722721,0.062005628,-1.6008085,0.04121706,-1.7943902,-0.08429047,-0.95550597,-0.10705081,-1.2925457,-0.10646304,-1.4923266,-0.12585898,-1.6643833,-0.2531091,-0.8504369,-0.26704937,-1.1367888,-0.26322883,-1.3087467,-0.2617646,-1.4730836
p2,B,B,mock,mock,0.0,0.0,0.3011259,-0.19053864,0.47146136,-0.5383126,0.29532883,-0.8532841,0.05935673,-0.9692683,0.23347843,-0.981244,0.17872034,-1.3437,0.11362241,-1.5448029,0.058618493,-1.7166893,0.017649017,-0.99984425,-0.039095037,-1.3884504,-0.084378414,-1.6263529,-0.13419807,-1.8250343,-0.15237945,-0.9404586,-0.2184123,-1.2908638,-0.24825898,-1.5006701,-0.29286012,-1.6762534,-0.31521428,-0.81513214,-0.35638583,-1.101101,-0.367923,-1.2805953,-0.38377368,-1.4538883
p2,B,B,mock,mock,0.0,0.0,0.25864872,-0.22578095,0.32244205,-0.6171536,0.032721985,-0.8905419,-0.2573672,-0.8977206,0.29274788,-0.96730435,0.2552856,-1.3409328,0.2037531,-1.5635138,0.15803075,-1.7597771,0.078190476,-0.99693847,0.038358636,-1.391338,0.0067209355,-1.6395876,-0.023718983,-1.8483232,-0.11187544,-0.9555888,-0.15894833,-1.3147255,-0.16422938,-1.5180405,-0.18157886,-1.6966255,-0.29239926,-0.85619104,-0.31684393,-1.1604197,-0.31395063,-1.341376,-0.31551388,-1.5096086
p2,B,B,mock,mock,0.0,0.0,0.277669,-0.14349,0.3531529,-0.49025488,0.03206196,-0.7976574,-0.2347305,-0.8957537,0.3917834,-0.9315956,0.35548207,-1.3764273,0.3104581,-1.6368315,0.26350474,-1.8551507,0.15727602,-0.98755467,0.13192824,-1.4399854,0.10366817,-1.719858,0.07944542,-1.9366137,-0.049725067,-0.9554006,-0.076441,-1.3750645,-0.09001704,-1.6044208,-0.105147764,-1.7991775,-0.25928387,-0.85193574,-0.2640514,-1.1884526,-0.26028955,-1.3732789,-0.25083074,-1.5353696
p2,B,B,mock,mock,0.0,0.0,0.28325927,-0.24764659,0.3236112,-0.6526813,0.007827353,-0.9143175,-0.29799014,-0.88160175,0.18603204,-0.9852107,0.11957729,-1.3433564,0.049015325,-1.5576227,-0.012263759,-1.747367,-0.030826185,-0.9995248,-0.105233066,-1.3869755,-0.15660767,-1.6297863,-0.2093611,-1.8293977,-0.21230362,-0.9447761,-0.2967454,-1.3059179,-0.32567316,-1.5155338,-0.37573907,-1.6870358,-0.38181892,-0.82965404,-0.43324587,-1.1411321,-0.4503234,-1.334003,-0.47542745,-1.5070072
p2,B,B,mock,mock,0.0,0.0,0.2512398,-0.23580945,0.2959075,-0.60732996,0.015377526,-0.8525591,-0.30881694,-0.80603385,0.23884875,-0.98544484,0.18318227,-1.3421693,0.09758617,-1.5232047,0.019048417,-1.6764363,0.022303281,-0.99975127,-0.023748184,-1.3574483,-0.083602056,-1.5590843,-0.15186295,-1.710619,-0.16563626,-0.93777645,-0.22555839,-1.2659063,-0.26102936,-1.4519541,-0.31185052,-1.5986794,-0.33672673,-0.8154247,-0.3816393,-1.0666755,-0.3927541,-1.2221286,-0.40590906,-1.3575777
p2,B,B,mock,mock,0.0,0.0,0.23725009,-0.29009542,0.20752905,-0.67866457,-0.1373593,-0.88626456,-0.42597598,-0.8421139,0.053887207,-1.0022686,-0.06860993,-1.362565,-0.17163643,-1.56373,-0.26270565,-1.7373179,-0.16503105,-0.98628837,-0.29970863,-1.3597461,-0.38791668,-1.5827338,-0.46743408,-1.7604373,-0.33931246,-0.9064785,-0.47767136,-1.2492453,-0.5400282,-1.4457643,-0.61389166,-1.6039734,-0.4889597,-0.7721553,-0.59011275,-1.0632008,-0.6387316,-1.2416936,-0.68740803,-1.4027991
p2,B,B,mock,mock,0.0,0.0,0.32912388,-0.1735255,0.51341647,-0.5107662,0.27800554,-0.86516345,-0.014377234,-0.96165055,0.519626,-0.8612564,0.6363022,-1.2713398,0.6833274,-1.5055505,0.72261924,-1.7239308,0.3081475,-0.9513386,0.43570253,-1.4021003,0.5029458,-1.675361,0.56568205,-1.909908,0.1013543,-0.9500997,0.20387483,-1.3675567,0.29257125,-1.618648,0.361992,-1.8307532,-0.12341536,-0.891956,-0.045282755,-1.2305388,0.02058754,-1.4392217,0.08365122,-1.626633
p3,B,B,mock,mock,0.0,0.0,0.3326035,-0.15934344,0.51049113,-0.5086269,0.29640874,-0.8758459,0.009301256,-0.9805532,0.5146453,-0.8612051,0.6283719,-1.2814039,0.67078835,-1.5309752,0.69610614,-1.7593943,0.30532658,-0.9522477,0.43174896,-1.4097508,0.4967731,-1.6920141,0.54547554,-1.929146,0.09966615,-0.9532042,0.19949372,-1.375105,0.2844286,-1.6258389,0.3424402,-1.8386428,-0.1272027,-0.89677644,-0.047617346,-1.235373,0.020665487,-1.4423386,0.08002632,-1.628899
p2,B,B,mock,mock,0.0,0.0,0.32939264,-0.17479214,0.4998789,-0.5132514,0.26514983,-0.8718137,-0.034643173,-0.9687457,0.50648826,-0.86916584,0.6118772,-1.2914904,0.64831036,-1.5243785,0.67801005,-1.7408859,0.28816754,-0.95758003,0.41140425,-1.4110218,0.47055048,-1.6899052,0.5180227,-1.9157856,0.07537478,-0.9543946,0.17865962,-1.3631932,0.2651408,-1.6074351,0.32465976,-1.809136,-0.14949705,-0.88888276,-0.068070315,-1.2087271,0.00038440592,-1.4116888,0.060509708,-1.5927207
p3,B,B,mock,mock,0.0,0.0,0.35135984,-0.23368351,0.49093458,-0.57748425,0.2870333,-0.9017771,0.016022395,-0.96711934,0.4863202,-0.8741794,0.57284725,-1.255586,0.6121966,-1.4927766,0.6437483,-1.7116212,0.29007965,-0.9570025,0.3877052,-1.3730726,0.45385948,-1.647601,0.51300454,-1.879343,0.09507196,-0.9624673,0.16664402,-1.3474265,0.24314214,-1.5971347,0.29774252,-1.802424,-0.112282015,-0.9112537,-0.044289302,-1.2306519,0.019795302,-1.4347968,0.06949811,-1.6108603
p2,B,B,mock,mock,0.0,0.0,0.3363237,-0.17806466,0.5330503,-0.4615571,0.41002616,-0.7021434,0.14692901,-0.7141875,0.4269434,-0.93322057,0.47704592,-1.2730085,0.48347673,-1.47318,0.47616845,-1.654848,0.22738446,-0.97380507,0.28736985,-1.3594288,0.31330952,-1.5977528,0.31703037,-1.7992882,0.04165499,-0.93794936,0.08596571,-1.2973925,0.13099751,-1.5213125,0.15504399,-1.7017913,-0.16127773,-0.84444505,-0.12685521,-1.1371965,-0.0880703,-1.3169947,-0.05023884,-1.4718202
p2,B,B,mock,mock,0.0,0.0,0.3097126,-0.16203278,0.5427164,-0.45506582,0.46238896,-0.6982832,0.19527498,-0.64130425,0.3798349,-0.95395803,0.39714652,-1.3055695,0.38912547,-1.5137691,0.37360412,-1.7052312,0.17718613,-0.98417735,0.21020079,-1.3758914,0.22499274,-1.6237495,0.21334234,-1.8422439,0.0024817213,-0.9320335,0.02411567,-1.304689,0.055758312,-1.531972,0.06460818,-1.727645,-0.18029302,-0.81983197,-0.16885631,-1.1257329,-0.1428722,-1.3203938,-0.11276181,-1.4973685
p2,B,B,mock,mock,0.0,0.0,0.3480308,-0.15190604,0.589686,-0.44503602,0.52915853,-0.71013165,0.26360938,-0.68185323,0.42863473,-0.9403105,0.4449454,-1.2897581,0.42683852,-1.4842173,0.3913851,-1.6673434,0.22646883,-0.9740184,0.26074398,-1.3708127,0.26674566,-1.6051106,0.24122313,-1.812755,0.05116563,-0.92477846,0.06861068,-1.2964195,0.09111969,-1.5147265,0.08812752,-1.6944243,-0.12911634,-0.81915957,-0.11939409,-1.1196798,-0.09197647,-1.3055878,-0.06675373,-1.4681909
p2,B,B,mock,mock,0.0,0.0,0.32690927,-0.20293155,0.5400951,-0.474306,0.44283545,-0.714982,0.1830623,-0.6689441,0.3807848,-0.95240915,0.39708653,-1.2914221,0.38581485,-1.4915472,0.37047973,-1.6799414,0.17220402,-0.9850613,0.20506379,-1.3693241,0.21984541,-1.6138194,0.21802093,-1.8324941,-0.013115917,-0.93761194,0.0100129405,-1.2949058,0.04351639,-1.5189617,0.058357734,-1.709263,-0.20712973,-0.83112985,-0.18978317,-1.1139419,-0.15787867,-1.298401,-0.12016983,-1.4652445
p2,B,B,mock,mock,0.0,0.0,0.3579337,-0.03196555,0.61774385,-0.2594039,0.5405569,-0.5436925,0.29009643,-0.65220636,0.5327783,-0.8754215,0.5867197,-1.2184669,0.5660098,-1.4231913,0.52289855,-1.613021,0.3241347,-0.94601095,0.38791057,-1.3383219,0.39940095,-1.5753593,0.38980725,-1.773469,0.12865877,-0.9181154,0.16090474,-1.28274,0.18061039,-1.5109174,0.18721119,-1.7023582,-0.0756338,-0.82009286,-0.065755546,-1.09757,-0.04719644,-1.267565,-0.01823287,-1.4273338
p2,B,B,mock,mock,0.0,0.0,0.35027558,-0.02840358,0.6511162,-0.27141127,0.62064195,-0.5700508,0.39180452,-0.6083205,0.6136643,-0.83800125,0.6733074,-1.1646786,0.673357,-1.3713007,0.65682745,-1.5639844,0.41205806,-0.9111576,0.47856092,-1.3077393,0.5002094,-1.5466038,0.49481577,-1.7609911,0.2216476,-0.8815552,0.26462004,-1.2537582,0.29473943,-1.4773345,0.3018781,-1.6762366,0.019990696,-0.78349596,0.0449248,-1.0739081,0.0647089,-1.2452364,0.08236787,-1.4090239
p2,B,B,mock,mock,0.0,0.0,0.33901173,-0.16251816,0.48796535,-0.48374283,0.18416294,-0.7308297,-0.176405,-0.7663182,0.33706135,-0.93879896,0.34340417,-1.3675553,0.30912438,-1.6227121,0.27895615,-1.8502101,0.07870413,-0.996898,0.070907615,-1.5116012,0.038966656,-1.8334836,0.0105958935,-2.1031353,-0.14153032,-0.9434576,-0.18721576,-1.4210732,-0.22156394,-1.7169317,-0.24615064,-1.9704074,-0.35795096,-0.8105316,-0.41127217,-1.173194,-0.43890664,-1.3985909,-0.4610293,-1.6077298
p2,B,B,mock,mock,0.0,0.0,0.3317077,-0.1596257,0.4885901,-0.46876365,0.18305466,-0.715801,-0.15128063,-0.770541,0.33094633,-0.9344267,0.3288325,-1.3816875,0.29796702,-1.6497802,0.26879317,-1.8870299,0.06778267,-0.9977001,0.046528462,-1.5249211,0.015266465,-1.8549277,-0.013518254,-2.1321821,-0.15388608,-0.9530688,-0.2148213,-1.4463103,-0.24425502,-1.74578,-0.26558334,-2.0013506,-0.3681223,-0.8305301,-0.45639464,-1.2033535,-0.49919385,-1.4311397,-0.5333803,-1.6379449
p2,B,B,mock,mock,0.0,0.0,0.47179973,-0.08105698,0.6540916,-0.29181543,0.22016752,-0.44743517,-0.25159827,-0.48290813,0.40824738,-0.9582001,0.37189916,-1.4832556,0.29229873,-1.8234003,0.23228323,-2.1438906,0.028423043,-0.999596,-0.040973507,-1.7373235,-0.11637384,-2.2156503,-0.15655048,-2.639469,-0.29120284,-0.90464026,-0.402198,-1.56114,-0.4822846,-1.998241,-0.5172315,-2.4235656,-0.5886353,-0.7079936,-0.7673893,-1.1382294,-0.85963297,-1.4490019,-0.92243195,-1.7802503
p2,B,B,mock,mock,0.0,0.0,0.4016145,-0.10551575,0.5355247,-0.36193496,0.15282306,-0.5794746,-0.25074357,-0.6262191,0.38495958,-0.94573957,0.38139158,-1.4205456,0.3405938,-1.7190698,0.30980867,-1.9976561,0.07931599,-0.99684954,0.04661433,-1.6148634,-0.0031434444,-1.9935343,-0.028061561,-2.321478,-0.18149745,-0.9190326,-0.25985286,-1.4805769,-0.31805152,-1.8353573,-0.34089473,-2.1637964,-0.42746478,-0.7571034,-0.5332441,-1.1535867,-0.5881299,-1.412298,-0.61699426,-1.6766919
p3,C,C,mock,mock,0.0,0.0,0.3989414,0.0071209962,0.76168704,-0.1473147,1.0403491,-0.20676926,1.3179713,-0.26187494,0.6085435,-0.8020969,0.85531694,-1.1907817,1.1359444,-1.1909573,1.3470346,-1.0889636,0.51213056,-0.85890764,0.8238672,-1.3132207,1.161435,-1.266521,1.3559573,-1.0809492,0.4231783,-0.8518665,0.7402482,-1.2764461,1.084367,-1.2387905,1.3042722,-1.0888741,0.34677345,-0.76617885,0.6238552,-1.0913863,0.8980955,-1.128916,1.0981073,-1.0651895
p4,C,C,mock,mock,0.0,0.0,0.4206852,0.16282563,0.8687042,0.18319684,1.2830802,0.17768943,1.582967,0.02473179,0.69919425,-0.71042526,1.0172741,-1.1243261,1.2699556,-1.0437495,1.4428242,-0.8574048,0.54315865,-0.83963007,0.88179535,-1.3240291,1.2093345,-1.2142897,1.4150845,-0.95427305,0.3794387,-0.88845843,0.6941807,-1.3415184,1.0581169,-1.2837362,1.3266338,-1.0926604,0.22051747,-0.8591276,0.5232015,-1.1696198,0.8601294,-1.228967,1.1442728,-1.1718322
p4,C,C,mock,mock,0.0,0.0,0.36461872,0.0098851845,0.7875003,-0.13176033,1.1071507,-0.24292931,1.2910639,-0.42848316,0.5313175,-0.83301115,0.7948271,-1.1527133,1.0348552,-1.1352181,1.2054774,-1.0490543,0.40741062,-0.9132451,0.70654875,-1.3373288,0.99917746,-1.2878765,1.199938,-1.1259565,0.27984083,-0.94860655,0.59601367,-1.3646183,0.9137747,-1.3238759,1.1339346,-1.1796538,0.15489812,-0.9237093,0.4838971,-1.1819116,0.75417,-1.2165453,0.96825916,-1.1752713
p4,C,C,mock,mock,0.0,0.0,0.4030664,0.036809526,0.7791838,-0.051774215,1.1487842,-0.089111134,1.4062341,-0.21918355,0.49245793,-0.84802,0.88210773,-1.2109834,1.1954782,-1.0236198,1.3722315,-0.78246546,0.33899102,-0.9407896,0.8279203,-1.3252174,1.2146748,-1.0870138,1.406019,-0.78844565,0.2157966,-0.94218326,0.6903821,-1.3009363,1.1120927,-1.1266817,1.3618616,-0.8838754,0.13612711,-0.8435434,0.55724525,-1.0762527,0.94065976,-1.0374951,1.2342232,-0.921303
p4,C,C,mock,mock,0.0,0.0,0.46041957,-0.045181107,0.79001665,-0.20085512,1.0461512,-0.27794278,1.2343618,-0.4472196,0.5959587,-0.8173702,0.8278681,-1.127611,1.0530584,-1.0660934,1.2031689,-0.9291099,0.49468222,-0.8690739,0.76702046,-1.2315083,1.040215,-1.1401327,1.1801057,-0.93507576,0.39442858,-0.87951183,0.67185354,-1.2359543,0.96554726,-1.1394051,1.1380715,-0.9510396,0.29602167,-0.8297069,0.5905937,-1.0684475,0.83899283,-1.050242,1.0230638,-0.9519786
p1,C,C,mock,mock,0.0,0.0,0.37281734,0.039413158,0.76383877,-0.12350787,1.0761122,-0.17103691,1.3766103,-0.20257038,0.62682265,-0.7648723,0.920848,-1.0815032,1.1861897,-1.1059129,1.400289,-1.0503553,0.5288426,-0.8487199,0.87992084,-1.2489899,1.204492,-1.2172688,1.4253118,-1.0557977,0.42108166,-0.8682339,0.76048446,-1.2956795,1.1067628,-1.2768724,1.3581343,-1.1361296,0.31911364,-0.8216764,0.6162134,-1.1375332,0.9111564,-1.1803366,1.1434407,-1.1181899
p1,C,C,mock,mock,0.0,0.0,0.4172035,-0.028475275,0.764449,-0.20734912,1.0239867,-0.25706854,1.2865274,-0.25743064,0.63757074,-0.7804172,0.8871428,-1.0900006,1.1426277,-1.0857065,1.3429157,-0.99915224,0.54580915,-0.8379095,0.87088954,-1.2156818,1.1678574,-1.1608189,1.3531084,-1.001454,0.4524738,-0.8225751,0.7741978,-1.2101758,1.0792458,-1.1571201,1.2888974,-1.0152736,0.36847225,-0.73149896,0.65204245,-1.0384657,0.912819,-1.0633023,1.1114808,-0.995365
p2,C,C,mock,mock,0.0,0.0,0.44164348,-0.22080363,0.7134235,-0.47332382,0.9481971,-0.58281875,1.1436267,-0.65045077,0.33618847,-1.0130715,0.69172454,-1.3089724,1.037362,-1.3251197,1.3186016,-1.2397115,0.28768963,-0.9577237,0.79251134,-1.3792651,1.152828,-1.3156915,1.3958014,-1.172215,0.290427,-0.8658952,0.69163007,-1.2574703,1.0555756,-1.2261585,1.3034079,-1.0971694,0.3701932,-0.69697064,0.64548093,-1.0126892,0.90031624,-1.0736231,1.1156288,-1.057052
p2,C,C,mock,mock,0.0,0.0,0.40974545,-0.26920387,0.6895415,-0.5376582,0.97491693,-0.64806736,1.2742718,-0.7025818,0.23365155,-1.0431548,0.5671694,-1.2857754,0.8201152,-1.3834985,1.0506254,-1.4359248,0.10931322,-0.99400735,0.50636107,-1.3124496,0.8073701,-1.37986,1.0663023,-1.3972028,0.049296122,-0.8562141,0.41132736,-1.1809268,0.7082152,-1.2924095,0.95656276,-1.3689854,0.06629928,-0.6512373,0.3108207,-0.8702968,0.5062946,-1.0012597,0.68278253,-1.1148059
p4,C,C,mock,mock,0.0,0.0,0.41698173,-0.2212931,0.71981287,-0.45831564,1.0200555,-0.543068,1.3133864,-0.5634076,0.29725644,-1.0211341,0.65763366,-1.2261616,0.9347734,-1.300798,1.1868389,-1.3302643,0.18959837,-0.9818617,0.66181743,-1.2372938,0.98292947,-1.289932,1.2591186,-1.2928249,0.14271267,-0.8470022,0.5897703,-1.1053867,0.90357745,-1.1851357,1.1661597,-1.2289282,0.15888667,-0.6403447,0.44038495,-0.82647985,0.6528768,-0.93078685,0.8523647,-1.0111384
p4,C,C,mock,mock,0.0,0.0,0.42425445,-0.21625975,0.73197603,-0.4605604,1.0380442,-0.5502162,1.3323512,-0.5729915,0.30444884,-1.0255351,0.6636464,-1.2362372,0.9426464,-1.3136833,1.1965318,-1.3449725,0.19363059,-0.9810745,0.66918176,-1.2415932,0.9937952,-1.2891649,1.2731483,-1.2870294,0.14733575,-0.8404304,0.5943071,-1.1040734,0.9099585,-1.1760107,1.1734086,-1.209787,0.1659638,-0.6274227,0.44092804,-0.81715924,0.6496658,-0.92039293,0.8440603,-0.9968597
p2,C,C,mock,mock,0.0,0.0,0.47129717,-0.25013214,0.7644495,-0.48461208,1.0580238,-0.5627267,1.3690699,-0.59345996,0.32401314,-1.0424153,0.7061931,-1.259116,0.99846137,-1.3351042,1.2694906,-1.3601365,0.22116795,-0.97523576,0.7075412,-1.246979,1.0573776,-1.3010554,1.3624403,-1.2993944,0.17679687,-0.8162274,0.6330675,-1.0918661,0.97708195,-1.1637719,1.2685313,-1.2012101,0.20032692,-0.5963672,0.48188257,-0.80132115,0.7120539,-0.90466803,0.9286791,-0.97886175
p3,C,C,mock,mock,0.0,0.0,0.435834,-0.29521,0.64406013,-0.5672323,0.8855618,-0.7062664,1.1228302,-0.7761624,0.11622054,-1.0379163,0.4858927,-1.3336017,0.77273655,-1.3796432,1.0063256,-1.3868839,0.10563369,-0.9944051,0.5660679,-1.3791585,0.88092315,-1.4143115,1.1288154,-1.3993484,0.16899176,-0.87241346,0.5916364,-1.2468144,0.892775,-1.3220432,1.1200217,-1.3533576,0.2904292,-0.70966524,0.57665026,-0.9851983,0.78777105,-1.1332062,0.96648914,-1.2517493
p1,C,C,mock,mock,0.0,0.0,0.4345778,-0.29988438,0.6373793,-0.57816374,0.87644404,-0.7206823,1.1165603,-0.7894331,0.10667936,-1.0403088,0.47419527,-1.3325182,0.7658046,-1.3892305,1.0027313,-1.4071159,0.08890316,-0.9960403,0.54997504,-1.3792274,0.8650349,-1.4142383,1.1119024,-1.4009409,0.15032563,-0.8775798,0.57654476,-1.2354155,0.8828078,-1.3097953,1.111229,-1.3389676,0.27288905,-0.7177617,0.56309426,-0.99039483,0.7769365,-1.1378288,0.9540407,-1.254989
p1,C,C,mock,mock,0.0,0.0,0.5032099,-0.17935267,0.74928766,-0.36631286,1.0121663,-0.42669678,1.2801154,-0.4506788,0.35603094,-0.92213184,0.73906606,-1.2072791,1.0287157,-1.2458879,1.2453921,-1.2177463,0.33196393,-0.9432921,0.8008865,-1.3076129,1.1140683,-1.2916212,1.3296809,-1.1739097,0.37136453,-0.87863666,0.81610966,-1.2693775,1.1102161,-1.271483,1.3057595,-1.2070092,0.487309,-0.71812975,0.839967,-1.0356096,1.0718924,-1.1492519,1.2409459,-1.2169507
p2,C,C,mock,mock,0.0,0.0,0.42082024,-0.34784606,0.63726103,-0.63884866,0.87997425,-0.7809916,1.1076963,-0.87234366,0.048772965,-1.0492532,0.31906283,-1.396622,0.5820748,-1.5331825,0.81987536,-1.5999026,-0.010729253,-0.9999424,0.35535166,-1.4389467,0.66954523,-1.5415397,0.93563616,-1.5681162,0.018121982,-0.88597745,0.37212056,-1.3064972,0.6679944,-1.4347821,0.9039745,-1.5110784,0.12071975,-0.7271112,0.3551529,-1.0215038,0.53123164,-1.2028334,0.67911637,-1.3568904
p3,C,C,mock,mock,0.0,0.0,0.4286027,-0.37111226,0.6347897,-0.6556963,0.8659693,-0.79771686,1.1015626,-0.89715177,0.065263756,-1.0531306,0.31159747,-1.3876357,0.5733544,-1.5210308,0.8141441,-1.5872717,0.0006683678,-0.99999976,0.34154224,-1.4330218,0.6502488,-1.5313646,0.91993916,-1.559132,0.013930491,-0.8848779,0.34551436,-1.2953825,0.63673747,-1.4223976,0.87497586,-1.4926379,0.1022496,-0.72816515,0.33085877,-1.0170829,0.5127421,-1.193119,0.66863215,-1.3370668
p4,C,C,mock,mock,0.0,0.0,0.47082883,-0.23139876,0.71968615,-0.51027775,0.9383073,-0.6439872,1.1252142,-0.7303424,0.35521755,-1.0105735,0.68436414,-1.3154418,1.0240737,-1.320155,1.290973,-1.23009,0.28486094,-0.9585689,0.7472555,-1.3841413,1.1086371,-1.3008621,1.3507743,-1.143494,0.2716618,-0.86242974,0.6470143,-1.2679925,1.0113795,-1.2173885,1.2578938,-1.081261,0.32585412,-0.70334285,0.59670234,-1.0174146,0.8544896,-1.0778338,1.0664691,-1.0527447
p2,C,C,mock,mock,0.0,0.0,0.39294827,-0.24521494,0.6752604,-0.5111809,0.96242344,-0.6238051,1.2474964,-0.6731268,0.20733392,-1.0320717,0.5662384,-1.242065,0.8320139,-1.3312945,1.0716795,-1.3840444,0.09490102,-0.99548674,0.5212856,-1.2854222,0.8229979,-1.3681011,1.0868163,-1.408372,0.052534133,-0.8636289,0.44180065,-1.1728812,0.7317241,-1.2870488,0.9792222,-1.368773,0.08478796,-0.662319,0.3317618,-0.8662111,0.5228304,-0.9904449,0.7067359,-1.0986682
p2,C,C,mock,mock,0.0,0.0,0.40625703,-0.33585474,0.57168937,-0.6510442,0.75085735,-0.83078283,0.92957926,-0.9792529,0.064033926,-1.0550814,0.2988818,-1.4598277,0.6206504,-1.5327513,0.8932101,-1.4995182,0.013022496,-0.9999152,0.34106284,-1.5327933,0.7078354,-1.5369446,0.97449845,-1.4454527,0.025765648,-0.90660584,0.3106696,-1.4100416,0.66236967,-1.4528904,0.9196152,-1.3934127,0.11200863,-0.7597747,0.3193985,-1.13488,0.55952513,-1.2727013,0.7625302,-1.3206697
p2,C,C,mock,mock,0.0,0.0,0.39051425,-0.39301062,0.5184533,-0.7255623,0.6868584,-0.9172577,0.8632342,-1.0459847,-0.07397768,-1.0494002,0.13506038,-1.4838744,0.4503463,-1.5282514,0.69183075,-1.4769647,-0.12590313,-0.99204254,0.16879895,-1.5367444,0.5306069,-1.5214462,0.77423036,-1.420234,-0.085174225,-0.89396393,0.16019839,-1.3902435,0.51291937,-1.40621,0.74232274,-1.326246,0.028560676,-0.75419,0.22636308,-1.1259569,0.46965447,-1.244164,0.66677105,-1.2743361
p2,C,C,mock,mock,0.0,0.0,0.38758558,-0.3193337,0.56699145,-0.61306655,0.75134087,-0.77544856,0.96373135,-0.90111667,0.09212102,-1.0467997,0.31442395,-1.4225155,0.6197192,-1.4711334,0.87653136,-1.4178402,0.031627916,-0.99949974,0.339537,-1.494905,0.6930372,-1.4727834,0.9475921,-1.3470821,0.029963713,-0.91527426,0.27693877,-1.3650607,0.63260645,-1.3812985,0.88868785,-1.2903343,0.09715268,-0.78651446,0.29547793,-1.1305337,0.5378953,-1.2404627,0.745029,-1.2558634
p2,C,C,mock,mock,0.0,0.0,0.41992676,-0.21803927,0.6836906,-0.48898476,0.92871916,-0.5750448,1.1988869,-0.63077176,0.21016616,-1.0214784,0.6658085,-1.2938398,0.96619636,-1.3318499,1.2170644,-1.3115784,0.18555346,-0.9826342,0.6942987,-1.3127774,1.0334263,-1.2984928,1.291848,-1.190227,0.23300445,-0.8763541,0.70673096,-1.2749717,1.0343235,-1.3225796,1.2850891,-1.3220773,0.34856138,-0.70410573,0.6749077,-1.0283589,0.89563864,-1.1856031,1.0684919,-1.30761
p2,C,C,mock,mock,0.0,0.0,0.43197,-0.25280407,0.6623122,-0.5028764,0.8941553,-0.5989572,1.1551293,-0.68140435,0.17043805,-1.0173817,0.5333964,-1.3147186,0.8243055,-1.4103419,1.065372,-1.4240955,0.13557856,-0.9907666,0.5486703,-1.3895875,0.89165074,-1.4386374,1.1741521,-1.3739963,0.1739359,-0.8966366,0.57147586,-1.3326583,0.8952947,-1.3995336,1.1345587,-1.4142865,0.28458586,-0.7306244,0.5709879,-1.0824428,0.77681726,-1.2528348,0.92412066,-1.3881212
p2,C,C,mock,mock,0.0,0.0,0.43781734,-0.23208249,0.69025236,-0.48397765,0.9561727,-0.5924655,1.2320544,-0.68345565,0.1606305,-1.0138236,0.5767381,-1.3488088,0.896757,-1.4453033,1.15526,-1.4649066,0.13306202,-0.9911077,0.59874964,-1.4219931,0.965419,-1.4765753,1.2486392,-1.4044238,0.19584869,-0.8862614,0.6176745,-1.352747,0.94991195,-1.4309846,1.1887572,-1.4322848,0.33768278,-0.70175475,0.6305335,-1.0915287,0.84476745,-1.268047,1.0008044,-1.393362
p3,C,C,mock,mock,0.0,0.0,0.42870247,-0.2622548,0.6271062,-0.5559143,0.8039558,-0.7442338,0.9932319,-0.9573641,0.22166987,-0.9882183,0.3647201,-1.3837962,0.65384114,-1.4048461,0.8808327,-1.3412843,0.1393679,-0.9902407,0.29518074,-1.4941295,0.6592737,-1.4706517,0.8913853,-1.301821,0.09204177,-0.9359252,0.2158467,-1.4248679,0.5847945,-1.41029,0.8397625,-1.2753657,0.09926773,-0.81880414,0.24687357,-1.1993772,0.524549,-1.2489724,0.7522307,-1.1881006
p3,C,C,mock,mock,0.0,0.0,0.41299966,-0.25236872,0.6356539,-0.5357502,0.8368849,-0.7312911,1.0409782,-0.98772305,0.24189392,-0.9969153,0.38426098,-1.3970172,0.664178,-1.4180266,0.8832411,-1.3680438,0.1347287,-0.9908825,0.24313758,-1.525368,0.61472005,-1.5217283,0.8679391,-1.3618655,0.054507617,-0.93058157,0.13833085,-1.4503134,0.5136982,-1.4712011,0.7860475,-1.3713166,0.029451873,-0.81450737,0.12533803,-1.2325416,0.4047149,-1.3065989,0.64800733,-1.2638524
p3,C,C,mock,mock,0.0,0.0,0.39909908,-0.2578447,0.6184597,-0.5399859,0.81725216,-0.7298087,1.0186268,-0.97687083,0.2319976,-1.0058217,0.36425644,-1.4171205,0.6514846,-1.426564,0.8754346,-1.3643861,0.12642635,-0.991976,0.2484085,-1.5187764,0.6239331,-1.5072628,0.8730408,-1.3466945,0.04349415,-0.923096,0.1479439,-1.4329275,0.5275344,-1.4448668,0.79797655,-1.340075,0.010229216,-0.8008841,0.120989084,-1.2004597,0.39971703,-1.2680885,0.63290554,-1.2225145
p3,C,C,mock,mock,0.0,0.0,0.43505976,-0.2614086,0.6524616,-0.5437712,0.84978724,-0.7451725,1.0553803,-0.97297466,0.20122212,-1.001281,0.38488466,-1.4175444,0.689484,-1.4180315,0.915089,-1.3403518,0.106727816,-0.99428827,0.29877976,-1.5207797,0.6925181,-1.4933542,0.9424742,-1.3195361,0.046359416,-0.9333861,0.21012527,-1.4422945,0.5977644,-1.4356835,0.86040175,-1.3100984,0.046368014,-0.82390815,0.20905578,-1.2308958,0.49788478,-1.2964245,0.72763956,-1.2489805
p3,C,C,mock,mock,0.0,0.0,0.46139202,-0.25779212,0.6774331,-0.5501897,0.8710759,-0.73800105,1.070973,-0.9457918,0.23345186,-0.98773855,0.42198205,-1.3965061,0.7263767,-1.4048632,0.9546106,-1.3288872,0.15083237,-0.98855937,0.36122525,-1.5053324,0.7423052,-1.4660172,0.97705257,-1.2939128,0.115986556,-0.9284978,0.29711264,-1.4347632,0.67855173,-1.4088168,0.93232524,-1.2758198,0.14215401,-0.80607843,0.33720955,-1.1964226,0.62706816,-1.2481583,0.855679,-1.1965121
p3,C,C,mock,mock,0.0,0.0,0.45487076,-0.30372447,0.6588227,-0.6213005,0.8613345,-0.7928015,1.0647093,-0.9653,0.09937369,-1.0360742,0.26959518,-1.5392685,0.6124461,-1.5586379,0.87385356,-1.4589359,0.052192893,-0.998637,0.2554174,-1.6001972,0.66987705,-1.5738877,0.9254425,-1.4024806,0.06888953,-0.92427737,0.22981404,-1.4786988,0.6319449,-1.4774584,0.8972128,-1.3525977,0.17225714,-0.7844393,0.3229121,-1.2018619,0.5988566,-1.2899799,0.819455,-1.2684374
p3,C,C,mock,mock,0.0,0.0,0.41855818,-0.2895817,0.63540846,-0.60024416,0.8495508,-0.77188474,1.0822552,-0.9306742,0.07040562,-1.0337005,0.22044845,-1.5211204,0.5592519,-1.5316479,0.81186754,-1.4291239,-0.000587847,-0.9999998,0.18548073,-1.5733808,0.6028461,-1.5536647,0.85649556,-1.3725134,-0.0076700626,-0.9156602,0.15537791,-1.4521681,0.55927205,-1.4627016,0.82172877,-1.3328398,0.07504806,-0.7767021,0.23449044,-1.1904815,0.52549237,-1.2775265,0.75259465,-1.2418796
p3,C,C,mock,mock,0.0,0.0,0.47210163,-0.26506427,0.70752347,-0.5411395,0.9386327,-0.6996091,1.1936252,-0.8701966,0.15166762,-1.0177404,0.3650348,-1.5088845,0.7244045,-1.5052083,0.98498976,-1.3971179,0.08370043,-0.99649096,0.3195296,-1.5914087,0.76347446,-1.5514306,1.0230818,-1.3558844,0.07873218,-0.92240715,0.27368826,-1.4908344,0.70150274,-1.4785582,0.9737003,-1.3368136,0.16545545,-0.7797422,0.35065192,-1.2170595,0.6578668,-1.2867135,0.89076567,-1.2380744
p3,C,C,mock,mock,0.0,0.0,0.47099328,-0.28995776,0.6643641,-0.57166237,0.87619644,-0.7175448,1.1052818,-0.84752256,0.18148196,-1.010168,0.42369032,-1.4246083,0.7400279,-1.4228119,0.96281695,-1.3274586,0.11759628,-0.9930615,0.40916258,-1.5191424,0.783753,-1.4756742,1.0016687,-1.3045183,0.122454174,-0.9296688,0.36808705,-1.4501197,0.73435754,-1.4319762,0.9588304,-1.304092,0.2090877,-0.80196893,0.43257874,-1.1987973,0.7022447,-1.2565616,0.9050678,-1.2053115
p3,C,C,mock,mock,0.0,0.0,0.46651372,-0.29889295,0.65312284,-0.60439575,0.8627329,-0.7716225,1.0901104,-0.9284363,0.12218178,-1.0157472,0.33888093,-1.4696388,0.6678242,-1.4888482,0.90784955,-1.4037595,0.055744853,-0.99844503,0.31663203,-1.5586594,0.71008855,-1.5367004,0.9513619,-1.3790588,0.06261504,-0.9352661,0.2811471,-1.4792039,0.66315377,-1.4722818,0.9046288,-1.354141,0.15535662,-0.8127042,0.35406598,-1.2229242,0.62792814,-1.294988,0.8382542,-1.2621617
p3,C,C,mock,mock,0.0,0.0,0.41297522,-0.3200185,0.610954,-0.6144527,0.82811916,-0.77401936,1.0327775,-0.91845685,0.01939152,-1.0142858,0.3172483,-1.4153905,0.64342993,-1.431841,0.8829972,-1.3461908,-0.031376783,-0.9995076,0.34940267,-1.5074301,0.7179366,-1.472123,0.94342977,-1.3226879,-0.000629055,-0.94381607,0.30862406,-1.4415761,0.67776686,-1.4316907,0.90958375,-1.2990166,0.118606254,-0.8342273,0.37271237,-1.2025009,0.64787966,-1.2511176,0.8534531,-1.1968449
p3,C,C,mock,mock,0.0,0.0,0.39219445,-0.2990661,0.58838814,-0.6088213,0.8039545,-0.79178286,1.0068887,-0.9631404,0.05494553,-1.0068752,0.26520473,-1.4352704,0.58815616,-1.4571419,0.8183443,-1.3779067,-0.027105616,-0.9996326,0.23740605,-1.519078,0.617509,-1.4981127,0.84806657,-1.3567508,-0.03671217,-0.94978136,0.1973449,-1.4529763,0.5788409,-1.4420353,0.8157089,-1.3107609,0.042576775,-0.8490598,0.26289135,-1.2209872,0.5430875,-1.2681571,0.750548,-1.2124779
p3,C,C,mock,mock,0.0,0.0,0.4014242,-0.29300758,0.60522443,-0.6198832,0.82603884,-0.8191583,1.0127301,-1.0157323,0.088492945,-1.0069332,0.27650505,-1.4676389,0.6043979,-1.4878191,0.8428753,-1.4040807,0.00081538816,-0.99999964,0.23293746,-1.560142,0.62590533,-1.5302608,0.86193657,-1.3706664,-0.023568116,-0.959558,0.17674999,-1.4982578,0.5749125,-1.4715657,0.8175646,-1.3224638,0.02909007,-0.873219,0.23193552,-1.2650084,0.523961,-1.2997831,0.7394275,-1.2255648
p3,C,C,mock,mock,0.0,0.0,0.38928443,-0.2890482,0.60001475,-0.6098563,0.82521206,-0.8111272,1.0069718,-1.0109622,0.037273277,-1.010396,0.22877505,-1.4695752,0.5603661,-1.4942663,0.80006117,-1.4119877,-0.048038058,-0.9988455,0.1980317,-1.5496664,0.59838504,-1.5227693,0.8391784,-1.3663099,-0.058733538,-0.9484491,0.15375784,-1.4677455,0.5563019,-1.4540828,0.80634505,-1.3149779,0.017138075,-0.84841996,0.22656715,-1.2306834,0.52065694,-1.2760942,0.7409444,-1.2107617
p3,C,C,mock,mock,0.0,0.0,0.38766512,-0.27084532,0.6060537,-0.581771,0.8279418,-0.78785145,1.0100713,-1.0162266,0.113891445,-1.0091257,0.24958193,-1.4831765,0.5703338,-1.4865758,0.8053819,-1.383409,0.013069978,-0.9999146,0.18344563,-1.5591048,0.5729473,-1.5269771,0.8152444,-1.3562225,-0.037300944,-0.95206416,0.12360718,-1.477406,0.5222798,-1.4530903,0.77784616,-1.3029923,-0.022818556,-0.8554804,0.16563785,-1.2357131,0.4637001,-1.2752416,0.6856132,-1.2042809
p3,C,C,mock,mock,0.0,0.0,0.4528684,-0.28496113,0.62714124,-0.5622095,0.8363273,-0.7124035,1.0696967,-0.8535188,0.13698958,-1.0073495,0.32525036,-1.3979439,0.6169334,-1.4077816,0.83324337,-1.3262385,0.06398149,-0.9979511,0.28698754,-1.4955745,0.6389629,-1.4599203,0.8749898,-1.3114132,0.046357665,-0.94349825,0.25261497,-1.4224981,0.61197066,-1.397249,0.84753877,-1.2721345,0.11615795,-0.8267798,0.34676385,-1.1825097,0.6212682,-1.2326168,0.83212787,-1.1955577
p3,C,C,mock,mock,0.0,0.0,0.45829585,-0.29237795,0.6356163,-0.5743836,0.8315322,-0.7314286,1.0604362,-0.88231474,0.15632369,-1.0061274,0.3281538,-1.3987854,0.61405134,-1.4303787,0.82915545,-1.3636796,0.07963864,-0.9968238,0.27460536,-1.4993734,0.6264163,-1.4813594,0.8646163,-1.3281164,0.05595301,-0.9426349,0.23643892,-1.4234334,0.5941853,-1.4090085,0.83165956,-1.2884,0.115006246,-0.82597774,0.3311454,-1.183184,0.6142503,-1.2369902,0.8359907,-1.1998075
p3,C,C,mock,mock,0.0,0.0,0.43956292,-0.28376305,0.6184194,-0.5811189,0.8091856,-0.7623011,1.0312259,-0.956974,0.19013302,-0.99462557,0.28286612,-1.4110963,0.560624,-1.4559506,0.7821051,-1.3977462,0.09595351,-0.9953858,0.20736866,-1.5176935,0.5572838,-1.5271838,0.8012998,-1.3690886,0.029520577,-0.95378244,0.14322436,-1.4513919,0.5071578,-1.4630612,0.765166,-1.3430824,0.026704544,-0.84899485,0.21932392,-1.2159098,0.5183963,-1.2804167,0.76102287,-1.2393608
p3,C,C,mock,mock,0.0,0.0,0.40991318,-0.2665384,0.58981884,-0.5717402,0.79336435,-0.7619583,1.012309,-0.94546884,0.13627666,-0.9923233,0.25828862,-1.4028074,0.5419083,-1.4497219,0.764979,-1.4009379,0.036163535,-0.9993459,0.17726478,-1.5116693,0.5260666,-1.5240415,0.773611,-1.3907322,-0.021095157,-0.95544696,0.123126134,-1.4439768,0.4918519,-1.4529481,0.75049794,-1.3385992,-0.00042269312,-0.8434741,0.20956238,-1.2083893,0.50874406,-1.2690812,0.7467211,-1.2309836
p3,C,C,mock,mock,0.0,0.0,0.36712065,-0.2674715,0.5488127,-0.5800978,0.7621005,-0.7893669,0.99398804,-0.9895075,0.06638478,-0.9987702,0.20128602,-1.4252516,0.4983457,-1.461193,0.73165596,-1.4030406,-0.03509555,-0.999384,0.103403404,-1.518508,0.4733158,-1.5291165,0.73560643,-1.3933241,-0.0998249,-0.94972545,0.039672695,-1.4494236,0.42321524,-1.4629964,0.6930625,-1.3411928,-0.08151121,-0.8349463,0.119052626,-1.2107848,0.41911066,-1.2677277,0.6546832,-1.2180163
p2,C,C,mock,mock,0.0,0.0,0.41210327,-0.20151137,0.6634569,-0.4889629,0.91070586,-0.66736674,1.1222432,-0.8974642,0.3240998,-0.9276349,0.4945832,-1.2460933,0.740834,-1.2715589,0.9295999,-1.2338033,0.21216157,-0.9772346,0.3729072,-1.4191096,0.67312133,-1.4097937,0.88612694,-1.2533964,0.09642521,-0.98658675,0.22937621,-1.4746653,0.5447278,-1.4584457,0.78055626,-1.3021578,0.011554314,-0.9278905,0.22433405,-1.2730834,0.4828439,-1.2767276,0.6893246,-1.1539084
p2,C,C,mock,mock,0.0,0.0,0.4812636,-0.22989115,0.6869972,-0.48120347,0.90238893,-0.6355044,1.0815556,-0.8440122,0.23206878,-0.9636893,0.4444815,-1.2742456,0.7164169,-1.2858863,0.8991861,-1.2188604,0.13872315,-0.9903312,0.4345309,-1.390806,0.75353664,-1.3503232,0.93884176,-1.1771281,0.100338675,-0.97821563,0.35851023,-1.3822857,0.6930949,-1.3315806,0.8900637,-1.1808262,0.12192116,-0.90675163,0.41153654,-1.196505,0.6792594,-1.1937416,0.8613331,-1.1086149
p2,C,C,mock,mock,0.0,0.0,0.43807125,-0.23741864,0.6430399,-0.5010251,0.86607844,-0.6613418,1.040258,-0.8706067,0.18838854,-0.9649167,0.4124053,-1.2827586,0.6812877,-1.2965127,0.86115444,-1.238225,0.08110529,-0.99670553,0.37020862,-1.395609,0.68715626,-1.3621101,0.88182175,-1.2070647,0.027464319,-0.9813081,0.29441497,-1.3931366,0.63096637,-1.3473619,0.83985096,-1.2032028,0.044015363,-0.89929724,0.33777678,-1.2066021,0.60282165,-1.2055742,0.78810054,-1.118337
p2,C,C,mock,mock,0.0,0.0,0.4288771,-0.26095027,0.6180772,-0.5231373,0.83467454,-0.68752384,0.9918818,-0.8742245,0.09497171,-0.98150647,0.34467164,-1.3252728,0.62060064,-1.3172625,0.79464966,-1.2325308,0.004766209,-0.9999886,0.32702082,-1.4236549,0.64321816,-1.3798472,0.82588017,-1.2264168,-0.02286252,-0.974129,0.27568838,-1.3977187,0.6174019,-1.3520067,0.82366955,-1.2113591,0.04432816,-0.87175053,0.36020374,-1.1837823,0.6327088,-1.1872193,0.81570613,-1.1145805
p2,C,C,mock,mock,0.0,0.0,0.42686445,-0.23035572,0.64014393,-0.4903874,0.8628743,-0.64687175,1.0364488,-0.8347839,0.17979276,-0.9664982,0.40517,-1.296243,0.67014116,-1.2990015,0.8430309,-1.2248813,0.07564613,-0.99713475,0.3793187,-1.3947238,0.6925284,-1.3559494,0.8773693,-1.200907,0.028128786,-0.9751885,0.3133806,-1.380295,0.64722073,-1.3322405,0.8524099,-1.1875787,0.053326044,-0.8793105,0.35760742,-1.1861594,0.6249295,-1.1836561,0.8083356,-1.0920354
p2,C,C,mock,mock,0.0,0.0,0.39941955,-0.20806402,0.64845794,-0.49425966,0.8827548,-0.67749244,0.9982248,-0.93842006,0.22935574,-0.97032624,0.40280792,-1.3456984,0.6850434,-1.3726121,0.89827216,-1.3057425,0.09932907,-0.99505466,0.2958113,-1.4740857,0.6270723,-1.4578576,0.85469574,-1.2963884,-0.0040167277,-0.9765294,0.16013019,-1.483956,0.5107385,-1.4697734,0.7541504,-1.3164937,-0.060436994,-0.8910415,0.18157342,-1.2434235,0.45974323,-1.2669446,0.66874355,-1.1694562
p2,C,C,mock,mock,0.0,0.0,0.39232287,-0.16894686,0.6567382,-0.4412257,0.90434396,-0.60486287,1.0802579,-0.86086,0.32172355,-0.9569329,0.49875855,-1.3530476,0.78618157,-1.3383441,0.993514,-1.2264199,0.19321713,-0.98115605,0.39376444,-1.4819933,0.73695296,-1.4257416,0.9543943,-1.2172276,0.07772815,-0.97124803,0.25566462,-1.4967277,0.62215376,-1.4436157,0.8629996,-1.2480558,-0.012319296,-0.89090025,0.24010535,-1.2300462,0.5333036,-1.2305974,0.7424615,-1.1046062
p2,C,C,mock,mock,0.0,0.0,0.42099124,-0.18282737,0.6780413,-0.44332433,0.92590547,-0.59549594,1.0948359,-0.83937925,0.2508592,-0.954999,0.505188,-1.3253732,0.8049628,-1.3008711,1.0034891,-1.1982125,0.1256307,-0.99207705,0.4178246,-1.4674326,0.782278,-1.407006,1.0007378,-1.2205217,0.045246016,-0.97899127,0.30918103,-1.4872357,0.6874114,-1.411926,0.9154291,-1.2245326,0.033096537,-0.8833662,0.34969658,-1.2301639,0.6467239,-1.2084785,0.84025204,-1.0817938
p2,C,C,mock,mock,0.0,0.0,0.37088692,-0.16599225,0.64561725,-0.43315133,0.899852,-0.6009854,1.051946,-0.87002164,0.32367054,-0.9550089,0.49961385,-1.3488541,0.77429044,-1.3451828,0.9791772,-1.2383285,0.19061406,-0.9816651,0.39446187,-1.4685614,0.7163684,-1.4252039,0.92710024,-1.2251797,0.06614185,-0.9677401,0.23176976,-1.4737175,0.582139,-1.4415091,0.82380897,-1.254534,-0.04365361,-0.8889282,0.18236622,-1.2203978,0.4651648,-1.230921,0.678426,-1.105586
p2,C,C,mock,mock,0.0,0.0,0.4389191,-0.13486859,0.72518235,-0.37419248,0.9897838,-0.5063617,1.210646,-0.7073587,0.3042675,-0.9386199,0.6141073,-1.2394332,0.92652214,-1.1953408,1.13356,-1.0760803,0.18849799,-0.98207355,0.5417421,-1.4054273,0.9108208,-1.3358637,1.1307207,-1.1403304,0.11623219,-0.9569755,0.43336767,-1.4318702,0.8074327,-1.3455071,1.031453,-1.1581067,0.100593604,-0.8418507,0.45018846,-1.1637884,0.7550134,-1.1428592,0.9544198,-1.0264447
p2,C,C,mock,mock,0.0,0.0,0.47028932,-0.16650715,0.75653994,-0.3845938,1.0246643,-0.49539897,1.2360541,-0.70309573,0.4014314,-0.9343943,0.6019918,-1.2994902,0.8898374,-1.2598667,1.0732557,-1.1358299,0.280331,-0.9599034,0.5076331,-1.4359138,0.8381543,-1.3606957,1.0305386,-1.1528637,0.18852988,-0.9449253,0.40859035,-1.4410964,0.74979174,-1.3652822,0.95261,-1.1734719,0.13747887,-0.85937315,0.41268438,-1.1728725,0.6934427,-1.1562213,0.8820421,-1.0381349
p2,C,C,mock,mock,0.0,0.0,0.38069814,-0.18579257,0.64842665,-0.42683583,0.909749,-0.55424637,1.0932562,-0.7887631,0.34845933,-0.9494448,0.48985463,-1.3332318,0.7213884,-1.2943645,0.87973917,-1.143064,0.23808077,-0.97124535,0.38248488,-1.4309353,0.6615764,-1.3653138,0.8134687,-1.134351,0.12320758,-0.9532975,0.21318468,-1.4268827,0.5087378,-1.3971934,0.7038461,-1.2097552,0.0009438613,-0.8729501,0.08120637,-1.2287023,0.30269864,-1.2751056,0.49037588,-1.1800112
p2,C,C,mock,mock,0.0,0.0,0.42432776,-0.19455121,0.7102139,-0.4422605,0.98160756,-0.5747509,1.1729422,-0.8104172,0.36840555,-0.9603097,0.5252919,-1.3859926,0.7923576,-1.3397015,0.9538727,-1.1845875,0.24920796,-0.96845,0.41047713,-1.49641,0.7282958,-1.4187315,0.8766248,-1.1700883,0.144415,-0.94889724,0.2680895,-1.4951268,0.5901576,-1.429718,0.758886,-1.2064363,0.05070736,-0.8746315,0.22725211,-1.2490848,0.4825176,-1.2424786,0.6523576,-1.095091
p2,C,C,mock,mock,0.0,0.0,0.43123892,-0.18389197,0.72554874,-0.4269915,0.99851525,-0.56035966,1.178541,-0.7975251,0.3804832,-0.9524303,0.5317066,-1.3799514,0.792174,-1.3271339,0.9473906,-1.1638763,0.25614876,-0.9666374,0.4206815,-1.4894346,0.7330946,-1.4138303,0.87987745,-1.1711017,0.14722086,-0.9493565,0.27547088,-1.4870797,0.5942365,-1.4273568,0.7657743,-1.215008,0.05111001,-0.8763027,0.23358728,-1.2435079,0.4852425,-1.2364291,0.654717,-1.0939943
p2,C,C,mock,mock,0.0,0.0,0.4351688,-0.15279831,0.7491539,-0.39215848,1.0321267,-0.51406586,1.2241714,-0.7420923,0.44382736,-0.9241174,0.61970073,-1.3494829,0.87136906,-1.289165,1.008586,-1.1224123,0.3092647,-0.950976,0.50661576,-1.4792113,0.8119013,-1.3852568,0.93671954,-1.1291399,0.18599497,-0.94455415,0.3489855,-1.5019207,0.66132015,-1.4204351,0.8176737,-1.1958859,0.07290195,-0.87826043,0.29282483,-1.2508953,0.54532033,-1.2235162,0.7012161,-1.0602337
p2,C,C,mock,mock,0.0,0.0,0.38107178,-0.18295623,0.64507705,-0.45581597,0.89568645,-0.6243472,1.1068205,-0.82730925,0.2397184,-0.95248497,0.4911881,-1.2177258,0.7490208,-1.1843734,0.92199844,-1.0841963,0.1017204,-0.994813,0.40252113,-1.3539726,0.69131416,-1.2999259,0.8851527,-1.137905,-0.0024116556,-0.98922575,0.27636406,-1.3908803,0.5956719,-1.328425,0.8087274,-1.1634496,-0.051902946,-0.9130725,0.2663351,-1.1774514,0.5365109,-1.1650933,0.72933626,-1.0682547
p2,C,C,mock,mock,0.0,0.0,0.36174527,-0.1811444,0.62653774,-0.44954523,0.89136434,-0.6112237,1.1160964,-0.781357,0.15595323,-0.9713427,0.43070123,-1.2544637,0.707224,-1.2163581,0.8865262,-1.1118468,0.027397914,-0.9996246,0.38337222,-1.3707067,0.69995236,-1.2970753,0.89158636,-1.1255561,-0.044069182,-0.9803868,0.2899366,-1.3755349,0.6327206,-1.2987643,0.84231424,-1.1297342,-0.04393631,-0.8891924,0.289156,-1.1536428,0.56892735,-1.1378554,0.76182044,-1.0454555
p2,C,C,mock,mock,0.0,0.0,0.44181505,-0.25150016,0.6534513,-0.55332327,0.89162153,-0.7243928,1.0244347,-0.9789004,0.15030633,-0.9774912,0.29037327,-1.3610538,0.55399466,-1.4620922,0.7675142,-1.4611773,0.039885327,-0.9992043,0.23160973,-1.4630786,0.5490282,-1.5272704,0.8031032,-1.4344388,-0.03564086,-0.99265593,0.1292766,-1.4879609,0.46586087,-1.5532806,0.72544795,-1.4749818,-0.05529603,-0.9363266,0.14927493,-1.3382503,0.4112832,-1.4481341,0.63709515,-1.4473004
p2,C,C,mock,mock,0.0,0.0,0.39148346,-0.21683104,0.61556226,-0.5306181,0.82960415,-0.7172076,0.948456,-0.9823876,0.18059433,-0.98049885,0.277585,-1.3157731,0.5115493,-1.4140934,0.7214875,-1.4321333,0.060133737,-0.99819034,0.18939066,-1.4140348,0.47791302,-1.4884472,0.7228049,-1.412735,-0.04481391,-0.9813176,0.061535362,-1.427527,0.37534386,-1.5041461,0.640649,-1.4512941,-0.11949577,-0.91177475,0.033812996,-1.2929446,0.2721274,-1.4142797,0.49664122,-1.4260843
p2,C,C,mock,mock,0.0,0.0,0.40340614,-0.32435358,0.53975284,-0.61759996,0.73680955,-0.8022485,0.85314715,-1.052083,-0.065197,-0.9693483,0.06949471,-1.3214282,0.33543468,-1.4597901,0.53292775,-1.4922129,-0.13822566,-0.99040073,0.06737847,-1.4712088,0.380297,-1.5367527,0.6243693,-1.468069,-0.13843139,-0.9950849,0.04013022,-1.4908102,0.36952904,-1.5659128,0.6095645,-1.5175147,-0.05217719,-0.95594126,0.15703109,-1.3472347,0.41798228,-1.46077,0.62077516,-1.4918654
p2,C,C,mock,mock,0.0,0.0,0.42888787,-0.30986688,0.59361374,-0.5787899,0.79660237,-0.73695105,0.9513201,-0.965295,0.02816717,-0.9783833,0.21841235,-1.2917562,0.50463057,-1.3996073,0.71448815,-1.4147335,-0.030181592,-0.99954444,0.21395159,-1.4462624,0.53884083,-1.4826701,0.78974843,-1.402775,-0.020984273,-0.9894775,0.20032828,-1.4397085,0.53493977,-1.4807687,0.77582943,-1.4234629,0.0689604,-0.92505866,0.3137819,-1.2667866,0.5757572,-1.3474603,0.7770487,-1.3660496
p2,C,C,mock,mock,0.0,0.0,0.4273698,-0.28743577,0.59362715,-0.5572244,0.7977988,-0.7217043,0.9403297,-0.93496066,0.019642811,-0.98144805,0.24073471,-1.2848716,0.5258813,-1.3740892,0.7352235,-1.3782728,-0.04821222,-0.9988371,0.24007249,-1.4188967,0.5587302,-1.4525979,0.7940698,-1.3774061,-0.046094295,-0.98189884,0.21298172,-1.4142257,0.5474037,-1.4527,0.78372276,-1.3811022,0.054403003,-0.896117,0.32140487,-1.2471794,0.5856791,-1.314851,0.78343505,-1.3016745
p3,C,C,mock,mock,0.0,0.0,0.40640843,-0.22001232,0.62747014,-0.4963292,0.8274624,-0.67351204,1.0094683,-0.9210641,0.1888008,-0.954306,0.29643056,-1.2372822,0.5000384,-1.3467827,0.6773302,-1.39083,0.08006256,-0.9967898,0.16808304,-1.390914,0.40190783,-1.5145516,0.61287916,-1.4748164,-0.037058704,-1.0198413,0.041110512,-1.4473025,0.2870951,-1.5582807,0.5168675,-1.5137839,-0.13559197,-0.9934685,-0.019172635,-1.3823602,0.19024058,-1.5180261,0.4036371,-1.5233015
p3,C,C,mock,mock,0.0,0.0,0.388536,-0.22902004,0.5983346,-0.51719934,0.7876809,-0.7008709,0.95394576,-0.94143504,0.17976691,-0.95626014,0.28362027,-1.2493608,0.46850252,-1.3533912,0.6329813,-1.4020084,0.06561283,-0.9978452,0.15969779,-1.3834989,0.3758494,-1.497797,0.5754877,-1.4682839,-0.058199473,-1.0155406,0.020291176,-1.4371096,0.24794225,-1.5494573,0.4671516,-1.519358,-0.16706508,-0.9858458,-0.059530552,-1.3666772,0.13168624,-1.5044223,0.33597133,-1.5224121
p3,C,C,mock,mock,0.0,0.0,0.38226977,-0.23207963,0.5814125,-0.5434068,0.75686675,-0.7419189,0.8885858,-0.99630296,0.16496895,-0.9578864,0.26439705,-1.2522011,0.44846568,-1.3576853,0.6111356,-1.4039305,0.05211523,-0.9986411,0.1395499,-1.3822136,0.35521868,-1.4923211,0.5583762,-1.4660783,-0.07047882,-1.0132949,0.0005353014,-1.4369057,0.2291499,-1.5550009,0.4505976,-1.5298728,-0.18114015,-0.98102766,-0.079481296,-1.3699667,0.11097182,-1.5177249,0.31745481,-1.5410597
p3,C,C,mock,mock,0.0,0.0,0.35994148,-0.21974187,0.5665304,-0.52263796,0.76461625,-0.72061807,0.88953555,-0.9771578,0.14703293,-0.95611876,0.25999236,-1.2453451,0.45391208,-1.3468369,0.6227152,-1.388752,0.033807065,-0.9994284,0.13839395,-1.3802066,0.35848927,-1.4960674,0.566485,-1.4737887,-0.089405455,-1.0129836,-0.0030274293,-1.4340347,0.23547344,-1.5500631,0.4647774,-1.5277209,-0.19410543,-0.97404295,-0.08019278,-1.3595115,0.11694624,-1.5048268,0.32854736,-1.528993
p3,C,C,mock,mock,0.0,0.0,0.4448466,-0.34078723,0.5600706,-0.6344645,0.71027684,-0.82859033,0.8279536,-1.0636468,0.017241769,-0.96597475,0.07953134,-1.3295516,0.31854147,-1.461977,0.50269604,-1.4938781,-0.07205129,-0.99740094,0.0069753146,-1.4833977,0.30969697,-1.5924108,0.54336166,-1.5205941,-0.12566616,-1.0171306,-0.078638144,-1.5247633,0.24967445,-1.6197847,0.51325065,-1.5600891,-0.12070472,-1.0046827,-0.0042565106,-1.4319177,0.2504424,-1.5616724,0.48303485,-1.5778668
p4,C,C,mock,mock,0.0,0.0,0.38178322,-0.18984276,0.6034533,-0.47504646,0.8273802,-0.6406529,1.0839661,-0.75388426,0.2866753,-0.95855767,0.43297255,-1.2782111,0.65977734,-1.3433301,0.8706428,-1.3420745,0.18958668,-0.981864,0.3641964,-1.3738836,0.65671647,-1.4104478,0.8890721,-1.3274829,0.09442345,-0.94603276,0.27087057,-1.341653,0.58747244,-1.3928735,0.842306,-1.3368814,0.026169838,-0.84880114,0.2122523,-1.1657615,0.46112224,-1.252225,0.6844853,-1.25683
p4,C,C,mock,mock,0.0,0.0,0.38319397,-0.2567652,0.5840546,-0.5274613,0.79148835,-0.67862153,1.0188022,-0.7697502,0.26205844,-0.9968772,0.41030818,-1.3089733,0.64339703,-1.3309367,0.8412275,-1.2959112,0.1561439,-0.9877343,0.3469855,-1.3786488,0.63056344,-1.3723426,0.84435,-1.27399,0.07092133,-0.91418236,0.2605575,-1.2728888,0.56341785,-1.2882861,0.80003417,-1.2163615,0.020227665,-0.78292716,0.20163417,-1.0667113,0.4388886,-1.1637539,0.6510281,-1.1922469
p4,C,C,mock,mock,0.0,0.0,0.44045654,-0.28330365,0.62761,-0.5586266,0.81689286,-0.7058681,1.0332307,-0.79620767,0.24355365,-1.0009147,0.3525109,-1.3402021,0.5924513,-1.4187144,0.81205654,-1.4162498,0.16465548,-0.98635113,0.3268205,-1.4102381,0.6104355,-1.4493273,0.83171743,-1.3915886,0.11542525,-0.90834093,0.28694952,-1.321691,0.5835746,-1.386176,0.8190061,-1.3627131,0.11090654,-0.7685174,0.28358787,-1.0739871,0.515189,-1.1940738,0.7216874,-1.2530439
p4,C,C,mock,mock,0.0,0.0,0.4345752,-0.26329154,0.63124174,-0.5165986,0.8253674,-0.6464083,1.044474,-0.7248484,0.25919387,-0.99144095,0.38673082,-1.3242865,0.6318054,-1.3761324,0.85152906,-1.3530551,0.17387205,-0.9847683,0.36925647,-1.4009296,0.6588468,-1.4094304,0.87633777,-1.3153061,0.12316749,-0.9179948,0.32375365,-1.3122501,0.6303167,-1.3329893,0.86458534,-1.2604829,0.12657276,-0.7882529,0.33671764,-1.0927633,0.58037597,-1.1917243,0.7900107,-1.2197368
p2,C,C,mock,mock,0.0,0.0,0.40319145,-0.33189785,0.5300135,-0.6722378,0.65372264,-0.8923059,0.77523315,-1.143069,0.1261835,-1.0091292,0.07975641,-1.3836384,0.27894387,-1.4955298,0.46942815,-1.5190827,0.04087943,-0.9991641,-0.011542103,-1.4550759,0.2558477,-1.5591134,0.4765578,-1.489978,-0.04189226,-0.9642332,-0.081829615,-1.4310508,0.19021393,-1.5216017,0.41794306,-1.4533964,-0.09640819,-0.8894654,-0.0683915,-1.2703228,0.14193338,-1.3944576,0.3495854,-1.4045764
p2,C,C,mock,mock,0.0,0.0,0.3890282,-0.35827333,0.48430893,-0.6632082,0.65027,-0.8455946,0.8292704,-0.99554706,-0.16567203,-1.0040306,0.11164693,-1.4135766,0.43064845,-1.5040078,0.67837536,-1.474837,-0.20468937,-0.978827,0.13875765,-1.5100244,0.51522607,-1.5683156,0.76912314,-1.4694529,-0.13774723,-0.9177793,0.16742422,-1.4138768,0.5223482,-1.4853498,0.7528596,-1.4243357,0.024986422,-0.81258893,0.25141346,-1.2082622,0.4818667,-1.3423467,0.66077614,-1.3726777
p2,C,C,mock,mock,0.0,0.0,0.39855856,-0.3353956,0.5411132,-0.6421152,0.6956591,-0.81678635,0.870003,-0.98154867,0.12819743,-1.0133262,0.14831299,-1.3839746,0.34998262,-1.5138651,0.55343825,-1.554543,0.054913215,-0.9984911,0.100005604,-1.4554136,0.3559119,-1.5617356,0.58279085,-1.5354246,0.00986407,-0.94781244,0.06530607,-1.3992383,0.31980228,-1.5142676,0.5412577,-1.5050704,0.011344537,-0.85443485,0.09516642,-1.2284201,0.27661377,-1.3890187,0.45754522,-1.4599857
p2,C,C,mock,mock,0.0,0.0,0.38287452,-0.3258998,0.532165,-0.6380697,0.69023556,-0.8133319,0.8482888,-0.98071355,0.077312484,-1.0216904,0.14687602,-1.404934,0.39062992,-1.4917315,0.6018594,-1.4702611,-0.0071164956,-0.99997467,0.0988115,-1.4694052,0.40414432,-1.5207052,0.62132263,-1.4138793,-0.039006464,-0.9319297,0.06277037,-1.3793039,0.37111932,-1.4391831,0.5980078,-1.3700849,-0.014511749,-0.80821717,0.11355142,-1.1714913,0.33788097,-1.2936994,0.5374084,-1.3070356
p2,C,C,mock,mock,0.0,0.0,0.4109886,-0.3389207,0.5567133,-0.61839163,0.691383,-0.7798377,0.80157167,-0.9714838,0.16088322,-1.0228285,0.18142855,-1.4279304,0.39670384,-1.5087368,0.58830684,-1.4820162,0.07691772,-0.9970375,0.10261704,-1.4752076,0.38600788,-1.5356357,0.59551364,-1.4344006,0.016616838,-0.93661124,0.04993621,-1.4023632,0.330769,-1.4832381,0.5486139,-1.4197612,0.004217779,-0.8291158,0.08079305,-1.1867698,0.2865838,-1.3130094,0.4788923,-1.3361923
p2,C,C,mock,mock,0.0,0.0,0.3755742,-0.3978737,0.46048346,-0.693213,0.60143286,-0.8844897,0.71658283,-1.0952724,-0.123062275,-0.99467504,-0.0738359,-1.394445,0.14808361,-1.5669125,0.34379163,-1.6320115,-0.15626715,-0.9877148,-0.073749274,-1.5100287,0.21234156,-1.647943,0.44098142,-1.6161938,-0.122054875,-0.9677752,-0.09323665,-1.4901206,0.19642454,-1.6383772,0.43208203,-1.6427265,-0.012624779,-0.9213913,0.030289397,-1.3602861,0.21357428,-1.5488993,0.39386907,-1.6360583
p2,C,C,mock,mock,0.0,0.0,0.35646784,-0.39006317,0.43711853,-0.6912787,0.5618123,-0.8955042,0.662998,-1.1259859,-0.009874289,-1.0001097,-0.040857065,-1.3716887,0.122303255,-1.5324094,0.29643455,-1.6139401,-0.08009072,-0.9967876,-0.14759737,-1.44474,0.073355325,-1.6154957,0.28609335,-1.6189299,-0.1441706,-0.9732872,-0.23382583,-1.4257492,0.0024676719,-1.5975398,0.23174363,-1.6212028,-0.16911295,-0.9163943,-0.20749144,-1.3071504,-0.05168225,-1.4987061,0.1317652,-1.5851626
p2,C,C,mock,mock,0.0,0.0,0.32667443,-0.2946371,0.4760628,-0.5514642,0.68839216,-0.7055315,0.8860963,-0.8643806,-0.04910096,-0.9946493,0.18886794,-1.4433268,0.47656265,-1.5952092,0.7076313,-1.6233429,-0.06449373,-0.9979181,0.22029597,-1.5338793,0.5501471,-1.6545722,0.79344404,-1.5993453,0.011746297,-0.95006204,0.2741863,-1.4754733,0.5851009,-1.6061727,0.80786926,-1.5821098,0.19511299,-0.8455912,0.39770856,-1.2915275,0.5979474,-1.4672384,0.76049805,-1.5395762
p2,C,C,mock,mock,0.0,0.0,0.32375696,-0.26410243,0.5036171,-0.5341234,0.691552,-0.6976997,0.8862908,-0.8896223,0.14909917,-1.015365,0.16136181,-1.3554354,0.28916436,-1.5090064,0.43011963,-1.5945503,0.04528396,-0.99897414,0.04656832,-1.3673681,0.19799176,-1.5357932,0.38368875,-1.6051697,-0.051788032,-0.9477688,-0.051338483,-1.3247797,0.09687009,-1.516742,0.26936194,-1.6029329,-0.14121103,-0.8426562,-0.15452982,-1.1753324,-0.066073865,-1.3952903,0.04701933,-1.5432854
p2,C,C,mock,mock,0.0,0.0,0.4148996,-0.05186872,0.74870485,-0.22124726,1.0229794,-0.31055984,1.2238837,-0.45631036,0.6461123,-0.78069353,0.8602852,-1.1214432,1.0588818,-1.1053308,1.1912837,-1.008109,0.5363343,-0.84400564,0.7775465,-1.2481952,1.0241414,-1.1620142,1.1390904,-0.9650115,0.4224751,-0.8551735,0.66032237,-1.2275159,0.9212418,-1.1398792,1.0576072,-0.9495745,0.30947426,-0.8062672,0.54650414,-1.0526996,0.7725077,-1.0232657,0.92689896,-0.8989035
p2,C,C,mock,mock,0.0,0.0,0.5252784,0.03587415,0.8199612,-0.106167674,1.0651486,-0.18569322,1.2730443,-0.3422112,0.7517014,-0.58786386,0.9893715,-0.74879634,1.175765,-0.69210416,1.2768114,-0.6185121,0.7061179,-0.70809424,0.99747175,-0.9576016,1.2028157,-0.8645033,1.2678677,-0.69108087,0.6491643,-0.8205574,0.9450912,-1.1007904,1.1699638,-0.97028303,1.2677555,-0.7630595,0.57218856,-0.8939912,0.8619122,-1.0761738,1.0890802,-1.0122297,1.2410351,-0.86771
p2,C,C,mock,mock,0.0,0.0,0.42223433,0.013771392,0.7602887,-0.10857243,1.0439614,-0.16432473,1.2260152,-0.32634288,0.75253546,-0.65194595,0.98458815,-0.91540474,1.1552589,-0.87998396,1.2467636,-0.7807162,0.6713082,-0.7411783,0.9447318,-1.0436605,1.1367812,-0.96059567,1.2117336,-0.7878874,0.56614155,-0.8110105,0.8418122,-1.1098918,1.0534848,-1.0121275,1.1519706,-0.8210674,0.4285451,-0.8493716,0.68422043,-1.0521042,0.8927163,-1.0185165,1.0358843,-0.88918006
p2,C,C,mock,mock,0.0,0.0,0.47795284,0.005415323,0.81377923,-0.1315167,1.0932645,-0.19883259,1.2498097,-0.37607545,0.7343388,-0.6730172,0.9409043,-0.9421712,1.1196193,-0.9420036,1.24498,-0.8726019,0.6617863,-0.7496925,0.90593714,-1.0827824,1.1186565,-1.0335337,1.2178805,-0.871685,0.56464607,-0.8113186,0.8181248,-1.1388019,1.0347846,-1.0592096,1.1280879,-0.87808615,0.44175252,-0.83533597,0.6893853,-1.0563656,0.8870395,-1.0290111,1.007928,-0.9098465
p2,C,C,mock,mock,0.0,0.0,0.46296507,0.08609221,0.8229677,-0.044398636,1.10506,-0.16995393,1.3665167,-0.3207422,0.88007295,-0.51689106,1.1105887,-0.71136975,1.2602217,-0.7229313,1.3800652,-0.68687147,0.76666033,-0.6420529,1.0119344,-0.91861176,1.182125,-0.9006108,1.2897502,-0.77297986,0.62422085,-0.7287445,0.8785401,-1.0412934,1.0677334,-0.9872226,1.182225,-0.8248944,0.44049376,-0.77415043,0.70671195,-0.96285456,0.9170544,-0.9546788,1.0773222,-0.8505035
p2,C,C,mock,mock,0.0,0.0,0.465065,0.08088746,0.7889321,0.02059367,1.0418819,-0.0828407,1.1726553,-0.28762564,0.84187645,-0.5608467,1.0865604,-0.82902974,1.2236336,-0.81553805,1.3009175,-0.745979,0.7243174,-0.6894667,0.9735396,-1.0423307,1.1431192,-1.0005395,1.2188756,-0.85992336,0.58668184,-0.77712274,0.8198681,-1.1307051,1.0055563,-1.0504856,1.1014718,-0.8695901,0.42434052,-0.81988716,0.6443171,-1.0579616,0.85011214,-1.0432749,1.0100205,-0.9307036
p2,C,C,mock,mock,0.0,0.0,0.40976265,0.09313569,0.7786088,-0.006401153,1.0657895,-0.107691444,1.2995386,-0.24658908,0.8393531,-0.55133545,1.096848,-0.76098067,1.2822242,-0.75774884,1.4053657,-0.69754237,0.7392733,-0.6734055,1.0336901,-0.9758905,1.240403,-0.9246384,1.3511331,-0.7769733,0.59960586,-0.7446794,0.89885986,-1.07103,1.1326593,-0.98368895,1.2622552,-0.8008747,0.4267206,-0.7586064,0.69827646,-0.93957764,0.9286509,-0.90533966,1.0927567,-0.7891514
p2,C,C,mock,mock,0.0,0.0,0.42309472,0.07424783,0.7933149,-0.049988978,1.0719814,-0.14408511,1.3238697,-0.25507724,0.81571954,-0.59055567,1.0327011,-0.82133454,1.237731,-0.8202657,1.3792375,-0.7546041,0.6993647,-0.714765,0.9729338,-1.0242329,1.2059542,-0.97288716,1.3440733,-0.8177069,0.56055963,-0.78147453,0.8652622,-1.1138175,1.1351817,-1.0405476,1.3090439,-0.8673932,0.40817532,-0.77101094,0.70372915,-0.9427907,0.95281565,-0.9073314,1.1353536,-0.7915239
p2,C,C,mock,mock,0.0,0.0,0.41410193,-0.045356665,0.7916479,-0.25339642,1.108625,-0.30716687,1.4204566,-0.24374072,0.44125545,-0.9422966,0.7373113,-1.2172139,1.0439743,-1.2611324,1.2958319,-1.2170421,0.30582967,-0.95208627,0.6838436,-1.2938777,1.0342077,-1.3098575,1.320234,-1.2348034,0.2397132,-0.84826237,0.61776656,-1.1958311,0.9509544,-1.2457036,1.2188083,-1.2224661,0.24070753,-0.6567681,0.52024347,-0.9125512,0.7668552,-1.0341108,0.9824785,-1.1023529
p2,C,C,mock,mock,0.0,0.0,0.42215803,0.019133272,0.8697128,-0.17784119,1.1999828,-0.24907541,1.5560721,-0.23639397,0.593427,-0.8705768,0.85724676,-1.293936,1.1449279,-1.3970188,1.3810939,-1.383153,0.41872856,-0.90811145,0.73027414,-1.3836806,1.0759878,-1.4602611,1.3722787,-1.3852484,0.2543829,-0.8856689,0.5950911,-1.375057,0.9468902,-1.4585608,1.248753,-1.4192977,0.11215375,-0.7973561,0.38828117,-1.1421256,0.6678832,-1.2573093,0.91785675,-1.2835969
p2,C,C,mock,mock,0.0,0.0,0.4293739,-0.10702215,0.80055016,-0.33845624,1.0987346,-0.4306009,1.4118856,-0.4098922,0.40684196,-0.9717733,0.684496,-1.2513425,0.9845096,-1.3021921,1.2407416,-1.2626319,0.2655878,-0.96408665,0.6129489,-1.3211572,0.9567273,-1.3537982,1.2402084,-1.2894934,0.18048851,-0.857388,0.51772565,-1.2470305,0.8484925,-1.3129332,1.1206808,-1.2925432,0.15227696,-0.67521054,0.38697532,-0.93177783,0.63360685,-1.068986,0.8602947,-1.1488223
p2,C,C,mock,mock,0.0,0.0,0.45558354,-0.18181223,0.7900686,-0.37884495,1.0642895,-0.44761088,1.3568617,-0.43512684,0.42447534,-0.9557822,0.6776458,-1.2009923,0.9483677,-1.2494888,1.194015,-1.2167974,0.32160223,-0.94687486,0.62790084,-1.2462606,0.92656416,-1.2695278,1.1826738,-1.2125599,0.2586701,-0.8475577,0.5603842,-1.179977,0.8560138,-1.2325631,1.1023202,-1.2186509,0.2274086,-0.676702,0.4461521,-0.9009072,0.65631974,-1.0377511,0.8381786,-1.1285365
p4,D,D,mock,mock,0.0,0.0,0.4586956,-0.042683475,0.82846904,-0.12303586,1.1860036,-0.16358343,1.2750852,-0.41785997,0.35284552,-0.98717463,0.55768734,-1.4124292,0.63181996,-1.6960496,0.6475496,-1.9243586,0.24071819,-0.97059506,0.946776,-1.075876,1.1934193,-0.73902327,1.2135316,-0.43367434,0.19171867,-0.85964507,0.8045134,-0.9895372,1.0862576,-0.70333195,1.150977,-0.4219048,0.21990593,-0.6901046,0.62782097,-0.865135,0.93409437,-0.75690347,1.1014524,-0.5825537
p4,D,D,mock,mock,0.0,0.0,0.42063755,-0.094460405,0.7226527,-0.24504957,1.0097739,-0.32550254,1.113708,-0.49639636,0.2787848,-0.97292197,0.43043405,-1.3781118,0.47166172,-1.6502655,0.4676152,-1.8690544,0.16272946,-0.98667073,0.8114319,-1.072936,1.032479,-0.787922,1.0643404,-0.53122795,0.1255845,-0.8796571,0.72486615,-0.9714681,0.97240454,-0.7064762,1.0302376,-0.478832,0.16297676,-0.69916934,0.5948636,-0.8434375,0.8575804,-0.746671,0.9942228,-0.61256343
p4,D,D,mock,mock,0.0,0.0,0.46992958,-0.04233019,0.8563471,-0.14005893,1.2250247,-0.17177768,1.3675177,-0.35295546,0.42988586,-0.9517576,0.5860379,-1.4450232,0.63036215,-1.7541138,0.62222797,-2.0163798,0.2842789,-0.9587416,0.9984531,-1.0493697,1.2678422,-0.6855046,1.271753,-0.3594893,0.22119185,-0.817167,0.8841235,-0.89438695,1.1723418,-0.5483025,1.2146031,-0.2569473,0.25728253,-0.60065466,0.757924,-0.7162304,1.0616063,-0.55287915,1.1960198,-0.35158777
p4,D,D,mock,mock,0.0,0.0,0.508499,0.028777584,0.9012598,-0.019827988,1.2895317,-0.02537429,1.4853243,-0.24272357,0.4382613,-0.9624843,0.60640246,-1.4732499,0.63675296,-1.772466,0.6004523,-2.037305,0.2650156,-0.9642441,1.0813811,-0.99172693,1.3095335,-0.5411399,1.235519,-0.19817169,0.18357687,-0.8162189,0.9622194,-0.8380571,1.2421926,-0.42720622,1.2707314,-0.08467119,0.2110001,-0.6042319,0.7151298,-0.65315294,1.0707477,-0.44476447,1.2651463,-0.20159222
p4,D,D,mock,mock,0.0,0.0,0.49846384,-0.114415705,0.7818447,-0.3576817,1.0246414,-0.46375644,1.1400722,-0.548299,0.3911804,-0.9540165,0.50383395,-1.3582085,0.5567512,-1.6254034,0.5806224,-1.8419722,0.30624697,-0.9519521,0.7891193,-1.0636806,1.0505079,-0.8371454,1.1578575,-0.63200974,0.27333423,-0.86672723,0.75337183,-1.0452245,0.99731827,-0.82669735,1.097036,-0.60109204,0.31742233,-0.7232553,0.657301,-0.89312863,0.90844476,-0.7931912,1.0636283,-0.6433112
p4,D,D,mock,mock,0.0,0.0,0.462949,-0.19097678,0.70322263,-0.4656117,0.9162724,-0.59626347,1.1116451,-0.6331433,0.29620063,-1.004285,0.49170762,-1.4034228,0.5852571,-1.6667681,0.6380415,-1.8847634,0.18521425,-0.98269814,0.7070864,-1.2033572,0.98465836,-1.0016079,1.1075077,-0.80591375,0.14927804,-0.86959594,0.665852,-1.1574962,0.95873976,-0.94787604,1.0847558,-0.742524,0.19014679,-0.7063577,0.5638596,-0.9669269,0.8284117,-0.9092038,0.97588366,-0.8022698
p4,D,D,mock,mock,0.0,0.0,0.503628,-0.18290573,0.7631472,-0.4091102,0.98459935,-0.5059821,1.171735,-0.5223008,0.37634227,-0.97974384,0.5306177,-1.3676069,0.5887427,-1.6356953,0.6133804,-1.8634187,0.2707554,-0.96264815,0.8349251,-1.0577904,1.0861745,-0.835672,1.1810323,-0.64877075,0.23904058,-0.8451458,0.7818095,-1.0125353,1.0383887,-0.78694904,1.1298698,-0.5900094,0.29008827,-0.69423527,0.67287123,-0.8768495,0.9185721,-0.7915186,1.0476445,-0.6684389
p4,D,D,mock,mock,0.0,0.0,0.33286533,-0.34201768,0.43369845,-0.6621445,0.5439458,-0.8627867,0.5977319,-0.9851069,-0.024867777,-1.0554283,0.16026111,-1.4559258,0.2832202,-1.6892083,0.32348067,-1.9034698,-0.12553653,-0.992089,0.3284955,-1.3624357,0.57100123,-1.1591673,0.60358346,-0.9770726,-0.091967866,-0.8530717,0.3439952,-1.2050909,0.56933635,-1.0079248,0.5610664,-0.82730395,0.015711835,-0.692077,0.38773638,-0.89702624,0.5388361,-0.79146916,0.51569396,-0.6700368
p4,D,D,mock,mock,0.0,0.0,0.26517734,-0.3667497,0.39479843,-0.6700055,0.5435477,-0.8571454,0.48403063,-0.977329,-0.14099886,-1.0462775,-0.052266773,-1.4418912,0.0073283645,-1.6758947,0.024789266,-1.8893518,-0.27162516,-0.9624031,0.21025436,-1.3324548,0.3668444,-1.0911989,0.31480598,-0.91819644,-0.2514361,-0.8438796,0.20162746,-1.2114784,0.34350628,-0.9753659,0.26656762,-0.8078084,-0.1236986,-0.72124463,0.25378996,-1.0042876,0.33087426,-0.8404407,0.22675957,-0.70298415
p1,D,D,mock,mock,0.0,0.0,0.24427572,-0.3364612,0.37648797,-0.66442645,0.53304565,-0.874429,0.49738818,-0.9520529,-0.16744041,-1.0432476,-0.043412633,-1.4219517,0.046808496,-1.6643224,0.08743752,-1.8914262,-0.31336057,-0.9496342,0.16599795,-1.288127,0.35544112,-1.0606476,0.32115355,-0.88314694,-0.28555936,-0.80752486,0.13748929,-1.1626503,0.32209912,-0.93681437,0.25699583,-0.76545465,-0.15206929,-0.67473286,0.22235426,-0.92503077,0.3119447,-0.76456594,0.21646436,-0.6237962
p4,D,D,mock,mock,0.0,0.0,0.27223375,-0.35536507,0.39036316,-0.6711616,0.5466012,-0.8689455,0.5172221,-0.9780998,-0.15260197,-1.0501575,-0.039189924,-1.4489102,0.05440129,-1.6961666,0.089034304,-1.9085567,-0.28227773,-0.9593327,0.18722387,-1.3068925,0.39055848,-1.0798092,0.36179247,-0.9001897,-0.25488982,-0.82185405,0.17150012,-1.1705254,0.34925425,-0.9519473,0.28088957,-0.781883,-0.13471091,-0.6849382,0.23022383,-0.9368351,0.32171294,-0.782632,0.22462311,-0.63937587
p4,D,D,mock,mock,0.0,0.0,0.2272918,-0.38917264,0.3241451,-0.7131268,0.4865551,-0.9182986,0.5980707,-1.0110408,-0.20317402,-1.0441206,-0.106615916,-1.4722521,-0.042018384,-1.725977,-0.02122843,-1.9664873,-0.2779091,-0.96060735,0.19425528,-1.3514284,0.3884925,-1.1382289,0.37544155,-0.96953297,-0.20836787,-0.82831293,0.24077159,-1.2031698,0.38402227,-1.0035068,0.30547,-0.8401283,-0.0567282,-0.718018,0.31787226,-0.95817006,0.3824797,-0.81855816,0.2833308,-0.69250244
p1,D,D,mock,mock,0.0,0.0,0.23474154,-0.37823758,0.33908954,-0.7107449,0.4972247,-0.9188729,0.56869286,-1.0227927,-0.21480516,-1.0431587,-0.118724264,-1.4799635,-0.055368815,-1.7454003,-0.042185035,-1.990596,-0.30112097,-0.9535859,0.18181564,-1.3421049,0.37664118,-1.1251682,0.3532005,-0.9521226,-0.23202826,-0.816831,0.20768358,-1.1981575,0.35132438,-0.98570454,0.270863,-0.81513613,-0.07292301,-0.70242393,0.29410183,-0.9387413,0.35454664,-0.7805691,0.25132763,-0.64254504
p4,D,D,mock,mock,0.0,0.0,0.41650635,-0.3311666,0.6734486,-0.5979026,0.9330498,-0.7625185,1.1249716,-0.9093096,0.40993288,-1.0100002,0.43857676,-1.4423287,0.4569614,-1.696526,0.44975916,-1.9106109,0.3279167,-0.9447066,0.806255,-1.1729047,1.0575761,-0.96779907,1.0911793,-0.76653326,0.3203561,-0.78517425,0.85501045,-0.9090954,1.0021996,-0.66986555,0.9582889,-0.4987976,0.38885173,-0.5871606,0.8206036,-0.65583587,0.9475657,-0.52698445,0.9403349,-0.40174636
p1,D,D,mock,mock,0.0,0.0,0.28328648,-0.3274083,0.4828966,-0.6062516,0.75806534,-0.75480527,0.9790276,-0.8595592,0.10950104,-1.0023851,0.248685,-1.365295,0.32047412,-1.5870827,0.34716266,-1.7977079,0.07874037,-0.99689513,0.58491594,-1.2233894,0.79724944,-1.0650234,0.8528428,-0.91291755,0.12623101,-0.90122116,0.6561242,-1.0797876,0.81974065,-0.88820004,0.8083305,-0.72398543,0.24933438,-0.77578425,0.68082404,-0.90731204,0.8004127,-0.7845167,0.7804435,-0.66133153
p3,D,D,mock,mock,0.0,0.0,0.3873932,-0.28044376,0.65424526,-0.55531853,0.91995245,-0.71245587,1.1428341,-0.82736343,0.4342286,-0.9532089,0.4957973,-1.3997799,0.5258477,-1.6547917,0.5247334,-1.8666888,0.3772459,-0.9261131,0.90284586,-1.1344197,1.166648,-0.9240077,1.1998205,-0.7298551,0.38427237,-0.7641301,0.9664265,-0.8666207,1.1051979,-0.61451954,1.0278813,-0.46296424,0.47029743,-0.55517733,0.9393884,-0.59952503,1.0338795,-0.46010008,0.9810604,-0.34554753
p1,D,D,mock,mock,0.0,0.0,0.42667475,-0.27608863,0.69273555,-0.5678296,0.9374107,-0.7517795,1.1247612,-0.8849155,0.4029659,-0.99665123,0.44263315,-1.4312645,0.47299147,-1.6988864,0.46848017,-1.9214222,0.31441307,-0.9492863,0.8415065,-1.1676457,1.1056981,-0.95542413,1.1412576,-0.7512602,0.31128398,-0.7842258,0.8946165,-0.88884246,1.052436,-0.6316307,0.9987262,-0.46510413,0.3922428,-0.57772356,0.8697332,-0.6334644,0.9805694,-0.49273792,0.9408805,-0.3745838
p1,D,D,mock,mock,0.0,0.0,0.3764199,-0.36264026,0.64248544,-0.64128524,0.91474265,-0.8049861,1.1336037,-0.9331398,0.4166462,-1.0277305,0.45486206,-1.483782,0.47024214,-1.7507143,0.4734896,-1.973016,0.34535292,-0.93847287,0.8212218,-1.1957983,1.0847937,-0.9990973,1.1265159,-0.7947798,0.34687784,-0.7610006,0.8857002,-0.90835226,1.0480856,-0.6825071,1.0081873,-0.51872885,0.4308169,-0.5552394,0.8623079,-0.6526419,0.9919357,-0.53477013,0.9799675,-0.40984067
p4,D,D,mock,mock,0.0,0.0,0.29633296,-0.35436454,0.41162387,-0.6805889,0.516188,-0.8829227,0.5578133,-1.0054787,-0.035206206,-1.0540314,0.15080062,-1.4381343,0.27297923,-1.6593537,0.33171725,-1.8713108,-0.13154922,-0.99130964,0.3484216,-1.3577762,0.5515073,-1.1527262,0.5637696,-0.9748866,-0.09915104,-0.86554104,0.364681,-1.1922563,0.53848004,-0.99703646,0.5060962,-0.8243405,0.0047194753,-0.7201308,0.3931066,-0.91395926,0.51562965,-0.7918792,0.47907004,-0.66226137
p2,D,D,mock,mock,0.0,0.0,0.5169613,-0.19358109,0.7577214,-0.43472934,0.98937315,-0.5352674,1.1866462,-0.57379264,0.34921983,-1.009343,0.51740277,-1.4078251,0.6115333,-1.67477,0.6703119,-1.9115951,0.23062736,-0.97304213,0.8257015,-1.1015145,1.0967451,-0.8813109,1.2015698,-0.6976237,0.20517923,-0.8352217,0.7826484,-1.0278527,1.049604,-0.7985435,1.1371669,-0.6063675,0.2708116,-0.6628842,0.6887798,-0.8525278,0.94745976,-0.7734667,1.0846902,-0.6677531
p4,D,D,mock,mock,0.0,0.0,0.39643532,-0.3491005,0.5474036,-0.6820057,0.7096138,-0.87930095,0.79290885,-1.0233016,0.17195715,-1.1006333,0.31688142,-1.5663481,0.44112346,-1.863226,0.48748073,-2.1179192,0.09631045,-0.9953513,0.6052831,-1.3279662,0.8355437,-1.0262502,0.83572656,-0.8203385,0.11249219,-0.8125066,0.6489929,-1.1674008,0.8276967,-0.8790068,0.75188726,-0.6916839,0.22015488,-0.63589257,0.66700226,-0.8044773,0.7696833,-0.6383469,0.6874314,-0.4959624
p4,D,D,mock,mock,0.0,0.0,0.28165454,-0.4256317,0.3881134,-0.72865254,0.49536505,-0.9392304,0.4282729,-1.067309,-0.14132103,-1.0746558,-0.04091986,-1.4807602,0.0035851167,-1.7427012,0.022052327,-1.9668274,-0.25301176,-0.9674632,0.21687368,-1.2837493,0.2911111,-1.0236297,0.1957449,-0.8767853,-0.26958558,-0.8248742,0.22944586,-1.0273583,0.2871296,-0.7872039,0.17843333,-0.6833646,-0.20609152,-0.66193914,0.19645932,-0.8467054,0.24400371,-0.67859876,0.12321228,-0.5649788
p4,D,D,mock,mock,0.0,0.0,0.2578405,-0.4249298,0.3510324,-0.7246424,0.45100358,-0.9409571,0.38897642,-1.0980294,-0.18353045,-1.0713202,-0.070163116,-1.4746082,-0.013942026,-1.7492008,0.017089598,-1.9766703,-0.2750864,-0.9614195,0.16246179,-1.2973001,0.24072991,-1.0304259,0.15786056,-0.8742486,-0.27587062,-0.8089109,0.21154541,-1.0288905,0.27019992,-0.7797985,0.16244039,-0.675021,-0.20179851,-0.6414051,0.18466008,-0.83004165,0.23174985,-0.65999365,0.11546916,-0.5440152
p4,D,D,mock,mock,0.0,0.0,0.3330242,-0.39470458,0.47449818,-0.6818577,0.68357694,-0.8582832,0.8215032,-1.0156565,-0.07921456,-1.0515867,0.12837182,-1.4259374,0.2561823,-1.6603011,0.31813788,-1.8749887,-0.15732482,-0.9875469,0.37464076,-1.3266987,0.6268269,-1.1719017,0.68097836,-1.0118314,-0.11434346,-0.85062337,0.37596756,-1.1721095,0.64138705,-1.0271152,0.6742215,-0.8648628,0.00928008,-0.7052043,0.39986187,-0.96453166,0.6214933,-0.91071373,0.6794747,-0.8117976
p4,D,D,mock,mock,0.0,0.0,0.27873197,-0.41055816,0.40847895,-0.6937522,0.6147969,-0.8739258,0.77585125,-1.0379236,-0.094598316,-1.0495209,0.012449205,-1.443989,0.06928762,-1.6985321,0.06389636,-1.9427105,-0.15026632,-0.98864555,0.31574887,-1.3221313,0.5877004,-1.1784225,0.66848856,-1.0226234,-0.09076737,-0.84550494,0.38333032,-1.1686093,0.6358889,-1.0208995,0.6677607,-0.84567213,0.05000966,-0.71421653,0.42570743,-0.9455141,0.6442264,-0.8857001,0.7121641,-0.7801655
p4,D,D,mock,mock,0.0,0.0,0.27110502,-0.40598834,0.40525237,-0.70438486,0.61192614,-0.89116406,0.7633709,-1.0616777,-0.10804097,-1.0438685,-0.009922133,-1.4431772,0.027419072,-1.6977259,-0.0028321203,-1.9366815,-0.15242164,-0.9883156,0.3197739,-1.3211614,0.5867106,-1.1836458,0.6671948,-1.0329599,-0.08891352,-0.8524579,0.39525828,-1.1610698,0.6296774,-1.0160661,0.65839213,-0.8498455,0.052065622,-0.71949667,0.41751477,-0.9602055,0.62874883,-0.90119755,0.6963597,-0.7991209
p3,D,D,mock,mock,0.0,0.0,0.33241725,-0.1401691,0.5489177,-0.4317058,0.47062463,-0.7297683,0.17704222,-0.78822094,0.26604477,-1.0087755,0.20410141,-1.41038,0.13521282,-1.6414241,0.07211281,-1.8508437,0.033620387,-0.99943465,-0.03298204,-1.3672111,0.0030751051,-1.1075133,0.049059674,-0.89810276,-0.15909679,-0.91147774,-0.26471594,-1.2221789,-0.18559135,-0.97598994,-0.12606262,-0.7551791,-0.3490034,-0.76339656,-0.42147377,-1.0592384,-0.34028736,-0.91488725,-0.27352834,-0.73229617
p3,D,D,mock,mock,0.0,0.0,0.32157755,-0.1483363,0.5337236,-0.44663167,0.4237367,-0.7400419,0.12025001,-0.80738884,0.2681341,-1.0093689,0.20792377,-1.4068054,0.14190842,-1.640276,0.08232804,-1.8494605,0.024252964,-0.99970585,-0.04223253,-1.3747052,-0.014751732,-1.1319346,0.023761721,-0.9297238,-0.17169616,-0.91531754,-0.2723893,-1.2352927,-0.20550749,-1.0024747,-0.1550467,-0.779774,-0.35563004,-0.769869,-0.43071538,-1.0659834,-0.35628155,-0.9323065,-0.2954526,-0.75166273
p3,D,D,mock,mock,0.0,0.0,0.32311764,-0.15021959,0.5412388,-0.43961897,0.42809752,-0.7315967,0.12382586,-0.7976004,0.26866007,-1.0161918,0.19897448,-1.4135815,0.12771665,-1.6480192,0.06016984,-1.860044,0.021277493,-0.9997736,-0.056900345,-1.3704057,-0.025376072,-1.1064281,0.0199409,-0.8982426,-0.17747574,-0.9116824,-0.28480333,-1.2206714,-0.21533632,-0.9837487,-0.16047205,-0.76403,-0.36538485,-0.7630394,-0.44230667,-1.059707,-0.36889613,-0.92401403,-0.306919,-0.74603146
p3,D,D,mock,mock,0.0,0.0,0.3610122,-0.15723467,0.5739471,-0.44962743,0.57942086,-0.8113982,0.27920425,-0.8805189,0.30933544,-1.0181754,0.2541812,-1.4216124,0.20457004,-1.6717479,0.13303381,-1.8814096,0.084060535,-0.9964607,0.027481118,-1.4038887,0.08568349,-1.1214447,0.1398771,-0.9246046,-0.10333012,-0.9141749,-0.18798469,-1.2807698,-0.08232794,-1.0291687,-0.026051791,-0.78752995,-0.29541326,-0.7703299,-0.3625435,-1.1021061,-0.26342997,-0.9804596,-0.18916993,-0.79426754
p3,D,D,mock,mock,0.0,0.0,0.35741186,-0.154232,0.5796915,-0.44459733,0.56736845,-0.79348034,0.26976615,-0.8663839,0.3144863,-1.0203412,0.2634896,-1.4317431,0.22048852,-1.6832169,0.16104312,-1.894709,0.08080692,-0.9967298,0.033562355,-1.4063689,0.088560015,-1.1210002,0.14049666,-0.91907793,-0.11262657,-0.91255075,-0.18832509,-1.287099,-0.08798642,-1.0338564,-0.034855884,-0.7841112,-0.3085251,-0.7679299,-0.37270898,-1.10611,-0.27769813,-0.9804555,-0.20980747,-0.78884465
p3,D,D,mock,mock,0.0,0.0,0.3461259,-0.13489816,0.5663043,-0.4337172,0.48946175,-0.7563276,0.21229658,-0.89126,0.4098881,-0.9419478,0.42830545,-1.3727431,0.4196133,-1.637917,0.39779967,-1.8615605,0.17331946,-0.98486567,0.16612493,-1.42539,0.17222363,-1.2150325,0.1872154,-1.0269227,-0.029302208,-0.9440022,-0.076494865,-1.3480057,-0.025261382,-1.1527145,-0.008465344,-0.92751205,-0.23983702,-0.8316545,-0.26125938,-1.1572301,-0.18882158,-1.066865,-0.1514929,-0.8842135
p3,D,D,mock,mock,0.0,0.0,0.34137675,-0.1343126,0.57546556,-0.46580994,0.47429636,-0.81210345,0.19188091,-0.9240206,0.4259267,-0.9351688,0.4114901,-1.3531545,0.36682326,-1.6171918,0.32093424,-1.8191404,0.18726231,-0.98230994,0.1757452,-1.4199293,0.18743442,-1.2593628,0.19859308,-1.0612212,-0.014542744,-0.9434784,-0.062407535,-1.34299,-0.011978371,-1.190174,0.0049056057,-0.9666695,-0.22266294,-0.84406286,-0.2567734,-1.163078,-0.18460935,-1.100552,-0.14397268,-0.9238416
p3,D,D,mock,mock,0.0,0.0,0.34308162,-0.1349569,0.5802254,-0.47543946,0.46834522,-0.81201845,0.18388474,-0.9288592,0.42319262,-0.9347434,0.4099112,-1.3618548,0.35972998,-1.6319884,0.31275764,-1.8433577,0.18666899,-0.9824229,0.17886965,-1.4378202,0.1891616,-1.2942219,0.19174857,-1.0838948,-0.018827673,-0.94548184,-0.06355871,-1.3618515,-0.014354075,-1.2180974,0.0020080924,-0.98429006,-0.23035127,-0.852342,-0.2655882,-1.1812567,-0.19172165,-1.1291862,-0.14867027,-0.9524211
p3,D,D,mock,mock,0.0,0.0,0.33683857,-0.11771472,0.5818655,-0.44330415,0.49899888,-0.77430683,0.21843256,-0.91855,0.4241812,-0.94567883,0.41266164,-1.3814282,0.36540022,-1.6561189,0.31920478,-1.8687122,0.18519941,-0.98270094,0.17774121,-1.4349881,0.18219295,-1.2685369,0.1993791,-1.0631088,-0.022718793,-0.93946767,-0.062036008,-1.3533804,-0.016164646,-1.2024254,0.0053402656,-0.96600044,-0.23737499,-0.83640623,-0.26861832,-1.164049,-0.19491532,-1.099264,-0.1485531,-0.90887064
p3,D,D,mock,mock,0.0,0.0,0.32199433,-0.14326395,0.5287641,-0.47888905,0.40136358,-0.8004129,0.14869258,-0.9371049,0.42621297,-0.9372876,0.41016254,-1.3628942,0.3680096,-1.6279925,0.33465222,-1.832118,0.18219699,-0.98326206,0.16708468,-1.4161519,0.15645061,-1.2657087,0.16123012,-1.067936,-0.026518814,-0.94285184,-0.07362257,-1.3411793,-0.046663832,-1.1951874,-0.0337615,-0.9779589,-0.23156881,-0.84342283,-0.27414948,-1.1613216,-0.2228222,-1.0962704,-0.18903537,-0.920757
p3,D,D,mock,mock,0.0,0.0,0.3526913,-0.22833748,0.5641532,-0.55268824,0.49685487,-0.89356226,0.2012327,-0.9527223,0.36998034,-0.9733174,0.3859389,-1.3548146,0.3761666,-1.5755234,0.37690744,-1.7691472,0.15596452,-0.98776263,0.14985828,-1.3659908,0.1586442,-1.1901808,0.1693538,-1.019526,-0.03524112,-0.9353762,-0.08317658,-1.2948989,-0.013064864,-1.0974699,0.010386915,-0.8798112,-0.23908731,-0.827881,-0.265179,-1.1505936,-0.19133389,-1.0475432,-0.15235755,-0.8609848
p3,D,D,mock,mock,0.0,0.0,0.3465751,-0.22089069,0.5711506,-0.55611044,0.49429786,-0.8905408,0.1966326,-0.9519121,0.38220555,-0.9698427,0.39590463,-1.346203,0.38438356,-1.5635842,0.379593,-1.7523832,0.1659693,-0.9861309,0.16234925,-1.365022,0.18433598,-1.185544,0.19285135,-1.0031602,-0.030877315,-0.931121,-0.07594026,-1.2862175,0.0005334506,-1.0920981,0.024639394,-0.8727622,-0.23665006,-0.8272574,-0.2605506,-1.1419568,-0.17897879,-1.0477915,-0.13361564,-0.8707282
p3,D,D,mock,mock,0.0,0.0,0.33415726,-0.22937311,0.5464964,-0.56556225,0.43174306,-0.8931003,0.13186766,-0.9505718,0.38185742,-0.96274453,0.40297544,-1.3328782,0.38434023,-1.565591,0.38188,-1.7558341,0.15581432,-0.98778635,0.1491242,-1.3587058,0.14876948,-1.1983536,0.14793634,-1.0146034,-0.041721154,-0.9366659,-0.09138173,-1.2671697,-0.03283371,-1.0854883,-0.013163835,-0.8697087,-0.24424131,-0.8282068,-0.27871522,-1.1218534,-0.20899194,-1.033057,-0.16842431,-0.85398495
p3,D,D,mock,mock,0.0,0.0,0.33620858,-0.23238607,0.5536543,-0.5784472,0.45680538,-0.9133621,0.16520934,-0.9713657,0.39079806,-0.9619336,0.4175431,-1.3357581,0.4006155,-1.5716804,0.39574215,-1.7566149,0.16975076,-0.98548704,0.1589175,-1.361482,0.16181321,-1.1968668,0.15964605,-1.0049139,-0.02268878,-0.9358102,-0.07573025,-1.2654208,-0.013524768,-1.0871477,0.006423136,-0.8710235,-0.21934597,-0.8327252,-0.25566605,-1.1314398,-0.18750125,-1.0425273,-0.15065387,-0.86129534
p3,D,D,mock,mock,0.0,0.0,0.34338966,-0.23155768,0.564929,-0.57655466,0.45544362,-0.9139071,0.16600385,-0.9824872,0.39469758,-0.957462,0.41749313,-1.3409379,0.39971435,-1.5802467,0.3987111,-1.7721683,0.17154112,-0.985177,0.16351157,-1.3720444,0.16531236,-1.2099226,0.16328284,-1.0178024,-0.023738857,-0.9365507,-0.07494555,-1.2745767,-0.014071112,-1.092477,0.006069407,-0.87466484,-0.22507633,-0.83206314,-0.26156127,-1.1346309,-0.1928612,-1.0425498,-0.15593481,-0.8595809
p3,D,D,mock,mock,0.0,0.0,0.31688967,-0.28256884,0.52213675,-0.5836161,0.41523346,-0.8878345,0.1290024,-0.9060835,0.26935974,-1.0407164,0.25314412,-1.4247236,0.23315279,-1.6454471,0.19444658,-1.8589867,0.04154745,-0.9991365,0.03172484,-1.3252323,0.079037756,-1.0089608,0.10955601,-0.88815683,-0.1593795,-0.91022104,-0.21200137,-1.19701,-0.11486479,-0.92137975,-0.06422918,-0.78369415,-0.3354832,-0.740166,-0.38904658,-0.9757523,-0.2706683,-0.8175236,-0.21737485,-0.68997145
p3,D,D,mock,mock,0.0,0.0,0.3222412,-0.29145658,0.51859146,-0.5817059,0.4126233,-0.8808601,0.12663943,-0.8995605,0.26332077,-1.0470892,0.24736923,-1.4331706,0.22559588,-1.657108,0.1879894,-1.8721818,0.03301261,-0.9994549,0.026560424,-1.3346603,0.07426805,-1.0185426,0.10856451,-0.90442,-0.17175129,-0.9070506,-0.2150203,-1.194253,-0.11999348,-0.9249287,-0.06709628,-0.78221095,-0.34728187,-0.7288534,-0.3926928,-0.96953845,-0.28024545,-0.8199294,-0.23070958,-0.6916413
p3,D,D,mock,mock,0.0,0.0,0.31626827,-0.2580967,0.52525103,-0.57991266,0.41473472,-0.8815362,0.12372204,-0.88292974,0.2700391,-1.0413398,0.25288543,-1.412951,0.23315826,-1.6387789,0.19728686,-1.8494519,0.038372423,-0.9992635,0.026644936,-1.3169405,0.08332768,-1.0162941,0.11993054,-0.8909122,-0.15788162,-0.9019803,-0.20773053,-1.1757916,-0.10363886,-0.9123218,-0.058748107,-0.78091997,-0.34155494,-0.74355865,-0.37703237,-0.9662215,-0.2676142,-0.8113094,-0.22194709,-0.6908341
p3,D,D,mock,mock,0.0,0.0,0.30838388,-0.26783246,0.53402627,-0.5644282,0.41590324,-0.86695564,0.13033696,-0.88108575,0.29495305,-1.0288422,0.29745546,-1.4112049,0.27828306,-1.6282827,0.2432803,-1.8466123,0.06395248,-0.99795294,0.045999583,-1.3173565,0.08715245,-0.9985713,0.123300105,-0.85526097,-0.13682094,-0.9139224,-0.18922871,-1.183671,-0.0993851,-0.9056373,-0.044317503,-0.7503171,-0.31187013,-0.7536772,-0.36781365,-0.9698398,-0.26277155,-0.8096715,-0.20642544,-0.6776841
p3,D,D,mock,mock,0.0,0.0,0.3162053,-0.28138688,0.51239663,-0.57475203,0.3635056,-0.8666733,0.076834165,-0.88337874,0.290311,-1.0336407,0.2909396,-1.4230006,0.27651253,-1.6486144,0.2487327,-1.8656439,0.060624488,-0.99816066,0.03749162,-1.310954,0.080289684,-0.9841498,0.12298843,-0.85153764,-0.14189945,-0.913346,-0.20225291,-1.1984526,-0.11379625,-0.9279993,-0.058578357,-0.7737156,-0.32467496,-0.74342144,-0.38528255,-0.9733812,-0.27807236,-0.8339978,-0.22263245,-0.6995156
p3,D,D,mock,mock,0.0,0.0,0.34535334,-0.0937912,0.5966806,-0.45472476,0.567172,-0.84483254,0.2627848,-0.92851955,0.38566998,-0.97023606,0.3703522,-1.3699137,0.3369934,-1.6293147,0.2963538,-1.815782,0.16033593,-0.9870625,0.100119315,-1.4142442,0.1646582,-1.2728088,0.20366675,-1.0587012,-0.032084897,-0.9318996,-0.106028646,-1.2965802,0.00660452,-1.1804155,0.048417162,-0.95419484,-0.23289664,-0.84192467,-0.28140962,-1.1652079,-0.18678828,-1.1226717,-0.13035765,-0.9498815
p3,D,D,mock,mock,0.0,0.0,0.33839494,-0.10540314,0.559753,-0.4899471,0.47782016,-0.86282074,0.18267892,-0.9654524,0.38383144,-0.96057624,0.3624067,-1.3510175,0.32356605,-1.6043823,0.2857927,-1.7866485,0.1565877,-0.98766404,0.10398511,-1.4129612,0.1366274,-1.290834,0.15465027,-1.0849184,-0.03798262,-0.9351929,-0.113402165,-1.2958336,-0.031431448,-1.1943787,-0.0021387402,-0.978497,-0.2325332,-0.84423316,-0.28131765,-1.1652696,-0.206528,-1.1331064,-0.16090561,-0.9676068
p3,D,D,mock,mock,0.0,0.0,0.3356987,-0.12970303,0.5402209,-0.49999347,0.43660095,-0.8553508,0.15447266,-0.95071185,0.38288587,-0.9582105,0.36627817,-1.3428322,0.32723883,-1.5927852,0.2912828,-1.7765545,0.15168358,-0.9884291,0.09506373,-1.3871336,0.12247523,-1.2597009,0.13767016,-1.0598522,-0.044683706,-0.93748957,-0.12043718,-1.2822151,-0.046847444,-1.1709338,-0.0225416,-0.9624476,-0.23536658,-0.84241813,-0.2867194,-1.1479782,-0.21756266,-1.1124964,-0.17284635,-0.954839
p3,D,D,mock,mock,0.0,0.0,0.33235362,-0.11307924,0.5425063,-0.49125788,0.43228891,-0.84733826,0.12360179,-0.9192658,0.37316877,-0.96104914,0.3543993,-1.3450654,0.31305793,-1.5919136,0.27642074,-1.7730584,0.13712926,-0.99055314,0.08868294,-1.3858821,0.11598011,-1.2408587,0.13322517,-1.0343107,-0.058769204,-0.93921566,-0.13515732,-1.2734888,-0.059805848,-1.1535329,-0.031124117,-0.94394356,-0.24728245,-0.8454889,-0.30001915,-1.1462426,-0.23413247,-1.1049063,-0.19268009,-0.94708246
p3,D,D,mock,mock,0.0,0.0,0.3128286,-0.14634535,0.5001535,-0.5106584,0.38543755,-0.8441556,0.11656011,-0.94265616,0.3553465,-0.9683142,0.33636186,-1.353278,0.29509124,-1.6034585,0.258726,-1.7882916,0.120934226,-0.9926605,0.06134101,-1.3879247,0.077931754,-1.2478788,0.09681071,-1.0452372,-0.07574861,-0.9351252,-0.15824805,-1.2762607,-0.09832418,-1.1672713,-0.07108385,-0.96513814,-0.26247054,-0.8336595,-0.32289383,-1.1395823,-0.26498216,-1.1131868,-0.22032824,-0.96802336
p2,D,D,mock,mock,0.0,0.0,0.28324592,-0.27018377,0.41132882,-0.6233482,0.27006528,-0.90345603,0.01587978,-0.9742073,0.17991221,-1.0385342,0.07758556,-1.4190409,-0.0036802148,-1.6466106,-0.09449112,-1.8370682,-0.026068524,-0.99966013,-0.0941087,-1.3577229,-0.0029311818,-1.1720829,0.051384855,-0.9922678,-0.20853117,-0.9096323,-0.32031393,-1.251016,-0.17617819,-1.0595967,-0.09419893,-0.8452359,-0.38405257,-0.77762914,-0.47119826,-1.0747906,-0.35556728,-0.9854615,-0.26524842,-0.8283167
p2,D,D,mock,mock,0.0,0.0,0.28175953,-0.2570127,0.42911407,-0.59478134,0.28744304,-0.8812889,0.035538528,-0.9597095,0.20955811,-1.0268734,0.13460986,-1.4106525,0.0671026,-1.6278896,-0.011699111,-1.8192111,0.00026414715,-0.99999994,-0.046387896,-1.3444252,0.035517592,-1.125911,0.07974495,-0.9446702,-0.18359877,-0.9166177,-0.2656759,-1.2352074,-0.13185644,-1.0193051,-0.07398374,-0.8185058,-0.3586188,-0.78485876,-0.43025556,-1.0885421,-0.3160958,-0.9769973,-0.23917222,-0.8130636
p2,D,D,mock,mock,0.0,0.0,0.28667247,-0.23632072,0.4435789,-0.58018124,0.3098931,-0.8713626,0.057331964,-0.940056,0.22794294,-1.0207523,0.1658044,-1.3897642,0.11478011,-1.6093981,0.052202806,-1.7929752,0.019126188,-0.9998171,-0.005257453,-1.3392967,0.07891058,-1.1164174,0.116392136,-0.928672,-0.16494434,-0.9219062,-0.23093733,-1.2331371,-0.09611788,-1.0162514,-0.044995923,-0.81568533,-0.34442002,-0.79856193,-0.39194506,-1.0893878,-0.27686659,-0.9731151,-0.21032391,-0.8113961
p2,D,D,mock,mock,0.0,0.0,0.28694525,-0.24781068,0.43536952,-0.5818078,0.3006397,-0.8665801,0.05276852,-0.9619636,0.23932782,-1.0203346,0.18070714,-1.3974534,0.122492656,-1.6196332,0.060962923,-1.7990966,0.023546193,-0.9997228,-0.015869461,-1.3523418,0.04145212,-1.1533298,0.0784922,-0.966266,-0.16879289,-0.92456657,-0.23858674,-1.2346427,-0.13055438,-1.0376902,-0.08241612,-0.8330779,-0.3536507,-0.80488175,-0.41016772,-1.089409,-0.31394887,-0.98211414,-0.24788883,-0.8181878
p2,D,D,mock,mock,0.0,0.0,0.28076068,-0.25706315,0.4121956,-0.5838409,0.26495647,-0.8550456,0.032483734,-0.9554919,0.26699585,-1.0187478,0.2154965,-1.3955176,0.15966801,-1.6168836,0.09730329,-1.7936941,0.049962744,-0.9987511,0.00480395,-1.3375607,0.04645913,-1.1401538,0.08597735,-0.96571654,-0.14640233,-0.9257513,-0.23382802,-1.2335631,-0.13616267,-1.0360907,-0.07512441,-0.84496427,-0.33607683,-0.80868334,-0.40094587,-1.0789205,-0.31569934,-0.9757857,-0.2424151,-0.8316783
p2,D,D,mock,mock,0.0,0.0,0.3039709,-0.18945156,0.47352496,-0.50344837,0.38203865,-0.79021597,0.16520935,-0.9198093,0.34331256,-0.99154824,0.32075465,-1.380662,0.29242572,-1.6169633,0.2667574,-1.806646,0.10805623,-0.9941448,0.088682644,-1.3533697,0.089935236,-1.1258266,0.11216513,-0.9432576,-0.098030694,-0.9262331,-0.15423375,-1.2632705,-0.097017795,-1.0521348,-0.066141546,-0.8453248,-0.30027837,-0.79634494,-0.3623792,-1.1087488,-0.2985231,-1.0071487,-0.24086758,-0.8520823
p2,D,D,mock,mock,0.0,0.0,0.32193443,-0.2262888,0.49480125,-0.5391501,0.41817775,-0.8527898,0.15454872,-0.9274272,0.31968865,-0.9960072,0.28400704,-1.381311,0.25066343,-1.6067687,0.21236293,-1.8041797,0.0942794,-0.9955458,0.076307125,-1.3489478,0.10013632,-1.1026891,0.122155465,-0.9252543,-0.107331485,-0.9282779,-0.16567375,-1.2731532,-0.08240694,-1.0614977,-0.045358703,-0.8474754,-0.30558494,-0.79475605,-0.37810063,-1.1057714,-0.28902403,-1.0152475,-0.21687427,-0.8585269
p2,D,D,mock,mock,0.0,0.0,0.29315174,-0.21836138,0.45834637,-0.5554079,0.35091847,-0.84842473,0.12522289,-0.9826723,0.29725206,-1.0032604,0.26224428,-1.4009281,0.22317815,-1.6369666,0.18658954,-1.8240135,0.0666172,-0.9977786,0.024594566,-1.3840564,0.056770943,-1.189243,0.08558842,-0.9896775,-0.13795112,-0.92206115,-0.2166005,-1.2771437,-0.13288024,-1.1110086,-0.08931947,-0.8968574,-0.34322986,-0.8012216,-0.42476445,-1.1124966,-0.34963498,-1.0509359,-0.28487536,-0.90207833
p2,D,D,mock,mock,0.0,0.0,0.2831229,-0.21047686,0.4424942,-0.54806805,0.33954528,-0.8341241,0.11223386,-0.96440095,0.281214,-1.0025399,0.23763224,-1.3966657,0.19047728,-1.6359004,0.14670406,-1.8213786,0.053908303,-0.9985459,0.007816798,-1.3783784,0.0474084,-1.1887872,0.07758511,-0.98923,-0.14969218,-0.92367333,-0.23081572,-1.2712506,-0.14294134,-1.1100378,-0.10064972,-0.8992232,-0.35299718,-0.802638,-0.43573412,-1.1122414,-0.35615775,-1.0508493,-0.29029799,-0.9026506
p2,D,D,mock,mock,0.0,0.0,0.28776282,-0.21811636,0.45756072,-0.5421467,0.35863164,-0.827693,0.13660635,-0.9736512,0.28649443,-1.0036526,0.26710126,-1.3973684,0.23577167,-1.6312239,0.21149106,-1.8219832,0.05753755,-0.99834335,0.018273383,-1.3775085,0.054334354,-1.180703,0.0903194,-0.9814257,-0.14706486,-0.92065454,-0.22080824,-1.2670234,-0.13679434,-1.0983082,-0.09399116,-0.88342094,-0.35086316,-0.79565454,-0.420012,-1.0983438,-0.33965915,-1.0297046,-0.27374202,-0.8767388
p2,D,D,mock,mock,0.0,0.0,0.28415763,-0.27016628,0.39991677,-0.59298784,0.2790253,-0.882339,0.02319529,-0.8547266,0.1622919,-1.0359354,0.14776403,-1.4101281,0.13289727,-1.622852,0.10338693,-1.8147417,-0.0592534,-0.998243,-0.105735265,-1.3263959,-0.027611472,-1.05773,0.019857483,-0.9013826,-0.24313101,-0.8973651,-0.33694774,-1.2037036,-0.20450673,-0.99312615,-0.14393368,-0.8035795,-0.3991131,-0.71845645,-0.48867217,-0.9867622,-0.36865744,-0.88508874,-0.28632668,-0.73851043
p2,D,D,mock,mock,0.0,0.0,0.28410992,-0.2522285,0.40647528,-0.5914259,0.29402238,-0.89248586,0.03230722,-0.87517893,0.16466941,-1.0342313,0.14116146,-1.4067336,0.12690632,-1.6141688,0.1018797,-1.8006214,-0.054744426,-0.9985004,-0.10559719,-1.3365223,-0.032587603,-1.089448,0.013966855,-0.93191075,-0.2377727,-0.8959748,-0.32812566,-1.2055099,-0.1979904,-1.006417,-0.14127703,-0.81160516,-0.39949894,-0.71971226,-0.48188117,-0.99731183,-0.3643191,-0.9004195,-0.2863091,-0.7441301
p2,D,D,mock,mock,0.0,0.0,0.26762763,-0.23257776,0.38649827,-0.60092276,0.32016233,-0.8966394,0.09528598,-0.90233505,0.11588835,-1.0467936,0.06736994,-1.4493691,0.047073163,-1.6912901,-0.0011952337,-1.8993269,-0.09070963,-0.9958774,-0.15788683,-1.3700525,-0.0020550962,-1.1708767,0.073760204,-0.99330133,-0.27107516,-0.8756649,-0.38105133,-1.2315516,-0.19116351,-1.0561432,-0.1057097,-0.8605079,-0.44928598,-0.70252234,-0.5402685,-1.0046569,-0.39740428,-0.91109985,-0.30580077,-0.74720865
p2,D,D,mock,mock,0.0,0.0,0.28461295,-0.24692494,0.41849422,-0.5891979,0.2854031,-0.8913549,0.019126566,-0.8774298,0.16835041,-1.0328335,0.13551518,-1.4058241,0.11285548,-1.6132236,0.086356886,-1.7995248,-0.05686498,-0.99838185,-0.11018816,-1.3355023,-0.039452787,-1.0994486,0.009075836,-0.9332529,-0.23991312,-0.89616627,-0.33659136,-1.2037851,-0.21018472,-1.0064396,-0.15042955,-0.80531055,-0.40640324,-0.73062384,-0.4900741,-1.0043217,-0.37483457,-0.90365523,-0.2918097,-0.74240243
p2,D,D,mock,mock,0.0,0.0,0.28035343,-0.2580875,0.4026117,-0.580696,0.25957006,-0.8730658,-0.014547218,-0.8839624,0.1840819,-1.0250871,0.15632457,-1.4104048,0.1361345,-1.623733,0.10979401,-1.8108983,-0.046493202,-0.9989186,-0.094454244,-1.3294101,-0.0475535,-1.0727059,-0.0119000245,-0.90849894,-0.23127049,-0.9056386,-0.32395065,-1.210722,-0.21759313,-1.0013334,-0.16808273,-0.79680514,-0.3975154,-0.7367406,-0.4881386,-1.0036691,-0.3898236,-0.90310335,-0.31392026,-0.7449182
p2,D,D,mock,mock,0.0,0.0,0.3826335,-0.2115885,0.58052236,-0.5252166,0.5305055,-0.8871782,0.24334732,-0.89537996,0.33199042,-0.99543214,0.32835588,-1.3942027,0.31160218,-1.627805,0.2827725,-1.831633,0.12401651,-0.9922801,0.10103089,-1.358485,0.1612051,-1.1482934,0.19051757,-0.9639234,-0.0673077,-0.9214347,-0.12104527,-1.2833055,-0.004380068,-1.1105969,0.038087707,-0.8959806,-0.2554234,-0.79048246,-0.30169073,-1.1152166,-0.18613741,-1.0397811,-0.11790406,-0.86939555
p2,D,D,mock,mock,0.0,0.0,0.3664414,-0.21315452,0.5737664,-0.5300874,0.51419216,-0.88908017,0.22567143,-0.89765906,0.3200062,-0.99757725,0.31480977,-1.3870558,0.30153766,-1.6201097,0.27260247,-1.8201945,0.11037977,-0.9938895,0.0986432,-1.3420995,0.16434854,-1.1400402,0.18891494,-0.9526156,-0.07608897,-0.9196611,-0.1278225,-1.2690166,-0.0047130855,-1.1088207,0.036086306,-0.8995445,-0.26662347,-0.7990005,-0.30907795,-1.115992,-0.19343385,-1.0515641,-0.12597033,-0.8864005
p2,D,D,mock,mock,0.0,0.0,0.36711377,-0.19733469,0.57337993,-0.5312808,0.50644636,-0.89579695,0.2069188,-0.893469,0.31813094,-0.9991979,0.30948934,-1.3889171,0.29302844,-1.6254736,0.26288176,-1.8271953,0.1055425,-0.9944148,0.08992897,-1.353997,0.1569143,-1.1523033,0.1806994,-0.9552421,-0.0819847,-0.921022,-0.13727951,-1.268772,-0.013755496,-1.1099316,0.026939085,-0.89886045,-0.27544618,-0.8037923,-0.31990692,-1.1161766,-0.20318264,-1.053814,-0.13428555,-0.89117867
p2,D,D,mock,mock,0.0,0.0,0.36011797,-0.1951276,0.5571271,-0.5266359,0.4992605,-0.87517506,0.21402013,-0.8888859,0.33129787,-0.9958616,0.3150567,-1.3990974,0.29093045,-1.6342337,0.26514462,-1.833998,0.116204694,-0.9932253,0.09641639,-1.3610885,0.13636963,-1.1512077,0.16873688,-0.97626126,-0.08110212,-0.92553407,-0.14457774,-1.2810619,-0.049319062,-1.1279792,-0.012157484,-0.90635794,-0.2767527,-0.79866695,-0.3350199,-1.1008588,-0.239958,-1.039832,-0.17535016,-0.8704039
p2,D,D,mock,mock,0.0,0.0,0.36148047,-0.18327177,0.5613228,-0.5237131,0.49720412,-0.88183695,0.20079844,-0.889047,0.3277622,-1.0007085,0.31240273,-1.4040303,0.28752375,-1.6421436,0.25973982,-1.8391087,0.114847034,-0.99338317,0.09134761,-1.368482,0.13340054,-1.1704732,0.16900156,-0.99297863,-0.08100836,-0.9225766,-0.14457352,-1.2814566,-0.048239004,-1.1377767,-0.011112793,-0.91094035,-0.27974144,-0.79709464,-0.337506,-1.1051143,-0.24304076,-1.052452,-0.18060853,-0.8793935
p2,D,D,mock,mock,0.0,0.0,0.29972348,-0.19245522,0.4776844,-0.53954935,0.44827193,-0.85434306,0.2253786,-0.9525005,0.26787528,-1.0179032,0.23383786,-1.4486843,0.20168401,-1.6967509,0.16879869,-1.8942089,0.051513124,-0.9986723,0.023703376,-1.3878876,0.091935724,-1.2038826,0.13237959,-0.98757076,-0.14954196,-0.9187356,-0.22584878,-1.2959677,-0.11112414,-1.1729076,-0.05547351,-0.9462223,-0.35595894,-0.7952152,-0.46000955,-1.1037717,-0.3567841,-1.0811588,-0.26676983,-0.9363658
p2,D,D,mock,mock,0.0,0.0,0.3071911,-0.20009734,0.48354226,-0.5427855,0.46062452,-0.8567539,0.24162352,-0.9572055,0.27651837,-1.01535,0.24920914,-1.4449946,0.22840947,-1.689613,0.19896986,-1.8904969,0.06256925,-0.9980406,0.04082792,-1.3867631,0.11438578,-1.2004063,0.15207928,-0.99311554,-0.13539694,-0.92342216,-0.20419611,-1.3064117,-0.07860475,-1.1744846,-0.02446126,-0.9468113,-0.3388897,-0.8037271,-0.43433732,-1.1188506,-0.32472244,-1.0901678,-0.23534852,-0.9373032
p2,D,D,mock,mock,0.0,0.0,0.29598725,-0.15928845,0.4960495,-0.49724808,0.42682087,-0.79888105,0.22454968,-0.9603639,0.36040574,-0.98229057,0.3703451,-1.3997421,0.34848657,-1.6618533,0.34372383,-1.8566556,0.13314658,-0.9910964,0.12046021,-1.3790619,0.119205564,-1.2310566,0.13515534,-1.0205436,-0.07609096,-0.93173814,-0.117864214,-1.3002094,-0.067652136,-1.2090765,-0.050758004,-0.9835647,-0.28482932,-0.8231479,-0.3425876,-1.1293073,-0.28646207,-1.1106519,-0.23916484,-0.9563833
p2,D,D,mock,mock,0.0,0.0,0.2964352,-0.19155848,0.47780946,-0.569483,0.39884162,-0.8862314,0.16609415,-1.0009202,0.26766312,-1.0182235,0.23101874,-1.4464619,0.18841758,-1.7088295,0.1637974,-1.9029349,0.043872513,-0.99903715,0.0102772275,-1.401535,0.049773477,-1.2652243,0.085835636,-1.0469083,-0.16101357,-0.9242997,-0.23407188,-1.3034457,-0.14914982,-1.2223749,-0.099805914,-0.9925847,-0.36747396,-0.807617,-0.46825284,-1.1197307,-0.39414793,-1.1084528,-0.32068855,-0.95768267
p2,D,D,mock,mock,0.0,0.0,0.29817075,-0.18777576,0.48381457,-0.5386734,0.41329932,-0.8423221,0.20553872,-0.9969484,0.32517597,-1.0000471,0.30967966,-1.4227115,0.28064007,-1.6790353,0.2651459,-1.8768398,0.103034206,-0.99467784,0.07556541,-1.3904704,0.09495677,-1.2470869,0.11880181,-1.041525,-0.10525369,-0.92479193,-0.16821644,-1.3146204,-0.10397374,-1.220633,-0.07043245,-0.9937884,-0.31688833,-0.8087789,-0.40271613,-1.1163317,-0.34000006,-1.10499,-0.2774894,-0.96151656
p3,D,D,mock,mock,0.0,0.0,0.31569493,-0.19312516,0.47262523,-0.42706776,0.36109832,-0.68975616,0.105064854,-0.80249375,0.4382906,-0.96849096,0.47872674,-1.3867006,0.4844943,-1.631733,0.4712864,-1.8589783,0.1809731,-0.983488,0.21145746,-1.2939004,0.17118269,-0.9755968,0.18404579,-0.81098264,-0.051932603,-0.95463425,-0.07242374,-1.2866195,-0.038325794,-0.997645,-0.009450719,-0.77752346,-0.275125,-0.81996447,-0.29982972,-1.1263839,-0.22526492,-0.96368486,-0.17228116,-0.7728128
p3,D,D,mock,mock,0.0,0.0,0.32005367,-0.19612885,0.47323868,-0.43153742,0.372498,-0.6964703,0.10836495,-0.79349214,0.43682432,-0.9652571,0.46985933,-1.3863086,0.4754038,-1.6375778,0.4584044,-1.8639562,0.17641047,-0.9843167,0.21097359,-1.2882026,0.17358804,-0.97186774,0.18479827,-0.8080208,-0.05617822,-0.95768994,-0.07472399,-1.2875675,-0.042359248,-1.0007622,-0.017512351,-0.78481525,-0.28049612,-0.8253911,-0.30505964,-1.1267786,-0.2332224,-0.9649954,-0.1849612,-0.77636266
p3,D,D,mock,mock,0.0,0.0,0.34216213,-0.19940862,0.52162826,-0.46835124,0.4834916,-0.7780858,0.21203294,-0.858264,0.3938212,-0.9901341,0.40942153,-1.418093,0.397408,-1.6596361,0.36785102,-1.8809097,0.16554736,-0.9862018,0.17808396,-1.3257068,0.19549817,-1.0385777,0.22732076,-0.8770507,-0.046980217,-0.9405901,-0.076026924,-1.3059324,0.002917902,-1.0463878,0.04068231,-0.8233643,-0.2528176,-0.80607986,-0.2701799,-1.1311442,-0.16726053,-0.99157685,-0.11360172,-0.80157125
p3,D,D,mock,mock,0.0,0.0,0.36168078,-0.17916888,0.53202695,-0.47449747,0.55033755,-0.80387545,0.2653734,-0.8429599,0.35866073,-0.9982039,0.36919996,-1.410876,0.36699522,-1.6463047,0.3389915,-1.8574196,0.15640996,-0.98769224,0.16388406,-1.3180218,0.20920125,-1.0410333,0.23644216,-0.86703473,-0.03430995,-0.9286941,-0.067987256,-1.2898232,0.046276852,-1.0456129,0.08441929,-0.82401234,-0.2174515,-0.7924485,-0.2241909,-1.1343066,-0.10481162,-1.0063846,-0.0484879,-0.8156735
p3,D,D,mock,mock,0.0,0.0,0.3007912,-0.21468602,0.48249212,-0.50121903,0.37285295,-0.8109325,0.08477902,-0.8762412,0.34884205,-0.98720753,0.34186915,-1.4020694,0.31383508,-1.6332976,0.27632228,-1.845301,0.11559506,-0.99329644,0.120352395,-1.3163044,0.1458465,-1.0449052,0.18272953,-0.8982497,-0.098407455,-0.95213777,-0.13807455,-1.2920983,-0.058839858,-1.0550028,-0.020050986,-0.8444449,-0.3023505,-0.8268626,-0.34070638,-1.1352146,-0.23912264,-1.0100011,-0.17772076,-0.82694954
p4,D,D,mock,mock,0.0,0.0,0.34816784,-0.106515884,0.5934422,-0.37564316,0.50466996,-0.649834,0.18740998,-0.67662966,0.31133053,-1.0371977,0.2970263,-1.4697388,0.26398695,-1.7152185,0.22003509,-1.9453442,0.027262779,-0.9996283,-0.09501177,-1.2981766,-0.05418727,-0.96163535,0.008277827,-0.7285946,-0.20741057,-0.8953218,-0.35177615,-1.1563396,-0.27560782,-0.8488041,-0.18859994,-0.60698617,-0.40955994,-0.7324402,-0.52023554,-0.957771,-0.43705714,-0.7611927,-0.32456973,-0.58015656
p4,D,D,mock,mock,0.0,0.0,0.373616,-0.16458832,0.61548394,-0.37125582,0.6179284,-0.6525884,0.33254653,-0.7303053,0.44309297,-0.97934943,0.50240076,-1.392926,0.5374722,-1.6461693,0.53103226,-1.8752859,0.17096242,-0.98527753,0.13245004,-1.3107536,0.12598327,-0.9594686,0.13695069,-0.7470777,-0.06530521,-0.91847724,-0.13734874,-1.2365383,-0.083558664,-0.9195793,-0.041332252,-0.6663482,-0.2809604,-0.7558951,-0.31669503,-1.0320498,-0.25016055,-0.8446076,-0.18509804,-0.65664655
p4,D,D,mock,mock,0.0,0.0,0.3640295,-0.19893868,0.5951275,-0.42226008,0.5795667,-0.7120855,0.27910396,-0.7459086,0.35216686,-1.019367,0.35934353,-1.4539281,0.3486711,-1.7036014,0.30569816,-1.9326969,0.083363324,-0.9965192,0.015407501,-1.3281951,0.05536336,-0.9849793,0.09783972,-0.77435493,-0.14354162,-0.90352154,-0.24073194,-1.2155882,-0.15190582,-0.90471923,-0.07809529,-0.65184426,-0.34246805,-0.7205533,-0.399766,-0.9902208,-0.31468916,-0.8091565,-0.23031431,-0.6239817
p4,D,D,mock,mock,0.0,0.0,0.36213928,-0.18993966,0.60369784,-0.4587149,0.6131335,-0.7767445,0.3142568,-0.7747562,0.31936097,-1.042172,0.28545657,-1.4657995,0.25219327,-1.6988411,0.18433225,-1.9250355,0.07192768,-0.9974098,0.013438649,-1.306693,0.11652517,-0.9875285,0.17126888,-0.77944297,-0.14404109,-0.8855107,-0.24414553,-1.1787168,-0.101573594,-0.8889139,-0.006732768,-0.6548375,-0.33589622,-0.7052323,-0.40902773,-0.9606256,-0.28533226,-0.78962004,-0.17926258,-0.6200756
p4,D,D,mock,mock,0.0,0.0,0.3528349,-0.17455433,0.59883404,-0.40620193,0.5439306,-0.6940999,0.24213977,-0.74819404,0.36673287,-1.0030973,0.38919953,-1.426812,0.3823171,-1.6728501,0.348381,-1.9010365,0.10128211,-0.9948577,0.026314875,-1.3111317,0.031829145,-0.9795898,0.060159106,-0.77513516,-0.12369192,-0.91265243,-0.23102665,-1.1971343,-0.17466941,-0.9065268,-0.117002286,-0.66969794,-0.32482576,-0.74524033,-0.39820608,-0.99504244,-0.3268382,-0.8250852,-0.24097338,-0.64861655
p2,D,D,mock,mock,0.0,0.0,0.3951042,-0.11173415,0.6445128,-0.42788813,0.6585002,-0.76200455,0.43029442,-0.89734477,0.4226811,-0.95140713,0.46651757,-1.3613217,0.48012435,-1.5974321,0.47989765,-1.7976428,0.19156255,-0.9814804,0.20487009,-1.3730865,0.25600296,-1.168594,0.2650436,-0.9508766,-0.025471825,-0.95116705,-0.03166797,-1.3314062,0.057464927,-1.1613655,0.05918671,-0.9277514,-0.25760555,-0.8838338,-0.24975523,-1.2296844,-0.1594153,-1.1673229,-0.1270745,-0.9971554
p2,D,D,mock,mock,0.0,0.0,0.36003515,-0.1220322,0.57923895,-0.47014445,0.58702904,-0.7701507,0.4144754,-0.91475844,0.3430188,-0.97845435,0.33143216,-1.3724722,0.33738843,-1.6078691,0.30604884,-1.8030256,0.1323858,-0.99119824,0.123919085,-1.3916306,0.2437415,-1.1895281,0.25939846,-0.95312166,-0.06895818,-0.9472396,-0.09200149,-1.3477476,0.060220774,-1.1704224,0.08341041,-0.9307506,-0.27870065,-0.8695885,-0.29570702,-1.2344751,-0.15966669,-1.1713135,-0.10062387,-1.0018404
p2,D,D,mock,mock,0.0,0.0,0.3538589,-0.10082476,0.6352533,-0.3517606,0.5683694,-0.68755984,0.3222411,-0.87018853,0.53397745,-0.89428693,0.6354769,-1.2829118,0.66485286,-1.522907,0.6836734,-1.7185317,0.27653033,-0.9610052,0.27826288,-1.2967546,0.20052443,-1.0951065,0.17500287,-0.9135544,0.05113667,-0.9606634,0.043776363,-1.2660325,0.01172514,-1.1014205,-0.0180918,-0.91670454,-0.17421882,-0.9045263,-0.16879022,-1.1764607,-0.15957317,-1.1021049,-0.16104229,-0.95145893
p2,D,D,mock,mock,0.0,0.0,0.3979365,-0.09179355,0.675965,-0.39553556,0.68528235,-0.73822314,0.46063775,-0.899528,0.47040477,-0.9297371,0.5195473,-1.3476455,0.5297557,-1.5890929,0.5310315,-1.7907478,0.23639335,-0.97165745,0.26370692,-1.3669785,0.29055965,-1.1691581,0.2852439,-0.9459139,0.015809292,-0.9527382,0.02153382,-1.3367609,0.08693937,-1.1839665,0.078691505,-0.9568607,-0.22235176,-0.90057725,-0.19814661,-1.2354923,-0.116026826,-1.1827717,-0.090105355,-1.0226793
p2,D,D,mock,mock,0.0,0.0,0.3536421,-0.14249903,0.599361,-0.44849598,0.5689707,-0.77364737,0.32466614,-0.90803295,0.40280914,-0.9607526,0.44797143,-1.3524702,0.4534698,-1.5924834,0.45961717,-1.788179,0.15375376,-0.9881092,0.14123113,-1.3501781,0.13210915,-1.1421036,0.13672434,-0.9360437,-0.06752198,-0.95153654,-0.10773446,-1.2890176,-0.06725901,-1.1343789,-0.057959057,-0.9258654,-0.2942312,-0.86892045,-0.30552378,-1.1748254,-0.25160348,-1.1210862,-0.2260713,-0.9646197
p2,D,D,mock,mock,0.0,0.0,0.25690356,-0.25842974,0.3287008,-0.6428828,0.07083913,-0.90491617,-0.20722623,-0.9085782,0.24009505,-1.0216854,0.14953743,-1.4243221,0.053518012,-1.6398501,-0.019573282,-1.8038808,-0.012848284,-0.99991745,-0.12160369,-1.3248696,-0.097772785,-1.0963367,-0.05025357,-0.90795773,-0.23056719,-0.9246574,-0.36590934,-1.215936,-0.28834888,-1.0135802,-0.22600482,-0.81731033,-0.42953265,-0.79789186,-0.55256546,-1.0598485,-0.4820017,-0.9737958,-0.41235608,-0.83052456
p2,D,D,mock,mock,0.0,0.0,0.3423674,-0.14657329,0.46901953,-0.3727502,0.1839307,-0.59240836,-0.16878012,-0.6769282,0.4993283,-0.9619967,0.56780154,-1.4864612,0.56415296,-1.813427,0.5187416,-2.0791907,0.083004184,-0.9965492,0.022896575,-1.329292,0.007315339,-0.869737,0.060139023,-0.66690063,-0.25865,-0.9215066,-0.33923954,-1.2154754,-0.30492577,-0.78483695,-0.24348648,-0.5884901,-0.5868217,-0.74015605,-0.6710664,-0.9961078,-0.58682376,-0.7204559,-0.4973937,-0.55904686
p2,D,D,mock,mock,0.0,0.0,0.38901076,-0.06838977,0.56529886,-0.40112436,0.27266926,-0.74455744,-0.03513347,-0.8535899,0.53263116,-0.94135684,0.5661346,-1.3991588,0.535319,-1.7050014,0.5036411,-1.952684,0.20849685,-0.97802305,0.13840121,-1.3402498,0.08884691,-1.0082533,0.11878265,-0.8142182,-0.07163074,-0.9449014,-0.15315634,-1.2627382,-0.14141607,-0.93743396,-0.10462087,-0.7622058,-0.3324021,-0.8144396,-0.43055832,-1.106891,-0.3561304,-0.9249905,-0.29216328,-0.766485
p2,D,D,mock,mock,0.0,0.0,0.3420884,-0.1267384,0.50329936,-0.48679152,0.2100601,-0.8078649,-0.12265734,-0.8429455,0.37959224,-0.991394,0.37622872,-1.4374192,0.33468038,-1.7030983,0.2617209,-1.9138076,0.051902834,-0.99865216,-0.00862804,-1.3285068,0.058549322,-0.9562166,0.10724422,-0.767864,-0.21282582,-0.92709553,-0.2839232,-1.2180994,-0.17237407,-0.88722336,-0.1447688,-0.72323567,-0.47643954,-0.7792434,-0.573454,-1.0715083,-0.44394764,-0.9064244,-0.37458816,-0.7624068
p2,D,D,mock,mock,0.0,0.0,0.32246578,-0.22863749,0.44059086,-0.6428757,0.19803429,-0.9402391,-0.09665559,-0.96693027,0.2931645,-1.0251546,0.21992168,-1.4462951,0.14108814,-1.6949888,0.06605471,-1.8833932,0.027250959,-0.9996286,-0.081476696,-1.376554,-0.01855269,-1.1811486,0.039567605,-0.97275716,-0.20553166,-0.91284096,-0.32593608,-1.2454035,-0.22232924,-1.0812616,-0.16019711,-0.8722294,-0.42719853,-0.7851676,-0.55836284,-1.093881,-0.4722833,-1.0454679,-0.38850433,-0.8979327
p2,D,D,mock,mock,0.0,0.0,0.4328628,0.06349441,0.70735466,0.037188925,0.95386696,0.01733093,1.1943038,-0.1432299,0.688267,-0.7939854,0.75252426,-1.3049731,0.78927815,-1.5591472,0.7787664,-1.8383343,0.5100761,-0.8601293,1.0099863,-0.9762377,1.197967,-0.56863636,1.130052,-0.26911283,0.35729766,-0.80512416,0.8985347,-0.8762968,1.0929793,-0.49327192,1.0454803,-0.23891412,0.254062,-0.6942547,0.6593442,-0.75914985,0.91344696,-0.54519916,0.99382263,-0.35959083
p2,D,D,mock,mock,0.0,0.0,0.5180927,-0.08832245,0.7830871,-0.25629407,0.97091913,-0.33490556,1.1714491,-0.4750991,0.7146721,-0.70188284,0.84319085,-1.0581058,0.9339342,-1.2314583,0.96873593,-1.3781307,0.65945745,-0.75174195,0.92308277,-1.080216,1.0960771,-0.9200777,1.0965608,-0.6969981,0.58811665,-0.77002686,0.8962802,-1.0480943,1.0943602,-0.8545937,1.1324496,-0.6210169,0.52575636,-0.72643125,0.7903073,-0.9644952,1.0091604,-0.90806234,1.1244686,-0.7928969
p2,D,D,mock,mock,0.0,0.0,0.6637242,0.7056129,1.0275178,1.1058434,1.2789842,1.258668,1.4877516,1.0269566,0.89716965,-0.31227848,0.9849952,-0.4634103,0.9607667,-0.3006053,0.89519006,-0.3467749,0.73591834,-0.6770703,1.341932,-0.30593628,1.3440057,0.38803712,1.2007341,0.6725761,0.53821516,-0.9481738,1.1622416,-0.53275776,1.289113,0.13492852,1.1587968,0.51610535,0.39350256,-1.1018564,0.70883036,-1.4579208,0.9031827,-1.7562222,0.99796593,-2.0392218
p2,D,D,mock,mock,0.0,0.0,0.39384836,-0.052931055,0.6958974,-0.2810645,0.9110995,-0.43359303,1.0210825,-0.63474244,0.6582437,-0.77052337,0.73962307,-1.2127118,0.79194653,-1.325783,0.784653,-1.4210806,0.5723427,-0.82001454,0.7873557,-1.2416079,0.9663918,-1.05426,0.9845598,-0.8434105,0.46005344,-0.81208366,0.687086,-1.1629738,0.8752835,-0.968315,0.9508691,-0.764157,0.33962598,-0.750949,0.47451457,-1.0426044,0.683808,-1.0334102,0.8420852,-0.9821288
p2,D,D,mock,mock,0.0,0.0,0.38543722,-0.026285648,0.73930585,-0.21729109,1.0219972,-0.29807293,1.1939493,-0.38613227,0.57409763,-0.8278922,0.7184727,-1.1578543,0.7888122,-1.3907075,0.8172464,-1.5905231,0.43785834,-0.899044,0.90959907,-0.9455962,1.1772519,-0.7411892,1.3208439,-0.5358708,0.3241745,-0.8664956,0.8486666,-0.9250306,1.1174824,-0.7002856,1.26995,-0.48237607,0.26979512,-0.75032973,0.7166639,-0.7279613,0.94620806,-0.5854912,1.0892854,-0.44851634
p2,D,D,mock,mock,0.0,0.0,0.5167754,0.0207502,0.84226435,-0.1627321,1.1092311,-0.25652704,1.3236068,-0.31341875,0.66082853,-0.7977353,0.6849532,-1.2558535,0.7285623,-1.5189918,0.7591178,-1.751572,0.5276429,-0.84946626,0.9182867,-0.9558877,1.2236642,-0.68977886,1.3834207,-0.45035148,0.4142494,-0.72670543,0.9282045,-0.8381647,1.2410531,-0.5924482,1.3892272,-0.40102616,0.38791192,-0.5189475,0.7908584,-0.50636697,1.05924,-0.35411233,1.2116797,-0.23921756
p2,D,D,mock,mock,0.0,0.0,0.5433575,-0.07747504,0.8232879,-0.2517683,1.0737906,-0.31867066,1.2776502,-0.36101303,0.59670234,-0.8442011,0.6228585,-1.1949744,0.6517736,-1.4418783,0.6619441,-1.6719397,0.4672707,-0.88411427,0.8925571,-0.9361405,1.1644608,-0.79841787,1.2952071,-0.65854675,0.3766201,-0.78363603,0.89081943,-0.8370918,1.184123,-0.6232076,1.3215781,-0.43701014,0.36974245,-0.594427,0.8017487,-0.55959505,1.0471326,-0.4193389,1.1702496,-0.30275157
p2,D,D,mock,mock,0.0,0.0,0.43986875,-0.10253404,0.7922494,-0.3483679,1.1004403,-0.4376252,1.3133157,-0.48523676,0.24813563,-1.0076606,0.7429937,-1.0752349,1.0640166,-0.8941195,1.1931351,-0.69022906,0.106022336,-0.9943637,0.76603675,-1.1012387,1.1054541,-0.83274055,1.1930819,-0.57421994,0.06508728,-0.86656994,0.7546219,-0.9556634,1.090809,-0.68031,1.1746608,-0.44532382,0.10616719,-0.6596604,0.68706226,-0.68157476,0.92266077,-0.50694984,0.9862791,-0.3498206
p2,D,D,mock,mock,0.0,0.0,0.5370421,-0.16971332,0.81311536,-0.3924847,1.042009,-0.50381595,1.1834618,-0.56403524,0.337117,-1.0064878,0.4979384,-1.3757557,0.5788149,-1.6583637,0.59800214,-1.8905075,0.20119883,-0.9795504,0.7228691,-1.1196332,1.0239509,-0.91730195,1.1475086,-0.7058595,0.16157159,-0.8191516,0.7144283,-0.8951317,0.9940792,-0.66880435,1.0732858,-0.4845091,0.21569069,-0.610535,0.6693743,-0.6396414,0.8890586,-0.5281064,0.9665454,-0.42919156
p2,D,D,mock,mock,0.0,0.0,0.5122568,-0.14528987,0.80259174,-0.35543478,1.0531156,-0.45291343,1.224138,-0.5256383,0.31280065,-1.0118952,0.4734555,-1.4096197,0.56170124,-1.7116606,0.6044079,-1.9518553,0.14775477,-0.98902404,0.6799584,-1.1311417,0.992298,-0.92273784,1.1377109,-0.7105135,0.10424827,-0.83617437,0.7013593,-0.9192181,1.0002154,-0.67677695,1.1128278,-0.48197076,0.17396577,-0.6322133,0.66382384,-0.6398763,0.8863364,-0.5066223,0.97989184,-0.39694208
p2,D,D,mock,mock,0.0,0.0,0.483163,-0.18280368,0.74659014,-0.37462968,0.99870783,-0.44811052,1.1483203,-0.5358305,0.26305968,-1.020886,0.40540016,-1.3941585,0.47997952,-1.6819096,0.49967906,-1.9270823,0.090306215,-0.99591404,0.63042367,-1.1334293,0.9293405,-0.9024577,1.0315686,-0.69677186,0.039091673,-0.83143085,0.61890453,-0.91680646,0.90795714,-0.6620955,0.9710469,-0.4830407,0.08059058,-0.6284594,0.5610056,-0.6539369,0.7902203,-0.52639997,0.86128455,-0.4221424
p2,E,E,mock,mock,0.0,0.0,0.40092978,0.046919554,0.7720611,-0.23264629,0.93173385,-0.5049912,0.7703817,-0.67562747,0.6525486,-0.850508,0.72036976,-1.2962673,0.7775295,-1.1346583,0.74392337,-0.9050028,0.3984132,-0.91720605,0.46432418,-1.445666,0.52414423,-1.2205559,0.4855585,-0.96805257,0.14124131,-0.91086626,0.18065095,-1.4154496,0.27711755,-1.2304504,0.2608343,-0.9959407,-0.13395469,-0.8600177,-0.11373668,-1.2289543,-0.017135976,-1.1488651,0.017620178,-0.9865601
p4,E,E,mock,mock,0.0,0.0,0.32816902,-0.09007147,0.5480115,-0.44720626,0.29867747,-0.705509,-0.02702481,-0.70323634,0.46181062,-0.94627327,0.60085875,-1.3328551,0.58117324,-1.0699536,0.47450298,-0.8312275,0.19834843,-0.98013157,0.29377404,-1.4778844,0.36095756,-1.1494412,0.3229325,-0.8788504,-0.043027297,-0.9301697,0.0030829455,-1.4157158,0.12864383,-1.0814884,0.12475633,-0.82157207,-0.28813577,-0.8196117,-0.16513701,-1.1052626,-0.020270577,-0.8817325,0.00023959942,-0.6764516
p4,E,E,mock,mock,0.0,0.0,0.35783023,-0.054661356,0.62476176,-0.416574,0.4400193,-0.7161264,0.10366864,-0.6942786,0.5574609,-0.89978015,0.76259273,-1.2613758,0.7297762,-0.9978714,0.57871646,-0.76729935,0.3194096,-0.94761676,0.46640956,-1.4333861,0.5328717,-1.1149848,0.46512908,-0.86985373,0.088869624,-0.9190423,0.20247376,-1.3892747,0.3261027,-1.0477724,0.29634947,-0.8008759,-0.1498028,-0.8374351,0.03516731,-1.0860466,0.17427972,-0.8427786,0.17131734,-0.64263195
p4,E,E,mock,mock,0.0,0.0,0.360881,-0.09196439,0.6281937,-0.3600691,0.4689304,-0.65020585,0.17935616,-0.6978927,0.5998193,-0.8510465,0.80075395,-1.2163062,0.7436368,-0.9555672,0.63991535,-0.75653106,0.3697201,-0.9291432,0.5309022,-1.3765785,0.53749126,-1.061786,0.4912345,-0.84092736,0.14973874,-0.9139599,0.25059092,-1.3605344,0.31801566,-1.0322975,0.2918257,-0.7987222,-0.09830613,-0.8167932,0.03781097,-1.1151456,0.1362084,-0.90179485,0.12737428,-0.709263
p4,E,E,mock,mock,0.0,0.0,0.35579377,-0.05603913,0.63459545,-0.36073595,0.46816832,-0.65380716,0.14151274,-0.6688898,0.58537626,-0.86708045,0.7900022,-1.2392522,0.734156,-0.9851207,0.6143514,-0.769266,0.34539875,-0.938456,0.5046624,-1.4004105,0.5221197,-1.083118,0.46536648,-0.83931637,0.115025155,-0.92231965,0.21577263,-1.3810344,0.29473197,-1.0466256,0.26506284,-0.7974721,-0.13916568,-0.83739877,0.0019311006,-1.1220943,0.1120511,-0.90375686,0.10559803,-0.70712835
p2,E,E,mock,mock,0.0,0.0,0.39627218,-0.017474392,0.7203649,-0.28452152,0.8369458,-0.5350474,0.64774287,-0.62193805,0.60878706,-0.8588073,0.6611259,-1.2624606,0.70636964,-1.1378084,0.66490793,-0.93332887,0.3858914,-0.92254424,0.41669852,-1.3916459,0.4771782,-1.2216527,0.4399085,-0.9895136,0.16002281,-0.91406894,0.16942386,-1.3541011,0.25168023,-1.2311654,0.23043612,-1.016113,-0.07988149,-0.86780304,-0.08657973,-1.1901913,-0.008322946,-1.151123,0.017581211,-1.0100765
p4,E,E,mock,mock,0.0,0.0,0.3818069,-8.514532e-06,0.69473183,-0.27783996,0.79447216,-0.5411189,0.6400449,-0.67563945,0.5745959,-0.87134373,0.61982334,-1.2796507,0.67142665,-1.1870801,0.6281032,-0.9670777,0.3404344,-0.9402683,0.36741102,-1.4193907,0.4365152,-1.292393,0.40824622,-1.045332,0.10760386,-0.93104136,0.11348574,-1.3795046,0.19663528,-1.3054594,0.18155889,-1.0914551,-0.13294621,-0.8739168,-0.13546212,-1.219592,-0.061504386,-1.196806,-0.034601025,-1.0424597
p3,E,E,mock,mock,0.0,0.0,0.36056542,-0.035644315,0.6468755,-0.35190904,0.7470998,-0.6208884,0.63596797,-0.80296504,0.5003925,-0.9084046,0.54881155,-1.3160712,0.6157053,-1.1962725,0.59188306,-0.9847137,0.27332175,-0.96192265,0.29838404,-1.434443,0.38586608,-1.2782147,0.3754778,-1.0358185,0.047288895,-0.946292,0.04881649,-1.3959732,0.150689,-1.301966,0.15323067,-1.0863302,-0.18492104,-0.88474,-0.20502695,-1.2244457,-0.110923335,-1.2113652,-0.05859817,-1.0766689
p1,E,E,mock,mock,0.0,0.0,0.34553754,-0.19018994,0.59035283,-0.5266475,0.5740059,-0.7785067,0.30833367,-0.72110105,0.20614377,-1.0266268,0.036503542,-1.4461384,0.087664366,-1.387363,0.12967306,-1.1843249,-0.04142,-0.9991418,-0.21886402,-1.4663458,-0.14435852,-1.3390818,-0.07926752,-1.104906,-0.23429549,-0.9109995,-0.39865345,-1.3342329,-0.3182383,-1.2255481,-0.25619307,-0.99387133,-0.41387358,-0.77820736,-0.52839047,-1.112574,-0.4723582,-1.0845484,-0.41004318,-0.92733485
p4,E,E,mock,mock,0.0,0.0,0.35506678,-0.17308313,0.62553924,-0.5245337,0.6346774,-0.7699978,0.34893987,-0.7142647,0.24658053,-1.0199397,0.08601633,-1.4576952,0.13967627,-1.3973461,0.17871284,-1.1806297,-0.0014996051,-0.99999887,-0.16396016,-1.4846457,-0.094710894,-1.3515928,-0.036481783,-1.104136,-0.19932723,-0.91870326,-0.34378436,-1.3562461,-0.2715175,-1.2419851,-0.22298138,-0.99884343,-0.38427,-0.79273736,-0.48324478,-1.1298968,-0.43228543,-1.1008035,-0.38273782,-0.9357932
p2,E,E,mock,mock,0.0,0.0,0.3643737,-0.2511426,0.61158836,-0.5461967,0.58453566,-0.83118486,0.27907708,-0.7911179,0.2229583,-1.0243679,0.10233271,-1.4115419,0.18240848,-1.2517368,0.22903332,-1.0377702,0.005546504,-0.9999846,-0.1293106,-1.4059602,-0.030948568,-1.1829842,0.021024829,-0.98354024,-0.19238743,-0.9268327,-0.33142662,-1.3106358,-0.21351124,-1.1591656,-0.14412977,-0.9321122,-0.38223794,-0.797721,-0.49105382,-1.1121589,-0.3876167,-1.069769,-0.30326432,-0.91686326
p2,E,E,mock,mock,0.0,0.0,0.35750905,-0.2685248,0.5931346,-0.5606866,0.5633797,-0.84765905,0.25004575,-0.81094956,0.20730601,-1.0289172,0.09614449,-1.4164387,0.16876385,-1.2566857,0.20878325,-1.045241,-0.010466988,-0.9999452,-0.14066032,-1.4118099,-0.04526453,-1.1862705,0.004625804,-0.9860521,-0.21054928,-0.92281795,-0.34538758,-1.3141607,-0.22992791,-1.1596817,-0.15894885,-0.9284007,-0.3995077,-0.78997093,-0.5016059,-1.1098933,-0.40256056,-1.0712031,-0.32061228,-0.9176754
p1,E,E,mock,mock,0.0,0.0,0.3740498,-0.26059496,0.62321275,-0.5572048,0.593327,-0.8469245,0.28927147,-0.81556714,0.22893247,-1.0312097,0.12537785,-1.4187202,0.18715,-1.2084419,0.22770794,-0.9836474,0.004315166,-0.9999907,-0.11357475,-1.4093837,-0.022367517,-1.1619506,0.0372208,-0.96398807,-0.19614653,-0.9246005,-0.32516196,-1.3174533,-0.2099692,-1.1416157,-0.12934576,-0.91133684,-0.3839704,-0.79883426,-0.4901504,-1.1206466,-0.38501072,-1.061946,-0.29233325,-0.8996818
p4,E,E,mock,mock,0.0,0.0,0.37101445,-0.26940793,0.6119505,-0.55936617,0.5750922,-0.85327464,0.27898234,-0.8165133,0.22862847,-1.0275522,0.13829795,-1.4107866,0.19710776,-1.2313946,0.23055127,-1.0153432,0.0065279678,-0.9999787,-0.102384076,-1.406822,-0.016984161,-1.1632086,0.03242741,-0.96100914,-0.19541012,-0.9252742,-0.31230262,-1.313611,-0.20551077,-1.1387699,-0.13638985,-0.90734106,-0.38357854,-0.79495496,-0.4811269,-1.1106025,-0.37739503,-1.0521748,-0.2910783,-0.89542586
p4,E,E,mock,mock,0.0,0.0,0.37471005,-0.26724958,0.6210722,-0.54700255,0.6017172,-0.8307221,0.29453862,-0.802349,0.23407184,-1.0307207,0.1439453,-1.4058013,0.21121725,-1.1791952,0.24174505,-0.9585876,0.010824434,-0.9999414,-0.09512433,-1.3969412,0.0062989974,-1.1305633,0.05747123,-0.9413073,-0.19279882,-0.92450494,-0.30581376,-1.3073218,-0.18099137,-1.1132946,-0.107903786,-0.8892956,-0.3833074,-0.7929737,-0.46899736,-1.1070516,-0.35343546,-1.0347335,-0.26254752,-0.875001
p1,E,E,mock,mock,0.0,0.0,0.3196558,-0.15112375,0.5426652,-0.4677407,0.38936117,-0.6949116,0.102112524,-0.6962669,0.34245875,-0.9677119,0.34211177,-1.3829106,0.36146158,-1.3255714,0.33678052,-1.0851684,0.102900885,-0.9946916,0.05691751,-1.4741488,0.105376184,-1.4268215,0.12929206,-1.1997048,-0.105832174,-0.9388873,-0.16242805,-1.3572831,-0.10508076,-1.3046292,-0.06867976,-1.0754085,-0.306296,-0.82343847,-0.36609676,-1.1469895,-0.3001688,-1.1748875,-0.2281692,-1.0454971
p3,E,E,mock,mock,0.0,0.0,0.3192041,-0.13945803,0.55507034,-0.46256164,0.4070935,-0.697052,0.11029799,-0.6919754,0.3429708,-0.96563256,0.35205576,-1.3731328,0.35473204,-1.3237901,0.31531638,-1.0914341,0.09968333,-0.9950192,0.057706773,-1.4746741,0.094852805,-1.4313971,0.11043522,-1.199242,-0.10871449,-0.940248,-0.16781083,-1.354971,-0.11403829,-1.3031971,-0.073552944,-1.0718645,-0.31131834,-0.8263807,-0.375399,-1.1417134,-0.31446153,-1.1786529,-0.23825409,-1.0568807
p3,E,E,mock,mock,0.0,0.0,0.3242763,-0.15546815,0.54999834,-0.48661637,0.44733983,-0.72005475,0.15998098,-0.6945675,0.35120645,-0.96771306,0.3680913,-1.3668408,0.3737337,-1.3061242,0.33700264,-1.0727139,0.11650613,-0.99319,0.09420226,-1.4549336,0.12716469,-1.3939953,0.13993484,-1.1623513,-0.0921454,-0.94295913,-0.1373564,-1.3487709,-0.08103432,-1.2876762,-0.04203334,-1.0545915,-0.2969435,-0.83841336,-0.34429544,-1.1531961,-0.27941194,-1.1735153,-0.20760888,-1.0373665
p3,E,E,mock,mock,0.0,0.0,0.34427598,-0.15279016,0.589368,-0.5060203,0.48413733,-0.75735205,0.20052561,-0.75091875,0.36059985,-0.97246,0.36302015,-1.3782616,0.3918123,-1.3340714,0.36572647,-1.0985066,0.11122393,-0.9937954,0.060299408,-1.4695829,0.11330011,-1.4375201,0.13199009,-1.2015678,-0.10467752,-0.932449,-0.17231189,-1.353802,-0.104645185,-1.3127778,-0.052890506,-1.0800152,-0.31130877,-0.8218834,-0.3770904,-1.1373345,-0.30880404,-1.1814477,-0.22842452,-1.062585
p2,E,E,mock,mock,0.0,0.0,0.33435872,-0.15634432,0.54283494,-0.5126172,0.40658128,-0.7464184,0.122328304,-0.71692973,0.32250917,-0.9818816,0.32066342,-1.3906404,0.3312423,-1.3262572,0.30255142,-1.079653,0.07953099,-0.9968324,0.02486377,-1.4834672,0.070901506,-1.4303231,0.095527984,-1.1911088,-0.13091773,-0.92929745,-0.20546108,-1.3527883,-0.13755715,-1.2928505,-0.08289126,-1.0552627,-0.33207327,-0.80884564,-0.40029803,-1.1283244,-0.32804483,-1.1584333,-0.24400915,-1.0298017
p3,E,E,mock,mock,0.0,0.0,0.36716202,-0.16138406,0.57296056,-0.5019798,0.5736803,-0.8190532,0.30645722,-0.8165696,0.23861521,-1.0145748,0.15803005,-1.3990257,0.22878885,-1.3731688,0.2708527,-1.208587,0.0350684,-0.99938494,-0.08282698,-1.4450867,0.010863691,-1.3819723,0.07256435,-1.1810685,-0.15123856,-0.9243458,-0.2655338,-1.3227893,-0.16525161,-1.2784526,-0.1001905,-1.0711111,-0.34866408,-0.81192386,-0.43303648,-1.1367826,-0.35632402,-1.1606923,-0.27261892,-1.0346187
p3,E,E,mock,mock,0.0,0.0,0.36655855,-0.08845066,0.6414327,-0.39074683,0.56099546,-0.6297142,0.27750322,-0.5977683,0.31814396,-0.9915212,0.24968866,-1.3975658,0.28050992,-1.4212184,0.30011976,-1.2406551,0.06889663,-0.9976238,-0.011563457,-1.4638312,0.023124516,-1.4349011,0.06911724,-1.2234765,-0.13462406,-0.9356754,-0.21195942,-1.33961,-0.16720247,-1.3258475,-0.12856755,-1.1017064,-0.33038375,-0.8190381,-0.3941583,-1.1516787,-0.36429542,-1.1867722,-0.31886658,-1.0544721
p3,E,E,mock,mock,0.0,0.0,0.34632778,-0.10959179,0.6255919,-0.3957345,0.617665,-0.6182069,0.3516217,-0.6027312,0.31269,-0.9982767,0.22712372,-1.4200226,0.2804824,-1.3975838,0.3057388,-1.193958,0.065750696,-0.99783605,-0.027262418,-1.4787933,0.033896517,-1.4151666,0.087211326,-1.1889601,-0.13811842,-0.9284732,-0.22775418,-1.3550023,-0.1599775,-1.3173083,-0.1136889,-1.0849707,-0.3385483,-0.8122371,-0.40067643,-1.1478777,-0.35025898,-1.1777594,-0.2936049,-1.0377915
p3,E,E,mock,mock,0.0,0.0,0.36647007,-0.16130741,0.6252699,-0.48791358,0.5803034,-0.77158976,0.30656353,-0.73908323,0.33507016,-0.97367567,0.32698864,-1.3714776,0.31619748,-1.249808,0.3003988,-1.0225698,0.08163617,-0.9966622,0.037653226,-1.4650829,0.056180272,-1.2995464,0.08858015,-1.0625764,-0.11751608,-0.9460819,-0.18998767,-1.3600942,-0.12810864,-1.2046603,-0.06849959,-0.96950746,-0.30655634,-0.839098,-0.35947168,-1.1580452,-0.29635823,-1.1071637,-0.22629581,-0.9440633
p3,E,E,mock,mock,0.0,0.0,0.3680101,-0.16644655,0.6289843,-0.5005286,0.587315,-0.76580393,0.31420442,-0.7035968,0.32025185,-0.9791219,0.2945625,-1.3661934,0.31485334,-1.2845294,0.30859122,-1.0671818,0.081607625,-0.9966645,0.035461567,-1.4711992,0.08007893,-1.3500665,0.10617346,-1.1082809,-0.11415052,-0.9410519,-0.1767429,-1.3582554,-0.10388562,-1.2480327,-0.059388496,-1.0160125,-0.30154896,-0.8313158,-0.33259645,-1.1650506,-0.2655287,-1.1499538,-0.21384455,-0.99641204
p3,E,E,mock,mock,0.0,0.0,0.35517496,-0.1939991,0.5974143,-0.49852303,0.5236072,-0.7886373,0.24552181,-0.7543056,0.312567,-0.9764009,0.2912027,-1.3622279,0.29322928,-1.260117,0.2913134,-1.0653445,0.06320272,-0.9980007,0.01996438,-1.4447639,0.026919065,-1.2660908,0.05986896,-1.0465164,-0.13332632,-0.9410247,-0.20066604,-1.3385701,-0.15305413,-1.2012368,-0.1020871,-0.980207,-0.32938027,-0.81733346,-0.369094,-1.1390522,-0.3081263,-1.1151912,-0.24432662,-0.96277267
p3,E,E,mock,mock,0.0,0.0,0.34419426,-0.15846588,0.54565334,-0.49259964,0.33878776,-0.7779858,0.006433603,-0.8034934,0.32082796,-0.9698499,0.30359015,-1.3766674,0.3727074,-1.2403307,0.3832156,-1.0217295,0.06546007,-0.9978552,0.017562373,-1.4545841,0.100578435,-1.2173206,0.13479617,-1.007192,-0.14390936,-0.94986993,-0.22913983,-1.3693372,-0.12382294,-1.1683456,-0.06843132,-0.9375737,-0.34882507,-0.82413703,-0.3876624,-1.1255777,-0.28193218,-1.0448164,-0.21533969,-0.8693663
p3,E,E,mock,mock,0.0,0.0,0.32897162,-0.15765621,0.5162638,-0.52184194,0.26806572,-0.7826133,-0.069108196,-0.8346087,0.32194164,-0.9820252,0.28512782,-1.4181789,0.28509393,-1.2375987,0.28351545,-1.0021088,0.05642091,-0.99840707,-0.01057468,-1.4668928,0.007192356,-1.229601,0.048841078,-1.0081064,-0.15513001,-0.95020044,-0.25970972,-1.4024384,-0.20920157,-1.192986,-0.15116516,-0.95221144,-0.36964905,-0.8328135,-0.42768773,-1.1523881,-0.36703712,-1.0711622,-0.30076241,-0.88651776
p3,E,E,mock,mock,0.0,0.0,0.33191195,-0.16637336,0.5043483,-0.5103205,0.24427101,-0.7750308,-0.08540591,-0.8204556,0.3123971,-0.9714261,0.26495054,-1.3754041,0.25781426,-1.2029754,0.25596127,-0.9860199,0.0511264,-0.9986922,-0.01528189,-1.431504,0.004122921,-1.204212,0.043693118,-1.0093962,-0.15921792,-0.9517977,-0.2521749,-1.3691068,-0.1994674,-1.171616,-0.14868698,-0.9481775,-0.36496642,-0.8191773,-0.4241522,-1.1204225,-0.35506323,-1.0529437,-0.2891077,-0.8809479
p3,E,E,mock,mock,0.0,0.0,0.33012027,-0.1635632,0.5151784,-0.5083426,0.27462,-0.7767526,-0.050091702,-0.8097029,0.29107666,-0.9742561,0.259518,-1.3755673,0.29471788,-1.201516,0.30130234,-0.98722774,0.03165594,-0.99949884,-0.021234207,-1.4390156,0.03756347,-1.1956661,0.07457599,-0.98101425,-0.17459014,-0.95032287,-0.26307303,-1.3657012,-0.1745429,-1.1573743,-0.12287519,-0.92637306,-0.3754407,-0.82524157,-0.44121748,-1.1240231,-0.34728965,-1.0445558,-0.27836597,-0.8744767
p3,E,E,mock,mock,0.0,0.0,0.33574098,-0.15333934,0.54820156,-0.51196235,0.3505438,-0.7977424,0.022955054,-0.80676246,0.30258462,-0.9724241,0.29239282,-1.3802702,0.36394158,-1.2404344,0.3759456,-1.0256757,0.059658278,-0.99821883,0.018606687,-1.4478002,0.1189235,-1.2269105,0.14798549,-0.9926552,-0.14273956,-0.94836223,-0.22763291,-1.3690035,-0.09918359,-1.1800662,-0.048731875,-0.9435538,-0.3490448,-0.83419186,-0.39764798,-1.1456677,-0.27680263,-1.0732546,-0.20739298,-0.9011294
p3,E,E,mock,mock,0.0,0.0,0.35824233,-0.116948955,0.5737572,-0.49900368,0.37056866,-0.8110474,0.026216103,-0.82431895,0.3931733,-0.939982,0.40205938,-1.3628057,0.44464722,-1.3128883,0.44611737,-1.1137918,0.14064512,-0.9900601,0.14693105,-1.4420643,0.18501857,-1.2629433,0.1822408,-1.0143925,-0.066821754,-0.9628526,-0.08562185,-1.402478,-0.031718012,-1.2316512,-0.023896039,-0.9903964,-0.28194797,-0.8799413,-0.3097944,-1.2038293,-0.23314188,-1.1462315,-0.18986937,-0.97042865
p3,E,E,mock,mock,0.0,0.0,0.3548493,-0.1517451,0.57547426,-0.51528126,0.3831,-0.82217693,0.029602667,-0.82866657,0.38986373,-0.9411509,0.39932,-1.3567799,0.44691917,-1.30311,0.44667614,-1.1023259,0.1473001,-0.9890919,0.14239497,-1.4201837,0.1815046,-1.243471,0.1781026,-0.99845487,-0.05484275,-0.96024776,-0.08871187,-1.3823067,-0.022620808,-1.2304595,-0.005766588,-0.9940697,-0.26396778,-0.86936146,-0.30300957,-1.186963,-0.21111989,-1.1434437,-0.15686026,-0.95917237
p3,E,E,mock,mock,0.0,0.0,0.3564565,-0.1295906,0.5815382,-0.4885387,0.40488666,-0.81092066,0.06609056,-0.8206607,0.38248482,-0.9460982,0.39327198,-1.3512726,0.44314674,-1.2821586,0.44241512,-1.0859222,0.14599952,-0.98928463,0.14836155,-1.4158976,0.19601475,-1.2188487,0.19076686,-0.98215103,-0.05522298,-0.958856,-0.08480336,-1.3816608,-0.0128584355,-1.2035308,-0.005417754,-0.971307,-0.26901466,-0.87096757,-0.29149053,-1.1952139,-0.19856182,-1.1220762,-0.16210803,-0.93754643
p3,E,E,mock,mock,0.0,0.0,0.38560098,-0.10910169,0.6092044,-0.49083537,0.3799604,-0.8121315,0.043921586,-0.853506,0.41642237,-0.93769884,0.42268687,-1.3908678,0.44656128,-1.327198,0.43578935,-1.1052638,0.14767824,-0.9890355,0.1396641,-1.477069,0.16115445,-1.2946538,0.16288385,-1.0386734,-0.06948533,-0.96624655,-0.09262222,-1.4297582,-0.055053625,-1.2566763,-0.051239133,-1.0101802,-0.29339534,-0.88735056,-0.32621562,-1.2289286,-0.25584295,-1.1681154,-0.21822064,-0.98363113
p3,E,E,mock,mock,0.0,0.0,0.37049964,-0.12253608,0.5948074,-0.5116378,0.37657073,-0.8316229,0.040727276,-0.86700594,0.42827648,-0.9236413,0.4512917,-1.3421848,0.473486,-1.2982649,0.45829794,-1.0918226,0.17237236,-0.98503184,0.18036026,-1.4405699,0.19918834,-1.2942448,0.19395067,-1.0516733,-0.035167895,-0.9677952,-0.04664699,-1.4060057,-0.014667069,-1.2653219,-0.010233568,-1.0304301,-0.24086054,-0.89382076,-0.27388695,-1.2147849,-0.21091814,-1.1738517,-0.16966568,-0.9994099
p3,E,E,mock,mock,0.0,0.0,0.34015512,-0.20390308,0.5488633,-0.4903453,0.3545646,-0.75515324,0.046297926,-0.7442938,0.32353908,-0.9506893,0.32410794,-1.323065,0.39448076,-1.2688656,0.3933758,-1.0533447,0.07695666,-0.99703443,0.064988576,-1.3976322,0.12751693,-1.1450571,0.12553288,-0.9256585,-0.15727337,-0.9634488,-0.20067431,-1.3085456,-0.10444421,-1.0729878,-0.070816144,-0.8831804,-0.38020152,-0.8128306,-0.41414547,-1.1010082,-0.2941659,-0.9609442,-0.23663256,-0.7903689
p3,E,E,mock,mock,0.0,0.0,0.33807704,-0.19920258,0.55012774,-0.47355944,0.36116096,-0.7179331,0.059986744,-0.72015613,0.33127272,-0.94871,0.3423362,-1.3099979,0.40581754,-1.2149222,0.39149588,-0.99325484,0.07457333,-0.9972155,0.07132622,-1.3884983,0.13446559,-1.1032585,0.12509862,-0.88177687,-0.1652345,-0.9620141,-0.20469223,-1.3042865,-0.11008952,-1.0423355,-0.07985895,-0.8533193,-0.3989777,-0.81090266,-0.4258255,-1.0948424,-0.30727637,-0.9326607,-0.24737367,-0.7662058
p3,E,E,mock,mock,0.0,0.0,0.34202227,-0.14733312,0.552685,-0.337455,0.4357944,-0.5317785,0.21360283,-0.596504,0.48140258,-0.9209826,0.4786042,-1.2463673,0.53394717,-1.1604636,0.5207335,-0.9284464,0.17817238,-0.9839993,0.17364098,-1.3324839,0.2014135,-0.9815922,0.22976202,-0.76076734,-0.091124944,-0.94516265,-0.11087742,-1.1995136,-0.04980913,-0.8834082,0.0012323181,-0.68677497,-0.34328124,-0.7727123,-0.36447114,-0.9720823,-0.2658662,-0.75687945,-0.1762353,-0.5928566
p3,E,E,mock,mock,0.0,0.0,0.32756397,-0.19398764,0.57485384,-0.42292407,0.42715743,-0.6172051,0.14200047,-0.6432689,0.39391038,-0.94745725,0.38979208,-1.2841587,0.46043622,-1.2053574,0.4545148,-0.9866338,0.11179608,-0.99373114,0.10458588,-1.3545812,0.17706677,-1.0387098,0.17652045,-0.8140294,-0.14884104,-0.95751286,-0.1771854,-1.2778908,-0.079289295,-0.98698753,-0.049744945,-0.78978753,-0.39919737,-0.8088922,-0.41236573,-1.0607511,-0.28957066,-0.8726932,-0.22429797,-0.7109538
p3,E,E,mock,mock,0.0,0.0,0.30926824,-0.12684172,0.61119896,-0.2963183,0.491924,-0.31335557,0.21595384,-0.25514013,0.55040604,-0.9288059,0.5859264,-1.2005551,0.63920677,-0.9803297,0.60420346,-0.70608526,0.19819647,-0.9801623,0.21739998,-1.3144802,0.2986539,-0.9056644,0.29252452,-0.6315268,-0.13000016,-0.9299312,-0.12814122,-1.1750648,-0.014101691,-0.79468083,0.0071340287,-0.5706708,-0.43481627,-0.76798004,-0.39749026,-0.91434145,-0.25889096,-0.6535424,-0.19028789,-0.48426798
p3,E,E,mock,mock,0.0,0.0,0.3223048,-0.18289441,0.5043751,-0.5194936,0.30056745,-0.82271355,-0.036748506,-0.7628108,0.22376253,-0.98161864,0.18020417,-1.3503689,0.2554612,-1.2067455,0.29193953,-1.0041384,-0.01226624,-0.9999248,-0.06722258,-1.41274,0.02450091,-1.1742773,0.053516004,-0.9707542,-0.22449353,-0.94613105,-0.3128607,-1.3470538,-0.1977984,-1.1391966,-0.13695484,-0.91739565,-0.40662166,-0.79962,-0.45606163,-1.1045576,-0.34313127,-1.0012727,-0.26828206,-0.83708686
p3,E,E,mock,mock,0.0,0.0,0.32724464,-0.1833731,0.48805514,-0.50300825,0.25509304,-0.79958785,-0.078586385,-0.776285,0.23261854,-0.97525626,0.17394294,-1.3550943,0.22608319,-1.2386606,0.25842643,-1.0331784,-0.016928468,-0.9998567,-0.0821229,-1.418241,-0.022447938,-1.1772892,0.013426331,-0.97098196,-0.23356098,-0.9519376,-0.32782453,-1.3448638,-0.2463522,-1.1293476,-0.17546059,-0.91755676,-0.42395443,-0.79360414,-0.4891627,-1.0966189,-0.39602706,-0.9944339,-0.31335494,-0.82521385
p3,E,E,mock,mock,0.0,0.0,0.30762926,-0.22908789,0.4401501,-0.5365149,0.17185014,-0.7866925,-0.13583976,-0.7892535,0.23170441,-0.97404665,0.17335042,-1.3387946,0.18969138,-1.2368604,0.20980686,-1.0438474,-0.017850768,-0.9998407,-0.083976224,-1.3997858,-0.057059254,-1.1751244,-0.027587948,-0.9881335,-0.22717647,-0.9498264,-0.3148223,-1.3163364,-0.25559428,-1.1270715,-0.20088601,-0.9351601,-0.4027123,-0.78749925,-0.4667401,-1.0718637,-0.39167958,-1.0046325,-0.32442832,-0.8617189
p3,E,E,mock,mock,0.0,0.0,0.31516555,-0.17549528,0.50354964,-0.5819267,0.4002204,-0.9125636,0.07455392,-0.87269974,0.20723473,-0.9867937,0.17011757,-1.3628267,0.31104138,-1.271722,0.36091816,-1.0765797,0.0014817629,-0.9999989,-0.083063394,-1.4598309,0.10271869,-1.3297052,0.14957677,-1.0895604,-0.19050157,-0.9401139,-0.30935583,-1.3740134,-0.10145736,-1.2552977,-0.027181813,-1.0279285,-0.3851352,-0.8320741,-0.41839126,-1.1639854,-0.25056717,-1.1186984,-0.16755234,-0.95523745
p3,E,E,mock,mock,0.0,0.0,0.3300868,-0.18427184,0.5083408,-0.5777031,0.35631704,-0.90386134,0.033971243,-0.83165467,0.2398263,-0.98543847,0.2146823,-1.3562567,0.323088,-1.2391557,0.3464357,-1.0459613,0.022260997,-0.99975216,-0.048363023,-1.433811,0.100192145,-1.2669346,0.124777086,-1.0368631,-0.17522788,-0.93781054,-0.28729403,-1.3492132,-0.10873573,-1.2037369,-0.049543504,-0.98268545,-0.37105843,-0.8220526,-0.4171354,-1.139787,-0.2698714,-1.081199,-0.19805267,-0.9167849
p2,E,E,mock,mock,0.0,0.0,0.32895148,-0.26390272,0.45959145,-0.6983752,0.27317423,-0.98736954,-0.05645711,-0.97377515,0.34470358,-0.9878777,0.34298155,-1.387601,0.36561674,-1.3492547,0.3467559,-1.136023,0.11085202,-0.99383694,0.055901773,-1.419507,0.108051516,-1.3368293,0.11788256,-1.1012976,-0.105468825,-0.9412752,-0.18279375,-1.352188,-0.089821085,-1.3127445,-0.057516005,-1.0845631,-0.30965158,-0.8395901,-0.33677134,-1.1623582,-0.25635865,-1.1682292,-0.19815117,-1.0058023
p2,E,E,mock,mock,0.0,0.0,0.34334302,-0.26200628,0.47541752,-0.68396986,0.33239025,-0.9733884,0.032527782,-0.98352855,0.31431445,-0.9876637,0.29930988,-1.3778201,0.36495522,-1.3448454,0.38519984,-1.1584231,0.10134861,-0.994851,0.04429789,-1.4150771,0.13708356,-1.3472922,0.16107152,-1.1088369,-0.103985876,-0.9432376,-0.17623474,-1.3572477,-0.055652916,-1.3316839,-0.007555561,-1.109146,-0.30238542,-0.8429213,-0.3214949,-1.1496454,-0.21532854,-1.153204,-0.1426296,-0.9923128
p2,E,E,mock,mock,0.0,0.0,0.32747728,-0.26229942,0.45982453,-0.69526374,0.27743295,-0.98352075,-0.033025697,-0.99415624,0.31770188,-0.9903776,0.31845114,-1.3914102,0.3527464,-1.3619413,0.34879023,-1.1570014,0.08742038,-0.99617153,0.033173095,-1.433746,0.09525529,-1.3611231,0.114927515,-1.1206192,-0.12470578,-0.9392366,-0.20071205,-1.360828,-0.105733864,-1.3274405,-0.06718057,-1.0963259,-0.32667303,-0.83201885,-0.3517769,-1.1512451,-0.26911023,-1.1628364,-0.21052971,-1.0042269
p2,E,E,mock,mock,0.0,0.0,0.32403108,-0.25313428,0.4510591,-0.6748799,0.26058945,-0.9515192,-0.03838395,-0.95793605,0.29028755,-0.9936191,0.2808663,-1.3996295,0.31608123,-1.3477525,0.316616,-1.1308838,0.05958137,-0.9982234,-0.008082294,-1.4451201,0.060323086,-1.3541902,0.08824341,-1.1093913,-0.15096915,-0.9370991,-0.23406875,-1.3625846,-0.13521379,-1.301878,-0.08953507,-1.0659608,-0.34889713,-0.82261366,-0.3823192,-1.1337285,-0.29832673,-1.1297609,-0.23758976,-0.9717499
p2,E,E,mock,mock,0.0,0.0,0.31425193,-0.24349627,0.44664183,-0.6460509,0.27221018,-0.9222984,0.0034098004,-0.9871722,0.321435,-0.9863014,0.32531077,-1.387791,0.33472297,-1.3426802,0.3195585,-1.1273323,0.08596669,-0.996298,0.037056584,-1.4349768,0.07024286,-1.3310133,0.0886601,-1.0937817,-0.12649429,-0.9408045,-0.2008956,-1.352705,-0.12552376,-1.2835674,-0.086473756,-1.0556872,-0.32814232,-0.82604694,-0.36738744,-1.1380454,-0.298684,-1.1262652,-0.24261136,-0.9643868
p2,E,E,mock,mock,0.0,0.0,0.30874792,-0.19553822,0.4584539,-0.5917499,0.30584893,-0.88324547,0.011257654,-0.91922635,0.2943722,-0.976694,0.2897419,-1.3675668,0.35853177,-1.3096193,0.36731154,-1.1045598,0.071100615,-0.9974691,-0.0042547537,-1.4451786,0.09295671,-1.3411052,0.108577274,-1.1006877,-0.13226338,-0.93800986,-0.2328211,-1.350713,-0.10632085,-1.2751558,-0.06180166,-1.0494746,-0.3275242,-0.8224875,-0.39419582,-1.1243848,-0.28595036,-1.1049637,-0.21848477,-0.9428203
p2,E,E,mock,mock,0.0,0.0,0.29824722,-0.20443198,0.4314175,-0.5912435,0.27292025,-0.87563276,0.00599047,-0.95302963,0.3083848,-0.97319835,0.3330511,-1.3673358,0.35626394,-1.3242772,0.34526065,-1.1287813,0.078231946,-0.9969352,0.034727488,-1.4470165,0.080130905,-1.3578202,0.09167947,-1.13119,-0.12944216,-0.93834466,-0.20937403,-1.3606377,-0.12167646,-1.2904023,-0.07620708,-1.0619185,-0.327021,-0.8114355,-0.3906811,-1.1121577,-0.30504605,-1.1151994,-0.23162486,-0.9619783
p2,E,E,mock,mock,0.0,0.0,0.3123039,-0.20659402,0.46162015,-0.60408765,0.30912903,-0.8873298,0.0012579414,-0.89139503,0.2728508,-0.9862388,0.252806,-1.3718871,0.34866464,-1.3033081,0.37339643,-1.1056273,0.05616251,-0.99842167,-0.024317712,-1.4384855,0.10757089,-1.3229204,0.13071914,-1.0906849,-0.14232494,-0.9383795,-0.24161519,-1.3582221,-0.088426344,-1.2657325,-0.03919614,-1.0443958,-0.336053,-0.82153916,-0.3983307,-1.127597,-0.269667,-1.091623,-0.1964315,-0.92699015
p2,E,E,mock,mock,0.0,0.0,0.31064433,-0.20011377,0.46106806,-0.5928912,0.30914718,-0.88292056,0.01794299,-0.92610663,0.28912982,-0.98087466,0.27581328,-1.3732432,0.3551074,-1.3149548,0.36832735,-1.1136993,0.07017753,-0.9975345,-0.010307195,-1.445916,0.10051795,-1.3384336,0.11744244,-1.1020747,-0.13173997,-0.9381282,-0.23169255,-1.3531506,-0.0964216,-1.2713481,-0.054008,-1.0492,-0.32982343,-0.8252748,-0.39725116,-1.1324393,-0.28291053,-1.1042792,-0.2168405,-0.94043106
p2,E,E,mock,mock,0.0,0.0,0.30728844,-0.19507277,0.455371,-0.588933,0.29776555,-0.87526757,0.017928412,-0.93905437,0.31755534,-0.974359,0.3360975,-1.3789632,0.37035605,-1.3192438,0.36597005,-1.1131427,0.084352136,-0.996436,0.028634759,-1.4576361,0.094938345,-1.342037,0.11449749,-1.1013657,-0.12480253,-0.9398532,-0.21758693,-1.3755333,-0.11317747,-1.2890393,-0.06618292,-1.055252,-0.3223766,-0.8191339,-0.3814928,-1.1281006,-0.28674826,-1.1145039,-0.21793352,-0.95248
p2,E,E,mock,mock,0.0,0.0,0.36266735,-0.12742269,0.60463464,-0.49250036,0.5129757,-0.8169862,0.18707342,-0.8534399,0.47311607,-0.92826134,0.49038753,-1.3325772,0.5336738,-1.2574782,0.5110642,-1.0427411,0.24484739,-0.96956164,0.2301189,-1.3983192,0.2761659,-1.2312788,0.2612529,-0.9825252,0.037415445,-0.9339055,-0.0014554102,-1.330804,0.07879493,-1.195014,0.0882545,-0.9604567,-0.17671333,-0.85102844,-0.19809996,-1.1548759,-0.11548073,-1.101593,-0.07036986,-0.93207693
p2,E,E,mock,mock,0.0,0.0,0.35250282,-0.1465417,0.5697741,-0.5452823,0.4884301,-0.8625432,0.17181869,-0.85567623,0.36626944,-0.96686274,0.3553855,-1.3310012,0.47216636,-1.2574173,0.49848998,-1.0567918,0.16441518,-0.98639125,0.13905095,-1.3979669,0.27112675,-1.2390374,0.26371625,-0.99782187,-0.033232007,-0.94098985,-0.07938069,-1.3445027,0.071914405,-1.2029604,0.084345095,-0.97981566,-0.24767503,-0.845731,-0.24595846,-1.1408198,-0.12771545,-1.047498,-0.09780052,-0.86958295
p2,E,E,mock,mock,0.0,0.0,0.3618429,-0.1344863,0.59838444,-0.50191385,0.49775332,-0.8275703,0.18909134,-0.89313716,0.46269742,-0.9373455,0.4774043,-1.3480341,0.5151134,-1.2787979,0.49396124,-1.0607092,0.23654066,-0.9716216,0.22239172,-1.4018707,0.25908187,-1.245168,0.247228,-0.9936763,0.029454231,-0.93557644,-0.0065348977,-1.3341727,0.06851039,-1.2118498,0.07716251,-0.9755997,-0.18711875,-0.85480875,-0.21208057,-1.1613973,-0.13362162,-1.1137292,-0.089903004,-0.9414628
p2,E,E,mock,mock,0.0,0.0,0.3517252,-0.125931,0.579457,-0.47602415,0.47433466,-0.8013108,0.16619226,-0.8704497,0.46751595,-0.9291733,0.49385384,-1.3215387,0.51556945,-1.2684194,0.49451265,-1.0618484,0.2374969,-0.9713883,0.23104972,-1.3898612,0.24638128,-1.2420486,0.23954804,-0.99932045,0.030255768,-0.9365839,-0.0008434743,-1.3265704,0.060882024,-1.2128919,0.07417621,-0.98260057,-0.18058085,-0.84611225,-0.2038694,-1.1508933,-0.1302478,-1.1176592,-0.07998492,-0.9550016
p2,E,E,mock,mock,0.0,0.0,0.34944603,-0.1415334,0.57549256,-0.53891766,0.500927,-0.86023253,0.18367954,-0.861434,0.3738524,-0.96246475,0.37913752,-1.3392282,0.49045995,-1.2597673,0.5128349,-1.0553416,0.16780427,-0.98582035,0.14795649,-1.4084733,0.27589607,-1.2454425,0.26959196,-0.9987255,-0.032269333,-0.94300944,-0.077914745,-1.3624613,0.07306941,-1.2207255,0.089414775,-0.9878388,-0.24963619,-0.85309136,-0.24903782,-1.1533766,-0.13076963,-1.0674101,-0.0974915,-0.88668674
p2,E,E,mock,mock,0.0,0.0,0.3949617,-0.17048922,0.57951826,-0.613732,0.41947514,-0.95458966,0.101363,-0.96666014,0.37109777,-0.97229236,0.34951997,-1.3757082,0.37777787,-1.3546672,0.3781819,-1.1455746,0.13281488,-0.99114084,0.07642918,-1.431015,0.11630027,-1.3450361,0.124092326,-1.086393,-0.08332261,-0.93672454,-0.16626923,-1.3642311,-0.09997931,-1.2800721,-0.06217481,-1.0237858,-0.30230823,-0.8233526,-0.35246783,-1.1491089,-0.2796594,-1.1142733,-0.2190085,-0.91770256
p2,E,E,mock,mock,0.0,0.0,0.39827454,-0.16272289,0.5953483,-0.61479425,0.44848415,-0.9622408,0.11254352,-0.96179634,0.38962582,-0.96266407,0.36671823,-1.3770108,0.3999913,-1.3558853,0.39812163,-1.1445376,0.15365124,-0.98812515,0.09574396,-1.4417362,0.13738453,-1.3723488,0.14101724,-1.1151822,-0.061884165,-0.93769157,-0.14176747,-1.3710465,-0.08070413,-1.3012433,-0.049646888,-1.0463492,-0.28236368,-0.833856,-0.33555034,-1.165483,-0.26529068,-1.1503364,-0.20671298,-0.9618194
p2,E,E,mock,mock,0.0,0.0,0.38962603,-0.17558792,0.57751304,-0.60291433,0.4227506,-0.9334547,0.09338262,-0.9615754,0.39176524,-0.9588134,0.38510248,-1.3677026,0.4139801,-1.3324088,0.40529585,-1.1258327,0.15706612,-0.9875881,0.10775749,-1.4329532,0.15353748,-1.3335742,0.1633235,-1.0826527,-0.05648362,-0.94048226,-0.1287623,-1.3601964,-0.061434783,-1.2732844,-0.032327276,-1.0288433,-0.278032,-0.84072185,-0.3247394,-1.1634037,-0.2499072,-1.1399286,-0.19328931,-0.9591679
p2,E,E,mock,mock,0.0,0.0,0.39038533,-0.16136849,0.58683544,-0.6036069,0.45437863,-0.94959503,0.11363007,-0.958499,0.38894287,-0.95721304,0.38348022,-1.3660184,0.4236292,-1.3609407,0.41547927,-1.1569719,0.15599786,-0.9877574,0.09699323,-1.443234,0.15943368,-1.3803798,0.16452356,-1.1172006,-0.06103216,-0.9369646,-0.15504235,-1.3602213,-0.071578726,-1.3046787,-0.03639108,-1.0545217,-0.2817226,-0.8320464,-0.33973277,-1.1644313,-0.26237506,-1.156075,-0.21000318,-0.9677723
p2,E,E,mock,mock,0.0,0.0,0.38247633,-0.18935853,0.5579188,-0.6322728,0.44168013,-0.95651627,0.12079662,-0.9197876,0.33239615,-0.9807751,0.31693655,-1.3663464,0.39428562,-1.3324405,0.40102866,-1.1273162,0.12477383,-0.99218524,0.056866035,-1.4150451,0.16910185,-1.3462716,0.18286629,-1.093309,-0.08384317,-0.937783,-0.170067,-1.3500813,-0.044010025,-1.2831011,0.0029015616,-1.0504985,-0.29433274,-0.8353161,-0.3484701,-1.1611706,-0.2383093,-1.1499988,-0.17131393,-0.97943985
p2,E,E,mock,mock,0.0,0.0,0.45944014,-0.19724534,0.707999,-0.6057841,0.668269,-0.96354115,0.3583031,-1.0425246,0.45127487,-0.97028744,0.44369584,-1.4219127,0.47714627,-1.3315341,0.46294826,-1.0864196,0.2089519,-0.9779259,0.15707709,-1.470008,0.22238967,-1.3155056,0.22437423,-1.0425358,-0.014081241,-0.9269444,-0.1023765,-1.393225,0.0044651087,-1.2485796,0.051996045,-0.9777141,-0.24972542,-0.83601505,-0.30080107,-1.1830746,-0.21464802,-1.1253514,-0.14852674,-0.9328895
p2,E,E,mock,mock,0.0,0.0,0.4478004,-0.19482057,0.6961672,-0.59206945,0.664855,-0.94098884,0.35981008,-1.0248629,0.45701587,-0.9552322,0.45873493,-1.3991945,0.4964743,-1.308214,0.4830698,-1.0715898,0.2198703,-0.97552913,0.17202924,-1.4596709,0.23543406,-1.3054293,0.23606323,-1.0397522,-0.0031867025,-0.93199515,-0.08787372,-1.391079,0.010922543,-1.2502962,0.051454194,-0.98865587,-0.2406861,-0.84217256,-0.29075754,-1.1917768,-0.21144404,-1.133009,-0.15382756,-0.94343084
p2,E,E,mock,mock,0.0,0.0,0.43915164,-0.2091286,0.671034,-0.61356235,0.6404459,-0.9547028,0.34450465,-1.0225183,0.41072142,-0.9713879,0.39175004,-1.4009879,0.44353774,-1.3410631,0.4411601,-1.1232122,0.17675373,-0.98425514,0.111936174,-1.4525872,0.1957687,-1.3213418,0.20046198,-1.0565236,-0.03969444,-0.93132657,-0.13318299,-1.3774135,-0.018239563,-1.2621666,0.022024611,-1.0059922,-0.27191517,-0.84106004,-0.31718904,-1.1782613,-0.22747,-1.1351056,-0.17094757,-0.94788945
p2,E,E,mock,mock,0.0,0.0,0.43177208,-0.20654428,0.68217033,-0.61420727,0.6527219,-0.9761034,0.3441615,-1.0583189,0.4511095,-0.94421995,0.47158638,-1.3828533,0.49815443,-1.317283,0.46919948,-1.0930157,0.22717677,-0.9738535,0.1891238,-1.4423127,0.23326652,-1.3230351,0.21851753,-1.0681782,0.012721494,-0.93818986,-0.050920006,-1.3830703,0.020620894,-1.2774936,0.03216764,-1.024422,-0.2212749,-0.86149657,-0.26841488,-1.206685,-0.1963009,-1.1714714,-0.15431413,-0.9863949
p2,E,E,mock,mock,0.0,0.0,0.43597516,-0.22605288,0.65635836,-0.624108,0.5780112,-0.9659778,0.2631867,-1.046263,0.44351456,-0.9605186,0.44167572,-1.3959389,0.4339068,-1.304016,0.40759572,-1.058582,0.20138995,-0.97951114,0.13157164,-1.4402145,0.14297894,-1.2921804,0.1479118,-1.032312,-0.021530582,-0.9259707,-0.123795845,-1.361799,-0.066004984,-1.2291197,-0.028420763,-0.97686285,-0.25430763,-0.82036227,-0.31311882,-1.1598321,-0.252129,-1.108512,-0.19878675,-0.9254806
p3,E,E,mock,mock,0.0,0.0,0.26407,-0.17880902,0.4251147,-0.45988378,0.28825405,-0.7349403,-0.004689306,-0.76191556,0.30524418,-0.9492929,0.30576348,-1.2590837,0.3544461,-1.1303352,0.33346164,-0.9272029,0.08145987,-0.9966766,0.049278345,-1.3280406,0.112872906,-1.0606079,0.12620959,-0.9017931,-0.13378334,-0.9584047,-0.17863955,-1.2777541,-0.082127005,-1.0488119,-0.053800117,-0.8720752,-0.34273782,-0.8134175,-0.35476008,-1.0569291,-0.23973048,-0.92464197,-0.1883954,-0.7720192
p3,E,E,mock,mock,0.0,0.0,0.26595715,-0.15868804,0.43560582,-0.44851652,0.2944862,-0.7310849,-0.010333883,-0.7440647,0.31013298,-0.94998664,0.33136252,-1.2732389,0.37939268,-1.1196688,0.35072404,-0.9080549,0.08222726,-0.9966136,0.07933943,-1.3477811,0.14170688,-1.0561755,0.14039901,-0.88487804,-0.14323917,-0.95953166,-0.15250589,-1.2718447,-0.058248956,-1.0233186,-0.04898439,-0.857542,-0.36041072,-0.81698847,-0.35173926,-1.0792359,-0.2421225,-0.9305,-0.21263915,-0.7831695
p3,E,E,mock,mock,0.0,0.0,0.26650202,-0.1839906,0.42223036,-0.4934483,0.23579346,-0.78882563,-0.063387364,-0.82412535,0.31983238,-0.9439216,0.3536976,-1.3081253,0.37952554,-1.1613894,0.3540738,-0.9468104,0.0898025,-0.9959596,0.09664211,-1.3897346,0.13794835,-1.1387972,0.13858326,-0.96487075,-0.13082552,-0.9689532,-0.14414881,-1.3394854,-0.06160508,-1.1390027,-0.043367382,-0.94661796,-0.33663735,-0.83604187,-0.35092285,-1.1360041,-0.24510026,-1.0448467,-0.20195691,-0.8769706
p3,E,E,mock,mock,0.0,0.0,0.2628903,-0.20247333,0.40322813,-0.5350859,0.19732486,-0.8308827,-0.10254911,-0.8430508,0.30801448,-0.9501338,0.34300002,-1.2964137,0.34757435,-1.159752,0.31762713,-0.94826883,0.075769484,-0.9971254,0.07325765,-1.3613561,0.09975708,-1.1446866,0.105896294,-0.9676989,-0.13746,-0.9658161,-0.15366393,-1.3240514,-0.07889322,-1.1563046,-0.066140756,-0.9597473,-0.33760107,-0.85059947,-0.3637751,-1.1437393,-0.26874235,-1.0833329,-0.22430357,-0.9210482
p3,E,E,mock,mock,0.0,0.0,0.26784986,-0.1638128,0.43777385,-0.43442336,0.28300405,-0.712798,-0.015896246,-0.77269435,0.35763505,-0.9281614,0.38139433,-1.2528702,0.40767667,-1.10971,0.38064003,-0.9161308,0.13626035,-0.99067307,0.15354174,-1.345819,0.180855,-1.0559411,0.17629507,-0.9034469,-0.08512303,-0.96900636,-0.09947287,-1.3083823,-0.024666162,-1.0656822,-0.010419968,-0.87977934,-0.30816704,-0.83742744,-0.30103034,-1.0992237,-0.19478258,-0.96802074,-0.15112011,-0.808997
p4,E,E,mock,mock,0.0,0.0,0.4133961,-0.11403588,0.68326396,-0.43369195,0.52887356,-0.77419573,0.15215588,-0.72178024,0.4533878,-0.94627285,0.48244938,-1.306388,0.5117951,-1.1823429,0.4932067,-0.9579008,0.19584008,-0.9806358,0.19756876,-1.3692353,0.24262634,-1.075989,0.25904587,-0.85218704,-0.029801805,-0.9358634,-0.06565822,-1.294357,0.019641135,-1.01728,0.051971305,-0.7829975,-0.27423778,-0.8084163,-0.27056137,-1.0771582,-0.16461997,-0.9123869,-0.11276614,-0.7131571
p4,E,E,mock,mock,0.0,0.0,0.38795903,-0.12272221,0.6514825,-0.47824296,0.50691354,-0.78954196,0.13541564,-0.73528576,0.35127175,-0.98304677,0.35827738,-1.3508774,0.4456482,-1.2218504,0.4635263,-0.9848823,0.11238876,-0.9936643,0.096468695,-1.3818697,0.21806903,-1.1343387,0.24091923,-0.8824444,-0.11100813,-0.92659885,-0.1459427,-1.3005137,0.006879491,-1.0467992,0.0451187,-0.797368,-0.35128516,-0.79300755,-0.33504924,-1.0752803,-0.17938742,-0.91475964,-0.11202498,-0.70947
p4,E,E,mock,mock,0.0,0.0,0.48960316,-0.07944248,0.7908106,-0.45489517,0.58914906,-0.82510227,0.16285372,-0.8036808,0.5615288,-0.91451114,0.60195476,-1.3520455,0.59738076,-1.2726636,0.57215834,-1.0222939,0.2767317,-0.9609472,0.26481238,-1.4339983,0.2884307,-1.2292553,0.29722002,-0.9490753,0.016994724,-0.93537194,-0.013243454,-1.3954806,0.049153745,-1.1601647,0.08036571,-0.88311756,-0.2580903,-0.8477826,-0.2556855,-1.179294,-0.1645151,-1.045783,-0.11527705,-0.8248662
p4,E,E,mock,mock,0.0,0.0,0.43803027,-0.13782974,0.705405,-0.44656903,0.5043204,-0.76125044,0.11155282,-0.78018147,0.5514966,-0.91539574,0.58852005,-1.3312746,0.53212744,-1.203427,0.47826213,-0.95395464,0.26072323,-0.9654136,0.25365177,-1.382994,0.21668924,-1.1205791,0.21649708,-0.85603935,0.0020004183,-0.93168175,-0.024396975,-1.3149585,0.007851554,-1.055822,0.04628418,-0.78555113,-0.24013223,-0.8066345,-0.24235313,-1.0877799,-0.17580363,-0.9404489,-0.11949748,-0.72675604
p4,E,E,mock,mock,0.0,0.0,0.4352092,-0.0868226,0.7062083,-0.4259388,0.52261794,-0.7655487,0.12141349,-0.74065435,0.49631193,-0.93203115,0.5278991,-1.3419138,0.5206138,-1.2202749,0.5005799,-0.97441816,0.21182042,-0.97730863,0.20225282,-1.4102536,0.21864039,-1.1564857,0.24148427,-0.89819837,-0.0383135,-0.9356348,-0.0720363,-1.3322694,-0.0089114895,-1.0620483,0.036102377,-0.8028155,-0.29210404,-0.8158325,-0.29390445,-1.1042476,-0.20424557,-0.9448913,-0.1491804,-0.73117447
p2,E,E,mock,mock,0.0,0.0,0.40448982,-0.2681138,0.61745876,-0.509186,0.4868716,-0.7217353,0.1494567,-0.6660968,0.39148393,-0.96391046,0.424316,-1.3523717,0.44303757,-1.1957483,0.41040555,-0.98019284,0.13716115,-0.99054873,0.13854393,-1.3245779,0.16585837,-1.0102676,0.1727505,-0.78507054,-0.088037364,-0.94485325,-0.12659095,-1.243707,-0.032659642,-0.9959489,0.020439588,-0.7614315,-0.2990251,-0.81222254,-0.32849166,-1.1042268,-0.2154663,-0.9893016,-0.11730368,-0.80860096
p2,E,E,mock,mock,0.0,0.0,0.3967197,-0.2531511,0.6272797,-0.5416028,0.5019058,-0.7527001,0.16505419,-0.6608404,0.3570297,-0.98672277,0.39106146,-1.3848393,0.43314674,-1.181413,0.4126283,-0.9415176,0.10671734,-0.9942894,0.10785912,-1.3711476,0.19878459,-1.083458,0.21718001,-0.8355141,-0.10359445,-0.945442,-0.114270285,-1.2794329,0.025534501,-1.0451311,0.074443705,-0.81712484,-0.31028593,-0.85606617,-0.32673883,-1.1613312,-0.17294215,-1.070103,-0.064456195,-0.904527
p2,E,E,mock,mock,0.0,0.0,0.40277275,-0.24665184,0.6352722,-0.5614153,0.5159887,-0.7647271,0.16869792,-0.6691837,0.36800733,-1.0037328,0.36430338,-1.3729644,0.41822368,-1.1424167,0.4255676,-0.90678173,0.12826611,-0.9917398,0.10549109,-1.3593069,0.21715806,-1.0698245,0.24768955,-0.8264594,-0.08057187,-0.94089866,-0.09336928,-1.2698694,0.06643657,-1.0281267,0.13022374,-0.8010059,-0.28568736,-0.85881966,-0.28970507,-1.148271,-0.12881815,-1.0504533,-0.021136442,-0.89493704
p2,E,E,mock,mock,0.0,0.0,0.48248544,-0.28693148,0.70435315,-0.6793656,0.4130366,-0.9417101,-0.022640252,-0.8336298,0.38988784,-1.0258757,0.31246582,-1.4915026,0.287957,-1.3578851,0.29290882,-1.1125664,0.08895497,-0.99603564,-0.02118235,-1.4332155,0.028985767,-1.2134731,0.093952656,-0.95777464,-0.15125032,-0.91539234,-0.26294774,-1.3119969,-0.15658137,-1.1022975,-0.054996036,-0.85867935,-0.3697829,-0.79722685,-0.4317596,-1.1310906,-0.31949943,-1.0267912,-0.21504289,-0.8338099
p2,E,E,mock,mock,0.0,0.0,0.42811373,-0.30033052,0.62464255,-0.6730411,0.40194842,-0.9376347,0.0005698963,-0.8449043,0.28905135,-1.0387654,0.20743708,-1.4604955,0.26196238,-1.3154389,0.3001631,-1.0957217,0.041084066,-0.9991557,-0.061364245,-1.3905665,0.052679386,-1.172082,0.11336264,-0.930605,-0.1646073,-0.918533,-0.24662048,-1.2810411,-0.09104075,-1.0903131,0.0040609566,-0.86288416,-0.3629412,-0.7992843,-0.4089475,-1.1033937,-0.2503414,-1.0186301,-0.12310036,-0.8512067
p2,E,E,mock,mock,0.0,0.0,0.40199134,-0.31838152,0.59822184,-0.6569298,0.43987048,-0.9030667,0.07695651,-0.78660417,0.26694697,-1.0423976,0.17487706,-1.4564836,0.26053753,-1.2868648,0.30887595,-1.070998,0.038829498,-0.9992458,-0.06185739,-1.3965987,0.08500525,-1.1668489,0.15126598,-0.9414309,-0.14864403,-0.92016596,-0.21867219,-1.2928739,-0.03125443,-1.0942161,0.069248885,-0.8804087,-0.33531347,-0.80217016,-0.3402023,-1.1030456,-0.16618824,-1.0133015,-0.053903617,-0.860228
p2,E,E,mock,mock,0.0,0.0,0.43639746,-0.20334572,0.64423335,-0.5595431,0.39342475,-0.85095114,0.035667174,-0.84607357,0.48368773,-0.98469484,0.44432843,-1.4041445,0.31950003,-1.2449833,0.27310756,-1.0050325,0.18731858,-0.9822992,0.115127064,-1.3918341,0.06506058,-1.1474792,0.087981105,-0.89228255,-0.059607703,-0.91448325,-0.15310733,-1.2651185,-0.11497402,-0.9977139,-0.046072986,-0.7494192,-0.28320962,-0.7908128,-0.33564132,-1.0835497,-0.2734618,-0.9179048,-0.19500765,-0.7176805
p2,E,E,mock,mock,0.0,0.0,0.43767014,-0.20471808,0.6509565,-0.57170904,0.3895452,-0.8689849,0.02815143,-0.87295145,0.48354256,-0.9843629,0.44616276,-1.4157311,0.3314302,-1.2696462,0.29040945,-1.0256327,0.17932707,-0.9837895,0.10447217,-1.4015796,0.060153842,-1.1530224,0.086151384,-0.8916034,-0.07366403,-0.9158865,-0.17240776,-1.2768176,-0.1278661,-1.006373,-0.05332297,-0.75477064,-0.3026904,-0.7918282,-0.35947746,-1.0809907,-0.29356354,-0.9180072,-0.20838667,-0.7213229
p3,E,E,mock,mock,0.0,0.0,0.37072775,-0.07000435,0.6708324,-0.31906384,0.7401893,-0.5604107,0.49587694,-0.6247257,0.46419176,-0.9181953,0.45028028,-1.3323339,0.5214104,-1.2933954,0.53626585,-1.0874504,0.23198347,-0.9727197,0.1990275,-1.4701165,0.27875328,-1.4092648,0.31074673,-1.1717639,0.0075817225,-0.95020473,-0.025826387,-1.4075845,0.061080273,-1.3691448,0.082366176,-1.1265645,-0.23261987,-0.8821692,-0.2319064,-1.2420299,-0.15420008,-1.2542931,-0.110884376,-1.0939578
p3,E,E,mock,mock,0.0,0.0,0.36507383,-0.05064577,0.6670054,-0.31166053,0.737855,-0.5724375,0.48000354,-0.60568357,0.472777,-0.91501266,0.4579475,-1.3371453,0.52803713,-1.2907467,0.5332028,-1.0789251,0.23788466,-0.9712934,0.20370713,-1.4805269,0.29716772,-1.4164696,0.322041,-1.1733015,0.010167637,-0.94501734,-0.030889198,-1.4039367,0.072744764,-1.359923,0.10113948,-1.1268897,-0.22863933,-0.8717501,-0.2355905,-1.2451894,-0.14512868,-1.2543502,-0.0920304,-1.1001923
p3,E,E,mock,mock,0.0,0.0,0.37301356,-0.042518727,0.6891743,-0.2941508,0.77244896,-0.53381115,0.51496077,-0.6101931,0.49799347,-0.9008365,0.5010092,-1.3148234,0.57087356,-1.2695237,0.57532144,-1.0498619,0.26436773,-0.9644219,0.2392639,-1.4594798,0.32250193,-1.3978297,0.34513378,-1.1544998,0.036284238,-0.94367605,0.004458795,-1.4055941,0.09618316,-1.3658133,0.11680961,-1.1322746,-0.2028352,-0.872006,-0.20740369,-1.2252135,-0.12553889,-1.2506179,-0.07398866,-1.1163174
p3,E,E,mock,mock,0.0,0.0,0.37613645,-0.05919451,0.6843197,-0.30540153,0.7503223,-0.54569453,0.5043613,-0.6150183,0.4847509,-0.9076483,0.47806495,-1.3271276,0.54922163,-1.2910658,0.5624752,-1.0789928,0.25339139,-0.96736383,0.23515417,-1.4579352,0.3126307,-1.4087639,0.3392839,-1.1757879,0.0293686,-0.9490417,0.0044009076,-1.4035054,0.08729519,-1.3731747,0.10310604,-1.1283321,-0.2139757,-0.8858795,-0.2074463,-1.2460389,-0.13134436,-1.2656332,-0.091138124,-1.1027687
p2,E,E,mock,mock,0.0,0.0,0.4198367,-0.032481942,0.7657162,-0.32100835,0.7851019,-0.628003,0.49513355,-0.67070264,0.54766923,-0.8985448,0.6053511,-1.3354129,0.6431705,-1.2327728,0.6129535,-0.9903323,0.29531118,-0.9554011,0.33778736,-1.4536953,0.38035703,-1.2897171,0.35593206,-1.0194652,0.056155812,-0.93368006,0.07391423,-1.3845127,0.14216141,-1.243647,0.13076021,-0.9929517,-0.19952205,-0.872021,-0.16953596,-1.2364067,-0.09447026,-1.1830105,-0.07713865,-1.0009233
p2,E,E,mock,mock,0.0,0.0,0.38190138,-0.06540698,0.7237879,-0.34111795,0.7703987,-0.61308014,0.4632225,-0.62028486,0.4960295,-0.9076106,0.5275254,-1.3045382,0.5920808,-1.1954463,0.57580864,-0.97980523,0.27262193,-0.96212125,0.29312065,-1.422317,0.36481765,-1.2524046,0.3424554,-1.0079845,0.060155008,-0.9387011,0.06537796,-1.346142,0.15147623,-1.1884726,0.13482073,-0.9574306,-0.17179379,-0.87390196,-0.1487264,-1.2005315,-0.07015454,-1.1349744,-0.06042331,-0.9702207
p2,E,E,mock,mock,0.0,0.0,0.44278178,-0.008203813,0.8351725,-0.26849058,0.8933062,-0.58098704,0.5784179,-0.64440167,0.62478846,-0.8617262,0.6655943,-1.3050115,0.71920204,-1.215159,0.6955295,-0.9906413,0.36387324,-0.93144846,0.40771702,-1.4269544,0.46585163,-1.2732892,0.42228937,-1.0123454,0.112268806,-0.9164291,0.12839732,-1.3455321,0.20467836,-1.2049043,0.18030854,-0.973517,-0.1552506,-0.86205024,-0.13008069,-1.2056355,-0.06127675,-1.139851,-0.058760695,-0.9733418
p2,E,E,mock,mock,0.0,0.0,0.42217842,-0.059219982,0.7720225,-0.33299455,0.77922297,-0.62340045,0.47260943,-0.647746,0.52653676,-0.9047197,0.550143,-1.3393128,0.6105036,-1.2344024,0.6016031,-1.0046644,0.28358886,-0.958946,0.28597787,-1.4538144,0.35835725,-1.280904,0.3414283,-1.0168128,0.05606427,-0.93060744,0.041693218,-1.3779838,0.13321285,-1.2300187,0.13321987,-0.9866029,-0.19359268,-0.85918486,-0.18699071,-1.2152046,-0.10019911,-1.1597382,-0.07327908,-0.98251814
p2,E,E,mock,mock,0.0,0.0,0.4655845,0.07788176,0.8819252,-0.03715541,0.98724955,-0.31608605,0.6613284,-0.4529261,0.825754,-0.706158,0.96866727,-1.087828,0.9213954,-0.8565273,0.8109542,-0.6483896,0.582044,-0.8131573,0.69220006,-1.2496139,0.66264284,-0.93824893,0.57200736,-0.7146022,0.34091443,-0.8518865,0.40652457,-1.2561746,0.41802093,-0.96263564,0.35881287,-0.7347624,0.08363656,-0.85951394,0.10358561,-1.1286292,0.14745389,-0.9434534,0.14257772,-0.762326
p2,E,E,mock,mock,0.0,0.0,0.47636673,-0.010726286,0.9058768,-0.21372117,0.9591659,-0.48630854,0.6285516,-0.5666553,0.71403766,-0.8060606,0.8021985,-1.1781613,0.84596664,-1.0029763,0.79892445,-0.77693385,0.44862723,-0.89371896,0.5424944,-1.3272071,0.60383016,-1.0708311,0.54409766,-0.826796,0.1842668,-0.9025109,0.25110072,-1.3340555,0.32795426,-1.0631663,0.28096893,-0.8098866,-0.102858156,-0.86710715,-0.035531756,-1.1378427,0.047651824,-0.9707998,0.037982635,-0.7850712
p2,E,E,mock,mock,0.0,0.0,0.45849013,0.06121639,0.8798438,-0.13857636,0.9426652,-0.45081854,0.63336927,-0.5943832,0.8332869,-0.7075325,0.94711316,-1.1037375,0.91334164,-0.8592148,0.83060485,-0.65130734,0.5956837,-0.8032191,0.69358784,-1.2121476,0.6870158,-0.9345393,0.59858775,-0.74120694,0.34749046,-0.84541965,0.42448324,-1.206305,0.44389227,-0.93566793,0.37827626,-0.73303527,0.08227988,-0.85430676,0.1661237,-1.1041179,0.19949022,-0.8909344,0.15922695,-0.7061181
p2,E,E,mock,mock,0.0,0.0,0.4465755,0.003570473,0.8636856,-0.18251272,0.88978446,-0.42286828,0.5874878,-0.5380261,0.8424344,-0.6859061,0.9406963,-0.9823068,0.85500073,-0.7857782,0.76628906,-0.5997685,0.571229,-0.82079077,0.6790701,-1.1617092,0.6191203,-0.8933691,0.5658629,-0.7155106,0.2887909,-0.87431717,0.3537672,-1.1800337,0.32790786,-0.8928752,0.30422965,-0.71308076,0.0027698681,-0.87372273,0.057410527,-1.0591351,0.067165285,-0.85326463,0.06313559,-0.70902467
p2,E,E,mock,mock,0.0,0.0,0.30010915,-0.12804966,0.50089467,-0.38272947,0.4543669,-0.66020125,0.24622558,-0.85836285,0.31225473,-0.9782509,0.279115,-1.3658532,0.27135292,-1.249138,0.24941023,-1.0000882,-0.037546434,-0.9992949,-0.118122876,-1.5359321,-0.056372836,-1.2475832,0.0010972737,-0.9181742,-0.3328722,-0.9199491,-0.4576111,-1.4097048,-0.34918296,-1.1281514,-0.2582928,-0.83095646,-0.5958794,-0.7547571,-0.721557,-1.076958,-0.6217699,-0.9294025,-0.5194875,-0.7258141
p2,E,E,mock,mock,0.0,0.0,0.38092542,-0.043820847,0.77735806,-0.27349237,0.9676351,-0.379227,0.91334903,-0.4553903,0.6362208,-0.96500593,0.73835766,-1.4083285,0.8596737,-1.1884404,0.90274805,-0.8819018,0.20529927,-0.97869927,0.20025136,-1.6687809,0.3830778,-1.2185665,0.4808048,-0.7588474,-0.18253559,-0.876074,-0.26122087,-1.472831,-0.041694507,-1.0227213,0.086212754,-0.6100923,-0.5601254,-0.6697407,-0.6413735,-1.0375088,-0.45443204,-0.77356565,-0.31965387,-0.4625595
p2,E,E,mock,mock,0.0,0.0,0.45239803,-0.11841815,0.78856695,-0.2961009,0.93941134,-0.4173507,0.87095207,-0.50451297,0.73782754,-0.9239165,0.8175788,-1.3086138,0.8750474,-1.1166847,0.8751007,-0.82036155,0.33819622,-0.9410756,0.33979192,-1.5609072,0.43300787,-1.1216972,0.49303812,-0.7206647,-0.016411917,-0.86164254,-0.09004343,-1.3740834,0.04916914,-0.9783006,0.1821418,-0.60802805,-0.34115365,-0.6590473,-0.39338753,-0.96454936,-0.26154527,-0.7433035,-0.13847503,-0.48568717
p2,E,E,mock,mock,0.0,0.0,0.5033556,-0.15808496,0.81017673,-0.25526348,0.94681805,-0.3948238,0.82471687,-0.4443621,0.699425,-0.89924157,0.80471724,-1.2174042,0.8433601,-1.0774038,0.8334345,-0.8090121,0.34761858,-0.937636,0.35381526,-1.4414871,0.40958142,-1.0477082,0.4484277,-0.7078059,0.0067186267,-0.8669575,-0.028082684,-1.293961,0.059483666,-0.9400014,0.17375821,-0.6365804,-0.2625978,-0.6513655,-0.31205726,-0.92651814,-0.19654235,-0.725941,-0.095065095,-0.52684355
p4,I,I,mock,mock,0.0,0.0,0.35450244,-0.095766224,0.65533966,-0.21839595,0.7624946,-0.38618147,0.52782077,-0.4230565,0.47474873,-0.9362347,0.633997,-0.75841296,0.5504895,-0.46934894,0.4584933,-0.38272622,0.2307763,-0.97300684,0.38374808,-0.677451,0.3209435,-0.35197717,0.30190724,-0.32390553,-0.008373408,-0.9157693,0.119042695,-0.6899722,0.1477202,-0.3717705,0.1409646,-0.26750216,-0.2123212,-0.82843995,-0.1787128,-1.1116163,-0.15429634,-1.3336349,-0.13685077,-1.5774587
p4,I,I,mock,mock,0.0,0.0,0.36400923,-0.089801006,0.6955555,-0.31213507,0.79344904,-0.5212242,0.53580457,-0.5697351,0.54499066,-0.92720664,0.7119858,-1.1159034,0.6325048,-0.7430066,0.56808996,-0.5333193,0.270088,-0.96283567,0.4058048,-1.0545406,0.3699937,-0.6206618,0.34565505,-0.42316175,-0.011326275,-0.9640535,0.10849299,-1.0763396,0.15896481,-0.6653137,0.17113069,-0.42385563,-0.26999867,-0.94197017,-0.28113037,-1.3468232,-0.26856503,-1.583235,-0.24398774,-1.8290071
p4,I,I,mock,mock,0.0,0.0,0.4359251,0.1283673,0.72404194,0.062286884,0.63281345,0.007205127,0.4031562,-0.010657841,0.4904904,-0.870043,0.5020603,-0.3460241,0.4112833,0.037504967,0.28963533,0.091349065,0.13640146,-0.99065363,0.057095487,-0.40255365,-0.033191185,0.07093247,-0.0736408,0.15726048,-0.18055032,-0.95158315,-0.2737656,-0.41184875,-0.25944033,0.0035670728,-0.20818408,0.084568694,-0.45441404,-0.81219804,-0.51407665,-0.41325036,-0.43111128,-0.1646825,-0.30898565,-0.10644152
p3,I,I,mock,mock,0.0,0.0,0.36084917,-0.011621627,0.7188547,-0.17488173,0.84300256,-0.427897,0.6258822,-0.5908016,0.7757872,-0.74485743,0.92569953,-0.91354084,0.7630257,-0.6588345,0.67209643,-0.51096964,0.56386554,-0.8258666,0.7036446,-0.9902572,0.5654379,-0.64382976,0.5100218,-0.46713674,0.32793814,-0.89890796,0.39655975,-0.97432697,0.34878835,-0.581743,0.3131636,-0.33501616,0.10119846,-0.9391654,0.12665085,-1.2835617,0.14254723,-1.4901371,0.17440452,-1.7258174
p4,I,I,mock,mock,0.0,0.0,0.36264268,-0.01697743,0.7344375,-0.17974319,0.87205046,-0.40785596,0.6651129,-0.56578475,0.7778147,-0.7416358,0.9414104,-0.8809225,0.7660398,-0.6149361,0.6723405,-0.49001276,0.5627862,-0.8266025,0.71402025,-0.9741516,0.56903505,-0.626768,0.5122825,-0.4626738,0.3231956,-0.90174073,0.41960984,-0.9439943,0.36325592,-0.54642683,0.32044157,-0.30805522,0.101315506,-0.9437803,0.14111987,-1.2923379,0.16868614,-1.5183913,0.21352889,-1.7747098
p1,I,I,mock,mock,0.0,0.0,0.37167338,0.0010002856,0.72673136,-0.12825398,0.84451455,-0.35186324,0.60086006,-0.5027145,0.7916349,-0.7343062,0.92921424,-0.8467792,0.7573611,-0.57755774,0.66026294,-0.44447038,0.57873905,-0.81551284,0.7004211,-0.8998746,0.55711436,-0.54809344,0.50258857,-0.39068738,0.33129132,-0.87359464,0.39747053,-0.86859363,0.35202187,-0.4765201,0.3184338,-0.247471,0.09475513,-0.883014,0.12568314,-1.1896169,0.15453304,-1.384094,0.19711141,-1.612588
p3,I,I,mock,mock,0.0,0.0,0.36837518,-3.566065e-05,0.7734347,-0.16676512,0.9340916,-0.41010627,0.7255765,-0.5650951,0.8074137,-0.7128038,0.9687822,-0.9124332,0.81976813,-0.6704532,0.7192384,-0.4974875,0.60149366,-0.7988776,0.765453,-1.0163335,0.63429284,-0.68615484,0.551535,-0.47501305,0.372869,-0.883124,0.4708577,-1.0092046,0.40383777,-0.636936,0.3449637,-0.38254553,0.14829771,-0.94360554,0.18650192,-1.2966559,0.21186401,-1.5095686,0.25704432,-1.7381111
p3,I,I,mock,mock,0.0,0.0,0.35393518,-0.22922213,0.5709531,-0.62624234,0.47532496,-1.0178074,0.18880403,-1.1514455,0.42149425,-0.9787027,0.356541,-1.2875937,0.32986218,-1.0092336,0.35892078,-0.8191277,0.18536547,-0.98266965,0.10873392,-1.2522445,0.13296197,-0.8881123,0.17649135,-0.7099482,-0.043518156,-0.9635542,-0.12060406,-1.2481602,-0.048162237,-0.9041268,0.0040713614,-0.67623204,-0.26621082,-0.9104862,-0.35252705,-1.2326652,-0.37782016,-1.4152683,-0.40777412,-1.6283464
p3,I,I,mock,mock,0.0,0.0,0.34984353,-0.22109221,0.5591311,-0.6274701,0.46500602,-1.016478,0.181017,-1.145963,0.42006457,-0.97936636,0.35106537,-1.2873591,0.32584712,-1.0073153,0.35516116,-0.81702375,0.1838469,-0.9829549,0.09456156,-1.2574517,0.12283406,-0.89010143,0.17724477,-0.7111187,-0.04693071,-0.96082145,-0.13473153,-1.2470629,-0.056905355,-0.9020638,0.0063145077,-0.673287,-0.26816446,-0.90036595,-0.3571919,-1.2114891,-0.39080438,-1.3943038,-0.42776227,-1.6111612
p3,I,I,mock,mock,0.0,0.0,0.35469273,-0.22910817,0.53649676,-0.63385606,0.4119382,-1.016428,0.13381308,-1.1438895,0.4062586,-0.98927426,0.30620643,-1.3030975,0.28138748,-1.024677,0.3203119,-0.8200234,0.1621513,-0.9867659,0.057900865,-1.2562613,0.08784397,-0.9002368,0.1448612,-0.71647644,-0.073633276,-0.95904607,-0.17433193,-1.2463204,-0.094485946,-0.9035727,-0.022943059,-0.67521757,-0.29945695,-0.89223516,-0.39385042,-1.2073761,-0.42511463,-1.3906325,-0.45693746,-1.6054987
p3,I,I,mock,mock,0.0,0.0,0.34687036,-0.23572117,0.5338952,-0.63571227,0.41530576,-1.0194265,0.13156675,-1.1443876,0.40248063,-0.9900078,0.32200933,-1.304161,0.29989833,-1.0231972,0.33392167,-0.8281579,0.16193323,-0.98680174,0.06310735,-1.2643069,0.09411825,-0.9054627,0.14655168,-0.7270885,-0.07003048,-0.9579912,-0.16400032,-1.2416649,-0.0820784,-0.9014397,-0.018225342,-0.6717232,-0.29141325,-0.8937586,-0.38450062,-1.2091973,-0.41500404,-1.3944541,-0.4497017,-1.6068866
p3,I,I,mock,mock,0.0,0.0,0.33890858,-0.2552526,0.5508277,-0.663801,0.46624568,-1.0494944,0.1806904,-1.1654686,0.34105998,-1.0001717,0.27991083,-1.3173201,0.277447,-1.0459716,0.32055125,-0.84893215,0.11167731,-0.99374455,0.05395365,-1.2749311,0.097073846,-0.9226096,0.1393903,-0.71976495,-0.107183486,-0.9684289,-0.16700555,-1.2544811,-0.07698857,-0.9290622,-0.017488971,-0.6894506,-0.317052,-0.91376793,-0.41409653,-1.2420632,-0.43282118,-1.4299997,-0.4504204,-1.6273468
p3,I,I,mock,mock,0.0,0.0,0.31616953,-0.16078922,0.57685417,-0.5671446,0.5382301,-0.969068,0.2437062,-1.1071889,0.45105872,-0.97831255,0.389295,-1.2788206,0.35713068,-1.0103468,0.3680825,-0.7919277,0.21606827,-0.97637826,0.15691215,-1.2360443,0.18238857,-0.88,0.21956418,-0.68117106,-0.014168593,-0.9488408,-0.06473614,-1.1754864,0.014537943,-0.8087108,0.058501977,-0.5715626,-0.23222649,-0.8834167,-0.33506128,-1.1788963,-0.39381185,-1.3561352,-0.45602605,-1.5832021
p3,I,I,mock,mock,0.0,0.0,0.3223394,-0.16084315,0.569724,-0.56814504,0.50570357,-0.9780339,0.21297252,-1.1116996,0.45260635,-0.975108,0.39220718,-1.2775259,0.35611606,-1.0057123,0.36910275,-0.7922128,0.21693726,-0.97618556,0.1479803,-1.2275927,0.17446475,-0.8705932,0.22209372,-0.68855053,-0.014554086,-0.9510593,-0.08255313,-1.1773813,0.00344045,-0.8094457,0.058415573,-0.5762289,-0.23361053,-0.8908003,-0.34128678,-1.1884485,-0.40389174,-1.3643498,-0.46936357,-1.5924339
p3,I,I,mock,mock,0.0,0.0,0.3379909,-0.1691427,0.58517975,-0.582941,0.5108503,-0.9938613,0.21026295,-1.1238835,0.46806854,-0.9775976,0.39813843,-1.3035772,0.36189872,-1.0316364,0.36941507,-0.80586267,0.22463913,-0.974442,0.15879244,-1.2466958,0.17747478,-0.88325936,0.20810317,-0.6774507,-0.011735356,-0.9496197,-0.07372389,-1.198389,0.01061884,-0.832154,0.06286344,-0.5922506,-0.23507184,-0.8878012,-0.3445844,-1.2003363,-0.4006305,-1.3840859,-0.46072876,-1.6165223
p3,I,I,mock,mock,0.0,0.0,0.31427607,-0.22246875,0.5423495,-0.61517847,0.52790374,-0.98765767,0.29035193,-1.1531955,0.36535487,-0.99798113,0.3067855,-1.294991,0.32543004,-1.1106765,0.34192246,-0.89020944,0.14027742,-0.99011225,0.111262366,-1.245709,0.14848451,-0.895553,0.17532022,-0.6562595,-0.081316456,-0.9640022,-0.1130575,-1.2140279,-0.008187409,-0.87570083,0.044094488,-0.61339396,-0.30321756,-0.8959922,-0.4280881,-1.21456,-0.49007192,-1.4203504,-0.55164665,-1.6409847
p3,I,I,mock,mock,0.0,0.0,0.35134774,-0.13408105,0.6494045,-0.5423045,0.63660896,-0.9520344,0.34996337,-1.0963153,0.5595857,-0.9225763,0.50227666,-1.244271,0.4558913,-1.0053608,0.44443634,-0.7757966,0.3199073,-0.94744885,0.26448938,-1.2275301,0.26101005,-0.87069905,0.27566785,-0.6419878,0.0829443,-0.94297653,0.046367615,-1.2125677,0.093076415,-0.84270453,0.11708032,-0.5885092,-0.1502008,-0.8913525,-0.21930347,-1.2038641,-0.2653478,-1.3866184,-0.313719,-1.6109278
p3,I,I,mock,mock,0.0,0.0,0.3237055,-0.21126775,0.53333396,-0.6932432,0.45452896,-1.1100326,0.15318011,-1.2210678,0.37229884,-1.006153,0.33806032,-1.3311675,0.3205327,-1.0753896,0.34960824,-0.895376,0.15132557,-0.98848397,0.086306214,-1.29251,0.13038456,-0.9715717,0.18983313,-0.8069415,-0.071774885,-0.9454153,-0.13062404,-1.1744993,-0.025295695,-0.8228662,0.040493514,-0.5943647,-0.2810792,-0.8817985,-0.38639468,-1.1918653,-0.44350076,-1.4019718,-0.50891775,-1.6507914
p3,I,I,mock,mock,0.0,0.0,0.3228543,-0.21705739,0.5169127,-0.692511,0.43429682,-1.1067123,0.14205663,-1.2262634,0.37812883,-0.9990962,0.3486815,-1.3199563,0.32067567,-1.0738708,0.33671248,-0.88546973,0.14761426,-0.989045,0.08586597,-1.2933629,0.11824812,-0.9813425,0.17007169,-0.8037414,-0.083084114,-0.94868827,-0.1334459,-1.179838,-0.042159144,-0.831029,0.015761599,-0.5931307,-0.2995503,-0.8836218,-0.40310094,-1.1936723,-0.45552912,-1.4021202,-0.50853854,-1.6408986
p3,I,I,mock,mock,0.0,0.0,0.30092338,-0.20900577,0.49307367,-0.6899728,0.38786888,-1.1008312,0.09098967,-1.1902239,0.37911057,-1.0084391,0.34227768,-1.3283526,0.30548778,-1.0694085,0.32702667,-0.89483815,0.14139336,-0.9899535,0.07511748,-1.2873094,0.103016846,-0.9747143,0.16071042,-0.83626914,-0.09007011,-0.94446176,-0.16653048,-1.1740153,-0.07854212,-0.81873393,-0.016731072,-0.596124,-0.29935145,-0.8827446,-0.40135092,-1.1863334,-0.46239743,-1.3891648,-0.5271001,-1.631609
p3,I,I,mock,mock,0.0,0.0,0.29590324,-0.20833959,0.48111036,-0.68017924,0.3771794,-1.0849917,0.08736942,-1.1751,0.38607603,-1.0042849,0.3418937,-1.3091034,0.3055316,-1.0556775,0.32983425,-0.88725835,0.14872964,-0.9888779,0.0682307,-1.2677044,0.101953045,-0.96166307,0.17071845,-0.83794093,-0.08379302,-0.9400785,-0.16744848,-1.1574632,-0.06900253,-0.8075857,0.0023145832,-0.5923642,-0.29311106,-0.8702628,-0.3978056,-1.1665032,-0.45812052,-1.367637,-0.52122307,-1.6095448
p3,I,I,mock,mock,0.0,0.0,0.30232802,-0.21243389,0.47924566,-0.70098305,0.36125016,-1.1088712,0.067110315,-1.1824061,0.37371534,-1.0117986,0.31860304,-1.3196001,0.2859905,-1.0638521,0.31322405,-0.88641036,0.1293818,-0.99159485,0.049220257,-1.2750586,0.08191991,-0.9651123,0.14396478,-0.82350975,-0.10327138,-0.94163066,-0.19386145,-1.1688858,-0.097190775,-0.82277745,-0.02694108,-0.6019303,-0.3097049,-0.8693908,-0.44405013,-1.1685345,-0.52199244,-1.3646585,-0.59869075,-1.5943935
p3,I,I,mock,mock,0.0,0.0,0.31712097,-0.27483213,0.4847479,-0.6458349,0.36393163,-1.023426,0.10725463,-1.1572099,0.35085663,-0.9750973,0.35926372,-1.2600754,0.33486772,-1.0335671,0.32737258,-0.8649381,0.1188964,-0.9929067,0.10057055,-1.2396356,0.09915122,-0.9272612,0.17906971,-0.9058208,-0.08984557,-0.9612137,-0.14430879,-1.2126453,-0.06732625,-0.8797293,-0.019745914,-0.65427357,-0.30775803,-0.89974797,-0.40661672,-1.2284844,-0.46350214,-1.4403361,-0.52848566,-1.6523135
p3,I,I,mock,mock,0.0,0.0,0.31618533,-0.29684928,0.47996026,-0.6662644,0.3562722,-1.0420918,0.10878086,-1.1930766,0.33526513,-0.9842675,0.3536618,-1.2767148,0.31940958,-1.0516127,0.29698518,-0.8553713,0.09633008,-0.99534947,0.09495437,-1.2657238,0.08103728,-0.9469353,0.1345627,-0.8889011,-0.11233202,-0.9632125,-0.14660995,-1.2413121,-0.082731135,-0.9087907,-0.05232228,-0.66596055,-0.32602412,-0.89716643,-0.44556668,-1.2250664,-0.51315886,-1.4358927,-0.5827402,-1.6440841
p3,I,I,mock,mock,0.0,0.0,0.3230087,-0.30706072,0.4842986,-0.67477506,0.37060517,-1.0405519,0.15186468,-1.1939118,0.31652036,-1.0005373,0.3082634,-1.2871373,0.31077266,-1.0839823,0.31240615,-0.8913447,0.079587296,-0.9968279,0.07159343,-1.2750424,0.0996615,-0.97805345,0.13177393,-0.8406491,-0.13527636,-0.9586457,-0.17149366,-1.2288146,-0.0754751,-0.909232,-0.021629704,-0.6501999,-0.3574643,-0.8841902,-0.501165,-1.243477,-0.58367383,-1.4601136,-0.6535749,-1.6691889
p3,I,I,mock,mock,0.0,0.0,0.3186421,-0.29023284,0.4835144,-0.6658331,0.36110395,-1.0293063,0.12349499,-1.1769731,0.30522946,-1.0067706,0.28759354,-1.2865535,0.2834206,-1.0618876,0.29295388,-0.8700672,0.062784344,-0.99802715,0.046398904,-1.2726061,0.07720244,-0.9666359,0.11330439,-0.82443976,-0.15626031,-0.95634776,-0.19300021,-1.216128,-0.09067599,-0.8876512,-0.030542871,-0.62917584,-0.370662,-0.8846458,-0.5085975,-1.2405391,-0.5904494,-1.4527328,-0.66280764,-1.6614299
p3,I,I,mock,mock,0.0,0.0,0.33270752,-0.28612778,0.4951874,-0.6615809,0.3823237,-1.024143,0.13288318,-1.1648574,0.33364484,-1.0017071,0.3142272,-1.304645,0.3030683,-1.0784609,0.31018847,-0.8939236,0.09983025,-0.9950045,0.065573595,-1.2583506,0.09663695,-0.9564607,0.14485383,-0.8127775,-0.11814294,-0.9552091,-0.1605055,-1.193004,-0.063922994,-0.87483627,-0.0040852535,-0.62584764,-0.33233306,-0.8887369,-0.38439134,-1.2328976,-0.4094983,-1.4464068,-0.43854824,-1.6460422
p3,I,I,mock,mock,0.0,0.0,0.32864603,-0.335072,0.42209938,-0.8297379,0.22848631,-1.203611,-0.075887,-1.1913211,0.21369326,-1.028863,0.15948188,-1.3915608,0.19324814,-1.1260326,0.23828903,-0.9559772,0.0043899193,-0.99999034,-0.09297506,-1.3458817,0.0029170853,-1.0275391,0.07487239,-0.88980854,-0.20173243,-0.9401235,-0.28824127,-1.2199212,-0.11291018,-0.90922636,-0.0031238177,-0.6827538,-0.39839867,-0.85711044,-0.50689745,-1.1994778,-0.5491936,-1.4166063,-0.6147659,-1.6312588
p3,I,I,mock,mock,0.0,0.0,0.32170513,-0.35561666,0.39576194,-0.82649815,0.19396994,-1.1918234,-0.088697046,-1.2085916,0.17263061,-1.0222299,0.11720926,-1.3852587,0.15862095,-1.1308638,0.19767497,-0.95881563,-0.030900715,-0.99952245,-0.11938456,-1.3428997,-0.02696554,-1.0305172,0.04636585,-0.9281109,-0.22720183,-0.9402117,-0.2998107,-1.2218305,-0.12751542,-0.91946673,-0.019106006,-0.687971,-0.42540586,-0.8530891,-0.5419088,-1.2080731,-0.59767556,-1.4300601,-0.6692431,-1.6381587
p3,I,I,mock,mock,0.0,0.0,0.3554651,-0.28540355,0.4844253,-0.7702692,0.27003723,-1.1818929,-0.038281526,-1.2292219,0.32998502,-1.0166212,0.2922191,-1.4200794,0.27463225,-1.1338325,0.30060202,-0.9371343,0.08634388,-0.9962654,0.000825726,-1.387412,0.045090772,-1.051348,0.10090061,-0.8887946,-0.14087933,-0.9431935,-0.2326065,-1.2374378,-0.091283046,-0.912325,0.009440911,-0.6826565,-0.35186493,-0.87105423,-0.43327472,-1.2122004,-0.46402428,-1.4254735,-0.5178679,-1.6411752
p3,I,I,mock,mock,0.0,0.0,0.3561262,-0.27370545,0.49062335,-0.77136815,0.26893485,-1.1793013,-0.05654991,-1.2183368,0.33501846,-1.0196413,0.2972603,-1.4155264,0.2842485,-1.1243147,0.31220198,-0.9282657,0.09062053,-0.9958855,0.008338097,-1.381227,0.056456957,-1.038646,0.10405083,-0.85756046,-0.14040393,-0.94485486,-0.23298366,-1.2453293,-0.088058345,-0.92190397,0.011075939,-0.69427353,-0.35015205,-0.87609845,-0.4293207,-1.2083702,-0.45405,-1.4148742,-0.5035135,-1.6329421
p3,I,I,mock,mock,0.0,0.0,0.34129518,-0.28262195,0.459745,-0.7501127,0.2419633,-1.1439553,-0.051144104,-1.2087274,0.3100092,-1.0208981,0.27208203,-1.4080678,0.26287657,-1.113919,0.28767514,-0.91891164,0.07634392,-0.9970815,-0.00033964324,-1.3615278,0.04658293,-0.99850255,0.092353135,-0.83719987,-0.14522538,-0.93983024,-0.22901051,-1.2371616,-0.083764814,-0.90393275,0.012734036,-0.6725937,-0.35343036,-0.85853314,-0.44313258,-1.1969308,-0.47809145,-1.4043682,-0.53602594,-1.6189631
p2,I,I,mock,mock,0.0,0.0,0.3709863,-0.23898643,0.5873899,-0.69687515,0.45020133,-1.0735931,0.11919023,-1.0749398,0.38923383,-1.031963,0.28105766,-1.3584268,0.27384293,-1.0669609,0.30124262,-0.8793779,0.12841983,-0.9917199,0.025898527,-1.2711353,0.08623519,-0.9096575,0.15894698,-0.76434106,-0.12328301,-0.92753446,-0.21836814,-1.1657425,-0.10404866,-0.82427126,-0.014173155,-0.62858963,-0.3592047,-0.8512375,-0.45006907,-1.1550202,-0.4862516,-1.3383619,-0.53450036,-1.5702461
p2,I,I,mock,mock,0.0,0.0,0.38277584,-0.23520337,0.61533254,-0.6842887,0.48797992,-1.0707808,0.16344333,-1.088548,0.41561574,-1.025316,0.3122089,-1.3635352,0.30366418,-1.0691559,0.3315454,-0.87707853,0.15322725,-0.98819095,0.04744987,-1.2735708,0.10418934,-0.91100323,0.17340276,-0.7591291,-0.097320795,-0.9276733,-0.19376928,-1.1664304,-0.09402976,-0.8285116,-0.013696419,-0.63239294,-0.33255765,-0.85850346,-0.41776413,-1.159846,-0.452874,-1.3457774,-0.4972249,-1.575887
p2,I,I,mock,mock,0.0,0.0,0.37823293,-0.24624276,0.5988075,-0.69835,0.48761806,-1.0826131,0.18100077,-1.1145825,0.37741673,-1.0368264,0.278264,-1.3715715,0.27477717,-1.0968155,0.30355301,-0.89496404,0.11822043,-0.9929874,0.030686501,-1.2873349,0.09437582,-0.92169344,0.16090809,-0.73807335,-0.12832592,-0.9303116,-0.20990866,-1.1836742,-0.096814685,-0.8401258,-0.010407689,-0.62916076,-0.36483234,-0.85557306,-0.44187623,-1.1655344,-0.4725893,-1.3527454,-0.5135539,-1.5800637
p2,I,I,mock,mock,0.0,0.0,0.39669064,-0.24234588,0.62272006,-0.71746296,0.4908412,-1.1027331,0.16139452,-1.1170206,0.37734103,-1.0462469,0.27997416,-1.3974609,0.28887272,-1.1073493,0.3166935,-0.91491,0.11233069,-0.9936709,0.019516919,-1.3047931,0.10218943,-0.93444324,0.17550315,-0.77714956,-0.14346452,-0.92621183,-0.22764245,-1.1910042,-0.10052548,-0.8320378,-0.0107250055,-0.6255054,-0.38491446,-0.8537686,-0.47436643,-1.1687884,-0.5071977,-1.3543562,-0.55934906,-1.5948772
p2,I,I,mock,mock,0.0,0.0,0.38877475,-0.2154105,0.63598245,-0.67583555,0.51153183,-1.0677153,0.18582702,-1.0894535,0.42348906,-1.0250666,0.32316586,-1.3683672,0.31591177,-1.0730352,0.3429395,-0.8814337,0.15816309,-0.987413,0.05735668,-1.2780765,0.12147568,-0.9077416,0.1975073,-0.7564594,-0.09261572,-0.92605096,-0.18444784,-1.1748697,-0.07794924,-0.8235995,0.009507096,-0.62394094,-0.32735273,-0.85611695,-0.40451634,-1.1678163,-0.43694124,-1.3528247,-0.48102552,-1.5891683
p2,I,I,mock,mock,0.0,0.0,0.4013531,-0.2779712,0.59663665,-0.7096256,0.47296023,-1.0991718,0.18574676,-1.1589206,0.3581247,-1.0220993,0.30546802,-1.3577068,0.29137707,-1.1301824,0.3126638,-0.9118428,0.11083285,-0.9938391,0.049394835,-1.2999352,0.0921368,-0.9723071,0.13644741,-0.7244549,-0.122708015,-0.9508088,-0.17979679,-1.2267123,-0.07944364,-0.9120699,-0.0035660772,-0.65085125,-0.3570391,-0.88516676,-0.43267423,-1.2140857,-0.45485744,-1.4183561,-0.46807364,-1.616665
p2,I,I,mock,mock,0.0,0.0,0.40725395,-0.27773327,0.61035055,-0.7094547,0.48153,-1.0995661,0.18772349,-1.1563568,0.35785443,-1.0205537,0.3097519,-1.3539251,0.29916584,-1.1276131,0.3187021,-0.90696746,0.11043436,-0.99388343,0.054125853,-1.2994561,0.096756674,-0.97252035,0.13853134,-0.72478515,-0.123054,-0.95267165,-0.17674816,-1.2356832,-0.079542644,-0.9163593,-0.0067632315,-0.6505848,-0.3575544,-0.8878662,-0.431464,-1.2195063,-0.45448375,-1.4264824,-0.47044867,-1.6292216
p2,I,I,mock,mock,0.0,0.0,0.40968323,-0.28398928,0.59445155,-0.72136706,0.45747164,-1.1170216,0.143145,-1.1477591,0.3667953,-1.0247644,0.29456246,-1.3645076,0.2872697,-1.1072478,0.3225204,-0.8937576,0.11832397,-0.99297506,0.03963424,-1.3122118,0.08562057,-0.97513604,0.13708702,-0.73864895,-0.12270154,-0.9480237,-0.19452028,-1.2239097,-0.08804476,-0.9075587,-0.004331272,-0.65211594,-0.36531433,-0.8833074,-0.44866538,-1.2161045,-0.47206542,-1.4185237,-0.49126548,-1.6123658
p2,I,I,mock,mock,0.0,0.0,0.40004173,-0.28183842,0.58501244,-0.71894807,0.43583745,-1.1117873,0.12088391,-1.1474317,0.35093683,-1.0244951,0.28886342,-1.3576633,0.28928885,-1.0948533,0.32606107,-0.8874124,0.10688633,-0.9942712,0.034422502,-1.3060701,0.08850303,-0.9652871,0.13999069,-0.73885375,-0.13242784,-0.9487954,-0.20070341,-1.2330364,-0.08646759,-0.90686995,-0.0027653724,-0.6517578,-0.3708859,-0.8786797,-0.4538319,-1.2005527,-0.4740464,-1.4002181,-0.49595737,-1.6028081
p2,I,I,mock,mock,0.0,0.0,0.38315547,-0.28603846,0.56003565,-0.7189361,0.42476827,-1.0987767,0.13838337,-1.1577114,0.32816634,-1.0299227,0.2491338,-1.3609658,0.24459521,-1.1153114,0.28435358,-0.9039701,0.08709572,-0.99619997,0.007152917,-1.2923107,0.056065377,-0.958884,0.10778285,-0.7279202,-0.14421001,-0.94618034,-0.2122901,-1.2219945,-0.1089945,-0.9042493,-0.030399809,-0.6508028,-0.3737955,-0.87117326,-0.45997992,-1.1921262,-0.48781106,-1.3896052,-0.51026374,-1.586942
p2,I,I,mock,mock,0.0,0.0,0.36101106,-0.33084488,0.50059694,-0.8151774,0.35964435,-1.2001948,0.051884137,-1.215307,0.24042039,-1.0511482,0.16638184,-1.3579501,0.18687221,-1.13938,0.21581961,-0.9389388,0.000444974,-0.9999999,-0.07212844,-1.290277,0.008029967,-0.9717113,0.051512,-0.74567294,-0.22362648,-0.93990713,-0.29104853,-1.1917502,-0.1624188,-0.8730605,-0.08985756,-0.6382691,-0.44531587,-0.8578704,-0.520411,-1.1937598,-0.5328451,-1.3873875,-0.55041814,-1.5968449
p2,I,I,mock,mock,0.0,0.0,0.35480836,-0.32331124,0.48974243,-0.7978044,0.34804457,-1.1896518,0.04858131,-1.2189081,0.26753503,-1.0380033,0.2083208,-1.339857,0.21209274,-1.1308591,0.239213,-0.937945,0.032513186,-0.9994713,-0.043938354,-1.2957824,0.013490857,-0.99293435,0.060880467,-0.7731318,-0.19552551,-0.94505364,-0.2759006,-1.2051264,-0.16016316,-0.8958408,-0.08177825,-0.65870655,-0.42455924,-0.86668205,-0.5081057,-1.1965344,-0.52557576,-1.3947656,-0.53629094,-1.5951544
p2,I,I,mock,mock,0.0,0.0,0.36652437,-0.37478766,0.47334605,-0.85052294,0.31803897,-1.2546742,0.028804675,-1.2589732,0.3130876,-1.0471512,0.23109743,-1.3585926,0.22286792,-1.13397,0.24409282,-0.93441993,0.056836654,-0.99838346,-0.04914608,-1.3083673,0.0033680708,-1.0050768,0.0628919,-0.8011202,-0.1786414,-0.9354976,-0.27246168,-1.1906058,-0.16590756,-0.9034642,-0.0858108,-0.68242353,-0.4081585,-0.8564002,-0.49678957,-1.1887676,-0.5277836,-1.4130617,-0.54971695,-1.6305313
p2,I,I,mock,mock,0.0,0.0,0.34054437,-0.34350124,0.4618252,-0.80759966,0.29809198,-1.1923627,0.0080934195,-1.2058326,0.3155999,-1.0320842,0.24270438,-1.3247586,0.22025988,-1.1143323,0.23320173,-0.93302405,0.064065,-0.9979457,-0.042656146,-1.2707304,0.00525864,-0.9809896,0.064366594,-0.8080467,-0.16943294,-0.9366288,-0.27163702,-1.184013,-0.15947127,-0.89104086,-0.07565948,-0.6837286,-0.39096254,-0.85305524,-0.48346725,-1.1649358,-0.50685686,-1.3627434,-0.51909894,-1.5777825
p2,I,I,mock,mock,0.0,0.0,0.36438423,-0.35591766,0.47831437,-0.8472604,0.35800007,-1.2186087,0.07887843,-1.2570797,0.15988642,-1.0469267,0.094773374,-1.3616239,0.14473972,-1.1640252,0.1938604,-0.94371426,-0.055250075,-0.9984726,-0.10536188,-1.320294,-0.009744987,-1.0147257,0.04534677,-0.74966913,-0.26836672,-0.9445765,-0.29345676,-1.2363749,-0.15393658,-0.934667,-0.07760088,-0.6771051,-0.48601282,-0.8628973,-0.55498385,-1.2083188,-0.56663257,-1.424179,-0.58310795,-1.639236
p2,I,I,mock,mock,0.0,0.0,0.4232416,-0.2995919,0.6018186,-0.76182884,0.47564253,-1.166326,0.14082417,-1.1847119,0.3765285,-1.010335,0.32382217,-1.3715518,0.3353795,-1.324429,0.34239942,-1.1682774,0.14044805,-0.99008805,0.06711407,-1.2997727,0.11603052,-1.0242269,0.1582982,-0.75509876,-0.086755835,-0.9467174,-0.17628892,-1.2262247,-0.065834574,-0.9422504,0.021442166,-0.6848025,-0.31738278,-0.87261426,-0.40129772,-1.1906079,-0.41894603,-1.3916538,-0.4268806,-1.5726714
p2,I,I,mock,mock,0.0,0.0,0.41552383,-0.33033386,0.5725405,-0.7924469,0.44022256,-1.1719884,0.11422404,-1.1745058,0.38876498,-1.0062927,0.32712287,-1.358593,0.31338543,-1.2735311,0.3130336,-1.1036923,0.15036452,-0.98863065,0.037971333,-1.2887572,0.091966346,-1.0270869,0.1596763,-0.77874595,-0.07828477,-0.94151163,-0.18966469,-1.2056777,-0.0631102,-0.9263694,0.050338008,-0.6783997,-0.30822566,-0.86665934,-0.41202196,-1.1887485,-0.4340309,-1.3801643,-0.43799257,-1.5466505
p2,I,I,mock,mock,0.0,0.0,0.41252217,-0.27961373,0.6201195,-0.7343976,0.5129999,-1.1241443,0.17868483,-1.1550975,0.3914848,-1.0009685,0.3474051,-1.3622234,0.35911983,-1.3353883,0.36200243,-1.2015903,0.15377736,-0.98810554,0.08703063,-1.3005666,0.12982482,-1.0154765,0.16403975,-0.7374114,-0.06960623,-0.94679534,-0.14965744,-1.227675,-0.04284981,-0.94567806,0.041774567,-0.69045335,-0.28968626,-0.8758684,-0.37451667,-1.2021455,-0.38346398,-1.4036045,-0.38247436,-1.5847284
p2,I,I,mock,mock,0.0,0.0,0.4119876,-0.29470003,0.6069617,-0.75157326,0.4943713,-1.1443847,0.16083068,-1.1652157,0.3716128,-1.0126014,0.31298158,-1.3843802,0.33024532,-1.3318104,0.34451187,-1.18425,0.13860713,-0.99034745,0.054198902,-1.3040054,0.11300549,-1.024283,0.1632403,-0.76214963,-0.081929006,-0.9448857,-0.17543636,-1.2243944,-0.06370178,-0.9455999,0.025486952,-0.6943841,-0.304174,-0.8742017,-0.39812848,-1.2019802,-0.40589583,-1.4095998,-0.40335688,-1.5948429
p2,I,I,mock,mock,0.0,0.0,0.405591,-0.28737733,0.6025576,-0.74332947,0.48614877,-1.1334115,0.15246841,-1.1520048,0.3686021,-1.01013,0.31579316,-1.3709953,0.33341822,-1.316111,0.34590924,-1.1616129,0.13429157,-0.9909419,0.055716082,-1.2976252,0.11114962,-1.0181888,0.15511128,-0.7521765,-0.084946886,-0.9446372,-0.17382565,-1.2147657,-0.06075716,-0.93511355,0.026743846,-0.684519,-0.30302256,-0.8703539,-0.39296088,-1.1896962,-0.40314585,-1.3924953,-0.4028884,-1.5763843
p2,I,I,mock,mock,0.0,0.0,0.33127397,-0.33865446,0.3985393,-0.81844944,0.18537222,-1.1755817,-0.12877561,-1.1833403,0.20553541,-1.0484847,0.13014539,-1.3584858,0.13491793,-1.1360505,0.15895773,-0.9211982,-0.03571685,-0.99936193,-0.13800158,-1.2719271,-0.05566835,-1.0024916,0.005172046,-0.7956404,-0.2737236,-0.92635506,-0.36826506,-1.1958601,-0.20407712,-0.92242664,-0.09077941,-0.68150765,-0.49981344,-0.82369024,-0.6045768,-1.1247165,-0.65915483,-1.315945,-0.70975757,-1.505656
p2,I,I,mock,mock,0.0,0.0,0.32935774,-0.35653353,0.37168026,-0.8710406,0.16225496,-1.2472991,-0.15529536,-1.2328488,0.1643231,-1.0500698,0.09775314,-1.3631221,0.1106132,-1.1614835,0.14145689,-0.9564721,-0.07873136,-0.99689585,-0.1869965,-1.2975708,-0.10195642,-1.0519392,-0.02928104,-0.8418539,-0.31551158,-0.92521733,-0.40942445,-1.2065153,-0.238337,-0.9632218,-0.11621239,-0.7288861,-0.5379797,-0.8308659,-0.6498632,-1.1398443,-0.7146834,-1.3387692,-0.7692518,-1.5232205
p2,I,I,mock,mock,0.0,0.0,0.3129651,-0.31233498,0.38318333,-0.7745391,0.1817185,-1.1275388,-0.112695746,-1.1630256,0.20563364,-1.0539957,0.123633236,-1.370141,0.13512835,-1.1281221,0.1818092,-0.9310032,-0.028202496,-0.99960226,-0.1354575,-1.2811913,-0.054365337,-0.99711835,0.016523393,-0.8128627,-0.25987667,-0.9167598,-0.353337,-1.1679988,-0.19412273,-0.8828848,-0.080268264,-0.65229094,-0.47268897,-0.81192297,-0.5840038,-1.0980066,-0.6390294,-1.2834631,-0.69047457,-1.4694555
p2,I,I,mock,mock,0.0,0.0,0.31166857,-0.3071598,0.37563413,-0.7962631,0.13061042,-1.1382098,-0.18024664,-1.1500431,0.17495044,-1.0561789,0.088570066,-1.379802,0.09781638,-1.1520797,0.13831589,-0.95121765,-0.06601268,-0.99781877,-0.18366568,-1.2828194,-0.10271348,-1.0329251,-0.03300755,-0.8590845,-0.30324602,-0.9050412,-0.4105159,-1.1713985,-0.23881912,-0.8924175,-0.11187706,-0.653582,-0.5188789,-0.78466034,-0.64883596,-1.0764694,-0.71514857,-1.2669005,-0.77547514,-1.4577506
p2,I,I,mock,mock,0.0,0.0,0.3366713,-0.28900772,0.4357994,-0.7869907,0.22504854,-1.1495459,-0.08454972,-1.1708617,0.24367216,-1.0437058,0.17616501,-1.3742368,0.17086515,-1.1490589,0.19750497,-0.9408167,-0.002285622,-0.9999974,-0.104360834,-1.2927572,-0.034694042,-1.0375247,0.02928256,-0.8511727,-0.24493997,-0.92657393,-0.33563185,-1.2082803,-0.18013981,-0.92091024,-0.06692515,-0.6735215,-0.46855074,-0.8249811,-0.574245,-1.1229625,-0.63200295,-1.316297,-0.68566835,-1.5122755
p3,I,I,mock,mock,0.0,0.0,0.36108527,-0.115601614,0.6188239,-0.44376123,0.5539496,-0.80437773,0.3257318,-0.9622011,0.57500786,-0.8973503,0.52521133,-1.1845104,0.4391282,-0.88369036,0.41622037,-0.7039005,0.3065375,-0.9518586,0.26169583,-1.2132663,0.21832216,-0.81854945,0.26692912,-0.6885441,0.036015447,-0.96552026,-0.016943255,-1.2361624,0.014793468,-0.8595494,0.058749538,-0.63630956,-0.22921069,-0.9414455,-0.32161117,-1.3041471,-0.37831783,-1.5114741,-0.42711774,-1.7710607
p3,I,I,mock,mock,0.0,0.0,0.36242923,-0.12307538,0.61935323,-0.44426635,0.55805737,-0.80006194,0.33824787,-0.96535957,0.57668483,-0.8955103,0.5188034,-1.1878717,0.44191736,-0.8916899,0.4197232,-0.70593554,0.30315554,-0.9529411,0.25652972,-1.213029,0.21141191,-0.81043047,0.2723124,-0.69745165,0.034986928,-0.9698552,-0.023546567,-1.2523409,0.0068897232,-0.8791659,0.048926223,-0.6587888,-0.23305349,-0.94838816,-0.3279269,-1.3185096,-0.38650474,-1.52945,-0.4398528,-1.7889646
p3,I,I,mock,mock,0.0,0.0,0.36320522,-0.121539034,0.6241278,-0.4362004,0.5872154,-0.78230846,0.38934034,-0.9581983,0.56387794,-0.898174,0.52734184,-1.1735834,0.4436918,-0.8755283,0.40874,-0.69999266,0.29952332,-0.954089,0.26465595,-1.2192421,0.21706244,-0.8121629,0.26482937,-0.68768203,0.033831332,-0.96853197,-0.015582991,-1.2461867,0.011018622,-0.8735845,0.04346109,-0.6571806,-0.23237145,-0.9447968,-0.33027023,-1.3145304,-0.38674113,-1.5251312,-0.43737623,-1.7881844
p3,I,I,mock,mock,0.0,0.0,0.38544673,-0.11909027,0.6640895,-0.45606738,0.5755961,-0.80090255,0.31914675,-0.93752885,0.57078606,-0.9095315,0.5628428,-1.1746361,0.47399652,-0.8864337,0.44303152,-0.7110024,0.31586844,-0.948803,0.30249286,-1.2135208,0.25950286,-0.8234763,0.28033835,-0.66628927,0.054286335,-0.9549561,0.024142548,-1.2293859,0.064749055,-0.84161526,0.100130476,-0.6015434,-0.19589576,-0.9283506,-0.28477415,-1.2893466,-0.3281682,-1.4931502,-0.3643996,-1.7581868
p3,I,I,mock,mock,0.0,0.0,0.40418157,-0.12861596,0.7050099,-0.5127633,0.64448637,-0.85924363,0.36078528,-0.96436954,0.5311824,-0.9395896,0.53394943,-1.2066965,0.47998536,-0.91650647,0.45887196,-0.7414136,0.28699374,-0.9579325,0.29948565,-1.2289377,0.2774264,-0.8384196,0.27934647,-0.6572199,0.037730042,-0.9597559,0.037280682,-1.2581478,0.09293314,-0.8745665,0.12007648,-0.6159565,-0.19599675,-0.93410456,-0.28196368,-1.3029722,-0.3207215,-1.5224199,-0.35390416,-1.7941071
p4,I,I,mock,mock,0.0,0.0,0.43323755,-0.19406004,0.7175356,-0.6021195,0.74662685,-0.9957558,0.5385727,-1.2069322,0.381553,-0.95113635,0.37121308,-1.1394964,0.31861028,-0.8754458,0.296346,-0.6007437,0.08776795,-0.99614096,0.107651405,-1.2835151,0.07524414,-0.920002,0.07409404,-0.5902664,-0.18965222,-1.0047609,-0.20031786,-1.2927085,-0.18347119,-0.9219835,-0.15233627,-0.60111326,-0.4567698,-0.96139807,-0.5568228,-1.3527999,-0.60809714,-1.5902545,-0.61997485,-1.8288761
p4,I,I,mock,mock,0.0,0.0,0.4170757,-0.24872243,0.66059226,-0.7206821,0.61319166,-1.1465861,0.35406128,-1.3130671,0.22272617,-1.0033454,0.18429713,-1.1951996,0.1728001,-0.9317049,0.18694468,-0.645882,-0.08110018,-0.99670595,-0.09881862,-1.3125975,-0.07459945,-0.9415166,-0.025636233,-0.600501,-0.35593757,-0.9578825,-0.4059738,-1.2607174,-0.326789,-0.9011108,-0.24459846,-0.58057255,-0.6134557,-0.8702319,-0.7686467,-1.260137,-0.85485226,-1.5042521,-0.91013026,-1.7493252
p4,I,I,mock,mock,0.0,0.0,0.44721565,-0.18294936,0.75039095,-0.55650836,0.7937626,-0.9429887,0.5964011,-1.1644526,0.41594866,-0.92940515,0.42514986,-1.1058414,0.3456297,-0.83862096,0.28985786,-0.5657739,0.13376318,-0.99101335,0.18659948,-1.2717638,0.12067473,-0.9027386,0.08219111,-0.57610893,-0.13087983,-1.0140972,-0.11825419,-1.2812638,-0.12412565,-0.91133577,-0.11921047,-0.5987859,-0.39314806,-0.9879695,-0.42855617,-1.3779324,-0.4350902,-1.6069746,-0.41463035,-1.8399653
p4,I,I,mock,mock,0.0,0.0,0.42386293,-0.22786294,0.6604894,-0.62494475,0.699907,-0.99711126,0.54373455,-1.2306068,0.34113494,-0.95810604,0.3633829,-1.1688029,0.34947115,-0.8964709,0.3359934,-0.62451994,0.08598842,-0.9962961,0.12948793,-1.2838973,0.13533525,-0.9058912,0.13368997,-0.58049685,-0.17931077,-1.0112345,-0.15224448,-1.2912459,-0.09755995,-0.9185085,-0.074567474,-0.6104723,-0.45444134,-0.9829363,-0.527816,-1.3914837,-0.54708666,-1.6414099,-0.55427974,-1.8920434
p4,I,I,mock,mock,0.0,0.0,0.43425435,-0.1514975,0.76067495,-0.551001,0.8049242,-0.96327573,0.575366,-1.1704168,0.44758648,-0.9376681,0.41046417,-1.104722,0.30389562,-0.8090967,0.23182209,-0.5390077,0.1557194,-0.9878013,0.1549261,-1.243031,0.07067756,-0.85329056,0.039707035,-0.5413324,-0.10903613,-0.99502295,-0.14200859,-1.2365829,-0.15894014,-0.8541739,-0.1447535,-0.5542658,-0.36519787,-0.94895536,-0.42357826,-1.3260587,-0.46309394,-1.5502487,-0.47287136,-1.7881515
p2,I,I,mock,mock,0.0,0.0,0.36247995,-0.22375572,0.5945064,-0.5517893,0.47846204,-0.92274004,0.23500803,-1.1161772,0.44851846,-0.94725674,0.51448834,-1.313757,0.47478727,-1.0778701,0.44317806,-0.87906444,0.18947348,-0.98188585,0.21241087,-1.2935736,0.21157329,-0.96346724,0.25823528,-0.8330498,-0.043278754,-0.9815556,-0.02994798,-1.3037361,0.038547475,-0.9795379,0.07858791,-0.74883795,-0.27992907,-0.94679445,-0.3823191,-1.2943025,-0.4085836,-1.4911234,-0.41589245,-1.7165146
p2,I,I,mock,mock,0.0,0.0,0.39453915,-0.2597754,0.63855755,-0.6037223,0.5866224,-0.96595865,0.3043533,-1.0763329,0.3860113,-0.96526694,0.45274878,-1.3088698,0.4623845,-1.0498142,0.46434945,-0.8462366,0.15891878,-0.98729163,0.2156688,-1.3168707,0.27311537,-0.999549,0.30591583,-0.8076421,-0.073017925,-0.9872275,-0.035572708,-1.3273708,0.10047083,-1.0302074,0.17813262,-0.7923905,-0.30799538,-0.949999,-0.42501974,-1.3085335,-0.4409479,-1.5155562,-0.44654456,-1.7381146
p2,I,I,mock,mock,0.0,0.0,0.35163003,-0.20973343,0.586897,-0.5306969,0.4592183,-0.9147368,0.20247443,-1.0756915,0.49397966,-0.90964025,0.57731843,-1.2745893,0.49161,-1.0300514,0.428159,-0.8274589,0.22842103,-0.9735624,0.26920682,-1.2865181,0.2070684,-0.9244622,0.26466984,-0.8697171,0.0016260555,-0.9913159,0.01654793,-1.3160723,0.028168594,-0.99069685,0.032833036,-0.7566732,-0.23838232,-0.9650214,-0.3106715,-1.3204122,-0.345986,-1.5225403,-0.3691396,-1.7175945
p2,I,I,mock,mock,0.0,0.0,0.42980492,-0.20395449,0.70429134,-0.52075976,0.6877433,-0.8941155,0.42788294,-1.0611925,0.52093595,-0.9033296,0.6093672,-1.2292597,0.5704036,-0.9932505,0.54451305,-0.80000967,0.28847647,-0.957487,0.34490874,-1.2752374,0.3572082,-0.9650137,0.38167447,-0.77253866,0.05049801,-0.9801832,0.10960851,-1.3095255,0.19317713,-1.0043696,0.23955704,-0.7619227,-0.19129415,-0.9654626,-0.2586777,-1.3103781,-0.2418514,-1.514311,-0.21009155,-1.7285408
p2,I,I,mock,mock,0.0,0.0,0.3929513,-0.1479995,0.66363436,-0.45394552,0.5939917,-0.8353994,0.3753099,-1.0537285,0.61359996,-0.87178767,0.722308,-1.2385799,0.61158323,-1.0185287,0.51883036,-0.80416876,0.33677858,-0.9415839,0.3865326,-1.2705239,0.32047427,-0.93218696,0.31,-0.7372464,0.088005416,-0.9733455,0.12774733,-1.2846447,0.13570185,-0.9504539,0.12984277,-0.6976197,-0.15104966,-0.9748695,-0.15899017,-1.3311409,-0.12655969,-1.533338,-0.07266197,-1.7528324
p2,I,I,mock,mock,0.0,0.0,0.41106418,-0.2081985,0.6455965,-0.61254543,0.4809369,-0.94319123,0.07670466,-0.9009251,0.3808365,-0.9984687,0.3951539,-1.3504894,0.3817292,-1.061565,0.37023523,-0.87101823,0.124927975,-0.9921658,0.12351939,-1.3436447,0.17146297,-0.9997848,0.21441093,-0.81650203,-0.11470375,-0.9648361,-0.10642619,-1.2628026,0.024853492,-0.93841255,0.10368737,-0.7078446,-0.33498466,-0.92163783,-0.36393335,-1.2641702,-0.34898207,-1.4826276,-0.34880376,-1.7251427
p2,I,I,mock,mock,0.0,0.0,0.40898517,-0.24291627,0.60454017,-0.6837164,0.3569082,-1.0262845,-0.050194066,-0.9913548,0.322242,-1.024863,0.28274873,-1.3948898,0.28407,-1.1222446,0.30344716,-0.9201152,0.05573839,-0.9984454,-0.0049926797,-1.3852208,0.0680619,-1.066234,0.13753666,-0.8630318,-0.19226876,-0.95648617,-0.2418363,-1.2886807,-0.0738398,-0.9938018,0.047978397,-0.76890194,-0.41368046,-0.9022892,-0.48122302,-1.2383571,-0.4978785,-1.4584166,-0.52486986,-1.6983932
p2,I,I,mock,mock,0.0,0.0,0.37752214,-0.27051598,0.5123982,-0.7185855,0.2152213,-1.0396856,-0.21979514,-0.9389183,0.28841323,-1.0335732,0.22138363,-1.4245435,0.23177126,-1.2074115,0.25186735,-0.9977654,0.022170557,-0.9997542,-0.09192942,-1.3723705,-0.030734057,-1.0839756,0.0352952,-0.86706877,-0.21640097,-0.9392105,-0.3259147,-1.2789146,-0.20515135,-1.0358754,-0.110064395,-0.8246726,-0.43525568,-0.8532709,-0.5606936,-1.1843439,-0.5961686,-1.4051129,-0.63840616,-1.6168839
p2,I,I,mock,mock,0.0,0.0,0.3942991,-0.24436378,0.59341794,-0.69456995,0.3758531,-1.0234557,-0.025333079,-0.9594276,0.2921658,-1.0312059,0.2578095,-1.3852515,0.27771756,-1.1169409,0.29967666,-0.9087104,0.040832594,-0.999166,-0.005686385,-1.3826506,0.0750669,-1.0749457,0.13045372,-0.8594366,-0.19725208,-0.9589665,-0.23029236,-1.2842331,-0.06312901,-0.99435204,0.044478826,-0.7627999,-0.41304982,-0.90889275,-0.4882882,-1.2340956,-0.50415206,-1.4496835,-0.529871,-1.6807226
p2,I,I,mock,mock,0.0,0.0,0.4355373,-0.17462021,0.6792815,-0.54919785,0.4443872,-0.90943456,0.050871894,-0.9470303,0.5012767,-0.96045506,0.49148023,-1.3394802,0.44332224,-1.0797755,0.42894888,-0.8862711,0.2172272,-0.97612107,0.18503731,-1.3520999,0.19029437,-1.0360198,0.23402134,-0.852521,-0.044039655,-0.96409565,-0.069324836,-1.3046695,0.0067430283,-1.0114708,0.06830325,-0.7816018,-0.28627583,-0.93022037,-0.28174454,-1.2755303,-0.25922537,-1.496658,-0.2458983,-1.7283638
p4,I,I,mock,mock,0.0,0.0,0.38711166,-0.23661827,0.68228817,-0.5574366,0.66518414,-0.9132916,0.36663446,-0.93984175,0.4116706,-0.989038,0.31864688,-1.2943163,0.3243993,-1.0399452,0.3556557,-0.83202964,0.15509525,-0.98789954,0.06526193,-1.2690307,0.117070645,-0.9296314,0.17140312,-0.72625417,-0.071151,-0.9541166,-0.1802667,-1.2523587,-0.081081964,-0.96029854,0.0018001829,-0.7468784,-0.29704514,-0.8840485,-0.4001425,-1.230792,-0.41512603,-1.4247439,-0.42546278,-1.6162428
p1,I,I,mock,mock,0.0,0.0,0.42434642,-0.14702477,0.7533629,-0.4915857,0.7501815,-0.8490867,0.41521987,-0.9468497,0.58356124,-0.94129395,0.5671712,-1.2308407,0.5179117,-1.0773908,0.4862052,-0.87579036,0.29668394,-0.9549757,0.25532845,-1.184003,0.23810603,-0.7911419,0.23912856,-0.4816197,0.03224036,-0.956306,-0.02476625,-1.1763476,0.035389096,-0.8112752,0.08295583,-0.52474505,-0.21250387,-0.93687284,-0.238004,-1.3063539,-0.20085268,-1.5243667,-0.1580339,-1.7395321
p4,I,I,mock,mock,0.0,0.0,0.37748316,-0.22424255,0.6711572,-0.5753798,0.57993436,-0.92670923,0.24347615,-0.95812815,0.4184601,-0.99572706,0.33437112,-1.3105273,0.29294232,-1.0893155,0.30953914,-0.87556595,0.13397601,-0.99098456,-0.006612926,-1.2823061,0.016437287,-0.9691916,0.088587545,-0.7348785,-0.116923295,-0.9488376,-0.26556385,-1.2433269,-0.17942463,-0.9697183,-0.06854921,-0.74114054,-0.34104118,-0.8695132,-0.46743587,-1.1999891,-0.5040835,-1.3993533,-0.5151565,-1.5788623
p4,I,I,mock,mock,0.0,0.0,0.38017192,-0.19974998,0.6993196,-0.5530909,0.6417957,-0.90958494,0.3019483,-0.96762365,0.41581085,-1.0083362,0.3258947,-1.3265548,0.2987102,-1.1311902,0.32651213,-0.9083514,0.13702919,-0.990567,0.009536586,-1.2882786,0.037956968,-0.98711574,0.105138086,-0.73227316,-0.110795364,-0.9471351,-0.24889533,-1.2468748,-0.15528089,-0.9859117,-0.044148743,-0.7500581,-0.33017793,-0.869136,-0.45700797,-1.2094432,-0.48648748,-1.4126928,-0.48531607,-1.592868
p2,I,I,mock,mock,0.0,0.0,0.39272103,-0.20964034,0.70347446,-0.54355645,0.64624316,-0.8999867,0.3185547,-0.9645747,0.4260439,-0.988778,0.3550707,-1.3034402,0.3328226,-1.0696788,0.3557398,-0.85590214,0.15366437,-0.9881231,0.055309393,-1.2850174,0.08405433,-0.964006,0.13845569,-0.7347164,-0.093763664,-0.9590958,-0.20354246,-1.2691267,-0.11374686,-0.9824552,-0.019015439,-0.74226516,-0.32377708,-0.8962098,-0.4352293,-1.2382047,-0.45560008,-1.4377508,-0.45552713,-1.6180975
p3,I,I,mock,mock,0.0,0.0,0.37762427,-0.21387509,0.6852967,-0.55323577,0.65866816,-0.9112864,0.3617721,-0.95856243,0.4095456,-0.9967801,0.32395628,-1.315398,0.3196852,-1.0943182,0.34451762,-0.87567836,0.14287199,-0.98974115,0.04844656,-1.2801872,0.087304555,-0.9675524,0.13827547,-0.74349743,-0.09347388,-0.95431674,-0.20869297,-1.2620603,-0.118313655,-0.98581,-0.028593699,-0.7600144,-0.32093674,-0.88210946,-0.43142152,-1.2316912,-0.44985512,-1.4316249,-0.45141852,-1.6188623
p2,I,I,mock,mock,0.0,0.0,0.38698637,-0.18806952,0.6845172,-0.5380866,0.81130284,-0.88442254,0.6381712,-1.1059347,0.49906528,-0.97841614,0.5411227,-1.2788438,0.4744231,-1.0212533,0.4351583,-0.7847294,0.24685271,-0.96905303,0.30788556,-1.2292624,0.26430854,-0.86284024,0.23717618,-0.5819933,0.0057778247,-0.94542944,0.053117517,-1.1093696,0.06707743,-0.7668475,0.06793222,-0.51337683,-0.22239542,-0.9058122,-0.21142752,-1.2647307,-0.16755718,-1.475242,-0.12538081,-1.6806124
p2,I,I,mock,mock,0.0,0.0,0.34903958,-0.24863978,0.5545493,-0.65307164,0.44022945,-1.042068,0.12577973,-1.0884742,0.34952816,-1.0217935,0.20435451,-1.2481402,0.14376362,-0.9581909,0.17852366,-0.74117976,0.08353241,-0.9965051,-0.07745177,-1.1622868,-0.05389518,-0.7878331,0.009807275,-0.5587833,-0.14657244,-0.95810753,-0.3028735,-1.1117104,-0.21256694,-0.7689994,-0.1226904,-0.5184132,-0.35101897,-0.9053722,-0.43956807,-1.2521563,-0.4625799,-1.4636093,-0.4760103,-1.6653708
p2,I,I,mock,mock,0.0,0.0,0.3621182,-0.24163848,0.5670711,-0.6564883,0.4424081,-1.0265905,0.11268777,-1.0564492,0.34254643,-1.017585,0.22533275,-1.2740687,0.15615949,-1.0391306,0.165898,-0.8311007,0.07965733,-0.9968223,-0.06328718,-1.1873626,-0.056587696,-0.8027308,-0.011304602,-0.53644603,-0.15767041,-0.9534906,-0.29879934,-1.1323084,-0.22080962,-0.7875743,-0.14222457,-0.5192271,-0.37569198,-0.88862216,-0.474255,-1.2471062,-0.50420576,-1.4711943,-0.5235315,-1.6806004
p2,I,I,mock,mock,0.0,0.0,0.41547307,-0.19026004,0.7234781,-0.5369943,0.84518874,-0.8896003,0.6589287,-1.1072193,0.546119,-0.96486455,0.57102656,-1.2668769,0.50262684,-0.99384815,0.468784,-0.7417045,0.29069263,-0.9568165,0.33745593,-1.2238381,0.28673616,-0.85925764,0.25753298,-0.5780465,0.04709265,-0.9400675,0.0854068,-1.1117567,0.09861677,-0.7732542,0.09807844,-0.511457,-0.18546532,-0.9072053,-0.18021198,-1.2772775,-0.14073487,-1.48948,-0.10427822,-1.6875713
p1,I,I,mock,mock,0.0,0.0,0.38063806,-0.18571365,0.6882832,-0.52696174,0.8169414,-0.87088513,0.6238506,-1.0670903,0.5049814,-0.9759211,0.5576835,-1.2545642,0.49611297,-0.99549663,0.46147847,-0.77382267,0.25307247,-0.96744734,0.3212525,-1.2085679,0.27723363,-0.8360113,0.24934366,-0.5641142,0.013356888,-0.9416009,0.06491124,-1.0858425,0.08257234,-0.74110556,0.08483273,-0.49589175,-0.21196584,-0.89362013,-0.2043737,-1.2386695,-0.15626653,-1.4497705,-0.10758083,-1.6622717
p2,I,I,mock,mock,0.0,0.0,0.43448478,-0.14730147,0.77143115,-0.5098444,0.7696905,-0.8633836,0.4135204,-0.937553,0.58285666,-0.94698113,0.56600136,-1.2570585,0.5180359,-1.0755028,0.48971567,-0.8583383,0.28724092,-0.9578584,0.2503415,-1.201686,0.2345482,-0.7964587,0.23498552,-0.48664424,0.016916258,-0.9601281,-0.033100322,-1.1841006,0.026521089,-0.81585026,0.07108979,-0.5332904,-0.22839776,-0.94746214,-0.23631871,-1.329635,-0.18743463,-1.560759,-0.13792276,-1.7885478
p2,I,I,mock,mock,0.0,0.0,0.4036683,-0.2099366,0.7060362,-0.5450721,0.6959749,-0.8768909,0.33366522,-0.8810608,0.42976642,-0.97927994,0.44591108,-1.1807059,0.40932125,-0.88309133,0.37814793,-0.69584435,0.17682192,-0.98424286,0.20665532,-1.1979948,0.21268287,-0.8049833,0.19965625,-0.60089135,-0.056357633,-0.964618,-0.03391134,-1.1732743,0.0474861,-0.81016546,0.063848935,-0.5788439,-0.276578,-0.92255104,-0.28785205,-1.282915,-0.23304619,-1.4887152,-0.19312777,-1.7189822
p2,I,I,mock,mock,0.0,0.0,0.4180993,-0.21671382,0.7142025,-0.5692782,0.69328743,-0.899181,0.33808088,-0.8913772,0.39990935,-1.010546,0.3998494,-1.233891,0.37611693,-0.92545867,0.36581883,-0.7185315,0.13652016,-0.9906373,0.155347,-1.2304964,0.18883626,-0.8361822,0.18867278,-0.59638673,-0.09914898,-0.9553614,-0.07746842,-1.1770271,0.016747002,-0.817455,0.045054898,-0.5685372,-0.31400597,-0.9026338,-0.33865783,-1.257377,-0.29204732,-1.4727199,-0.26380038,-1.7017725
p2,I,I,mock,mock,0.0,0.0,0.43896845,-0.23402216,0.72334856,-0.5687014,0.6862818,-0.9230316,0.35006905,-0.9461847,0.47763374,-0.9907837,0.41961917,-1.2222404,0.38599843,-0.9165751,0.39107284,-0.7026159,0.1920165,-0.98139167,0.16678533,-1.2146778,0.18369383,-0.8192764,0.20794366,-0.58735114,-0.061654516,-0.95467144,-0.09131253,-1.1788218,-0.003498319,-0.80318004,0.05523546,-0.54988694,-0.30042395,-0.9021611,-0.33164778,-1.2704852,-0.2936418,-1.4820722,-0.2593141,-1.7176317
p2,I,I,mock,mock,0.0,0.0,0.416829,-0.16379015,0.72835356,-0.5231027,0.694251,-0.9270635,0.39511672,-1.0737448,0.5840983,-0.9274195,0.4904339,-1.2098243,0.4015049,-1.0179526,0.37673515,-0.8114018,0.2938671,-0.9558463,0.16643365,-1.1397482,0.1268539,-0.7612607,0.1334648,-0.47235668,0.0385134,-0.95496416,-0.08543484,-1.1359305,-0.054084353,-0.7902612,-0.009042973,-0.5227246,-0.19709526,-0.92248064,-0.23924936,-1.2970191,-0.23251256,-1.5039274,-0.2176035,-1.7064701
p2,I,I,mock,mock,0.0,0.0,0.35993373,-0.19567636,0.6126773,-0.5729859,0.54002076,-0.95189893,0.2248838,-1.0373181,0.4638549,-0.97858894,0.3465684,-1.2142085,0.27601483,-0.9569183,0.28416646,-0.7497336,0.17987029,-0.9836903,0.03772966,-1.1140207,0.0336178,-0.74032605,0.06330765,-0.50468934,-0.07143456,-0.95656955,-0.19694144,-1.0997107,-0.12919073,-0.7575842,-0.065414526,-0.5102325,-0.29373762,-0.8953676,-0.36210763,-1.2402341,-0.36056358,-1.4436907,-0.35060555,-1.6481707
p2,I,I,mock,mock,0.0,0.0,0.36780202,-0.20616095,0.6054591,-0.576996,0.52504414,-0.95449126,0.22369666,-1.0409479,0.4476109,-0.9880086,0.33671463,-1.2305431,0.28059322,-0.9847976,0.2864759,-0.7753973,0.17297558,-0.9849261,0.039527375,-1.1269635,0.044056896,-0.7511883,0.06881479,-0.51051956,-0.07075693,-0.9521584,-0.1974972,-1.1044627,-0.1236382,-0.76835054,-0.061367627,-0.520698,-0.28809747,-0.8873631,-0.3567301,-1.230853,-0.35262424,-1.4360178,-0.34605643,-1.6412556
p2,I,I,mock,mock,0.0,0.0,-0.2945918,-0.32140884,-0.4288611,-0.6806622,-0.2903792,-0.9651766,-0.11288933,-1.0643147,-0.58324116,-0.9405278,-0.2352724,-1.3132486,-0.105208516,-1.1645058,-0.13806026,-1.0266256,-0.3440518,-0.93895066,-0.005775795,-1.2894815,0.09583683,-1.105384,0.05085745,-0.98472685,-0.07355635,-0.89587855,0.21155134,-1.2260565,0.28348038,-1.0712883,0.23189941,-0.9480489,0.21995427,-0.84701174,0.3831671,-1.3092544,0.48786286,-1.5487579,0.5458361,-1.7728987
p2,I,I,mock,mock,0.0,0.0,0.41534418,-0.024271147,0.75333434,-0.2994384,0.7741401,-0.68830997,0.5045234,-0.88378215,0.7977593,-0.64454806,0.97028685,-0.8931741,0.85012275,-0.69657415,0.7717131,-0.54372543,0.59949416,-0.80037916,0.73527676,-1.06743,0.6585771,-0.810615,0.63257504,-0.64958215,0.36450946,-0.9109969,0.47977257,-1.2135402,0.46525162,-0.92182785,0.4500401,-0.6984981,0.10848742,-0.9637369,0.15048815,-1.2734026,0.19429038,-1.4445047,0.25032362,-1.6141485
p2,I,I,mock,mock,0.0,0.0,0.41744775,-0.07015228,0.7504009,-0.31696323,0.85231614,-0.6542081,0.61965424,-0.8473418,0.7798865,-0.6781507,0.93776816,-0.9064085,0.8264736,-0.7146154,0.76437217,-0.60014164,0.60458505,-0.79654056,0.74323577,-1.0526874,0.65176153,-0.7907045,0.65323204,-0.6911925,0.4034674,-0.8848522,0.5229284,-1.2004259,0.50049317,-0.8901282,0.47820538,-0.6747379,0.180222,-0.93392223,0.17785193,-1.2809727,0.21128277,-1.4691701,0.2621311,-1.6702007
p2,I,I,mock,mock,0.0,0.0,0.4290746,-0.047450624,0.7871435,-0.36731997,0.8207185,-0.7537439,0.55392337,-0.945906,0.7613082,-0.7116742,0.9613972,-0.989685,0.82426745,-0.7734199,0.7427668,-0.6194423,0.55081046,-0.83463037,0.72037584,-1.146694,0.6374447,-0.87085354,0.6152651,-0.7110653,0.31665185,-0.92881614,0.44947106,-1.2782625,0.4575942,-0.9604306,0.45781544,-0.70898646,0.07622552,-0.97038937,0.083877765,-1.3215799,0.11375946,-1.5174408,0.15553132,-1.7172282
p2,I,I,mock,mock,0.0,0.0,0.45378077,-0.043382227,0.8100281,-0.33050773,0.8782385,-0.68947583,0.63942355,-0.91165555,0.8082126,-0.6878024,1.0318868,-0.95936906,0.8928633,-0.7624856,0.7954815,-0.5989976,0.59757507,-0.80181295,0.80138606,-1.1155212,0.71979606,-0.87328744,0.6619785,-0.6955485,0.3639372,-0.9058907,0.51924163,-1.2521319,0.5292519,-0.9615815,0.52022207,-0.7026884,0.12903903,-0.9731847,0.122329585,-1.3449049,0.16019833,-1.560695,0.22246724,-1.7576123
p2,I,I,mock,mock,0.0,0.0,0.42782035,0.18597612,0.7641798,0.028056514,0.88292384,-0.3676913,0.71177924,-0.75026095,1.0795001,-0.3555487,1.1165525,-0.564412,0.84857,-0.35091284,0.6889249,-0.17613599,0.79698974,-0.6039928,0.876318,-0.7908988,0.6228679,-0.4704073,0.5329292,-0.24336204,0.4827571,-0.7863527,0.58717626,-0.9520817,0.4375266,-0.6074236,0.40507177,-0.36202237,0.18474597,-0.90443766,0.15449898,-1.1350089,0.123509355,-1.2693932,0.18928723,-1.4287153
p2,I,I,mock,mock,0.0,0.0,0.340089,0.08007528,0.7410641,-0.10600614,0.8719832,-0.5034459,0.71018463,-0.78761846,0.95921826,-0.45870498,1.1538346,-0.68391675,0.95886713,-0.510482,0.8708415,-0.38194093,0.7557781,-0.65482783,0.88504434,-0.87245,0.7595825,-0.6451198,0.7501856,-0.5212545,0.49918732,-0.7967814,0.60858184,-1.0326835,0.51205736,-0.71723086,0.46205235,-0.48603985,0.22706333,-0.8820956,0.2505573,-1.1776856,0.28019062,-1.3479093,0.33051568,-1.5372993
p2,I,I,mock,mock,0.0,0.0,0.42630225,0.04373624,0.7905978,-0.16511637,0.8789882,-0.52987534,0.6669625,-0.8002569,0.9608549,-0.52792275,1.1508937,-0.8012334,0.982039,-0.6338003,0.8764418,-0.46123236,0.7173906,-0.6966712,0.8579264,-1.0036906,0.7378793,-0.78162116,0.67966026,-0.5866079,0.43998587,-0.81781644,0.5180584,-1.0791955,0.47110277,-0.78497136,0.44528097,-0.5215907,0.16009781,-0.8815574,0.12984717,-1.1920004,0.15426876,-1.3781586,0.19322604,-1.5441326
p2,I,I,mock,mock,0.0,0.0,0.36520964,-0.037375074,0.6685382,-0.28218886,0.5674081,-0.6264534,0.26299912,-0.7885298,0.6791553,-0.768427,0.7827881,-1.0516757,0.7680148,-1.004608,0.69814205,-0.86777663,0.40382338,-0.91483694,0.4976688,-1.2169973,0.47902894,-1.1820933,0.43013337,-1.0634698,0.116540805,-0.9570262,0.11269165,-1.2212855,0.08831826,-1.0627147,0.08378656,-0.85543025,-0.17357312,-0.9201754,-0.2125495,-1.224563,-0.21538787,-1.4422258,-0.19760129,-1.5932347
p2,I,I,mock,mock,0.0,0.0,0.43366963,-0.092864335,0.72878176,-0.34456038,0.68086255,-0.6662468,0.35671034,-0.7847102,0.7061993,-0.80995214,0.7946653,-1.017519,0.6747308,-0.7499795,0.5768816,-0.58971065,0.45565405,-0.8901569,0.5354437,-1.1400912,0.44004247,-0.8099432,0.37107807,-0.62437737,0.19433174,-0.93436563,0.21611659,-1.1874433,0.20691584,-0.8655616,0.1934975,-0.642706,-0.058013167,-0.9300358,-0.07425071,-1.219758,-0.04493709,-1.4058354,-0.020491451,-1.6194186
p2,I,I,mock,mock,0.0,0.0,0.39436406,-0.042222135,0.71960455,-0.26769453,0.6858499,-0.6043065,0.37693316,-0.75355405,0.70572126,-0.77053076,0.77412146,-0.96174777,0.6532599,-0.71253455,0.5917072,-0.5740182,0.46318686,-0.8862606,0.51334757,-1.1329947,0.42226705,-0.7986487,0.38861376,-0.6362164,0.2059134,-0.93756133,0.20872085,-1.1404905,0.19158266,-0.7994126,0.20941275,-0.62260723,-0.055043835,-0.9447045,-0.041316815,-1.0745128,-0.019989198,-0.86514956,0.02428875,-0.7348768
p2,I,I,mock,mock,0.0,0.0,0.4973313,-0.10657074,0.7554311,-0.32726362,0.76440847,-0.6614306,0.3980131,-0.7931414,0.6933673,-0.85619724,0.83764005,-1.0433788,0.72992843,-0.7401897,0.6273529,-0.5809345,0.42832977,-0.9036225,0.58358145,-1.1452218,0.49108335,-0.75227237,0.43673322,-0.5885559,0.1680786,-0.94808364,0.269168,-1.1769471,0.31546408,-0.7986712,0.30016547,-0.5474526,-0.06484269,-0.979214,-0.12043717,-1.3605095,-0.11506065,-1.6029053,-0.126051,-1.8628786
p2,I,I,mock,mock,0.0,0.0,0.32496285,0.017582906,0.66036564,-0.21634382,0.7603299,-0.6049928,0.5693906,-0.85596114,0.8376037,-0.6223234,0.7293112,-0.8257627,0.53590536,-0.62518233,0.43647906,-0.43446717,0.6300361,-0.7765658,0.5071278,-0.97884744,0.32520986,-0.67538744,0.24431728,-0.44702205,0.39687172,-0.88519037,0.31509763,-1.0523078,0.18550308,-0.747299,0.1123928,-0.49441782,0.14031616,-0.94564164,0.16213706,-1.3296258,0.13541423,-1.5771365,0.12905641,-1.7666749
p2,I,I,mock,mock,0.0,0.0,0.35514092,0.051833652,0.7276944,-0.2274117,0.83182317,-0.6249133,0.616251,-0.83757454,0.8180652,-0.6649833,0.7241589,-0.88968366,0.56207305,-0.6662314,0.4848206,-0.46199247,0.6026448,-0.7980096,0.5201268,-1.0109615,0.3679535,-0.6918911,0.29455543,-0.4412828,0.360658,-0.89349604,0.3075147,-1.0577917,0.19809139,-0.7368583,0.13352655,-0.46756905,0.09273385,-0.9615442,0.13920623,-1.3518878,0.122239724,-1.6032604,0.11701007,-1.7993593
p2,I,I,mock,mock,0.0,0.0,0.37089467,-0.034213953,0.7781415,-0.3647444,0.9349504,-0.73311114,0.8087029,-1.019636,0.7040363,-0.8327188,0.7575457,-1.0515947,0.6129804,-0.734925,0.46068266,-0.4298652,0.41517147,-0.9097432,0.473238,-1.187867,0.3704144,-0.7764953,0.28044337,-0.45041934,0.121954925,-0.92933637,0.15879984,-1.1593441,0.1370544,-0.74795526,0.11187859,-0.4433521,-0.1832941,-0.903473,-0.11756302,-1.1045859,-0.10003049,-0.83260983,-0.109528966,-0.6095756
p4,L,L,mock,mock,0.0,0.0,0.4282324,-0.00031372183,0.8889177,-0.2898783,1.2304503,-0.49311525,1.5426255,-0.6060452,0.7064529,-0.7835755,0.8075457,-1.1879827,0.8793824,-1.4555674,0.9583481,-1.6883888,0.4615182,-0.88713074,0.63926286,-1.3089774,0.8111159,-1.5810726,0.92138094,-1.8220317,0.19537337,-0.8782673,0.32090938,-1.0202651,0.29037294,-0.6417745,0.2708181,-0.3738455,-0.042944144,-0.7864511,0.06651271,-0.8210437,0.06841019,-0.5192764,0.06879698,-0.3242398
p4,L,L,mock,mock,0.0,0.0,0.28264,-0.16369815,0.5746349,-0.47726697,0.84541744,-0.68691677,1.103628,-0.7862949,0.33207878,-0.9657817,0.3944656,-1.4215082,0.43809983,-1.702218,0.45054695,-1.9432402,0.08323562,-0.9965299,0.28926584,-0.94159746,0.28503722,-0.60514075,0.20835483,-0.46998578,-0.15224494,-0.9066561,0.08278226,-0.7098172,0.09474508,-0.42489615,0.037598968,-0.3517624,-0.3672072,-0.7652607,-0.16009428,-0.63160485,-0.096160404,-0.43629402,-0.12349018,-0.39425904
p4,L,L,mock,mock,0.0,0.0,0.27542043,-0.12055181,0.59676903,-0.42934784,0.91749626,-0.639032,1.1947243,-0.7730277,0.33228713,-0.9633747,0.39263162,-1.4571228,0.45001504,-1.806811,0.45817718,-2.0972438,0.047357284,-0.998878,0.30812755,-0.94786966,0.28983048,-0.5503972,0.19160983,-0.43911406,-0.21494022,-0.8877919,0.06353994,-0.7064221,0.09305617,-0.37110034,0.017317904,-0.31583047,-0.46223727,-0.7088846,-0.2352402,-0.5969719,-0.15959837,-0.38382295,-0.21451892,-0.3584731
p4,L,L,mock,mock,0.0,0.0,0.25875714,-0.18350132,0.5198427,-0.47661808,0.7880218,-0.6701765,1.0435839,-0.7741723,0.26765963,-0.97666234,0.34924436,-1.3859471,0.40103272,-1.6761832,0.41584483,-1.9207829,-0.000516117,-0.9999999,0.26337573,-0.93973184,0.24353832,-0.5886808,0.14290814,-0.4901914,-0.22625849,-0.9007092,0.046210982,-0.7120806,0.05522031,-0.4254654,-0.024543999,-0.38500947,-0.43109953,-0.74388945,-0.20503178,-0.6192333,-0.13572049,-0.43549883,-0.19116253,-0.4147093
p4,L,L,mock,mock,0.0,0.0,0.2846439,-0.11370556,0.6205796,-0.41894236,0.94296086,-0.62339896,1.2164009,-0.75400066,0.34417075,-0.95802873,0.42247003,-1.4334084,0.4936881,-1.7667406,0.5138732,-2.051438,0.047576625,-0.9988676,0.33387575,-0.93915653,0.31614673,-0.53983325,0.21154618,-0.43392378,-0.22185904,-0.88735944,0.07595406,-0.699951,0.09834036,-0.36443615,0.008454066,-0.3225837,-0.47022122,-0.71169746,-0.22187755,-0.58417386,-0.14954554,-0.3650083,-0.21732526,-0.3472075
p1,L,L,mock,mock,0.0,0.0,0.39088768,-0.040166136,0.83033,-0.3487808,1.1850818,-0.5796103,1.4667145,-0.7157833,0.6076868,-0.87731546,0.7467001,-1.3627448,0.83330363,-1.6776066,0.9109013,-1.9503077,0.33789736,-0.941183,0.4462641,-1.167344,0.49873027,-0.9889159,0.51992375,-0.85784906,0.08204406,-0.9152984,0.2268421,-0.9690724,0.2611869,-0.5931437,0.2539578,-0.33497658,-0.15979443,-0.82313555,-0.0329366,-0.8117361,0.0071915886,-0.5163799,0.01664163,-0.30348986
p3,L,L,mock,mock,0.0,0.0,0.4000662,0.023993528,0.8984846,-0.22524744,1.3221163,-0.33770484,1.6258574,-0.3886855,0.60145724,-0.8505805,0.7196507,-1.4056466,0.82069874,-1.7815349,0.9002181,-2.0938065,0.3069944,-0.9517113,0.39246914,-1.2502152,0.43201527,-1.0981752,0.44980407,-0.9929059,0.029547382,-0.9280084,0.1651233,-1.0007914,0.17349733,-0.5686664,0.14978857,-0.2578086,-0.2272455,-0.81250346,-0.106444046,-0.8190803,-0.081365876,-0.50378144,-0.08967058,-0.26851267
p4,L,L,mock,mock,0.0,0.0,0.49467537,-0.0056000836,0.9846502,-0.25949213,1.3846781,-0.3890316,1.670849,-0.46240202,0.73068005,-0.83231527,0.7518549,-1.4108859,0.7846956,-1.7836874,0.8191152,-2.0859978,0.41682592,-0.90898633,0.45575145,-1.2316927,0.41205043,-0.9713595,0.36000928,-0.78686714,0.13474031,-0.87519896,0.21001555,-1.0053332,0.19569418,-0.5768019,0.16700153,-0.29242247,-0.1267877,-0.76520234,-0.040942874,-0.84710974,-0.046828847,-0.5338361,-0.06120117,-0.30909857
p3,L,L,mock,mock,0.0,0.0,0.3787447,-0.19826195,0.64902383,-0.48667166,0.9271486,-0.7543681,1.1761824,-0.8850407,0.3416561,-0.9847125,0.33854082,-1.3311158,0.31697378,-1.5531757,0.2912708,-1.7432516,0.12111378,-0.99263865,0.08398649,-1.3883045,0.086030096,-1.1496481,0.113411665,-0.9426441,-0.07975488,-0.9333017,-0.12862673,-1.2811925,-0.10008678,-1.047936,-0.07123417,-0.85331833,-0.27567333,-0.8353686,-0.3076575,-1.1197883,-0.2628218,-0.97545177,-0.2192226,-0.82610327
p3,L,L,mock,mock,0.0,0.0,0.38758254,-0.20960024,0.6671841,-0.49750212,0.93110293,-0.76602346,1.1622541,-0.900341,0.36282608,-0.9865531,0.34064654,-1.3404866,0.32243106,-1.5595133,0.29681978,-1.7459788,0.1446138,-0.9894882,0.091009915,-1.3826046,0.098765396,-1.1607602,0.12968886,-0.9531413,-0.04850939,-0.92599595,-0.12814334,-1.2659974,-0.08301245,-1.0504935,-0.038198646,-0.85866684,-0.23479104,-0.8303675,-0.29555923,-1.1115749,-0.24768524,-0.98446983,-0.18738268,-0.8394512
p3,L,L,mock,mock,0.0,0.0,0.38428065,-0.19056904,0.67101645,-0.47545528,0.9412226,-0.75367683,1.1854622,-0.90009856,0.37437546,-0.982723,0.35171503,-1.3537052,0.32890558,-1.5850328,0.29976988,-1.7850146,0.14706597,-0.9891267,0.09260171,-1.3759378,0.09511977,-1.1446093,0.12664944,-0.9421879,-0.05290778,-0.9234709,-0.1265768,-1.2464026,-0.08590677,-1.0198107,-0.041557495,-0.83342445,-0.24403426,-0.8240234,-0.30185223,-1.0946327,-0.25097573,-0.9556028,-0.19013405,-0.81164116
p3,L,L,mock,mock,0.0,0.0,0.36374286,-0.21537638,0.63251126,-0.523449,0.8920455,-0.80895245,1.1243191,-0.9523326,0.3010662,-0.9907056,0.28948432,-1.3572333,0.26271278,-1.5781908,0.22929075,-1.7678547,0.08559037,-0.99633044,0.052898288,-1.4050714,0.0785347,-1.1918911,0.11317578,-0.98341054,-0.10990646,-0.929823,-0.16019922,-1.3052891,-0.109415784,-1.0984622,-0.07588548,-0.8923732,-0.30694962,-0.8241457,-0.35239244,-1.1347551,-0.28743598,-1.019617,-0.23075369,-0.8650472
p3,L,L,mock,mock,0.0,0.0,0.40339893,-0.2269241,0.6673853,-0.5190561,0.9093668,-0.801092,1.119157,-0.9686336,0.3469946,-0.9918443,0.314156,-1.3668344,0.29182518,-1.5909572,0.2543689,-1.7717655,0.13445592,-0.9909196,0.09053328,-1.4195532,0.12623559,-1.2328315,0.15264034,-1.0215683,-0.061636515,-0.92842793,-0.120402716,-1.3093184,-0.057128962,-1.1077517,-0.025102848,-0.9028263,-0.2620985,-0.8327296,-0.29572764,-1.1574252,-0.23844607,-1.044543,-0.19614336,-0.8850273
p3,L,L,mock,mock,0.0,0.0,0.40810418,-0.21805419,0.71881753,-0.5708988,0.94547725,-0.8830285,1.1308221,-1.0717182,0.43104258,-0.99133515,0.44077256,-1.4379932,0.42879343,-1.6848888,0.3931268,-1.9229872,0.20388916,-0.97899395,0.22764556,-1.2494891,0.23249137,-0.85295904,0.23346262,-0.6284206,-0.018595703,-0.9042368,-0.020550836,-1.1506901,0.02438023,-0.7623109,0.04467679,-0.55454355,-0.24433023,-0.78713745,-0.2598657,-1.0224967,-0.17801213,-0.755239,-0.1337407,-0.58520323
p3,L,L,mock,mock,0.0,0.0,0.3925423,-0.17231172,0.77444977,-0.56721,1.0353326,-0.89128476,1.2027946,-1.1425159,0.4620725,-1.0013463,0.4437693,-1.4561878,0.40277937,-1.7049724,0.36711952,-1.943094,0.2047977,-0.97880435,0.1581394,-1.2486601,0.13661508,-0.8454898,0.15106793,-0.5864614,-0.033567727,-0.89775676,-0.1103263,-1.1140333,-0.07788787,-0.72599167,-0.032768868,-0.50378877,-0.24905051,-0.79250455,-0.3231877,-0.98506355,-0.2747791,-0.70889837,-0.20392331,-0.53218275
p3,L,L,mock,mock,0.0,0.0,0.4248807,-0.26290682,0.6865874,-0.6184174,0.85463274,-0.93505406,0.99022007,-1.1398624,0.36678588,-1.015953,0.34528688,-1.4408902,0.3099667,-1.6821026,0.25757205,-1.9052707,0.1419185,-0.98987836,0.17948075,-1.2625883,0.20293202,-0.8796675,0.20071086,-0.6396987,-0.0726123,-0.90305996,-0.06044863,-1.1642715,0.0045004063,-0.7851356,0.028911978,-0.5748329,-0.28937265,-0.7653763,-0.29762253,-1.0198616,-0.19436815,-0.76756287,-0.147925,-0.6023328
p3,L,L,mock,mock,0.0,0.0,0.4026528,-0.263321,0.6531635,-0.6304847,0.8233707,-0.9551696,0.9586725,-1.1783931,0.32488233,-1.0318521,0.2967726,-1.4726523,0.2641495,-1.7227626,0.21530238,-1.9562292,0.09653252,-0.99532986,0.11072622,-1.2384877,0.15101491,-0.8267009,0.15997748,-0.59974164,-0.11766603,-0.8943807,-0.1250729,-1.1184903,-0.04084571,-0.72365814,-0.008478581,-0.5395029,-0.3286454,-0.7465292,-0.35479125,-0.9735381,-0.23707536,-0.7041946,-0.188599,-0.55929023
p3,L,L,mock,mock,0.0,0.0,0.45026383,-0.26145136,0.7497157,-0.5930482,0.95758957,-0.9025501,1.0993412,-1.1187277,0.4130377,-0.99659437,0.43054774,-1.4287429,0.41039944,-1.6663407,0.3784846,-1.9013579,0.17571297,-0.98444146,0.191159,-1.2789307,0.2013316,-0.90624505,0.21071102,-0.65790534,-0.04702134,-0.9018649,-0.05203343,-1.1753916,-0.010172706,-0.79953617,0.012531906,-0.5829686,-0.270082,-0.76771593,-0.29377198,-1.0241077,-0.21234699,-0.7757271,-0.16577616,-0.61052006
p3,L,L,mock,mock,0.0,0.0,0.37582132,-0.19709346,0.69948786,-0.5890229,0.97502023,-0.9354653,1.1908904,-1.1707909,0.41576514,-1.0314472,0.3528043,-1.4664071,0.29392537,-1.6815192,0.23962188,-1.927599,0.15799774,-0.98743945,0.07930564,-1.2227334,0.12116282,-0.8602303,0.22440602,-0.8161767,-0.06694979,-0.88975817,-0.15373607,-1.108717,-0.06857435,-0.76605034,0.041873552,-0.725663,-0.26969054,-0.78856844,-0.36019728,-0.96638906,-0.27883643,-0.72370046,-0.20406666,-0.6344986
p3,L,L,mock,mock,0.0,0.0,0.3741122,-0.1936903,0.6967229,-0.5913475,0.9718643,-0.93856996,1.1816105,-1.1809527,0.41595367,-1.0286814,0.3530829,-1.4636558,0.2914809,-1.6793522,0.23260264,-1.9262242,0.16029887,-0.98706853,0.08671216,-1.2203418,0.12596656,-0.85229415,0.22868082,-0.8115755,-0.06640877,-0.8885724,-0.14959376,-1.0976516,-0.06693941,-0.7514486,0.037868317,-0.71890956,-0.27411312,-0.7849611,-0.35754335,-0.95979315,-0.2782277,-0.7153223,-0.21126415,-0.6316549
p3,L,L,mock,mock,0.0,0.0,0.34917623,-0.1567242,0.6922304,-0.55005795,0.9763552,-0.90652263,1.2039645,-1.1523395,0.467681,-1.022525,0.39602548,-1.4484981,0.32471547,-1.6449857,0.29222047,-1.8844906,0.20799842,-0.97812915,0.07475259,-1.2024919,0.09761394,-0.8345789,0.23932143,-0.7914422,-0.022229448,-0.8835358,-0.14102267,-1.0752387,-0.07853626,-0.7276378,0.07066951,-0.6850275,-0.20588258,-0.7822088,-0.31267264,-0.926393,-0.2601584,-0.692366,-0.1706707,-0.6163804
p3,L,L,mock,mock,0.0,0.0,0.3460008,-0.16170675,0.6918657,-0.5584803,0.97924423,-0.9247059,1.198233,-1.1828974,0.4677506,-1.0230403,0.40359446,-1.4493287,0.33433026,-1.6522958,0.29341117,-1.8898721,0.20539598,-0.97867894,0.0771165,-1.209247,0.100013256,-0.8441549,0.23394684,-0.79497415,-0.022984644,-0.8859644,-0.14371014,-1.0854441,-0.07775898,-0.74047464,0.06614047,-0.69671863,-0.20974536,-0.78930587,-0.31411007,-0.94801,-0.26274204,-0.71181434,-0.17652954,-0.62911654
p3,L,L,mock,mock,0.0,0.0,0.34186202,-0.17917614,0.6863053,-0.571649,0.9603843,-0.9323456,1.1702464,-1.198215,0.47301975,-1.0305403,0.40190873,-1.4525385,0.3311482,-1.6442385,0.29868576,-1.8844355,0.21583335,-0.97643024,0.070241824,-1.2198623,0.09198538,-0.857687,0.22431156,-0.795694,-0.014069788,-0.87788004,-0.15405189,-1.0854317,-0.08717716,-0.7371479,0.063268274,-0.6808966,-0.19255535,-0.77067834,-0.3092169,-0.9291159,-0.25884205,-0.69638795,-0.16911356,-0.61059994
p3,L,L,mock,mock,0.0,0.0,0.42303985,-0.2033523,0.73248875,-0.5695534,1.0028993,-0.8989337,1.2668295,-1.0701839,0.39114916,-1.0283273,0.33722922,-1.4948373,0.30015686,-1.7573699,0.24732864,-2.0204446,0.14080673,-0.9900371,0.12247326,-1.1860129,0.17458889,-0.8173082,0.21912554,-0.68237734,-0.09568627,-0.8719866,-0.1116858,-1.0032498,-0.036894128,-0.6681058,0.015666563,-0.581583,-0.30223384,-0.7329924,-0.33159795,-0.8754705,-0.24939042,-0.65298057,-0.20096199,-0.56825745
p3,L,L,mock,mock,0.0,0.0,0.40503103,-0.24139029,0.7011628,-0.5820148,0.976246,-0.88156074,1.2248738,-1.0567359,0.3555423,-1.0382184,0.3195519,-1.4856473,0.2892543,-1.7394804,0.24107543,-1.9982531,0.11281448,-0.99361604,0.10065831,-1.1796268,0.17077516,-0.8159463,0.21696597,-0.6869167,-0.115138665,-0.874199,-0.12862013,-1.0076277,-0.047411136,-0.6799609,-0.00041769314,-0.60361004,-0.31247705,-0.7342925,-0.3383025,-0.88216484,-0.24728115,-0.6623563,-0.20285363,-0.5861659
p3,L,L,mock,mock,0.0,0.0,0.39084235,-0.20713717,0.71298593,-0.555439,1.0053762,-0.8824504,1.2697822,-1.0778123,0.37647372,-1.0421154,0.340927,-1.485705,0.30700907,-1.737619,0.25410494,-1.9902378,0.12070026,-0.992689,0.06318775,-1.2005051,0.1342012,-0.82881016,0.19839552,-0.68316054,-0.11332879,-0.88568753,-0.17071931,-1.0361315,-0.08324851,-0.6943351,-0.008467885,-0.59853953,-0.31183007,-0.7647468,-0.3722189,-0.91464186,-0.28294244,-0.6846482,-0.21113259,-0.5861178
p3,L,L,mock,mock,0.0,0.0,0.4088815,-0.24678048,0.7099421,-0.5724308,0.9993148,-0.8930763,1.2614301,-1.0846967,0.37653598,-1.048178,0.34855962,-1.4936745,0.3111169,-1.7436608,0.26012447,-1.99257,0.12542203,-0.99210346,0.069834284,-1.2116922,0.14565946,-0.8531032,0.21262136,-0.70118046,-0.10447456,-0.8813393,-0.15146239,-1.0407877,-0.06544177,-0.7099838,0.007998316,-0.6139537,-0.2972269,-0.75357395,-0.35644937,-0.9179164,-0.26023135,-0.6978432,-0.18973507,-0.6050194
p3,L,L,mock,mock,0.0,0.0,0.40870064,-0.22649176,0.73023087,-0.5807512,1.027364,-0.90383726,1.2788004,-1.0964481,0.3998886,-1.0297958,0.35981652,-1.4888871,0.31906077,-1.7325381,0.26488242,-1.9924357,0.1468418,-0.98916,0.06670812,-1.2170079,0.12708548,-0.8569467,0.19310322,-0.7119362,-0.085580744,-0.8798974,-0.15687108,-1.053525,-0.07511478,-0.7178259,-0.0010050262,-0.5984308,-0.2814557,-0.7511523,-0.36056393,-0.9082032,-0.27615014,-0.69388604,-0.20301254,-0.5867314
p3,L,L,mock,mock,0.0,0.0,0.3621995,-0.19276735,0.67686146,-0.5437251,0.959168,-0.8296186,1.1948779,-1.0151861,0.41478336,-1.019088,0.39276654,-1.4278105,0.37094763,-1.6644753,0.31928957,-1.8964462,0.17319141,-0.9848882,0.09792738,-1.2634208,0.119192556,-0.9245043,0.19082779,-0.7996114,-0.048142917,-0.881686,-0.14083757,-1.0522316,-0.06441348,-0.73196524,0.03183042,-0.64012647,-0.23820028,-0.76286286,-0.3183729,-0.91589695,-0.24680953,-0.68892777,-0.16621667,-0.58652896
p3,L,L,mock,mock,0.0,0.0,0.36926168,-0.18558171,0.7140497,-0.5289041,1.0120723,-0.82167417,1.2376652,-1.0407352,0.44975778,-1.0106641,0.44752747,-1.4248755,0.41026324,-1.6583596,0.36039826,-1.8795928,0.21469423,-0.9766813,0.108241946,-1.2915788,0.10239452,-0.9705793,0.15518118,-0.78239834,-0.00622069,-0.87519413,-0.1276464,-1.0568526,-0.068283536,-0.7488619,0.035634335,-0.6055522,-0.1841965,-0.75427884,-0.2930663,-0.9068169,-0.23665273,-0.69574934,-0.13696806,-0.5716004
p3,L,L,mock,mock,0.0,0.0,0.3570197,-0.1840168,0.6894933,-0.5266085,0.99185693,-0.8212587,1.2340255,-1.0428231,0.463497,-1.010119,0.46289068,-1.4254344,0.42228425,-1.6582457,0.37358207,-1.882518,0.22761226,-0.97375184,0.09993918,-1.2895466,0.09182066,-0.98732793,0.14068834,-0.7945678,0.002480654,-0.87500936,-0.13543023,-1.0478834,-0.078282006,-0.74552613,0.034316525,-0.6011253,-0.17323832,-0.75996524,-0.29379743,-0.8997532,-0.23891541,-0.6905522,-0.12425362,-0.5633893
p3,L,L,mock,mock,0.0,0.0,0.39505073,-0.24932759,0.67916477,-0.5832088,0.9108609,-0.8502274,1.0840476,-1.0514908,0.38791516,-1.0059296,0.35883746,-1.408077,0.335952,-1.6283045,0.2805221,-1.8531666,0.17008387,-0.9854296,0.1736251,-1.2810494,0.1750568,-0.9333498,0.20096351,-0.7894792,-0.038167056,-0.88401484,-0.063724585,-1.0755984,-0.013878386,-0.7377077,0.027163493,-0.6302449,-0.23609154,-0.74767405,-0.26798484,-0.93129957,-0.19616918,-0.70684445,-0.1594293,-0.6087337
p3,L,L,mock,mock,0.0,0.0,0.39567322,-0.2805631,0.6414517,-0.6027786,0.8426107,-0.86025983,1.0006977,-1.0544844,0.32958785,-1.0134231,0.30655187,-1.4056835,0.29013315,-1.6193204,0.23667563,-1.8367677,0.1212664,-0.99262,0.15084814,-1.2785143,0.17316128,-0.9434615,0.18911557,-0.81289375,-0.07806643,-0.88332164,-0.064142644,-1.073078,-0.008522428,-0.7332568,0.017540464,-0.6565035,-0.27093753,-0.72958255,-0.26864994,-0.93165714,-0.18056911,-0.69803077,-0.16417317,-0.61671567
p2,L,L,mock,mock,0.0,0.0,0.33037758,-0.22941755,0.64745915,-0.6629145,0.94479567,-0.94699126,1.2424631,-1.0502421,0.3413192,-1.0421038,0.32509142,-1.4713831,0.2858514,-1.7264365,0.24461038,-1.9680742,0.10217387,-0.99476653,0.057357546,-1.258813,0.097560845,-0.9333908,0.14894411,-0.734162,-0.1356348,-0.87321925,-0.19791774,-1.0687094,-0.11330783,-0.75500685,-0.033217166,-0.5968018,-0.35169277,-0.73507774,-0.42250377,-0.92387855,-0.33566263,-0.72120464,-0.2418774,-0.60083264
p2,L,L,mock,mock,0.0,0.0,0.3194111,-0.22852036,0.6385325,-0.66381484,0.9557642,-0.9498331,1.2571039,-1.0474398,0.36702052,-1.0397582,0.34724477,-1.4694532,0.30705664,-1.7173641,0.26768035,-1.9663832,0.12867625,-0.99168664,0.062436353,-1.237912,0.09634934,-0.9006042,0.16048443,-0.7268254,-0.10949734,-0.8757548,-0.18456306,-1.0549433,-0.102269955,-0.7326285,-0.008619198,-0.5926715,-0.32053342,-0.7500713,-0.3957161,-0.91641444,-0.31834748,-0.7061548,-0.22108911,-0.59540087
p2,L,L,mock,mock,0.0,0.0,0.3326507,-0.23582453,0.6359245,-0.66440535,0.91973543,-0.9494681,1.2029278,-1.0514628,0.33304352,-1.0440946,0.30897528,-1.4785373,0.27292517,-1.7267408,0.22935995,-1.9711255,0.10157778,-0.9948276,0.07052163,-1.2664115,0.11642228,-0.92873085,0.1688661,-0.7527031,-0.1300055,-0.8713151,-0.18641053,-1.0727576,-0.10157227,-0.75128436,-0.028042356,-0.60828424,-0.35128078,-0.73433334,-0.422346,-0.93416595,-0.33272415,-0.7280382,-0.2510658,-0.6127696
p2,L,L,mock,mock,0.0,0.0,0.30847684,-0.2268753,0.6022461,-0.6660907,0.8976026,-0.9648463,1.1904566,-1.0674213,0.3065295,-1.0606422,0.2670434,-1.498697,0.21076737,-1.755994,0.15277514,-1.9975163,0.07074953,-0.9974941,0.0031504384,-1.2474872,0.05149953,-0.91691613,0.11548539,-0.7236105,-0.16006279,-0.8631441,-0.24295622,-1.0409542,-0.14742233,-0.7334115,-0.05749658,-0.5767011,-0.37056282,-0.7139097,-0.4606396,-0.8960233,-0.36486608,-0.69129324,-0.2636331,-0.56716335
p2,L,L,mock,mock,0.0,0.0,0.31496665,-0.21741298,0.62826145,-0.6564308,0.9361682,-0.9468042,1.2344095,-1.054941,0.34007153,-1.0491892,0.30255213,-1.4933892,0.25248915,-1.7511667,0.20262147,-1.9990839,0.09754432,-0.9952312,0.019603627,-1.2304695,0.05867516,-0.9031926,0.12961142,-0.72907794,-0.13823202,-0.86906284,-0.22903651,-1.0293263,-0.14145038,-0.7150934,-0.039924856,-0.57518685,-0.34530228,-0.7336819,-0.4358688,-0.89420694,-0.3520433,-0.6832343,-0.24977194,-0.569211
p2,L,L,mock,mock,0.0,0.0,0.34009346,-0.33345723,0.5708744,-0.6747032,0.8569982,-0.9267876,1.1480798,-1.0057845,0.28481564,-1.03534,0.307176,-1.4574666,0.29776654,-1.6953154,0.27187628,-1.9225677,0.072355576,-0.9973789,0.067387596,-1.2417622,0.113088414,-0.87266415,0.14046374,-0.6841374,-0.13814268,-0.89384013,-0.1479288,-1.0964452,-0.061770666,-0.75761575,-0.031594664,-0.6115196,-0.34268612,-0.7513717,-0.37022465,-0.9857083,-0.25160667,-0.7751582,-0.19280249,-0.65729684
p2,L,L,mock,mock,0.0,0.0,0.32372472,-0.2778336,0.5949366,-0.6515699,0.9002184,-0.92822224,1.2017525,-1.0129528,0.31834695,-1.0306361,0.32993633,-1.4679294,0.32144052,-1.7131429,0.30220506,-1.9565233,0.090052746,-0.995937,0.06367055,-1.2389234,0.112154774,-0.87423533,0.14924425,-0.68283623,-0.13040194,-0.8941756,-0.16413477,-1.0939882,-0.08027693,-0.7578648,-0.03626601,-0.59504193,-0.3415361,-0.7650256,-0.3785055,-0.97145605,-0.27873003,-0.7622599,-0.21215402,-0.6396168
p2,L,L,mock,mock,0.0,0.0,0.34863055,-0.3307866,0.5629247,-0.68050796,0.8293056,-0.9309728,1.1033673,-1.0117816,0.23998192,-1.0342098,0.2530784,-1.4600217,0.24105649,-1.6935446,0.2170148,-1.9156499,0.03432738,-0.9994106,0.05995198,-1.2370175,0.119311064,-0.8687807,0.13888018,-0.6771768,-0.17165239,-0.88968873,-0.14915529,-1.0942639,-0.05515663,-0.7501673,-0.041761387,-0.6096038,-0.37715343,-0.7368011,-0.3769205,-0.9761286,-0.24936733,-0.7607274,-0.20912473,-0.6494869
p2,L,L,mock,mock,0.0,0.0,0.28228956,-0.23085259,0.56507915,-0.6314013,0.88956845,-0.90945846,1.2150528,-0.9948891,0.34695292,-1.041575,0.3525414,-1.4660975,0.3295335,-1.7275449,0.2993425,-1.9668113,0.10361385,-0.9946176,0.029150164,-1.2261072,0.057093754,-0.8770849,0.1056186,-0.67251474,-0.13307405,-0.8892672,-0.22181341,-1.0688838,-0.13875577,-0.7509251,-0.06040426,-0.5783545,-0.3405402,-0.75975645,-0.41664043,-0.9445903,-0.33826888,-0.7389903,-0.24757342,-0.6050224
p2,L,L,mock,mock,0.0,0.0,0.2778771,-0.2366322,0.5460876,-0.62013507,0.8648683,-0.8988323,1.1820495,-0.9824389,0.3328723,-1.0438685,0.33856738,-1.4650551,0.32051036,-1.7188418,0.29101738,-1.9538817,0.097968996,-0.9951895,0.023135774,-1.2207325,0.052743852,-0.8661946,0.1061955,-0.677619,-0.13067135,-0.8915343,-0.21736309,-1.0626692,-0.13536292,-0.744332,-0.055615224,-0.5896071,-0.3327244,-0.76616496,-0.40828314,-0.9436225,-0.32927004,-0.7377574,-0.23808171,-0.61296743
p2,L,L,mock,mock,0.0,0.0,0.3218262,-0.31323552,0.5581468,-0.72131884,0.79067725,-1.0063595,1.0402303,-1.1333702,0.22314362,-1.0500802,0.1854067,-1.4539069,0.15943642,-1.6680588,0.1074744,-1.8834913,0.00821936,-0.9999662,-0.00016913077,-1.2767391,0.0656627,-0.9277918,0.095625944,-0.7628779,-0.19609348,-0.8831219,-0.20392394,-1.0766971,-0.10993738,-0.745733,-0.080538295,-0.6286773,-0.40342832,-0.7407267,-0.4268568,-0.9516166,-0.31281933,-0.74150574,-0.26504475,-0.633932
p2,L,L,mock,mock,0.0,0.0,0.30296582,-0.30382922,0.55251616,-0.7066406,0.8156336,-1.0095305,1.089277,-1.154288,0.2704515,-1.0596503,0.23660582,-1.461997,0.20676462,-1.6855336,0.15525495,-1.9043684,0.042251747,-0.999107,-0.022059632,-1.2631899,0.036313012,-0.9240136,0.09309711,-0.77070564,-0.17418604,-0.88142115,-0.23973961,-1.0601265,-0.1444119,-0.74478096,-0.077984855,-0.6327029,-0.37613186,-0.7497106,-0.4323851,-0.9285306,-0.33549353,-0.72994274,-0.2669913,-0.6312053
p2,L,L,mock,mock,0.0,0.0,0.36120287,-0.35246438,0.5329351,-0.7539066,0.7064403,-1.020577,0.92165166,-1.1412534,0.15679735,-1.049721,0.11056751,-1.4386368,0.07277693,-1.6428257,0.007990698,-1.845719,-0.046331994,-0.9989261,-0.0061586,-1.265848,0.070900925,-0.91822326,0.085514486,-0.77719617,-0.23186977,-0.8765638,-0.18258719,-1.0818785,-0.07858314,-0.73867714,-0.08190228,-0.6612232,-0.42117283,-0.71223825,-0.4100927,-0.9447976,-0.27144518,-0.73690486,-0.26235333,-0.6549219
p2,L,L,mock,mock,0.0,0.0,0.29578248,-0.30740064,0.5295887,-0.70357877,0.77706075,-1.011894,1.0444429,-1.1575686,0.24555911,-1.0638156,0.21066554,-1.4670199,0.175449,-1.6855358,0.11836169,-1.8989332,0.022789257,-0.9997403,-0.04372902,-1.2442422,0.021584552,-0.91238487,0.07705592,-0.7635255,-0.18956666,-0.8760732,-0.25381306,-1.039448,-0.15618096,-0.7330537,-0.085307464,-0.6301454,-0.38560888,-0.7323053,-0.4468969,-0.9087701,-0.34495014,-0.71610194,-0.26623702,-0.6221527
p2,L,L,mock,mock,0.0,0.0,0.30227003,-0.2348746,0.59146106,-0.67895335,0.8969844,-1.0288942,1.2131891,-1.18414,0.43336955,-1.0496293,0.3947445,-1.4763774,0.3197769,-1.6987185,0.2796237,-1.9186136,0.17983505,-0.98369676,0.012167137,-1.2490852,0.025873242,-0.95506054,0.13185968,-0.8019191,-0.05770958,-0.8707442,-0.21208575,-1.0303186,-0.1494842,-0.742785,-0.008254124,-0.63181907,-0.23104191,-0.7478383,-0.3529073,-0.90510714,-0.31467685,-0.7038344,-0.1977153,-0.59404767
p2,L,L,mock,mock,0.0,0.0,0.31223774,-0.30429095,0.54006296,-0.65312403,0.7945315,-0.91609544,1.0560087,-1.0080602,0.27445012,-1.0451266,0.2533682,-1.4464711,0.22792864,-1.6564758,0.18554202,-1.8729438,0.055449296,-0.9984615,0.021556363,-1.2208228,0.07828338,-0.87205106,0.12162525,-0.73404324,-0.15163666,-0.8812393,-0.19417006,-1.0399157,-0.10445626,-0.7180392,-0.046126373,-0.630291,-0.3379261,-0.73678887,-0.387454,-0.90188706,-0.28384003,-0.70141804,-0.22223446,-0.62533224
p2,L,L,mock,mock,0.0,0.0,0.3213548,-0.28674102,0.562512,-0.63389045,0.8365428,-0.90809244,1.1169764,-1.0119904,0.3226043,-1.0391738,0.31083387,-1.4486009,0.29111725,-1.664736,0.2502249,-1.8830093,0.100176655,-0.99496967,0.05133204,-1.2310787,0.09992553,-0.8812131,0.13814528,-0.72274595,-0.11694082,-0.8830883,-0.16116288,-1.0465226,-0.08051918,-0.72913873,-0.024135942,-0.62044126,-0.3116151,-0.7473039,-0.35838923,-0.90987605,-0.27220777,-0.71496844,-0.20452453,-0.6317314
p2,L,L,mock,mock,0.0,0.0,0.31663948,-0.28937268,0.5552924,-0.631417,0.8310329,-0.9038821,1.106946,-1.0074556,0.31861624,-1.0381751,0.30764315,-1.4480469,0.28692633,-1.6639165,0.2440924,-1.8786852,0.096259356,-0.99535626,0.04465453,-1.2217146,0.09143314,-0.8775425,0.14141543,-0.75321347,-0.11697664,-0.8863876,-0.15898205,-1.0420235,-0.0804026,-0.7286722,-0.022192877,-0.65236574,-0.30961287,-0.7489318,-0.3538748,-0.9061407,-0.2681685,-0.71875036,-0.21135174,-0.6538097
p2,L,L,mock,mock,0.0,0.0,0.318843,-0.28407913,0.569077,-0.6411561,0.8529686,-0.91670126,1.1338675,-1.0062244,0.3383113,-1.0338475,0.31785524,-1.4541427,0.28711683,-1.6661832,0.24337485,-1.8801794,0.11708918,-0.9931214,0.058236845,-1.2235438,0.098000385,-0.87857527,0.14725538,-0.7436011,-0.10480977,-0.8856597,-0.14967681,-1.0389402,-0.07262215,-0.7299837,-0.011649438,-0.6350835,-0.3014169,-0.7503887,-0.35335284,-0.89336485,-0.26526743,-0.70762026,-0.20028742,-0.63442194
p2,L,L,mock,mock,0.0,0.0,0.3323289,-0.2711632,0.60205483,-0.6345597,0.88979214,-0.9102964,1.1728595,-0.9907625,0.36647564,-1.0311849,0.35550073,-1.4601712,0.32221955,-1.6780771,0.28475758,-1.8938868,0.14381124,-0.9896051,0.08096019,-1.2184913,0.11627399,-0.88446224,0.15782955,-0.7389688,-0.0808457,-0.8832412,-0.12891896,-1.0404975,-0.05597938,-0.7351957,-0.00038765377,-0.62648416,-0.27168536,-0.7410257,-0.32968754,-0.9019734,-0.23687266,-0.7175325,-0.17413849,-0.63435
p2,L,L,mock,mock,0.0,0.0,0.3611072,-0.38448295,0.52388173,-0.7323565,0.69503653,-1.0155816,0.9033049,-1.1534826,0.23507829,-1.0417595,0.24215181,-1.4264122,0.22432333,-1.6578841,0.1920029,-1.8701324,0.024352841,-0.9997034,0.02096173,-1.2708943,0.059153,-0.9224932,0.08314076,-0.72692776,-0.1744808,-0.88746107,-0.1985137,-1.100015,-0.11138241,-0.7666583,-0.06856124,-0.6370103,-0.3761056,-0.734207,-0.4146978,-0.9598754,-0.30083948,-0.74695307,-0.2409448,-0.64313453
p2,L,L,mock,mock,0.0,0.0,0.32568413,-0.36115327,0.48716655,-0.74525946,0.6470555,-1.0617341,0.8534838,-1.2154629,0.19465607,-1.0618552,0.17099075,-1.4685593,0.13981144,-1.7052801,0.09613572,-1.925785,-0.014674751,-0.9998923,-0.05928457,-1.2640932,0.0034945947,-0.90172684,0.042413276,-0.7268552,-0.20979474,-0.8783858,-0.2741042,-1.0769053,-0.1602576,-0.74006706,-0.10155481,-0.6329351,-0.39887097,-0.71709263,-0.47579405,-0.93026906,-0.3434918,-0.71443903,-0.2764817,-0.61865395
p2,L,L,mock,mock,0.0,0.0,0.34651998,-0.36261037,0.5222915,-0.71908915,0.6982346,-1.0239664,0.9197101,-1.1718342,0.25094867,-1.0488616,0.25823516,-1.4502515,0.24585271,-1.6956847,0.21292275,-1.919646,0.031530347,-0.9995028,-0.0006829023,-1.2615857,0.050566174,-0.91139364,0.0894278,-0.7272146,-0.1681772,-0.8834519,-0.21337517,-1.0790855,-0.11939425,-0.7490322,-0.061224934,-0.63391817,-0.36535412,-0.7307316,-0.4158975,-0.93648237,-0.30873087,-0.72459006,-0.24394028,-0.63020957
p2,L,L,mock,mock,0.0,0.0,0.31624725,-0.2795073,0.56739485,-0.6854287,0.805688,-1.0034567,1.0511124,-1.1525923,0.32599014,-1.0397592,0.34100592,-1.4548155,0.3315725,-1.7079325,0.30912414,-1.9467274,0.090509534,-0.99589556,0.019965224,-1.2526383,0.033407383,-0.90268826,0.07559354,-0.73105556,-0.13722259,-0.8859745,-0.22479236,-1.0800068,-0.15272567,-0.75374776,-0.08020194,-0.625925,-0.34403217,-0.74852204,-0.42509216,-0.93797725,-0.34885085,-0.7267057,-0.26922122,-0.61733663
p2,L,L,mock,mock,0.0,0.0,0.35640636,-0.35878363,0.5322952,-0.70553446,0.7129988,-0.9961759,0.9315591,-1.1326246,0.2623041,-1.0369978,0.27589846,-1.4309664,0.2688165,-1.6686738,0.2408242,-1.8865894,0.048659552,-0.9988154,0.048251744,-1.2616338,0.08330639,-0.9096606,0.10827434,-0.7274172,-0.15223227,-0.8913958,-0.17056984,-1.0901924,-0.089432284,-0.7557979,-0.04644775,-0.63744056,-0.3563834,-0.7418822,-0.3922988,-0.95818895,-0.28288344,-0.74638623,-0.22603844,-0.6469424
p3,L,L,mock,mock,0.0,0.0,0.3566193,-0.23720193,0.63861233,-0.57475996,0.91323227,-0.80754495,1.1740984,-0.87661016,0.40688118,-0.9812423,0.45907813,-1.3685791,0.46825966,-1.5916865,0.45551413,-1.8069092,0.18053463,-0.9835686,0.22433673,-1.2351228,0.22570617,-0.8749456,0.22436939,-0.6818817,-0.049665038,-0.9105558,-0.020810226,-1.0893357,0.02172483,-0.7395458,0.03458105,-0.60006857,-0.28198525,-0.7994197,-0.25874487,-1.0113981,-0.18222952,-0.7756186,-0.14935909,-0.65091735
p3,L,L,mock,mock,0.0,0.0,0.36990157,-0.2581907,0.6436138,-0.5817263,0.9111325,-0.8039628,1.1587845,-0.869813,0.39801377,-0.9775201,0.45898214,-1.3746735,0.46259657,-1.5965551,0.4524237,-1.8147305,0.18095812,-0.9834908,0.23239551,-1.2300344,0.23900138,-0.8742934,0.23546547,-0.6769373,-0.044051945,-0.91049355,0.0021416896,-1.0813313,0.04394094,-0.73664474,0.051009662,-0.6054141,-0.26765686,-0.7918936,-0.23438999,-1.0066897,-0.15082742,-0.77076185,-0.12647633,-0.6546675
p3,L,L,mock,mock,0.0,0.0,0.37014592,-0.26820996,0.6286245,-0.5854765,0.8885099,-0.80745435,1.1305639,-0.88070786,0.37484428,-0.9883588,0.434885,-1.3931593,0.43821406,-1.6200988,0.4229003,-1.8401914,0.15933801,-0.9872241,0.22113289,-1.2206974,0.22627847,-0.85691565,0.21548073,-0.6743856,-0.064241916,-0.90911335,-0.0067498707,-1.0704455,0.03803842,-0.7191113,0.0410067,-0.6114962,-0.28741464,-0.7832731,-0.2518279,-0.99184114,-0.15469927,-0.7490058,-0.13080224,-0.6424746
p3,L,L,mock,mock,0.0,0.0,0.3489077,-0.26543567,0.60270715,-0.59007573,0.86525005,-0.81833357,1.1131433,-0.89345133,0.35244843,-0.99627256,0.4067971,-1.4155383,0.4096073,-1.6521773,0.39178285,-1.8806742,0.12890533,-0.9916569,0.18714833,-1.2056309,0.1963885,-0.83159196,0.17517997,-0.6432274,-0.09802224,-0.90436214,-0.042007193,-1.047635,0.009013761,-0.6956172,0.003852866,-0.58943105,-0.31913415,-0.77203333,-0.28322646,-0.94345194,-0.1827984,-0.70505995,-0.16186686,-0.61309105
p3,L,L,mock,mock,0.0,0.0,0.33789623,-0.23518828,0.6046563,-0.5777012,0.87848717,-0.8217199,1.1367879,-0.90436983,0.35818428,-1.0064074,0.39464825,-1.4473443,0.3950949,-1.7000014,0.3725072,-1.9398682,0.11889925,-0.99290633,0.16708115,-1.1885823,0.18158251,-0.80210966,0.16733545,-0.6251654,-0.11405055,-0.89702624,-0.06979073,-1.021667,-0.012306659,-0.666797,-0.016015392,-0.5636215,-0.34196284,-0.768482,-0.3017761,-0.881257,-0.21053043,-0.6434129,-0.19342326,-0.5676729
p4,L,L,mock,mock,0.0,0.0,0.41960102,-0.19035111,0.7366162,-0.5042754,1.0064095,-0.7876123,1.2478724,-0.92135805,0.36156082,-1.0406781,0.32675502,-1.4394937,0.28318718,-1.6680967,0.21288525,-1.8869038,0.10705942,-0.9942526,0.020701053,-1.2799796,0.09116872,-0.9300717,0.16975506,-0.7395175,-0.12474867,-0.8731465,-0.21373576,-1.1172851,-0.10861082,-0.7772417,-0.012658798,-0.6121899,-0.32132286,-0.7150391,-0.4050385,-0.9224896,-0.30705905,-0.6974743,-0.19917986,-0.5658761
p4,L,L,mock,mock,0.0,0.0,0.42917797,-0.27358153,0.69512093,-0.56425875,0.9247108,-0.83924305,1.1237797,-0.9523198,0.29396403,-1.0409425,0.2411291,-1.4333785,0.2007078,-1.6530612,0.13185287,-1.8691123,0.056049716,-0.998428,-0.012945012,-1.2923168,0.06962157,-0.93760353,0.12424714,-0.7388268,-0.15660782,-0.86636364,-0.2396406,-1.1122301,-0.13125584,-0.7786435,-0.046803635,-0.61935526,-0.33621496,-0.68248534,-0.42964455,-0.90580386,-0.31835705,-0.6867086,-0.21319382,-0.57762694
p4,L,L,mock,mock,0.0,0.0,0.38449255,-0.22720504,0.6668615,-0.5835983,0.88567144,-0.89799553,1.0926925,-1.034061,0.2350723,-1.0674491,0.15367927,-1.472937,0.08043691,-1.6935666,-0.01691302,-1.8980466,-0.005556745,-0.99998456,-0.10583209,-1.2854296,-0.010858047,-0.93760854,0.06629693,-0.7398479,-0.21964262,-0.8534711,-0.32878113,-1.0744399,-0.19190085,-0.7560922,-0.0886146,-0.5902323,-0.39924288,-0.6648858,-0.514308,-0.8492425,-0.38340464,-0.6418761,-0.26097468,-0.5254878
p4,L,L,mock,mock,0.0,0.0,0.41685656,-0.20142132,0.7370046,-0.5061128,1.0134388,-0.7928459,1.2570117,-0.92348224,0.3677832,-1.0360763,0.35013312,-1.4435431,0.31763273,-1.6753806,0.2601375,-1.9011803,0.11643326,-0.9931985,0.028115263,-1.2810948,0.08835856,-0.92900413,0.16203825,-0.7358994,-0.11665386,-0.8741418,-0.20701471,-1.1179312,-0.11459539,-0.7784394,-0.02110406,-0.6106093,-0.31187665,-0.7204188,-0.4033596,-0.9246072,-0.3090471,-0.696421,-0.19683978,-0.5642673
p4,L,L,mock,mock,0.0,0.0,0.42734393,-0.22200954,0.74385107,-0.5043337,1.0322258,-0.77846944,1.2931508,-0.92044634,0.41392595,-1.0327319,0.40858647,-1.4314412,0.36643904,-1.6496708,0.301459,-1.870838,0.15560913,-0.9878187,0.078857586,-1.267276,0.11597773,-0.91266173,0.17716895,-0.72210044,-0.084486574,-0.8706238,-0.15764149,-1.1120545,-0.08443664,-0.78016293,0.00024277483,-0.6181242,-0.2820877,-0.7152032,-0.353256,-0.93385243,-0.27533948,-0.71220523,-0.17394854,-0.5807608
p2,L,L,mock,mock,0.0,0.0,0.4365674,-0.21558678,0.74239016,-0.5091634,0.97068155,-0.81867534,1.2299422,-0.907293,0.45896602,-0.97074187,0.48741177,-1.3825225,0.47233325,-1.5860808,0.4440799,-1.8009211,0.23034817,-0.9731083,0.26611614,-1.250384,0.26351517,-0.89521235,0.28057107,-0.7329257,0.013018961,-0.92141616,0.03235862,-1.1821721,0.045976747,-0.8242938,0.07428237,-0.70293725,-0.2053037,-0.82835543,-0.19973516,-1.114344,-0.12974392,-0.8716507,-0.09634706,-0.7334961
p2,L,L,mock,mock,0.0,0.0,0.39431074,-0.15423062,0.71791077,-0.44659564,0.99062437,-0.7432217,1.2951524,-0.8143525,0.5390354,-0.9506269,0.59685934,-1.338754,0.61768913,-1.551512,0.6314644,-1.7693375,0.28316396,-0.9590715,0.2768021,-1.1965518,0.23710118,-0.8286638,0.29061335,-0.723493,0.039405923,-0.91999865,0.03197448,-1.1352016,0.0338776,-0.7703061,0.093610816,-0.6840555,-0.18684365,-0.8460075,-0.19144924,-1.0767351,-0.14537816,-0.83247757,-0.115214825,-0.719444
p2,L,L,mock,mock,0.0,0.0,0.43945983,-0.20899063,0.6973376,-0.6090537,0.846779,-0.8939831,0.9975096,-1.0133919,0.32832187,-1.0148664,0.2690576,-1.4414274,0.24582385,-1.6689763,0.19042438,-1.8937854,0.14429064,-0.98953533,0.27350292,-1.2576438,0.36690995,-0.9209208,0.33760312,-0.7399963,-0.042690776,-0.92321044,0.10657709,-1.1656789,0.18333028,-0.8108529,0.12400359,-0.6645986,-0.24176867,-0.8388742,-0.07801106,-1.0855048,0.01834337,-0.8496499,-0.044749886,-0.7158164
p2,L,L,mock,mock,0.0,0.0,0.41793796,-0.1854842,0.73922235,-0.47783157,0.9773478,-0.7651059,1.2385868,-0.8518671,0.47881618,-0.9671197,0.5240014,-1.3822117,0.52230185,-1.5932659,0.51351327,-1.8186905,0.2493236,-0.9684202,0.29227293,-1.2014245,0.2823578,-0.8493693,0.30699855,-0.7343049,0.03154734,-0.91388434,0.069346204,-1.1480716,0.08349093,-0.7950099,0.11352117,-0.7076911,-0.18366942,-0.82602966,-0.16190171,-1.0768298,-0.099598445,-0.83867496,-0.090360194,-0.72757626
p2,L,L,mock,mock,0.0,0.0,0.3846882,-0.2540724,0.6356983,-0.56416804,0.8188086,-0.8827546,1.0687652,-1.0152336,0.34719136,-1.0354232,0.33925462,-1.4358084,0.32017106,-1.6424698,0.29030323,-1.8579346,0.1132603,-0.9935653,0.093719564,-1.2307405,0.12545715,-0.86911684,0.17306104,-0.7455822,-0.09865541,-0.9072633,-0.1320232,-1.1306411,-0.070050076,-0.7718466,-0.00728428,-0.6885498,-0.30015802,-0.7867876,-0.3392336,-1.0389264,-0.24948364,-0.8009185,-0.20249735,-0.6906783
p2,L,L,mock,mock,0.0,0.0,0.33151868,-0.17068782,0.573678,-0.596633,0.75853825,-0.9723613,1.0098735,-1.1638832,0.34112918,-1.0450943,0.23347495,-1.4657705,0.16038021,-1.6801811,0.12039609,-1.9052551,0.07376601,-0.9972756,-0.06735241,-1.1529868,-0.025125455,-0.8068515,0.10152679,-0.7490645,-0.15305437,-0.9026706,-0.29879755,-1.0540013,-0.2135601,-0.725307,-0.07208307,-0.67113,-0.34859425,-0.8060506,-0.4685815,-0.9634599,-0.3959032,-0.7192284,-0.29426494,-0.6133771
p2,L,L,mock,mock,0.0,0.0,0.33450812,-0.28643504,0.52542377,-0.71733284,0.64210707,-1.0949798,0.846225,-1.3034263,0.14164677,-1.0836746,0.018291207,-1.4832928,-0.06431462,-1.6777885,-0.15341441,-1.8986745,-0.09917766,-0.99506974,-0.15582658,-1.1963892,-0.032318614,-0.8322684,0.04877966,-0.79781014,-0.30458966,-0.87872565,-0.38643795,-1.0950788,-0.23075534,-0.7459592,-0.1489079,-0.72327524,-0.5041243,-0.7473559,-0.5827302,-0.96214765,-0.44453418,-0.7286165,-0.39152876,-0.6374321
p2,L,L,mock,mock,0.0,0.0,0.38433668,-0.312401,0.5578351,-0.7417241,0.6389652,-1.0762928,0.7919554,-1.257761,0.07299989,-1.0592228,-0.040311687,-1.451468,-0.12273159,-1.6656368,-0.2390333,-1.8803065,-0.13088265,-0.99139786,-0.09482733,-1.2397237,0.04063526,-0.8911763,0.052030575,-0.76415545,-0.3153292,-0.87886745,-0.28959048,-1.1577051,-0.14297535,-0.80487084,-0.15916365,-0.7041367,-0.5058907,-0.731303,-0.4882766,-1.0211823,-0.34908575,-0.8024037,-0.36982018,-0.69412327
p2,L,L,mock,mock,0.0,0.0,0.31248137,-0.31821507,0.4851268,-0.740556,0.58528453,-1.1181148,0.76555395,-1.3280225,0.057268295,-1.0793175,-0.08749187,-1.4528197,-0.1782409,-1.6309072,-0.28501657,-1.8226329,-0.17159611,-0.9851674,-0.24141172,-1.1954706,-0.096666746,-0.83545285,-0.019341595,-0.77525795,-0.36082852,-0.8594578,-0.46457812,-1.0878706,-0.29065305,-0.74474186,-0.2213114,-0.6861952,-0.5520845,-0.70806766,-0.6672041,-0.93600106,-0.50846004,-0.7270212,-0.44132307,-0.62642473
p2,L,L,mock,mock,0.0,0.0,0.39740425,-0.11683179,0.7424906,-0.4826197,1.0134476,-0.81440485,1.3030007,-0.9331582,0.51844174,-0.9675725,0.5304378,-1.4000018,0.51347655,-1.625302,0.50653225,-1.8582618,0.24746293,-0.96889734,0.18885756,-1.1887923,0.1664661,-0.82499164,0.2544588,-0.7439518,0.0077296942,-0.921461,-0.05543469,-1.1518562,-0.034278482,-0.7962567,0.05633064,-0.7165971,-0.21885665,-0.86819017,-0.26515076,-1.0845171,-0.23326351,-0.8280226,-0.18813758,-0.71117634
p2,L,L,mock,mock,0.0,0.0,0.4272258,-0.06285068,0.82338405,-0.29516461,1.1916771,-0.4403503,1.5034084,-0.5199885,0.6293181,-0.9311472,0.6489436,-1.4188246,0.67656004,-1.7169574,0.7015563,-1.9885494,0.33423582,-0.9424895,0.22548565,-1.1403675,0.18714395,-0.7419839,0.24076143,-0.533938,0.05676282,-0.87707424,-0.052936666,-1.0402483,-0.02961789,-0.6539228,0.07169646,-0.48240927,-0.18248908,-0.7958187,-0.25760564,-0.9453953,-0.23355748,-0.66767764,-0.14012744,-0.51924694
p2,L,L,mock,mock,0.0,0.0,0.43939722,-0.04099379,0.86060303,-0.28449395,1.2361377,-0.4274195,1.5473018,-0.5139799,0.66092473,-0.9136854,0.67623687,-1.4169729,0.6976065,-1.7173127,0.7306447,-1.9902592,0.3668639,-0.9302746,0.25015628,-1.1205212,0.20856474,-0.73773724,0.24217555,-0.5142288,0.08801199,-0.87262124,-0.02897396,-1.0282197,-0.01826111,-0.65265745,0.07125722,-0.46524456,-0.14805269,-0.79872626,-0.22588351,-0.94519776,-0.2141417,-0.67382497,-0.12662414,-0.5139282
p2,L,L,mock,mock,0.0,0.0,0.43992752,-0.025698967,0.87354684,-0.2708507,1.2578589,-0.41681954,1.5657003,-0.513417,0.6920077,-0.8912564,0.6873832,-1.4103876,0.69726354,-1.7163918,0.73839384,-1.9970133,0.40034056,-0.91636646,0.28247973,-1.1243095,0.2258932,-0.7278324,0.26799485,-0.4998948,0.12487905,-0.86290634,0.009978762,-1.0368032,-0.0013110593,-0.6394333,0.09361364,-0.4463222,-0.10706135,-0.7952799,-0.19593465,-0.94928163,-0.2129623,-0.6656457,-0.12665239,-0.5010754
p4,L,L,mock,mock,0.0,0.0,0.42512423,-0.061078884,0.82695156,-0.30993763,1.1938618,-0.46050212,1.500987,-0.55389255,0.6349666,-0.93067366,0.6571481,-1.4175935,0.68143153,-1.7124064,0.70633364,-1.9772054,0.3461046,-0.93819594,0.23616128,-1.1431983,0.20395982,-0.7581163,0.24075589,-0.53421855,0.06661822,-0.8719936,-0.039567176,-1.0349151,-0.015423116,-0.65244275,0.0721339,-0.46644592,-0.17682442,-0.78749186,-0.24309158,-0.93591475,-0.21619995,-0.6616749,-0.12932639,-0.5073123
p2,L,L,mock,mock,0.0,0.0,0.4048223,-0.09713698,0.70592487,-0.29695427,0.969195,-0.46685848,1.1699427,-0.5751131,0.6052225,-0.84196687,0.7003506,-1.1982241,0.7391707,-1.418886,0.76990545,-1.6008166,0.39811844,-0.917334,0.48062083,-1.338939,0.45594925,-1.1837134,0.42958328,-0.9826178,0.1722184,-0.91293734,0.24173528,-1.3150599,0.24148913,-1.1661127,0.206158,-0.9566722,-0.07619785,-0.86626977,-0.009857126,-1.2046496,0.02506563,-1.1364796,0.020168768,-0.9734073
p2,L,L,mock,mock,0.0,0.0,0.4231071,-0.067388356,0.77899307,-0.29911473,1.0576786,-0.5093447,1.2001815,-0.68203086,0.63149726,-0.8685624,0.7092311,-1.2655584,0.76588565,-1.4662591,0.8048335,-1.6190579,0.41180608,-0.9112715,0.4898199,-1.3480439,0.5365189,-1.2120312,0.5248172,-0.99772125,0.18395543,-0.89625895,0.24184103,-1.300577,0.30987006,-1.1709956,0.2964927,-0.95399785,-0.05812932,-0.8557186,-0.023030454,-1.211844,0.048961144,-1.1736687,0.07633427,-1.0202265
p2,L,L,mock,mock,0.0,0.0,0.39894825,-0.009329034,0.7955885,-0.16592975,1.101545,-0.2502205,1.2973242,-0.20200247,0.73141915,-0.76707304,0.85613346,-1.1277287,0.9384097,-1.3348503,0.984432,-1.5061259,0.51676595,-0.8561267,0.6355784,-1.2810049,0.6359501,-1.0892241,0.58560324,-0.869643,0.2848991,-0.860271,0.36915755,-1.2649907,0.39685616,-1.0692043,0.35455772,-0.8510953,0.03809725,-0.8272682,0.08656231,-1.1694736,0.14059933,-1.0765512,0.1420867,-0.9139903
p2,L,L,mock,mock,0.0,0.0,0.42809328,0.0018661361,0.80541855,-0.13934469,1.1233801,-0.19248933,1.327347,-0.1483426,0.77862734,-0.7409164,0.8926672,-1.1050217,0.96431136,-1.3051381,1.0232046,-1.488405,0.55912614,-0.8290826,0.66986984,-1.2540152,0.63750976,-1.0425583,0.5984206,-0.83771837,0.31670034,-0.842984,0.39987227,-1.2437656,0.38742816,-1.0226191,0.35054955,-0.80894333,0.05962276,-0.8169581,0.10650066,-1.1502281,0.13125266,-1.0401897,0.14127906,-0.88343275
p2,L,L,mock,mock,0.0,0.0,0.35286146,0.1379509,0.79240555,0.10069467,1.1674758,0.08839743,1.4618624,0.11800478,0.88124716,-0.6444406,1.0831755,-1.0675277,1.1692669,-1.3123082,1.2115655,-1.542634,0.6126577,-0.79034835,0.7776138,-0.9504453,0.5669476,-0.5756432,0.5493062,-0.4861964,0.32803383,-0.85947055,0.45677632,-1.0027137,0.3019022,-0.65432525,0.28579345,-0.60046625,0.020468766,-0.90494204,0.13634355,-1.1116961,0.07321934,-0.8448965,0.040113423,-0.7544462
p2,L,L,mock,mock,0.0,0.0,0.50991815,0.06216244,0.96904546,-0.04430516,1.3327883,-0.15048303,1.6329246,-0.19159292,0.8430608,-0.70339745,0.97006875,-1.1297903,1.004558,-1.3733367,0.9898132,-1.6327972,0.60662127,-0.79499096,0.79182506,-1.0320853,0.6819245,-0.685728,0.61547387,-0.5413054,0.3394896,-0.8187728,0.50216544,-1.0337211,0.4106987,-0.6916654,0.3590467,-0.57459074,0.04633312,-0.82993144,0.19793274,-1.0840067,0.17858157,-0.833558,0.13681337,-0.70063937
p2,L,L,mock,mock,0.0,0.0,0.5005264,0.11269918,1.0236778,0.0015944887,1.388744,-0.13990659,1.6940013,-0.18425253,0.9164552,-0.65339655,1.0335066,-1.1228468,1.0354102,-1.406303,1.0347706,-1.701581,0.65674055,-0.7541166,0.81455535,-0.9954988,0.72429055,-0.64373606,0.6659763,-0.48018965,0.3629749,-0.7852207,0.537387,-0.99283296,0.44530442,-0.6389099,0.39242917,-0.5034082,0.07167871,-0.80307364,0.21798314,-1.0251881,0.19402038,-0.7783497,0.15486594,-0.65757877
p2,L,L,mock,mock,0.0,0.0,0.42354807,0.05125805,0.8833092,-0.084018275,1.2218176,-0.2136016,1.5268052,-0.28224635,0.732222,-0.78173333,0.86971414,-1.2151221,0.93280315,-1.4650476,0.94353694,-1.7095484,0.509182,-0.8606589,0.7173528,-1.0304434,0.6172426,-0.6734848,0.5355714,-0.57839495,0.25939724,-0.8743492,0.47383025,-0.9935788,0.37352642,-0.6469425,0.28131095,-0.59682125,-0.01776865,-0.8730377,0.1885575,-1.0291423,0.17135218,-0.7625574,0.0829768,-0.6877384
p2,L,L,mock,mock,0.0,0.0,0.3049463,-0.17096876,0.6932464,-0.5045855,1.0999625,-0.73568714,1.4921846,-0.77353376,0.39682725,-1.0322361,0.38465473,-1.7599897,0.38251388,-2.1949553,0.37572107,-2.5286875,0.28263462,-0.9592276,0.23381503,-1.204892,0.25578764,-1.0496819,0.2631483,-0.9373602,0.15582891,-0.79112643,0.12343044,-0.9255473,0.07779087,-0.7540215,0.064587675,-0.63794804,0.10545352,-0.5956464,0.12459228,-0.72873384,0.107256696,-0.6313008,0.10902244,-0.53948957
p2,L,L,mock,mock,0.0,0.0,0.35719153,-0.05531008,0.75946367,-0.32511368,1.1140386,-0.5810684,1.481993,-0.66647357,0.46227548,-0.9430866,0.49314627,-1.5560508,0.49849394,-1.96037,0.48769772,-2.306936,0.21527664,-0.9765531,0.11629088,-1.11336,0.061430912,-0.8311405,0.014076844,-0.64100295,-0.036727525,-0.9114937,-0.10826494,-0.97668517,-0.16000998,-0.7250953,-0.14623262,-0.56841224,-0.21901229,-0.81299627,-0.2748541,-0.8875573,-0.3055415,-0.7091878,-0.28047824,-0.58215976
p2,L,L,mock,mock,0.0,0.0,0.3473021,-0.23368348,0.7667678,-0.55615944,1.1451482,-0.8166545,1.5083734,-0.8820719,0.4377348,-1.0705448,0.44886678,-1.7228048,0.47599518,-2.1486192,0.501356,-2.4866412,0.34146342,-0.9398951,0.27274406,-1.1999459,0.25538445,-0.98666656,0.21547915,-0.8483977,0.2323036,-0.76878935,0.17954423,-0.9672931,0.122848354,-0.7763015,0.10048106,-0.65006626,0.1833941,-0.59554255,0.19402738,-0.7437284,0.15922838,-0.63152325,0.14538546,-0.53836834
p1,L,L,mock,mock,0.0,0.0,0.34652016,-0.20823166,0.6427058,-0.5749438,0.88402504,-0.91987747,1.1025674,-1.1561812,0.42259383,-1.0383698,0.43179658,-1.4889435,0.43297976,-1.7523656,0.42857987,-2.026844,0.15307651,-0.9882143,0.060084164,-1.1832467,0.07429304,-0.80649775,0.14038032,-0.71915704,-0.08790811,-0.88732105,-0.1788494,-1.0062712,-0.111299954,-0.64542633,-0.015245026,-0.6167111,-0.30191177,-0.78206646,-0.36685053,-0.8988826,-0.29222813,-0.6652347,-0.22601746,-0.60725355
p3,L,L,mock,mock,0.0,0.0,0.30257484,-0.2633899,0.55915254,-0.6455335,0.77479935,-0.89402676,0.99062043,-0.9988544,0.16994905,-1.0428448,0.19691549,-1.4473566,0.19907025,-1.6800958,0.18427643,-1.9042032,-0.060143888,-0.99818975,0.0988124,-1.2007096,0.20638941,-0.869942,0.21350868,-0.66311175,-0.2505962,-0.88060594,-0.040803354,-0.93788284,0.049802266,-0.6042909,0.019541042,-0.44554102,-0.42441934,-0.7307117,-0.24267864,-0.8331675,-0.13338146,-0.61919266,-0.13941936,-0.48921412
p2,L,L,mock,mock,0.0,0.0,0.34698567,-0.20841534,0.64541394,-0.56702024,0.8871719,-0.91708905,1.1107886,-1.1512637,0.43593997,-1.037308,0.4425582,-1.4817082,0.4392858,-1.7356721,0.43541798,-2.0098171,0.16751845,-0.98586893,0.07593684,-1.1857516,0.086711265,-0.80295855,0.16632478,-0.73903495,-0.06662379,-0.8877303,-0.1645304,-1.0092028,-0.09715144,-0.64242136,0.012794778,-0.6317898,-0.27389833,-0.78774667,-0.34571487,-0.9109955,-0.26836842,-0.67425877,-0.19748907,-0.6184569
p1,L,L,mock,mock,0.0,0.0,0.34988558,-0.19704595,0.6614934,-0.571404,0.9284356,-0.906267,1.1395886,-1.1507032,0.46453395,-1.016155,0.47512224,-1.4795362,0.45970768,-1.7453806,0.44215152,-2.0137432,0.19997643,-0.9798007,0.10846783,-1.173234,0.09979945,-0.8096322,0.16014257,-0.69872683,-0.052163873,-0.8802481,-0.14914446,-1.0043486,-0.100224264,-0.657361,-0.008931258,-0.58454496,-0.277832,-0.76954156,-0.3501078,-0.89129317,-0.28757754,-0.6605706,-0.21602236,-0.5770458
p3,L,L,mock,mock,0.0,0.0,0.35035333,-0.19894227,0.662091,-0.5668643,0.92096734,-0.9035351,1.1264826,-1.1545689,0.4560589,-1.0333592,0.45123327,-1.482898,0.42628133,-1.7250559,0.39800322,-1.9899095,0.18920057,-0.9819385,0.083645836,-1.1726018,0.09264549,-0.7943247,0.17686181,-0.7295053,-0.053790774,-0.8774298,-0.16928217,-0.9976201,-0.09964806,-0.6417427,0.016273946,-0.62091994,-0.26919854,-0.7678,-0.36157718,-0.89333284,-0.28210437,-0.6618885,-0.20256297,-0.5986338
p1,L,L,mock,mock,0.0,0.0,0.3498003,-0.20553526,0.65748185,-0.56721276,0.90812564,-0.9098535,1.1159788,-1.1626848,0.44869292,-1.0346527,0.43818364,-1.4807119,0.41646883,-1.727047,0.39556783,-1.9962969,0.18167187,-0.9833592,0.084741175,-1.1780953,0.09632612,-0.79646933,0.17896794,-0.7329924,-0.059017148,-0.88281673,-0.1683435,-1.0007895,-0.101868115,-0.63890356,0.010602875,-0.62786466,-0.27197635,-0.77721596,-0.35683647,-0.90199614,-0.27813908,-0.6657066,-0.20466465,-0.60685146
p3,L,L,mock,mock,0.0,0.0,0.29881358,-0.23103292,0.56881714,-0.6739296,0.80044514,-0.92521286,1.0703216,-0.9559887,0.25336877,-1.0171194,0.39235014,-1.3931249,0.4742394,-1.6202394,0.5358433,-1.8429614,0.024343302,-0.99970365,0.21550862,-1.1688391,0.273196,-0.7876113,0.24607156,-0.5960706,-0.19237262,-0.9085349,0.02322865,-1.0232627,0.08529394,-0.6577657,0.024600253,-0.51632047,-0.40660897,-0.77688134,-0.19547111,-0.8653069,-0.102992095,-0.6382436,-0.14703763,-0.54759157
p3,L,L,mock,mock,0.0,0.0,0.35869956,-0.27991053,0.61003846,-0.6441548,0.79387695,-1.001751,1.0560858,-1.1557353,0.26385343,-1.0537033,0.25786138,-1.4862194,0.26431468,-1.7341034,0.257643,-1.9659523,0.02944296,-0.99956644,-0.019549455,-1.2686813,0.028633527,-0.9162676,0.07551194,-0.70513177,-0.18657863,-0.88797593,-0.24634086,-1.0867336,-0.16142653,-0.7491228,-0.10120161,-0.577931,-0.4036651,-0.7572855,-0.45483252,-0.9640377,-0.3544669,-0.7420334,-0.27404416,-0.5997776
p3,L,L,mock,mock,0.0,0.0,0.28964496,-0.23279296,0.56242317,-0.57169557,0.80322146,-0.8044682,1.0288367,-0.90924305,0.23055957,-1.0210317,0.28626946,-1.4340684,0.29416317,-1.6748352,0.29104793,-1.9022743,0.0058862814,-0.99998266,0.18250494,-1.2186136,0.27054965,-0.89659864,0.26689023,-0.6863695,-0.19187279,-0.9089146,0.022393217,-0.9703425,0.0901069,-0.62971866,0.054721914,-0.4607944,-0.3786224,-0.7894608,-0.17900921,-0.87783897,-0.089563206,-0.65926933,-0.10531803,-0.5345402
p4,L,L,mock,mock,0.0,0.0,0.28560612,-0.2371444,0.55132806,-0.5943611,0.78976387,-0.8367589,1.022205,-0.9441188,0.19856004,-1.0330964,0.24185072,-1.4450469,0.24797685,-1.6897775,0.24518156,-1.9186243,-0.028821506,-0.99958456,0.14564808,-1.2053459,0.23992203,-0.8708341,0.23855981,-0.6599095,-0.22929381,-0.8953187,-0.020695847,-0.9509516,0.0625828,-0.61339045,0.032820437,-0.44813502,-0.42003077,-0.7566696,-0.22563933,-0.8577654,-0.12172022,-0.6399349,-0.13304673,-0.51075566
p1,L,L,mock,mock,0.0,0.0,0.26737815,-0.3138303,0.4415092,-0.76191896,0.63258594,-1.0397004,0.8885594,-1.1351492,0.09787613,-1.0424701,0.21429025,-1.4429588,0.2628836,-1.6824548,0.2887848,-1.911058,-0.13163407,-0.9912984,0.033228423,-1.181314,0.1342737,-0.8086153,0.13473153,-0.60903376,-0.33986408,-0.87451035,-0.14207755,-1.0144566,-0.03246505,-0.6589388,-0.06432179,-0.5027851,-0.55673236,-0.7168637,-0.35572454,-0.8382476,-0.23308565,-0.62848145,-0.25892672,-0.52513075
p2,L,L,mock,mock,0.0,0.0,0.2739951,-0.2624859,0.5311514,-0.6511486,0.7553064,-0.88561815,0.98358524,-0.98717815,0.13624945,-1.0405812,0.17082173,-1.458259,0.17345035,-1.7040418,0.16790679,-1.934155,-0.09542744,-0.9954364,0.07431699,-1.2212658,0.17911623,-0.8815063,0.18019278,-0.6676163,-0.29374674,-0.88062143,-0.07817415,-0.9546259,0.020462358,-0.61036974,-0.0035578718,-0.4454931,-0.47636607,-0.730631,-0.29108086,-0.8671292,-0.16458043,-0.6486857,-0.16566165,-0.511998
p1,L,L,mock,mock,0.0,0.0,0.30643818,-0.2093351,0.56578565,-0.62714577,0.79335755,-0.8919809,1.0672357,-0.94017565,0.24629794,-1.0124944,0.34275422,-1.3950851,0.39579645,-1.6411605,0.42731667,-1.8722681,-0.003993447,-0.999992,0.24839129,-1.1084145,0.33874264,-0.72756207,0.31305704,-0.51299626,-0.21153422,-0.8778523,0.07911804,-0.90460676,0.16705588,-0.55555475,0.118122116,-0.4023561,-0.39653477,-0.68914866,-0.1467721,-0.7309813,0.0039734216,-0.52265394,0.018459667,-0.41097665
p1,L,L,mock,mock,0.0,0.0,0.31147844,-0.21292277,0.57372993,-0.6198184,0.8001216,-0.877574,1.0735418,-0.96893746,0.22814666,-1.0177206,0.37251168,-1.3597144,0.46155202,-1.5826234,0.5153594,-1.8014258,-0.034457393,-0.99940616,0.312562,-1.0371715,0.4173467,-0.6775327,0.371711,-0.49212086,-0.23380363,-0.8507279,0.15192871,-0.8075935,0.24366711,-0.49849698,0.16502795,-0.39404356,-0.3871985,-0.63912266,-0.05684343,-0.6246935,0.084658116,-0.4373419,0.05184072,-0.36092025
p1,L,L,mock,mock,0.0,0.0,0.25915375,-0.22388297,0.46347803,-0.65670955,0.65568054,-0.93512934,0.91769165,-1.0303365,0.12161795,-1.0258006,0.20137481,-1.3933268,0.23232402,-1.6323191,0.24967794,-1.8465656,-0.12555344,-0.9920868,0.13435943,-1.1022971,0.25513417,-0.75006014,0.25265998,-0.5393949,-0.3242511,-0.8650445,-0.025897412,-0.8925445,0.093368046,-0.56401944,0.07166352,-0.39904505,-0.49406415,-0.68077546,-0.24003084,-0.7313508,-0.082209796,-0.5162858,-0.055592064,-0.38746724
p1,L,L,mock,mock,0.0,0.0,0.24489602,-0.36085635,0.3875345,-0.7105858,0.6296538,-0.95281756,0.92773515,-1.0637829,-0.021224165,-1.0645603,0.0015242912,-1.4773469,0.020904385,-1.7324593,0.0076057496,-1.9773712,-0.27714032,-0.96082944,-0.05929689,-1.1168303,0.053175226,-0.76175576,-0.007046136,-0.6619925,-0.4474342,-0.7725362,-0.23157196,-0.9040564,-0.08208461,-0.6027806,-0.1895634,-0.54999125,-0.58604103,-0.575365,-0.39486462,-0.6885395,-0.2310428,-0.5215925,-0.3233236,-0.45485917
p1,L,L,mock,mock,0.0,0.0,0.2520797,-0.33301523,0.43074584,-0.7016007,0.6820568,-0.97130007,0.9842914,-1.0686542,0.057073034,-1.0648935,0.09944466,-1.4819516,0.13868126,-1.7374392,0.13529378,-1.972348,-0.18634123,-0.9824851,-0.03287907,-1.1633155,0.047408607,-0.7902026,-0.003983692,-0.69374347,-0.37469462,-0.8284234,-0.21211466,-0.96524864,-0.09947047,-0.64512414,-0.17862065,-0.5927406,-0.5452432,-0.65099156,-0.408703,-0.779489,-0.2578629,-0.58795196,-0.30694604,-0.5143281
p1,L,L,mock,mock,0.0,0.0,0.25502273,-0.32495785,0.43753707,-0.7093372,0.6736042,-0.9883367,0.96689034,-1.0997518,0.049725026,-1.0610802,0.09466169,-1.4678279,0.14385997,-1.7204444,0.1423005,-1.948423,-0.1899382,-0.981796,-0.027451076,-1.1670798,0.06851301,-0.79857635,0.018387564,-0.6926795,-0.37899315,-0.8340812,-0.2026474,-0.96365124,-0.09114296,-0.64276135,-0.16912195,-0.58524466,-0.54828036,-0.6553619,-0.39859238,-0.78406286,-0.2580125,-0.59064424,-0.3088714,-0.51271486
p3,M,M,mock,mock,0.0,0.0,0.3851026,-0.09081291,0.6522388,-0.42186704,0.61820525,-0.74964476,0.49449503,-0.96229136,0.6999928,-0.7947522,0.8703728,-0.9742715,0.77156574,-0.6930585,0.65861493,-0.5037173,0.46471047,-0.8854627,0.6676501,-1.1104741,0.5477445,-0.7249157,0.45246258,-0.5501073,0.20481867,-0.9153283,0.37953952,-1.0825727,0.3041715,-0.71168935,0.22994731,-0.5969895,-0.078504875,-0.8911381,0.11060677,-1.0050459,0.10566617,-0.76018417,0.04908843,-0.69327587
p4,M,M,mock,mock,0.0,0.0,0.36470914,-0.12017594,0.5056026,-0.33091184,0.29799914,-0.5543365,0.05969928,-0.67889094,0.39991415,-0.9488623,0.59864503,-0.6678034,0.5345432,-0.36458355,0.44577017,-0.1488586,0.16910489,-0.9855981,0.43433684,-0.7269356,0.39965498,-0.40549248,0.31556037,-0.18810174,-0.05190624,-0.9120123,0.21543129,-0.73508567,0.2314772,-0.43238148,0.19010466,-0.2542502,-0.24664599,-0.76071054,-0.011567267,-0.5431391,0.07173473,-0.3330589,0.08582518,-0.24324879
p4,M,M,mock,mock,0.0,0.0,0.3586897,-0.074738026,0.5379848,-0.24815415,0.41920862,-0.47218317,0.22170392,-0.6169322,0.48825422,-0.9179443,0.68341273,-0.59784204,0.603768,-0.286879,0.48818228,-0.079328544,0.25061426,-0.968087,0.5182228,-0.66311,0.45282388,-0.32637838,0.33792853,-0.12619942,0.0108527765,-0.90264726,0.2821328,-0.67977005,0.26697835,-0.3786715,0.19241458,-0.23082744,-0.21627486,-0.7592908,0.016068153,-0.5282036,0.08250044,-0.31682363,0.08026159,-0.23894918
p4,M,M,mock,mock,0.0,0.0,0.34967685,-0.059394162,0.54775256,-0.22786313,0.424975,-0.42819145,0.20411359,-0.54030055,0.46947837,-0.9171218,0.6940487,-0.6060484,0.6206535,-0.2660521,0.51582617,-0.0549102,0.23276392,-0.9725333,0.52679056,-0.6641542,0.46691123,-0.30294707,0.362777,-0.10019623,-0.0048195007,-0.9036562,0.2945835,-0.6880915,0.2720048,-0.36631393,0.19718575,-0.22244485,-0.22565688,-0.7529685,0.021084342,-0.5031586,0.075338066,-0.2850331,0.061439734,-0.22143304
p4,M,M,mock,mock,0.0,0.0,0.29114595,-0.04982394,0.5171218,-0.16336666,0.62703466,-0.26547098,0.729484,-0.31484905,0.48865196,-0.91902626,0.6663609,-0.5311364,0.56893736,-0.15244825,0.47310686,0.04682653,0.20424762,-0.97891927,0.43130141,-0.5516831,0.34382725,-0.13247035,0.26355824,0.071229436,-0.07751547,-0.9071634,0.13919863,-0.5869496,0.105906926,-0.21269888,0.05918116,-0.046418335,-0.34059393,-0.7515306,-0.18715717,-0.48180076,-0.13746633,-0.21374743,-0.12403467,-0.10710029
p2,M,M,mock,mock,0.0,0.0,0.40124568,-0.04693753,0.7257425,-0.38726506,0.70384324,-0.7095626,0.5859776,-0.9070539,0.7575452,-0.72723895,0.9343177,-0.9648501,0.81020635,-0.72585577,0.66543865,-0.50621015,0.50540286,-0.8628835,0.70835626,-1.1647737,0.56729376,-0.8085248,0.44727418,-0.5541206,0.23377098,-0.9309993,0.40092656,-1.2199923,0.30158645,-0.8420125,0.21633674,-0.6089949,-0.0661051,-0.9409369,0.10244592,-1.1672454,0.09757402,-0.91329706,0.060397122,-0.73751533
p1,M,M,mock,mock,0.0,0.0,0.3906542,-0.06493015,0.66289335,-0.38402694,0.6197366,-0.71490765,0.48555434,-0.945818,0.7428776,-0.7481904,0.9450188,-0.90292686,0.824259,-0.6243868,0.7011195,-0.4564378,0.52383894,-0.85181737,0.76763725,-1.0404902,0.61288315,-0.67750424,0.5044293,-0.54459834,0.2739228,-0.90082216,0.47188404,-1.028223,0.36500418,-0.6779257,0.28344983,-0.60162455,0.005018396,-0.8983639,0.2086205,-0.97024035,0.18088654,-0.7334916,0.11238551,-0.69459563
p4,M,M,mock,mock,0.0,0.0,0.4204106,-0.051268257,0.7059625,-0.38211483,0.65903866,-0.73778486,0.52208453,-0.9680682,0.7992585,-0.68056464,0.96993273,-0.87353027,0.8361529,-0.64038765,0.70806676,-0.45421502,0.58173794,-0.8133763,0.79725814,-1.0646191,0.64249444,-0.7298991,0.5182364,-0.52417684,0.33417264,-0.8910749,0.5186753,-1.1198341,0.40915462,-0.76346594,0.3155913,-0.58682376,0.056123663,-0.9136577,0.24156113,-1.0790299,0.21043704,-0.8406588,0.15369532,-0.72497207
p3,M,M,mock,mock,0.0,0.0,0.31769007,-0.20786117,0.4215119,-0.6138121,0.22730476,-0.8650325,0.0003743726,-1.011047,0.28070837,-0.9983978,0.3855795,-1.1344805,0.409874,-0.8368314,0.3421255,-0.6469586,0.03489993,-0.99939084,0.18347989,-1.2075694,0.2657031,-0.8371937,0.21865395,-0.6210053,-0.18632872,-0.90729874,-0.04297614,-1.1361349,0.071078956,-0.7873483,0.023598611,-0.6326857,-0.3823736,-0.7437173,-0.15182956,-0.7463633,-0.03795396,-0.51472044,-0.079764836,-0.44090626
p3,M,M,mock,mock,0.0,0.0,0.29258844,-0.23449142,0.39770103,-0.6352739,0.22991078,-0.86401725,0.021486782,-1.0068464,0.22152303,-1.0107008,0.38804573,-1.1751599,0.44009817,-0.87814146,0.36328766,-0.6915254,-0.022854779,-0.9997388,0.19750805,-1.2254045,0.31111628,-0.8504133,0.24839154,-0.63615924,-0.22531213,-0.9030386,0.0032138107,-1.1416149,0.13371389,-0.7732491,0.054947883,-0.6127257,-0.3849974,-0.7375928,-0.07230136,-0.73419666,0.023135476,-0.5042404,-0.07541114,-0.43877375
p3,M,M,mock,mock,0.0,0.0,0.31476858,-0.21906444,0.42060378,-0.61557394,0.23962785,-0.8472833,0.017372556,-0.9664601,0.28426996,-1.0001581,0.4203271,-1.1527277,0.4542791,-0.8632012,0.37308806,-0.6716246,0.040245105,-0.99918985,0.22922337,-1.2216022,0.32602116,-0.8472978,0.2644284,-0.62250596,-0.16505362,-0.9074097,0.02893223,-1.1476483,0.14762564,-0.78688395,0.070761316,-0.6245581,-0.3332223,-0.74584883,-0.0443511,-0.7309369,0.057442993,-0.5068936,-0.027647955,-0.44402203
p3,M,M,mock,mock,0.0,0.0,0.26946804,-0.16668978,0.34772554,-0.53945273,0.17815775,-0.77835613,-0.028699202,-0.8955484,0.22966023,-0.9925547,0.37107927,-1.1767646,0.41544917,-0.8526411,0.33979404,-0.6508189,0.11856705,-0.992946,0.2665316,-1.2592574,0.36610293,-0.8605339,0.30560616,-0.6381571,0.024006933,-0.92300284,0.17262962,-1.1978321,0.29075074,-0.818878,0.22360484,-0.65211517,-0.062466927,-0.79641175,0.15340333,-0.8428954,0.2526816,-0.5933589,0.18096468,-0.5013127
p3,M,M,mock,mock,0.0,0.0,0.28271082,-0.21925545,0.3687579,-0.62349504,0.095312625,-0.86035764,-0.17287096,-0.9809882,0.25099936,-1.0044736,0.35344774,-1.1419593,0.38104632,-0.84389055,0.31383327,-0.65257406,-0.019263253,-0.99981445,0.1306178,-1.2115754,0.22537944,-0.8393903,0.18048023,-0.62594855,-0.24356209,-0.90418553,-0.09841959,-1.1412612,0.029153835,-0.79144734,-0.023248225,-0.6463903,-0.43083352,-0.74146056,-0.17319345,-0.7547044,-0.05819063,-0.5142281,-0.113266535,-0.44296423
p3,M,M,mock,mock,0.0,0.0,0.31285608,-0.21310672,0.44668788,-0.6697929,0.13475594,-0.975142,-0.16916846,-1.1392906,0.3481656,-0.9960681,0.41674438,-1.2880977,0.43318713,-1.0162529,0.39175427,-0.78709036,0.08203434,-0.9966295,0.17682259,-1.3332033,0.24779612,-0.98210675,0.22737187,-0.7386098,-0.17212245,-0.9443096,-0.08173041,-1.3577105,0.029472325,-1.0188355,0.025865005,-0.8169129,-0.41264096,-0.8318371,-0.21249826,-0.95573527,-0.08575494,-0.6700231,-0.08051643,-0.51008123
p3,M,M,mock,mock,0.0,0.0,0.3113236,-0.24100693,0.40784857,-0.7166158,0.058671147,-0.99696696,-0.27161303,-1.1190497,0.3035966,-1.011146,0.36460963,-1.309767,0.38354775,-1.0325279,0.35716644,-0.77807415,0.029440375,-0.99956656,0.12231605,-1.3490663,0.20355248,-0.9961832,0.19944988,-0.7314622,-0.22809656,-0.93531495,-0.1573493,-1.3708397,-0.034280133,-1.0567731,-0.026240097,-0.85458106,-0.47094005,-0.81366915,-0.27472648,-0.9756058,-0.12834597,-0.6937946,-0.10395594,-0.5153182
p3,M,M,mock,mock,0.0,0.0,0.30215776,-0.23186532,0.42831597,-0.6800726,0.106103726,-0.9628501,-0.20279874,-1.09458,0.34257707,-1.0045018,0.38008362,-1.2939793,0.38824898,-1.0357661,0.35602358,-0.79611987,0.05982553,-0.9982088,0.11733956,-1.3335913,0.1773885,-0.98369205,0.17421465,-0.7266468,-0.19742955,-0.9293008,-0.16144018,-1.3332464,-0.052944314,-0.9974076,-0.028801681,-0.7827873,-0.43933076,-0.79373175,-0.30931038,-0.9736862,-0.17552564,-0.69964546,-0.12846762,-0.5219728
p3,M,M,mock,mock,0.0,0.0,0.3246016,-0.2274598,0.4447734,-0.6966441,0.1415788,-1.0028522,-0.16917919,-1.1637393,0.3165129,-1.00868,0.39317593,-1.3004383,0.42148173,-1.0254844,0.3771884,-0.8024634,0.05508838,-0.9984815,0.15377969,-1.3376657,0.23479028,-0.97790515,0.20912431,-0.750359,-0.18817028,-0.93631625,-0.100806884,-1.3592839,0.02805512,-1.0280564,0.030228904,-0.8523892,-0.42011878,-0.82283163,-0.21429688,-0.97387594,-0.07052549,-0.6854524,-0.057869706,-0.5250503
p3,M,M,mock,mock,0.0,0.0,0.2960702,-0.232323,0.42458883,-0.679412,0.10565595,-0.96939355,-0.20166881,-1.1063945,0.33637097,-1.0088662,0.38247567,-1.2940601,0.39464536,-1.0287114,0.3612762,-0.78931177,0.05691367,-0.9983791,0.12654486,-1.3316449,0.18963143,-0.97268564,0.1822159,-0.7203317,-0.19667956,-0.9279999,-0.14779276,-1.3273395,-0.04145772,-0.98851514,-0.026249934,-0.78419036,-0.4384512,-0.7963841,-0.29402757,-0.9633999,-0.15884505,-0.68254,-0.11742806,-0.50976485
p3,M,M,mock,mock,0.0,0.0,0.3247398,-0.21859959,0.4369322,-0.64041144,0.19616854,-0.9278102,-0.05673149,-1.0915346,0.27578637,-1.0050931,0.43352783,-1.2362926,0.50251716,-0.94339216,0.45161584,-0.72275734,0.047115956,-0.99888945,0.25183067,-1.2932996,0.37846223,-0.9502484,0.3307909,-0.7206543,-0.16962449,-0.9305917,0.048148837,-1.2910901,0.18040058,-0.94189733,0.13014112,-0.7395958,-0.36662456,-0.7938948,-0.062438134,-0.92948955,0.057871792,-0.6758039,0.0008047603,-0.5350244
p3,M,M,mock,mock,0.0,0.0,0.3363717,-0.21182638,0.44529155,-0.64376444,0.20025407,-0.937321,-0.058368668,-1.112456,0.2751522,-1.0099058,0.44604588,-1.2526088,0.5253483,-0.9518919,0.47176462,-0.7243818,0.043958332,-0.9990334,0.25759372,-1.3189739,0.4021503,-0.9708479,0.35599783,-0.7301156,-0.17722423,-0.928386,0.043677777,-1.3092872,0.19319017,-0.95993817,0.14372566,-0.7547616,-0.38120058,-0.79424214,-0.0706359,-0.94061214,0.058756635,-0.68803513,-0.0045848647,-0.54325604
p3,M,M,mock,mock,0.0,0.0,0.31750005,-0.22239362,0.41269347,-0.6569957,0.14327382,-0.9294255,-0.13571504,-1.0816522,0.25939924,-1.0132555,0.4050075,-1.2441012,0.45770314,-0.9484312,0.39427584,-0.7384084,0.02357892,-0.999722,0.2008171,-1.3038841,0.31940937,-0.94849205,0.27255324,-0.7224438,-0.20397949,-0.92588884,-0.025453532,-1.3069974,0.12333407,-0.9548879,0.085817814,-0.75945085,-0.41037545,-0.7882297,-0.1373187,-0.90827256,0.003935603,-0.647254,-0.038775165,-0.51438695
p3,M,M,mock,mock,0.0,0.0,0.31698814,-0.21731424,0.41235772,-0.6526911,0.14132635,-0.93060523,-0.13634008,-1.0875328,0.26521838,-1.0121278,0.40485415,-1.2465068,0.45990866,-0.94910216,0.39488325,-0.7313177,0.026823903,-0.99964017,0.19861479,-1.3150065,0.32036975,-0.9601086,0.27360332,-0.7249404,-0.20288242,-0.92615783,-0.028859133,-1.3104328,0.12120207,-0.95720476,0.08503608,-0.7573247,-0.41027123,-0.78923213,-0.1354022,-0.907631,0.0042128405,-0.643279,-0.040140934,-0.5064438
p3,M,M,mock,mock,0.0,0.0,0.32653856,-0.2327605,0.4097045,-0.6649041,0.13193719,-0.93577504,-0.15908612,-1.0680404,0.2849296,-1.0131484,0.40837064,-1.2521214,0.45399037,-0.9638149,0.39719132,-0.74158895,0.04444824,-0.9990117,0.18982111,-1.3185228,0.30385014,-0.9634144,0.2687224,-0.72175384,-0.1878779,-0.9239906,-0.054591183,-1.3065431,0.09003009,-0.9573999,0.062546246,-0.7535047,-0.39940915,-0.7863637,-0.15828758,-0.9160932,-0.017486708,-0.6567014,-0.050594747,-0.5162279
p3,M,M,mock,mock,0.0,0.0,0.3302375,-0.24484313,0.40132228,-0.66715693,0.34156775,-0.931523,0.18115497,-1.0473977,0.14502308,-0.9964361,0.3355349,-1.2984972,0.49182394,-1.0697476,0.49008906,-0.8670078,0.033176348,-0.9994495,0.25941357,-1.3609936,0.47958058,-1.1055925,0.4754625,-0.8812742,-0.06634633,-0.95184755,0.18743294,-1.32904,0.42816082,-1.0985707,0.43926644,-0.91624033,-0.13777053,-0.8483922,0.19493505,-0.9726096,0.35316405,-0.7872298,0.3150644,-0.6371451
p3,M,M,mock,mock,0.0,0.0,0.3494939,-0.26488972,0.42486188,-0.6879537,0.37069356,-0.9563805,0.20546463,-1.0665562,0.14530517,-0.9982423,0.33137092,-1.3104293,0.49640465,-1.0948845,0.49669382,-0.89662236,0.02765919,-0.9996174,0.24812442,-1.3750944,0.47706798,-1.1400515,0.47446,-0.917081,-0.07069886,-0.9524673,0.18701907,-1.332198,0.42933738,-1.1145327,0.43681487,-0.9378948,-0.13359933,-0.8523543,0.2123189,-0.9849413,0.36545843,-0.80255085,0.3166669,-0.64743227
p3,M,M,mock,mock,0.0,0.0,0.38378254,-0.25908867,0.47854468,-0.6796553,0.42766988,-0.95379436,0.30052894,-1.1142633,0.25315344,-0.98302245,0.3944101,-1.3070265,0.54537094,-1.1032124,0.5630035,-0.8946406,0.11685492,-0.993149,0.2861971,-1.3870587,0.51084185,-1.1552602,0.52421546,-0.91828704,-0.019442044,-0.96600175,0.1934663,-1.3664253,0.40538475,-1.1197599,0.39970142,-0.91179717,-0.13407499,-0.8871974,0.18733625,-1.017036,0.3461819,-0.8142132,0.31762418,-0.6435949
p3,M,M,mock,mock,0.0,0.0,0.3790715,-0.23578009,0.48489508,-0.65515697,0.4156853,-0.9136893,0.24055414,-1.0453774,0.28180024,-0.98093057,0.40500915,-1.2984232,0.56118554,-1.0950655,0.57852453,-0.8795337,0.12838791,-0.991724,0.28551167,-1.3725874,0.51698077,-1.1279231,0.5270016,-0.882319,-0.022861673,-0.960731,0.17321903,-1.3687147,0.39432508,-1.1022347,0.38786682,-0.8876664,-0.15150467,-0.87504715,0.1569911,-1.0018538,0.3139311,-0.7902434,0.2773146,-0.62097496
p3,M,M,mock,mock,0.0,0.0,0.37656966,-0.2479274,0.4786465,-0.669783,0.42595032,-0.9359338,0.29066765,-1.0856918,0.26722512,-0.98378253,0.3952265,-1.3162979,0.5484792,-1.1164912,0.5638482,-0.89860475,0.12298892,-0.99240804,0.28116494,-1.3915875,0.5077011,-1.1589923,0.5158245,-0.9177533,-0.022417448,-0.96290535,0.17376176,-1.38083,0.3816067,-1.119667,0.3680146,-0.9079703,-0.14505629,-0.88128793,0.15882415,-1.0180032,0.3056037,-0.80606025,0.26269093,-0.63569725
p3,M,M,mock,mock,0.0,0.0,0.36487597,-0.21088497,0.4397962,-0.7020561,0.19898282,-1.0070637,-0.07912551,-1.159896,0.29018578,-1.0024394,0.3968493,-1.2691329,0.51651335,-1.0175073,0.49965,-0.7822665,0.06412492,-0.99794185,0.2257611,-1.3470805,0.42099357,-1.0453764,0.40169293,-0.77636003,-0.13884155,-0.9316558,0.061754245,-1.3129518,0.2598606,-1.0050513,0.23697686,-0.78857625,-0.29679945,-0.80053985,0.04560462,-0.8627844,0.21235582,-0.62442565,0.17300224,-0.47791296
p3,M,M,mock,mock,0.0,0.0,0.3714525,-0.21909618,0.45955423,-0.7118936,0.19770066,-1.0312043,-0.08798944,-1.1853449,0.30019698,-1.0071458,0.39039272,-1.2946594,0.5062859,-1.034853,0.49023765,-0.8002055,0.06701875,-0.9977517,0.20230816,-1.3593705,0.39320293,-1.0492779,0.37519103,-0.7806324,-0.14048302,-0.9289804,0.018640669,-1.3328078,0.21466187,-1.0242798,0.19761269,-0.8090096,-0.30919716,-0.7961644,0.008183482,-0.8707321,0.17658626,-0.6325592,0.14555454,-0.49106073
p3,M,M,mock,mock,0.0,0.0,0.36846414,-0.21085356,0.45858377,-0.6907156,0.2557157,-1.005501,0.014877373,-1.1869113,0.32469633,-0.99670917,0.4090276,-1.293771,0.5299988,-1.0483928,0.52844363,-0.8156614,0.10640415,-0.99432296,0.23225646,-1.3270743,0.40995172,-1.0247016,0.3878044,-0.7781366,-0.092747815,-0.93220186,0.052035328,-1.3013359,0.22899035,-1.0030975,0.2010915,-0.8037316,-0.25592238,-0.80996764,0.023894884,-0.857495,0.1635662,-0.6257642,0.11796718,-0.4876154
p3,M,M,mock,mock,0.0,0.0,0.36758575,-0.21693644,0.46466157,-0.6864216,0.22217931,-0.9808261,-0.0481011,-1.1149529,0.2911775,-1.0169919,0.3806892,-1.25696,0.49511915,-0.99561524,0.49466217,-0.7778418,0.058843058,-0.99826723,0.19515745,-1.2819602,0.38040307,-0.96608377,0.37055373,-0.7229062,-0.135488,-0.9141726,0.01602895,-1.2469461,0.18907897,-0.93759364,0.15708028,-0.7513042,-0.2833826,-0.77215075,0.0071770255,-0.7905403,0.1481602,-0.5620703,0.097902775,-0.4475162
p3,M,M,mock,mock,0.0,0.0,0.33798194,-0.19396448,0.40645483,-0.62814015,0.2609451,-0.8624755,0.05195877,-0.9576407,0.16027889,-1.016322,0.30443424,-1.2967119,0.46709558,-1.0279746,0.4735876,-0.8124865,-0.0044589485,-0.99999005,0.19005476,-1.3454535,0.42051688,-1.0096239,0.4153346,-0.76178664,-0.13727702,-0.92413414,0.09442334,-1.2923727,0.33580554,-0.978954,0.32121265,-0.77851605,-0.23888701,-0.7929365,0.05968544,-0.89309984,0.2246051,-0.6838717,0.16659226,-0.5632777
p2,M,M,mock,mock,0.0,0.0,0.32528582,-0.4062762,0.2811052,-0.847003,0.06665756,-1.0881122,-0.21257159,-1.1260679,0.12843952,-1.0208681,0.13836057,-1.3713989,0.30460283,-1.2163458,0.38201317,-0.9770033,-0.066769086,-0.99776846,-0.09486925,-1.4406443,0.1299378,-1.2799462,0.20112509,-1.0315797,-0.27473897,-0.933243,-0.34273094,-1.4289268,-0.104124874,-1.2666126,-0.035228547,-1.0547239,-0.47833028,-0.81240803,-0.353312,-1.1115808,-0.17784783,-0.9601101,-0.15304406,-0.76495343
p2,M,M,mock,mock,0.0,0.0,0.32766154,-0.40090236,0.28313026,-0.84111804,0.05384019,-1.0833783,-0.23958622,-1.1164596,0.14282681,-1.0174855,0.16388252,-1.3527833,0.31757507,-1.19333,0.38514522,-0.9595468,-0.057367206,-0.9983531,-0.07940667,-1.4258659,0.1310702,-1.2561492,0.19508871,-1.0116584,-0.26868433,-0.9355284,-0.32978773,-1.4115102,-0.1016202,-1.24408,-0.038989417,-1.0368181,-0.47297218,-0.81628364,-0.34065253,-1.0978464,-0.16869156,-0.9433699,-0.14521082,-0.75364643
p2,M,M,mock,mock,0.0,0.0,0.33544192,-0.40229025,0.29553175,-0.84019566,0.08388689,-1.0704291,-0.19118538,-1.1095442,0.14299831,-1.0158181,0.16634294,-1.3512983,0.32406947,-1.2055427,0.39726168,-0.9786083,-0.0541954,-0.9985303,-0.057724763,-1.415941,0.14935932,-1.2468144,0.21352352,-1.0073556,-0.26382625,-0.93711424,-0.30255082,-1.4137832,-0.08172592,-1.234409,-0.02551736,-1.0258368,-0.4698767,-0.8175149,-0.33612138,-1.0878105,-0.17405818,-0.935204,-0.15809827,-0.75418127
p2,M,M,mock,mock,0.0,0.0,0.3157429,-0.3954579,0.28870913,-0.8183221,0.07902099,-1.0343703,-0.19882414,-1.0431364,0.15451026,-1.0167464,0.16663896,-1.3347971,0.29934552,-1.199073,0.36286065,-0.96978444,-0.050003458,-0.998749,-0.079242736,-1.3970498,0.10183544,-1.2343018,0.17022127,-0.98795223,-0.25875154,-0.9271602,-0.32300255,-1.3559977,-0.11564982,-1.1992961,-0.04026257,-0.99547863,-0.45648623,-0.792522,-0.35525885,-1.037115,-0.19599727,-0.8938142,-0.15308076,-0.71422374
p2,M,M,mock,mock,0.0,0.0,0.31218055,-0.3917237,0.276018,-0.81731343,0.065924205,-1.0427663,-0.20537409,-1.062755,0.13407727,-1.0148213,0.15530734,-1.3315523,0.28960234,-1.1951474,0.3614313,-0.9728214,-0.071249396,-0.9974585,-0.09879257,-1.3903108,0.08290256,-1.2246009,0.15638807,-0.9831201,-0.28037584,-0.9255487,-0.34535655,-1.3613077,-0.13632601,-1.2060753,-0.055975713,-1.0004044,-0.4732797,-0.78624576,-0.37328023,-1.0388302,-0.20833276,-0.89918506,-0.15954809,-0.7180887
p2,M,M,mock,mock,0.0,0.0,0.31402346,-0.36587718,0.24492957,-0.8145565,-0.0406369,-1.0230747,-0.3366721,-1.1016418,0.019508012,-1.0241601,0.14479604,-1.3322436,0.33590427,-1.1318259,0.39139503,-0.91035306,-0.16547441,-0.9862141,-0.04760285,-1.3951547,0.20839341,-1.1736193,0.25965363,-0.9386326,-0.34972444,-0.90915424,-0.23734398,-1.387679,0.026665952,-1.1405699,0.060656447,-0.91924214,-0.50181246,-0.77658004,-0.23665158,-1.0154041,-0.049122907,-0.842759,-0.076405,-0.68635327
p2,M,M,mock,mock,0.0,0.0,0.3216525,-0.35953686,0.2676038,-0.8129151,0.0065483623,-1.0320129,-0.27294958,-1.1256186,0.06235498,-1.0174676,0.20571953,-1.3118806,0.3807719,-1.1002905,0.43058184,-0.8813989,-0.11792304,-0.99302274,0.027941331,-1.3840798,0.2616886,-1.150406,0.3001462,-0.9146762,-0.2995202,-0.9286418,-0.15568452,-1.3880453,0.084325865,-1.1391114,0.10661783,-0.9230404,-0.44808602,-0.8109098,-0.16651008,-1.0270886,0.01250861,-0.8453425,-0.0141234845,-0.6894356
p2,M,M,mock,mock,0.0,0.0,0.34097046,-0.3581913,0.29673347,-0.8076218,0.042154938,-1.0155762,-0.24495958,-1.0981008,0.04465954,-1.0225819,0.19035944,-1.3240258,0.38495907,-1.1145145,0.4314681,-0.89353245,-0.13313338,-0.9910981,0.03680342,-1.3864809,0.29725513,-1.1523768,0.3369102,-0.92050946,-0.30654716,-0.9299787,-0.12222409,-1.3823581,0.13384943,-1.118696,0.14425276,-0.9017138,-0.44502476,-0.8175643,-0.12730762,-1.0239903,0.03866956,-0.8353086,-0.022400416,-0.6821296
p2,M,M,mock,mock,0.0,0.0,0.31923744,-0.36212495,0.28851134,-0.80975026,0.040780112,-1.0205061,-0.22992414,-1.0991393,0.109772064,-1.0353262,0.21720016,-1.3291196,0.37826487,-1.0993246,0.42746127,-0.88833743,-0.07570208,-0.99713045,0.026103726,-1.3838177,0.24514708,-1.1198226,0.28171697,-0.90035695,-0.26729017,-0.9181889,-0.18807508,-1.3797457,0.044170417,-1.1055971,0.06752972,-0.90053767,-0.44241324,-0.78344667,-0.2414576,-1.0266324,-0.073575,-0.84760725,-0.097373314,-0.70646596
p2,M,M,mock,mock,0.0,0.0,0.32205087,-0.36288238,0.3105614,-0.7863671,0.07240557,-0.9814339,-0.21477784,-1.015711,0.19343197,-1.035327,0.25075084,-1.341787,0.39168063,-1.1105663,0.44663206,-0.894969,-0.011509447,-0.9999338,0.04601311,-1.3835118,0.23825735,-1.1003824,0.27004322,-0.87428504,-0.21269757,-0.91586703,-0.18130314,-1.3591895,0.029527009,-1.093955,0.053013075,-0.9142539,-0.4071256,-0.77617043,-0.237672,-1.0014243,-0.081605665,-0.8199892,-0.10756106,-0.6792199
p2,M,M,mock,mock,0.0,0.0,0.26107717,-0.30519623,0.2744678,-0.7356141,0.016794922,-0.9460622,-0.25966868,-1.0127151,0.17947352,-1.0291655,0.2021627,-1.3196697,0.2957918,-1.0977731,0.329854,-0.8680199,-0.06559609,-0.99784625,-0.07258499,-1.3561336,0.061091427,-1.0633036,0.096064076,-0.8270396,-0.29927817,-0.8945536,-0.3535323,-1.2838315,-0.18243285,-1.0119797,-0.1259452,-0.8132761,-0.51445746,-0.72386813,-0.465407,-0.949989,-0.30750316,-0.77651936,-0.25327832,-0.63202494
p2,M,M,mock,mock,0.0,0.0,0.24690303,-0.28751135,0.3004644,-0.68440014,0.1318425,-0.90291536,-0.08219419,-0.99895936,0.200628,-1.0215417,0.18960485,-1.3076221,0.25335604,-1.0872993,0.29486808,-0.85770035,-0.04831465,-0.99883217,-0.09139157,-1.33898,0.010860195,-1.0583158,0.06453611,-0.8294438,-0.28042886,-0.89773005,-0.37304828,-1.2628502,-0.23271574,-1.0078487,-0.149473,-0.81245464,-0.49199545,-0.7246705,-0.4990921,-0.93674296,-0.35733178,-0.7859255,-0.26705378,-0.6472534
p2,M,M,mock,mock,0.0,0.0,0.24981001,-0.29579827,0.29434812,-0.6931157,0.11789986,-0.90190345,-0.10042575,-0.9901202,0.18664823,-1.0260351,0.17888023,-1.3127924,0.25804737,-1.1018,0.3087107,-0.88018346,-0.05963698,-0.99822015,-0.09729531,-1.3407255,0.019883323,-1.0660927,0.07280867,-0.8425008,-0.2896865,-0.8942178,-0.37510583,-1.2684256,-0.22212811,-1.0120026,-0.14540909,-0.81544554,-0.4989664,-0.7195071,-0.48808065,-0.94390565,-0.34152845,-0.78562677,-0.2642673,-0.64132434
p2,M,M,mock,mock,0.0,0.0,0.2413698,-0.32713687,0.21597153,-0.7633974,-0.06790158,-0.9444801,-0.35874158,-0.97362,0.10112917,-1.0367595,0.12094193,-1.3346338,0.22769916,-1.1219059,0.28795308,-0.90173507,-0.14084026,-0.9900323,-0.148876,-1.357314,0.004425602,-1.0709288,0.06046002,-0.83776903,-0.36896867,-0.87442917,-0.4303273,-1.2875834,-0.23650013,-1.0218959,-0.16641371,-0.8190727,-0.5718125,-0.6884779,-0.5319736,-0.9406939,-0.36554018,-0.7796215,-0.3093175,-0.6339769
p2,M,M,mock,mock,0.0,0.0,0.24883193,-0.31015646,0.24070251,-0.7469143,-0.045773525,-0.9376794,-0.34569588,-0.9828448,0.12258383,-1.0287995,0.14680393,-1.3143498,0.25183058,-1.102563,0.30391356,-0.8825142,-0.12163402,-0.992575,-0.12037958,-1.3559018,0.022124361,-1.0703213,0.065525025,-0.8343322,-0.35056448,-0.886114,-0.40886188,-1.290871,-0.22794856,-1.0267879,-0.16926388,-0.8283903,-0.55742586,-0.7098931,-0.5099766,-0.9447014,-0.347731,-0.7763373,-0.29629648,-0.632673
p2,M,M,mock,mock,0.0,0.0,0.35503381,-0.30033135,0.39140773,-0.73436075,0.20320679,-0.97938323,-0.024447715,-1.1136633,0.21073546,-0.9964653,0.38131586,-1.2865592,0.53361654,-1.0500354,0.5426335,-0.81719023,0.031696077,-0.99949753,0.22381668,-1.3685782,0.41707113,-1.102444,0.41117746,-0.8705564,-0.16760409,-0.95646167,0.016527617,-1.3860097,0.20926766,-1.0967715,0.17801148,-0.8830241,-0.37353045,-0.8552431,-0.094719626,-1.0528133,0.05420628,-0.8580554,-0.0030713843,-0.7181989
p2,M,M,mock,mock,0.0,0.0,0.36127356,-0.29820302,0.39020565,-0.72968364,0.18843213,-0.9823401,-0.040795825,-1.1255031,0.2166969,-0.9956791,0.3840708,-1.2694007,0.5348825,-1.0284466,0.5371971,-0.8040687,0.031133728,-0.99951524,0.22320537,-1.3482684,0.41801238,-1.0789069,0.40694046,-0.85144925,-0.16696644,-0.9516172,0.012070059,-1.3669084,0.20935576,-1.0793498,0.17653646,-0.8697524,-0.36983246,-0.84863013,-0.09271792,-1.0427507,0.06335061,-0.84703094,0.011095654,-0.7039224
p2,M,M,mock,mock,0.0,0.0,0.3581972,-0.29148692,0.39629725,-0.7237628,0.19588724,-0.9706167,-0.033424713,-1.1011486,0.24707547,-0.99413127,0.4064567,-1.2693925,0.53866035,-1.015838,0.5447907,-0.794524,0.044477332,-0.9990104,0.2325175,-1.3483827,0.40707275,-1.0602007,0.3969825,-0.8387334,-0.16199052,-0.94188184,0.0111198025,-1.3605493,0.19610035,-1.0712076,0.16442123,-0.8776279,-0.3666523,-0.82892233,-0.0962046,-1.0188302,0.057069372,-0.8238094,0.011611897,-0.6967263
p2,M,M,mock,mock,0.0,0.0,0.39672694,-0.2831555,0.44950837,-0.7271933,0.26980427,-0.989264,0.01793437,-1.0950522,0.31891477,-0.99492157,0.46443003,-1.2993865,0.5925226,-1.0516859,0.60717845,-0.8250054,0.10848819,-0.9940977,0.26083997,-1.3889252,0.4360006,-1.094781,0.43146703,-0.85954773,-0.110602364,-0.93776,0.01802373,-1.3975316,0.21340105,-1.1041011,0.19741923,-0.89515793,-0.32672888,-0.826753,-0.099859126,-1.0552905,0.061705038,-0.85196173,0.028354652,-0.69867265
p2,M,M,mock,mock,0.0,0.0,0.3623911,-0.26515624,0.41549474,-0.7079789,0.19824533,-0.96454304,-0.06899569,-1.068594,0.3041492,-0.99650186,0.44572744,-1.2994425,0.5576244,-1.055458,0.5679735,-0.8223522,0.084107794,-0.9964567,0.2288217,-1.3778484,0.39268437,-1.0851364,0.39548498,-0.8451328,-0.14338762,-0.9351986,-0.02903955,-1.383815,0.16084233,-1.0895923,0.16191646,-0.8772212,-0.36481497,-0.81128955,-0.16474526,-1.0293418,-0.008647128,-0.8278266,-0.027355561,-0.67716444
p2,M,M,mock,mock,0.0,0.0,0.3317069,-0.35977626,0.2941923,-0.81822693,0.07070301,-1.0649073,-0.19898348,-1.1732876,0.04956883,-0.9921207,0.16356471,-1.3138949,0.38147655,-1.1401232,0.46217036,-0.9171087,-0.10804257,-0.9941463,-0.00086728885,-1.42892,0.27264497,-1.25964,0.34592167,-1.0215837,-0.29539534,-0.9692806,-0.19620807,-1.4894087,0.08607051,-1.296098,0.14176768,-1.0691284,-0.47916853,-0.8933723,-0.21035647,-1.1582996,-0.025359957,-0.97717845,-0.05039884,-0.7762517
p2,M,M,mock,mock,0.0,0.0,0.36441237,-0.34135473,0.34973553,-0.801567,0.12950306,-1.0567578,-0.15061885,-1.1583908,0.15730418,-0.9908942,0.27277702,-1.3110731,0.45261496,-1.1240894,0.50600755,-0.894376,-0.018957868,-0.9998203,0.08466809,-1.4244016,0.32276392,-1.2391033,0.36898097,-1.00113,-0.22756556,-0.97430575,-0.16032426,-1.4932708,0.07327467,-1.2704577,0.09807103,-1.0382444,-0.4362851,-0.89196616,-0.20478429,-1.1636046,-0.036513012,-0.9799951,-0.061813552,-0.7909981
p2,M,M,mock,mock,0.0,0.0,0.30632603,-0.3842192,0.24822274,-0.83074087,0.049981285,-1.0561479,-0.1928894,-1.1621898,-0.040549982,-0.9906708,0.047151364,-1.3316077,0.27609083,-1.181347,0.3665871,-0.9623258,-0.18343057,-0.98303264,-0.078574106,-1.4282272,0.20965022,-1.274979,0.2915484,-1.0340315,-0.34517673,-0.9602506,-0.23670466,-1.4774363,0.052041188,-1.2877465,0.10547329,-1.0502805,-0.4923784,-0.8867716,-0.20869325,-1.1393551,-0.040040895,-0.9544465,-0.08705964,-0.7438383
p2,M,M,mock,mock,0.0,0.0,0.38243508,-0.3363155,0.3904186,-0.79247046,0.19948792,-1.0517775,-0.079057634,-1.1319225,0.25622022,-0.98348385,0.355276,-1.3352563,0.5071881,-1.171355,0.54651964,-0.9303717,0.0659483,-0.99782306,0.15609848,-1.4379885,0.36482882,-1.2451814,0.3959704,-0.9895839,-0.152011,-0.9726131,-0.09725832,-1.4931173,0.11896521,-1.2619332,0.14819059,-1.0212078,-0.37803462,-0.880746,-0.18131979,-1.1647503,-0.021932213,-0.9715793,-0.029120456,-0.76565796
p2,M,M,mock,mock,0.0,0.0,0.37269884,-0.34157455,0.37642586,-0.79172766,0.18311143,-1.0538888,-0.097027436,-1.1228776,0.24811496,-0.9876769,0.339745,-1.3387382,0.4838385,-1.1711506,0.5278465,-0.9312012,0.055593167,-0.9984535,0.13341118,-1.4360044,0.33288243,-1.2489555,0.36493942,-0.99396056,-0.16306512,-0.96795917,-0.12878625,-1.4828597,0.08553239,-1.2659222,0.12148448,-1.024925,-0.38817582,-0.86992675,-0.2062111,-1.1667483,-0.04196464,-0.98428357,-0.038292892,-0.77272916
p3,M,M,mock,mock,0.0,0.0,0.35289052,-0.10451784,0.60494566,-0.5046604,0.4380707,-0.85145736,0.18853909,-1.0801473,0.4836676,-0.86640483,0.65104926,-1.114484,0.66541606,-0.906444,0.59077245,-0.6748869,0.25719005,-0.96636087,0.41841516,-1.3059534,0.4785061,-1.0699112,0.41474053,-0.8208774,0.01089865,-0.99294704,0.18434525,-1.4183545,0.28088048,-1.178872,0.23660074,-0.95791095,-0.2466149,-0.94985265,-0.05152552,-1.1430821,0.02587906,-0.9203255,-0.02812911,-0.73124903
p3,M,M,mock,mock,0.0,0.0,0.36977175,-0.09436426,0.6043591,-0.49193916,0.45099172,-0.84599763,0.21277903,-1.0639106,0.51660645,-0.85725176,0.6697533,-1.1128378,0.6752197,-0.9240244,0.5985758,-0.69978684,0.29106325,-0.95670384,0.43141675,-1.2887375,0.5018824,-1.0693755,0.45104107,-0.82467383,0.04584724,-0.98038596,0.19898365,-1.4042771,0.30752498,-1.1643226,0.28613526,-0.9359078,-0.20701666,-0.9278098,-0.012816938,-1.1203862,0.07198578,-0.9037196,0.03536717,-0.71206385
p3,M,M,mock,mock,0.0,0.0,0.37703875,-0.088024355,0.62573665,-0.48588604,0.49291366,-0.8475746,0.25030825,-1.0673991,0.5063547,-0.85896295,0.6676858,-1.1243222,0.6935342,-0.94128627,0.62681895,-0.715228,0.28145143,-0.9595755,0.42996117,-1.3026582,0.51941246,-1.0918347,0.47519243,-0.8431051,0.038585257,-0.9856579,0.20946458,-1.4272708,0.33367434,-1.1959206,0.31879592,-0.9615442,-0.2124074,-0.9352219,-0.004632754,-1.1409191,0.090725146,-0.92328155,0.05972427,-0.7210216
p3,M,M,mock,mock,0.0,0.0,0.4080952,-0.11894448,0.6408314,-0.53097117,0.48919556,-0.88132256,0.22537912,-1.07264,0.50983775,-0.86240625,0.6463984,-1.1381074,0.70086753,-0.9669811,0.6589966,-0.7470402,0.2905826,-0.95684993,0.42377445,-1.3140298,0.52380425,-1.0957673,0.4755721,-0.8425342,0.051687747,-0.9899174,0.21949407,-1.4332784,0.35982183,-1.2053633,0.35048226,-0.9840211,-0.19157217,-0.94945353,0.025822641,-1.1430547,0.1288354,-0.91917765,0.0886186,-0.7210277
p3,M,M,mock,mock,0.0,0.0,0.41964275,-0.1272505,0.6410377,-0.5489568,0.48696953,-0.91774976,0.22154823,-1.1103504,0.5190225,-0.8584095,0.6388625,-1.1451062,0.71322685,-0.98373556,0.68993133,-0.76068676,0.3017059,-0.953401,0.4242384,-1.32434,0.547555,-1.1283828,0.51166356,-0.87412447,0.06489319,-0.9900017,0.21893162,-1.4392416,0.38563874,-1.2278264,0.39591068,-1.0022922,-0.1809175,-0.9558892,0.042119686,-1.1727201,0.15753669,-0.95254964,0.12442805,-0.7372739
p4,M,M,mock,mock,0.0,0.0,0.35637763,-0.22264591,0.5032378,-0.5901824,0.38730988,-0.82142854,0.19444002,-0.95623326,0.40177622,-0.9782872,0.46641693,-1.1442268,0.53123075,-0.8698931,0.52422875,-0.6690136,0.14033887,-0.99010354,0.21699226,-1.2162293,0.32999766,-0.8493532,0.31689844,-0.6182622,-0.110096514,-0.90714246,-0.03819942,-1.182985,0.109168485,-0.8287763,0.10603664,-0.65457445,-0.34860536,-0.76269037,-0.20437476,-0.82037336,-0.089186944,-0.6057509,-0.11111735,-0.5207313
p4,M,M,mock,mock,0.0,0.0,0.37396142,-0.254248,0.5142572,-0.6229045,0.39993092,-0.8665829,0.19113755,-0.9948026,0.3987417,-0.9814152,0.4588077,-1.1887804,0.53402144,-0.9488685,0.54982716,-0.73431426,0.14053914,-0.9900751,0.19903475,-1.2597836,0.31688124,-0.92822987,0.32216117,-0.6842826,-0.113613844,-0.9168633,-0.057494707,-1.2391453,0.09248991,-0.91393924,0.11009749,-0.7100599,-0.3604151,-0.77857095,-0.23072334,-0.88232285,-0.104601525,-0.67715865,-0.1006079,-0.55372286
p4,M,M,mock,mock,0.0,0.0,0.35432667,-0.2745735,0.50067437,-0.6285947,0.46380037,-0.843574,0.35257855,-0.980897,0.36091128,-0.99020225,0.4314438,-1.175491,0.5124792,-0.9248397,0.5128202,-0.73558146,0.11573018,-0.9932807,0.19781557,-1.2386374,0.3223943,-0.8946861,0.3066614,-0.6814445,-0.121466815,-0.9200727,-0.034473956,-1.24983,0.121558785,-0.9075502,0.11194063,-0.72183716,-0.35277548,-0.78307724,-0.18381144,-0.8957817,-0.056263067,-0.6737016,-0.08072527,-0.5569234
p4,M,M,mock,mock,0.0,0.0,0.3963891,-0.23241688,0.59290063,-0.5983802,0.50772464,-0.869801,0.3075108,-1.0131869,0.44290856,-0.9780572,0.481766,-1.2434285,0.5364079,-0.9909337,0.5441054,-0.7399757,0.17549413,-0.9844805,0.20251115,-1.3006554,0.2959541,-0.9510937,0.31241596,-0.6892982,-0.08928628,-0.910036,-0.06913558,-1.2473049,0.049455874,-0.9201068,0.08298514,-0.71442413,-0.35513744,-0.77622133,-0.28231686,-0.93948907,-0.16291313,-0.71445155,-0.11972247,-0.55362487
p4,M,M,mock,mock,0.0,0.0,0.37466502,-0.26675162,0.52007306,-0.6367144,0.41855758,-0.8718658,0.2174524,-0.98067874,0.39593843,-0.9917774,0.43261543,-1.2040921,0.50169796,-0.9669008,0.5246863,-0.751182,0.143025,-0.9897191,0.17126799,-1.271321,0.28270864,-0.95761615,0.2979676,-0.72309697,-0.111221336,-0.9182519,-0.069935866,-1.2574414,0.06879117,-0.93965805,0.09320886,-0.7317719,-0.35766068,-0.7780942,-0.23626526,-0.9231801,-0.1136107,-0.71467113,-0.10063426,-0.57374066
p2,M,M,mock,mock,0.0,0.0,0.36156288,-0.14758047,0.5891191,-0.51129174,0.53501576,-0.77583665,0.41509062,-0.902214,0.3329163,-1.0193722,0.48090035,-1.1313349,0.5391008,-0.8557938,0.5480599,-0.6263602,0.04698931,-0.9988954,0.21129385,-1.0288217,0.35883188,-0.6658579,0.4104162,-0.40162978,-0.1927972,-0.8681374,-0.005492257,-0.90508604,0.14783166,-0.55527765,0.20371784,-0.34612915,-0.3834602,-0.67215395,-0.129274,-0.49167222,0.038183253,-0.21779878,0.124910325,-0.07176944
p2,M,M,mock,mock,0.0,0.0,0.23313543,-0.18679565,0.4041218,-0.44862685,0.44928774,-0.58036935,0.40961683,-0.5748391,-0.116516545,-1.0446106,0.13270919,-0.9624597,0.31028202,-0.6374141,0.3888768,-0.40972325,-0.46540076,-0.88510007,-0.08530974,-0.7003601,0.18980704,-0.31888333,0.30283767,-0.11978114,-0.69986916,-0.6051514,-0.34752226,-0.47315544,-0.055956535,-0.1344721,0.06686864,0.034966316,-0.82643557,-0.26405048,-0.50755125,-0.06654303,-0.23494814,0.13974509,-0.094114125,0.22833347
p3,M,M,mock,mock,0.0,0.0,0.33352727,-0.21281385,0.43893215,-0.6427692,0.14649127,-0.9426237,-0.1329618,-1.1234407,0.510087,-0.90904886,0.5889966,-1.1227005,0.45507973,-0.83932304,0.36273068,-0.58662915,0.2623686,-0.9649677,0.37008706,-1.2969385,0.27063793,-0.98219615,0.22081263,-0.7156573,0.0017138093,-0.96505344,0.113091946,-1.3757455,0.100771286,-1.1017954,0.0678747,-0.86873055,-0.25602025,-0.88561404,-0.1232618,-1.0213054,-0.072047345,-0.78547156,-0.07623595,-0.5992202
p1,M,M,mock,mock,0.0,0.0,0.33222032,-0.22002588,0.4324515,-0.66521513,0.13911423,-0.9748414,-0.13359956,-1.1741115,0.49484673,-0.92377275,0.58486795,-1.1538899,0.47300103,-0.86867326,0.39164174,-0.6057509,0.24176222,-0.97033554,0.36058095,-1.3278567,0.27497163,-0.99958557,0.23234412,-0.72819054,-0.022368954,-0.95929474,0.08235924,-1.3969684,0.07868291,-1.1006302,0.047277458,-0.8572715,-0.28780845,-0.872574,-0.15113612,-1.0289094,-0.095326476,-0.7630121,-0.09932371,-0.5578985
p2,M,M,mock,mock,0.0,0.0,0.330906,-0.21920675,0.42289597,-0.669238,0.11328249,-0.981944,-0.1669945,-1.1842352,0.48531812,-0.92826134,0.57117504,-1.1597064,0.45643714,-0.8706512,0.3757596,-0.60463077,0.2339234,-0.97225505,0.34508368,-1.3266127,0.25397503,-0.99569756,0.21065211,-0.72002727,-0.026529068,-0.9560901,0.069485955,-1.3980777,0.058588028,-1.1095515,0.023845373,-0.87008876,-0.29215574,-0.86687076,-0.16118936,-1.034639,-0.10405577,-0.76212865,-0.10131425,-0.55258083
p4,M,M,mock,mock,0.0,0.0,0.32035294,-0.23924035,0.41267553,-0.6946254,0.1399352,-0.9816505,-0.13330042,-1.1472566,0.46989688,-0.9255818,0.54887384,-1.1482066,0.4371306,-0.8603943,0.3553372,-0.59047437,0.22859418,-0.9735218,0.3279349,-1.307381,0.2407511,-0.9862136,0.19948679,-0.7162454,-0.024047814,-0.9576056,0.063858315,-1.361684,0.05090514,-1.080172,0.017330967,-0.84507936,-0.27431208,-0.86264896,-0.15648438,-1.0285057,-0.11536442,-0.786297,-0.12335174,-0.58753055
p2,M,M,mock,mock,0.0,0.0,0.39844987,-0.16958791,0.5694045,-0.58544457,0.4001796,-0.89839876,0.16355063,-1.0403558,0.5134088,-0.9318143,0.6522493,-1.1570101,0.6583339,-0.8958377,0.63563234,-0.6353612,0.23078763,-0.97300416,0.386432,-1.2901201,0.4328646,-0.9425254,0.42545933,-0.63479483,-0.06341904,-0.94180393,0.081717804,-1.2823111,0.18329225,-0.90215284,0.2134501,-0.60293883,-0.3527162,-0.82904077,-0.16261204,-0.97751856,-0.024519764,-0.7071733,0.029731369,-0.49308115
p2,M,M,mock,mock,0.0,0.0,0.36113808,-0.28393736,0.4156123,-0.71966976,0.15636533,-0.98290193,-0.1210746,-1.0935873,0.34232986,-0.990134,0.39925626,-1.2558537,0.4096813,-0.9817702,0.41715914,-0.72192186,0.09143899,-0.9958107,0.11843331,-1.3591139,0.18582477,-1.0451708,0.23359418,-0.77347606,-0.1615927,-0.9307727,-0.16094625,-1.3209374,-0.029237352,-1.006657,0.052426916,-0.7504617,-0.39939678,-0.790831,-0.32038113,-0.9507704,-0.17632696,-0.7447874,-0.09595462,-0.5652874
p2,M,M,mock,mock,0.0,0.0,0.41126138,-0.2592387,0.47301877,-0.7051206,0.20760876,-0.99364775,-0.08901679,-1.1007833,0.37551984,-0.9927334,0.46700054,-1.2503619,0.5077863,-0.97638977,0.5275962,-0.7079324,0.11382602,-0.9935007,0.19333906,-1.350081,0.29445535,-1.0230371,0.3446223,-0.7239468,-0.1552165,-0.9247458,-0.09730633,-1.313067,0.06286579,-0.97809255,0.14419469,-0.69975436,-0.4089209,-0.7803047,-0.25988123,-0.90544176,-0.08860771,-0.6760455,-0.0065674535,-0.49386144
p2,M,M,mock,mock,0.0,0.0,0.37806556,-0.2302215,0.45626324,-0.65228194,0.21920925,-0.91861117,-0.056881584,-1.0440013,0.3633057,-0.98737586,0.49351516,-1.1992215,0.54849076,-0.9165708,0.5422842,-0.6590477,0.10875643,-0.99406844,0.22121054,-1.3470408,0.33399832,-0.99884284,0.3516237,-0.7056392,-0.15488075,-0.92624587,-0.06951865,-1.2978088,0.09309809,-0.946647,0.13775867,-0.68922985,-0.40878826,-0.78187853,-0.24607241,-0.92836744,-0.09089415,-0.6862676,-0.055167876,-0.5131449
p2,M,M,mock,mock,0.0,0.0,0.44870982,-0.105366364,0.72612625,-0.3849018,0.7425378,-0.624893,0.6797316,-0.7779039,0.6896648,-0.80389404,0.8354021,-1.0217714,0.878426,-0.8242455,0.8857715,-0.5966354,0.4550838,-0.89044863,0.62336785,-1.1799846,0.68335265,-0.8985741,0.6753151,-0.6265214,0.18527386,-0.910381,0.35365263,-1.2604696,0.4143538,-0.9392844,0.40347484,-0.65973765,-0.10872294,-0.8650264,0.03710761,-0.97721136,0.11847516,-0.7349374,0.13721855,-0.52412415
p2,M,M,mock,mock,0.0,0.0,0.4263881,0.22445318,0.8867523,0.22083122,1.2039741,0.30530667,1.4902221,0.3529376,1.0012134,-0.6025567,1.3449953,-0.72380865,1.4151524,-0.22431716,1.3927155,0.16048066,0.66416997,-0.7475816,0.8735608,-0.9875781,0.90761364,-0.29833946,0.8762851,0.21731764,0.26919052,-0.730985,0.40898845,-0.924755,0.45996422,-0.2616556,0.42537004,0.2295871,-0.14576079,-0.58140767,-0.10647431,-0.46464393,-0.029055467,0.040535774,-0.008923389,0.4252048
p2,M,M,mock,mock,0.0,0.0,0.35948795,-0.23503272,0.5356345,-0.6078895,0.5150596,-0.8749044,0.41038546,-1.0694678,0.41253668,-0.97658706,0.41862404,-1.2784516,0.38685608,-0.999349,0.36108717,-0.7404213,0.14683434,-0.9891611,0.1395035,-1.347398,0.16446456,-0.9826318,0.19053909,-0.6930077,-0.12328429,-0.9374436,-0.15336858,-1.3011369,-0.056711156,-0.932652,0.023493987,-0.654007,-0.3868722,-0.8148359,-0.34871757,-0.95044875,-0.21924601,-0.68131053,-0.11361332,-0.47115073
p2,M,M,mock,mock,0.0,0.0,0.33935198,-0.18847463,0.5498075,-0.5386397,0.60841095,-0.8013659,0.57190275,-1.0281446,0.42387888,-0.964363,0.48380116,-1.3101763,0.45085767,-1.0302452,0.40079132,-0.76061535,0.14883094,-0.98886263,0.18812339,-1.3839791,0.20774825,-0.9986014,0.2174648,-0.7042344,-0.1380228,-0.9460546,-0.12627514,-1.317082,-0.035653412,-0.9450377,0.026467836,-0.6727609,-0.41718376,-0.8292053,-0.36150697,-0.96972024,-0.23494305,-0.70053124,-0.14888869,-0.49404937
p2,M,M,mock,mock,0.0,0.0,0.30333027,-0.1757319,0.5064296,-0.55022204,0.4872749,-0.7894262,0.4004077,-0.98320436,0.38007697,-0.9628532,0.44895303,-1.2359376,0.4011526,-0.9586321,0.35079613,-0.7068506,0.09751193,-0.9952344,0.1523378,-1.3226992,0.16344382,-0.9459047,0.17862396,-0.67529863,-0.18046567,-0.95036894,-0.15536946,-1.2723069,-0.07354723,-0.8968126,-0.01068396,-0.6543432,-0.44049132,-0.83279556,-0.36911127,-0.9069991,-0.24272923,-0.6242186,-0.1553872,-0.4399595
p2,M,M,mock,mock,0.0,0.0,0.339086,-0.1944734,0.58456194,-0.58562464,0.5752736,-0.8554042,0.46519077,-1.0494311,0.40282843,-0.9649514,0.4538523,-1.2727361,0.42692894,-1.0097541,0.38771504,-0.744774,0.11457966,-0.99341404,0.13749607,-1.3380464,0.17313068,-0.9840468,0.20229231,-0.6974449,-0.16014051,-0.9368851,-0.15274405,-1.2590692,-0.07456713,-0.8952717,-0.0125288125,-0.6430656,-0.41740572,-0.8022983,-0.35476264,-0.9390732,-0.23884022,-0.66545844,-0.16424374,-0.4607159
p1,M,M,mock,mock,0.0,0.0,0.28797385,-0.29222888,0.37746158,-0.7152295,0.099230945,-0.8847168,-0.20135213,-0.848794,0.22316025,-1.0564066,0.19659002,-1.3039747,0.18713586,-0.9998709,0.19541241,-0.7577612,-0.050261967,-0.9987361,-0.083647706,-1.296626,-0.02039827,-0.9258804,0.024228487,-0.6731892,-0.29882634,-0.88684803,-0.35937944,-1.2193496,-0.21577542,-0.8748561,-0.13251771,-0.64371675,-0.515358,-0.7136636,-0.51132727,-0.8745167,-0.35833818,-0.6815405,-0.26243964,-0.552634
p1,M,M,mock,mock,0.0,0.0,0.23453234,-0.30978563,0.22010626,-0.7451116,-0.08799382,-0.95455736,-0.3535285,-1.0277835,0.14489372,-1.0204157,0.1860547,-1.3041035,0.15573804,-1.0356549,0.14223166,-0.8014172,-0.08754489,-0.99616057,-0.05933579,-1.403905,-0.018581277,-1.1189378,0.013572866,-0.8760136,-0.32311815,-0.9099018,-0.35078502,-1.3145522,-0.22862291,-1.0666245,-0.17436348,-0.8518097,-0.52644503,-0.7496407,-0.43861032,-0.8926868,-0.28748065,-0.7427259,-0.22399646,-0.6163678
p4,M,M,mock,mock,0.0,0.0,0.24389556,-0.31908348,0.23786514,-0.6965556,0.0021288146,-0.8772403,-0.22711349,-0.9325508,0.15494509,-1.0364178,0.14739391,-1.1995045,0.18559277,-0.9181285,0.22893657,-0.69592035,-0.079046056,-0.996871,-0.1055738,-1.2552917,-0.004128315,-0.9098155,0.07495828,-0.6653721,-0.3064723,-0.89475006,-0.37418908,-1.1984698,-0.2020331,-0.8888417,-0.08307857,-0.6591009,-0.50967705,-0.7150575,-0.5342377,-0.8795616,-0.36613956,-0.7244666,-0.23393917,-0.60432875
p2,M,M,mock,mock,0.0,0.0,0.212955,-0.33120245,0.1999381,-0.70795226,0.011351257,-0.88648,-0.18790942,-0.9555696,0.09371437,-1.0535461,0.0611408,-1.2088537,0.1251725,-0.9113201,0.19248362,-0.6885723,-0.14200558,-0.98986584,-0.19662592,-1.2301586,-0.06450129,-0.8820606,0.045059364,-0.64832795,-0.36881757,-0.87100506,-0.4598893,-1.1712631,-0.26702657,-0.86432296,-0.12641566,-0.64003366,-0.5639506,-0.68445003,-0.6008132,-0.8252749,-0.41138202,-0.6743212,-0.25564536,-0.5669976
p2,M,M,mock,mock,0.0,0.0,0.29445267,-0.27950898,0.3787185,-0.7002741,0.10198509,-0.9151812,-0.18082075,-0.9297047,0.28474146,-1.0387583,0.24216543,-1.2969983,0.20551807,-1.0097835,0.20929484,-0.77143997,0.006201757,-0.99998075,-0.049198024,-1.2969134,-0.01983295,-0.9456982,0.031437386,-0.7147227,-0.24289669,-0.9012358,-0.3031378,-1.227923,-0.19696437,-0.8873579,-0.11200368,-0.65717417,-0.4573091,-0.73767185,-0.46989614,-0.87731075,-0.33629954,-0.6927195,-0.22872694,-0.573111
p1,M,M,mock,mock,0.0,0.0,0.29873058,-0.29128408,0.39926973,-0.7117148,0.14070018,-0.89839125,-0.15212213,-0.89114743,0.24265221,-1.0525664,0.22243187,-1.3108923,0.20554513,-1.0168253,0.2106997,-0.7719373,-0.03198072,-0.9994885,-0.05874896,-1.3085808,-0.0013242806,-0.9555187,0.04592811,-0.70274484,-0.28516492,-0.8926744,-0.34206632,-1.2376404,-0.20335071,-0.9101524,-0.114414774,-0.6783967,-0.50587666,-0.72457653,-0.49199772,-0.87664694,-0.33665052,-0.69422597,-0.23097523,-0.56624866
p1,M,M,mock,mock,0.0,0.0,0.2943132,-0.29427207,0.37614155,-0.7132383,0.10578262,-0.90209526,-0.18355149,-0.9058487,0.2507309,-1.0507742,0.2474414,-1.3183373,0.2276286,-1.0208083,0.22517052,-0.7795131,-0.02320185,-0.9997308,-0.03981801,-1.3119769,0.013882176,-0.95552003,0.055323638,-0.70843357,-0.27792463,-0.89718664,-0.31737858,-1.2454907,-0.1838893,-0.91116196,-0.109019615,-0.6786064,-0.5026303,-0.73347235,-0.47059494,-0.8850354,-0.32081494,-0.6970246,-0.22961266,-0.56928116
p2,M,M,mock,mock,0.0,0.0,0.31785545,-0.35878327,0.41664058,-0.77105635,0.30616498,-1.0499847,0.12875427,-1.1673713,0.32812822,-1.0014845,0.3697425,-1.3609531,0.3182897,-1.1421474,0.28164884,-0.92678446,0.07597166,-0.99710995,0.07261028,-1.3386811,0.0741732,-1.0112667,0.094008505,-0.7751675,-0.16432804,-0.94627607,-0.15907389,-1.3193239,-0.089917116,-0.98274064,-0.048752774,-0.7229628,-0.37577444,-0.8240257,-0.33176145,-0.9539067,-0.21097787,-0.72336185,-0.118081234,-0.5414008
p2,M,M,mock,mock,0.0,0.0,0.24358423,-0.31531522,0.20741592,-0.7770612,-0.12435516,-0.97662103,-0.42230794,-1.0284369,0.14572273,-1.0127004,0.19861543,-1.2811047,0.1636081,-1.0297215,0.14908859,-0.80096024,-0.08144295,-0.996678,-0.04234221,-1.3916775,-0.020120738,-1.1308675,0.0073441486,-0.89149576,-0.31798986,-0.913858,-0.3429301,-1.3321991,-0.24378252,-1.0836723,-0.19427323,-0.86252344,-0.5241559,-0.75459534,-0.42910296,-0.9128079,-0.27779472,-0.71812975,-0.21001543,-0.5468394
p1,M,M,mock,mock,0.0,0.0,0.24903105,-0.30641285,0.23663765,-0.7649896,-0.08833706,-0.9897206,-0.3826383,-1.0594717,0.14263114,-1.018227,0.1970961,-1.3224888,0.16946527,-1.0624413,0.15628137,-0.825096,-0.0861352,-0.9962835,-0.040412296,-1.4265878,-0.0050327466,-1.153843,0.02197598,-0.90978605,-0.31983882,-0.9115471,-0.3381523,-1.3526871,-0.22921236,-1.095017,-0.18601549,-0.8617236,-0.5224549,-0.7544724,-0.4159033,-0.9243481,-0.26319343,-0.73548084,-0.20868067,-0.5639227
p1,M,M,mock,mock,0.0,0.0,0.28151938,-0.29317883,0.37426496,-0.7186925,0.11102704,-0.89189607,-0.1741452,-0.87874657,0.23197277,-1.056793,0.20859875,-1.3177114,0.18829443,-1.009652,0.19502072,-0.76772475,-0.04717456,-0.99888664,-0.081444286,-1.3114438,-0.025047675,-0.93748206,0.027153334,-0.6899086,-0.3007664,-0.8880317,-0.3655839,-1.2298856,-0.22599651,-0.8827713,-0.13629994,-0.6527002,-0.52124536,-0.71586937,-0.51967245,-0.87599474,-0.37047902,-0.67895633,-0.2700807,-0.54840016
p3,M,M,mock,mock,0.0,0.0,0.24221666,-0.29036492,0.22732124,-0.73995656,-0.10855487,-0.96559894,-0.39034244,-1.0622481,0.15148515,-1.0158496,0.20474063,-1.2988397,0.17423189,-1.033782,0.1587532,-0.7977891,-0.08344771,-0.9965122,-0.037228946,-1.4086848,-0.0053978786,-1.1208643,0.020068847,-0.87813514,-0.3190026,-0.9111549,-0.33009002,-1.3297594,-0.21779196,-1.0649506,-0.17285123,-0.83934736,-0.52189535,-0.74967283,-0.42215493,-0.8990933,-0.27182907,-0.7182181,-0.21496491,-0.567313
p2,M,M,mock,mock,0.0,0.0,0.25113007,-0.29984534,0.26195276,-0.68353844,-0.0008882957,-0.877069,-0.27962756,-0.9612199,0.20599386,-1.0288848,0.27354482,-1.2703588,0.299868,-0.9635664,0.31929854,-0.70686466,-0.043672133,-0.9990459,0.0027178319,-1.3211242,0.08893029,-0.9517926,0.14445081,-0.6973993,-0.28758523,-0.9037172,-0.27679074,-1.303725,-0.12719314,-0.97119385,-0.05782122,-0.7179502,-0.5159331,-0.7316219,-0.5011987,-0.9355483,-0.34967047,-0.760274,-0.26838002,-0.6136731
p2,M,M,mock,mock,0.0,0.0,0.2854864,-0.27600652,0.34514207,-0.63912755,0.14969103,-0.84436446,-0.08594181,-0.9421897,0.30765793,-0.99734455,0.3841663,-1.239967,0.4015687,-0.9462679,0.41389874,-0.6929919,0.062336225,-0.9980552,0.120681666,-1.3185627,0.18588474,-0.9532213,0.23188433,-0.6989308,-0.1805949,-0.9348118,-0.16657919,-1.323991,-0.043198064,-0.9915559,0.02072522,-0.7402736,-0.40895924,-0.79463476,-0.40405056,-0.94468397,-0.277669,-0.7941081,-0.19874667,-0.6870337
p2,M,M,mock,mock,0.0,0.0,0.2757634,-0.27985924,0.3182176,-0.6709026,0.06614977,-0.8832278,-0.20991507,-0.9691744,0.30461606,-1.0059705,0.36499664,-1.2239919,0.3765508,-0.9224117,0.38212612,-0.6761809,0.04589568,-0.99894625,0.09000636,-1.2907988,0.15640466,-0.91642624,0.19526081,-0.6673493,-0.20466648,-0.928344,-0.18466944,-1.2877995,-0.05879095,-0.935081,-0.009534469,-0.68992996,-0.43626356,-0.78401685,-0.40435287,-0.90392005,-0.27527094,-0.7179236,-0.21447344,-0.5979256
p2,M,M,mock,mock,0.0,0.0,0.2523873,-0.3858638,0.29994237,-0.75835955,0.15997007,-0.94027996,-0.026229804,-0.9577807,0.22857997,-1.0395186,0.23147897,-1.3456795,0.1941084,-1.0556991,0.20424317,-0.8322551,-0.040267333,-0.99918896,-0.06640164,-1.329181,-0.03919408,-0.9345728,0.029771062,-0.7096673,-0.2877476,-0.9020061,-0.3377772,-1.2269257,-0.2150002,-0.8743178,-0.11351599,-0.6223898,-0.48063636,-0.71468747,-0.47894475,-0.8487688,-0.32724443,-0.6411772,-0.20129517,-0.48775777
p2,M,M,mock,mock,0.0,0.0,0.23104796,-0.38367778,0.24926114,-0.77712744,0.07054073,-0.94062394,-0.13335694,-0.9249311,0.16024487,-1.0494523,0.14260755,-1.3456774,0.12712187,-1.0610983,0.15309921,-0.8287195,-0.11077771,-0.9938452,-0.14927436,-1.3109057,-0.092469014,-0.931871,-0.015293909,-0.69413966,-0.35475886,-0.88204235,-0.4210207,-1.2113767,-0.27496526,-0.8637121,-0.1699005,-0.61289364,-0.55114937,-0.6913482,-0.5493276,-0.83040726,-0.3825898,-0.63031,-0.25637436,-0.4795816
p2,M,M,mock,mock,0.0,0.0,0.21962288,-0.35867736,0.23009858,-0.7621141,0.038810417,-0.94546944,-0.16267523,-0.94689816,0.17195784,-1.0463084,0.14044459,-1.3272562,0.118871145,-1.0385525,0.13760641,-0.80495924,-0.10636323,-0.99432737,-0.15838356,-1.2948048,-0.10333446,-0.9171985,-0.02250267,-0.68318325,-0.35593918,-0.88851947,-0.42113304,-1.2025814,-0.28053522,-0.8534573,-0.17463091,-0.610515,-0.5610177,-0.71003675,-0.5562315,-0.8295063,-0.39401442,-0.6258571,-0.2643651,-0.4802238
p4,O,O,mock,mock,0.0,0.0,0.45970437,-0.06244379,0.75100875,-0.2212141,0.9954958,-0.27993938,1.0594853,-0.39516258,0.43741643,-0.88716847,0.7946706,-0.9710392,0.98913646,-0.79118776,1.081049,-0.59993523,0.3598999,-0.9329909,0.8435055,-1.0311507,1.0413215,-0.7841703,1.0781833,-0.5346719,0.32931343,-0.90126216,0.7976565,-0.99950004,1.0039709,-0.7437985,1.0498133,-0.5093139,0.344496,-0.79775655,0.7358888,-0.9151172,0.9363845,-0.7772775,1.0340536,-0.61537194
p4,O,O,mock,mock,0.0,0.0,0.43234706,-0.037806924,0.7431101,-0.19275926,1.0011398,-0.23213127,1.0836139,-0.31308308,0.43083435,-0.89092064,0.8162321,-0.99390423,1.0246785,-0.80191797,1.1021032,-0.58554643,0.3471868,-0.937796,0.8716005,-1.0316232,1.0744619,-0.7549294,1.0919644,-0.49249932,0.31888446,-0.897376,0.8356715,-0.99943066,1.0470829,-0.71180266,1.0698501,-0.4557821,0.33697265,-0.7788536,0.7753953,-0.88427204,0.9734264,-0.7197328,1.040023,-0.54213685
p4,O,O,mock,mock,0.0,0.0,0.4441309,-0.08003241,0.7285423,-0.23629618,0.96645856,-0.28900632,1.0562885,-0.37469584,0.3824391,-0.9100504,0.78414005,-0.98361826,0.98147595,-0.79131496,1.0641242,-0.5999063,0.30457035,-0.95248985,0.83454716,-1.0131731,1.0321971,-0.74035865,1.0533481,-0.48656082,0.2847332,-0.9053646,0.7938263,-0.9984187,0.9943046,-0.7278704,1.0219641,-0.48682514,0.31726053,-0.7794653,0.7326892,-0.87377274,0.9256264,-0.71425545,1.0018822,-0.5408406
p4,O,O,mock,mock,0.0,0.0,0.4117837,-0.056708083,0.7141273,-0.2138836,0.96213216,-0.26569915,1.0583181,-0.312252,0.38333395,-0.90661716,0.79466474,-0.9664484,0.9898537,-0.75538516,1.0582042,-0.5433287,0.3034893,-0.95283484,0.8476082,-0.9911563,1.0358015,-0.6935489,1.0454276,-0.42838863,0.2838657,-0.905467,0.80348307,-0.98315686,1.0038238,-0.6931105,1.0279279,-0.4388477,0.31107607,-0.78000027,0.7406676,-0.84831434,0.93402106,-0.67601895,1.0046401,-0.49666256
p4,O,O,mock,mock,0.0,0.0,0.4842439,-0.056531597,0.7667701,-0.22341381,0.99525046,-0.31167084,1.0694541,-0.4424267,0.5534667,-0.83683586,0.9190236,-0.99449944,1.0769514,-0.7932668,1.1136636,-0.60105485,0.46346664,-0.88611436,0.9293902,-1.0471281,1.1028702,-0.7755159,1.1067897,-0.5449355,0.41804084,-0.85452247,0.8759411,-1.0439231,1.063005,-0.7748943,1.0791775,-0.54284555,0.40885633,-0.74350166,0.7813768,-0.8709537,0.97090757,-0.7160441,1.044873,-0.543583
p2,O,O,mock,mock,0.0,0.0,0.48055166,-0.11257312,0.75461036,-0.33571258,0.96574026,-0.46067435,1.0088255,-0.6123449,0.44628775,-0.8972255,0.7624413,-1.138315,0.96766937,-0.98045117,1.0372448,-0.7906348,0.34763753,-0.937629,0.7647025,-1.2125657,0.9940478,-0.99709564,1.0407894,-0.77275145,0.29738095,-0.9107376,0.7016311,-1.213664,0.9496223,-0.9906764,1.020214,-0.75685537,0.29300898,-0.7989378,0.6503045,-1.0045489,0.86907065,-0.87949497,0.9630493,-0.7077435
p3,O,O,mock,mock,0.0,0.0,0.5333418,-0.028475722,0.8313065,-0.182995,1.0655531,-0.27823827,1.1338933,-0.43597457,0.6408494,-0.77707195,0.9709061,-0.9996117,1.1265982,-0.8060014,1.1639853,-0.6012443,0.5443237,-0.8388753,0.96983254,-1.0767477,1.1472254,-0.8121489,1.1606064,-0.56467766,0.47423753,-0.8408773,0.90459454,-1.0939254,1.1013465,-0.81724054,1.1345602,-0.56233424,0.42276698,-0.7698219,0.79210985,-0.91436166,0.98480743,-0.7453201,1.0591234,-0.5521913
p3,O,O,mock,mock,0.0,0.0,0.48222327,-0.13664138,0.7500094,-0.389068,0.9672396,-0.551711,0.9941197,-0.71415305,0.36352587,-0.93478787,0.65305626,-1.2153356,0.88067806,-1.0636288,0.9847703,-0.867837,0.25504944,-0.966928,0.65586555,-1.2797616,0.91370875,-1.0669334,0.98977757,-0.83387977,0.19696692,-0.93401027,0.60101503,-1.2747939,0.8591418,-1.0531428,0.9416206,-0.81909454,0.17050128,-0.8316219,0.53028524,-1.0665474,0.760447,-0.9601244,0.86684597,-0.80189747
p3,O,O,mock,mock,0.0,0.0,0.38979816,-0.35606146,0.51440406,-0.7171806,0.65721416,-0.9593908,0.709354,-1.2324581,-0.023891507,-1.0097685,0.104726374,-1.4745502,0.41965225,-1.4658298,0.6212138,-1.3539534,-0.118545294,-0.99294865,0.037480723,-1.541803,0.4457452,-1.4910752,0.65397424,-1.2994139,-0.15819412,-0.9627838,-0.016572788,-1.495894,0.38494805,-1.4336845,0.58555233,-1.2675592,-0.12838478,-0.8932133,0.0542465,-1.2966896,0.3443355,-1.2939887,0.51945376,-1.1788746
p3,O,O,mock,mock,0.0,0.0,0.39782873,-0.30018312,0.5601537,-0.66816765,0.70176524,-0.9438704,0.7505848,-1.2351322,0.028469408,-1.0110449,0.12673047,-1.5017518,0.45387086,-1.4788015,0.6582615,-1.3397735,-0.08788405,-0.9961307,0.055675842,-1.5726811,0.4757192,-1.5125806,0.6783904,-1.2899295,-0.16287592,-0.9560168,-0.025793301,-1.5147583,0.39446086,-1.4535367,0.6033438,-1.2676338,-0.17748518,-0.87442213,0.0219512,-1.3036575,0.33890203,-1.2938732,0.52147883,-1.1546521
p3,O,O,mock,mock,0.0,0.0,0.3982026,-0.37953004,0.5147737,-0.718984,0.6445035,-0.956785,0.6896315,-1.2425292,0.032129943,-1.0253897,0.11647665,-1.4788407,0.4114608,-1.4780046,0.60911465,-1.3699145,-0.070191674,-0.9975335,0.020603089,-1.5449306,0.41471392,-1.5097644,0.6345405,-1.3216537,-0.1373431,-0.96254575,-0.051671647,-1.4875368,0.34407958,-1.4344596,0.5592123,-1.272178,-0.14598389,-0.8907816,0.023553232,-1.2788968,0.3185425,-1.2854166,0.5079074,-1.1765078
p3,O,O,mock,mock,0.0,0.0,0.35604927,-0.3077282,0.5084531,-0.6844951,0.64605546,-0.9563264,0.69784,-1.2408097,-0.014810981,-1.0118685,0.059188474,-1.4942693,0.38595873,-1.4810646,0.5990753,-1.3518018,-0.12845215,-0.9917157,-0.018122843,-1.5627879,0.40372467,-1.5157363,0.6162682,-1.3096036,-0.19616066,-0.94546765,-0.08126417,-1.4844974,0.3341326,-1.435531,0.5418248,-1.2606212,-0.20250732,-0.86031055,-0.03694266,-1.2792984,0.26710308,-1.2803546,0.44833115,-1.1476387
p3,O,O,mock,mock,0.0,0.0,0.3368473,-0.37485754,0.43526155,-0.73089164,0.5702157,-0.9651339,0.63396966,-1.1943792,-0.16381408,-0.9867869,0.03271721,-1.4339818,0.3579441,-1.4370539,0.5609217,-1.3276477,-0.24019462,-0.97072476,0.013029607,-1.5145525,0.41747588,-1.4579061,0.60627276,-1.2737916,-0.23641938,-0.9347682,-0.026381873,-1.4620813,0.36422327,-1.401473,0.5407241,-1.2328914,-0.15196036,-0.86222875,0.0476189,-1.275983,0.3295362,-1.2767034,0.49381787,-1.163683
p3,O,O,mock,mock,0.0,0.0,0.38606802,-0.36060962,0.52073693,-0.71437,0.6784371,-0.9373121,0.68027306,-1.1524258,-0.043174192,-1.0105867,0.1353066,-1.4703082,0.45110294,-1.4205717,0.6337951,-1.2571075,-0.1342075,-0.99095327,0.092573285,-1.5430348,0.5043251,-1.4399598,0.69116116,-1.2194092,-0.15254332,-0.95525324,0.046931,-1.5170171,0.44447744,-1.4095339,0.6186842,-1.2145865,-0.09283179,-0.8880924,0.111986324,-1.3031188,0.40120557,-1.2783949,0.5698512,-1.1517546
p3,O,O,mock,mock,0.0,0.0,0.36890733,-0.3541546,0.5028151,-0.69923174,0.66195595,-0.9179594,0.6688269,-1.1326602,-0.059112363,-1.0069941,0.12034637,-1.4638104,0.43348542,-1.4245137,0.6178602,-1.2607067,-0.14391965,-0.9895894,0.085515276,-1.5348649,0.4928006,-1.4390768,0.6772152,-1.21531,-0.15979458,-0.95504636,0.037795864,-1.5029509,0.43483886,-1.4096332,0.6120696,-1.213471,-0.092272244,-0.8789711,0.10846618,-1.2913057,0.3983339,-1.2735898,0.571902,-1.1458343
p3,O,O,mock,mock,0.0,0.0,0.36458513,-0.33791637,0.5242004,-0.6834243,0.6861047,-0.92179257,0.68555874,-1.1712056,0.030598655,-1.0182115,0.13507758,-1.498681,0.44604912,-1.4390117,0.6350705,-1.2746725,-0.074147545,-0.9972473,0.060795933,-1.561339,0.46479136,-1.4694774,0.66482687,-1.251886,-0.13392197,-0.96384174,-0.0013335187,-1.5040926,0.39400712,-1.407384,0.5903838,-1.2158796,-0.1416622,-0.9036913,0.027323106,-1.3026747,0.33093846,-1.2865958,0.5258584,-1.1595974
p3,O,O,mock,mock,0.0,0.0,0.372217,-0.3539459,0.5168215,-0.71221006,0.6840391,-0.9351484,0.6716485,-1.1437135,-0.08310065,-1.0081067,0.12207477,-1.4743769,0.45350018,-1.4315565,0.64906114,-1.2547598,-0.16203086,-0.9867857,0.10036922,-1.5520431,0.51987755,-1.4463644,0.7003146,-1.2127385,-0.16424155,-0.95174146,0.056611016,-1.520762,0.45962426,-1.4161154,0.6294392,-1.2093594,-0.079844266,-0.8773266,0.13682185,-1.3005373,0.42627215,-1.2718666,0.59042597,-1.1353523
p3,O,O,mock,mock,0.0,0.0,0.4059195,-0.35741878,0.54274434,-0.70652175,0.6964881,-0.92798144,0.70489645,-1.1367292,-0.006458287,-1.0171396,0.17565992,-1.4826372,0.4908415,-1.4328464,0.6794568,-1.2653626,-0.10017166,-0.99497014,0.13582058,-1.5493603,0.5450428,-1.4412439,0.7299238,-1.2122264,-0.123672,-0.9556971,0.089047335,-1.5161896,0.48285282,-1.3994519,0.65677446,-1.1983925,-0.07638139,-0.8874095,0.14360958,-1.2955244,0.43412426,-1.2665898,0.60613674,-1.1372147
p3,O,O,mock,mock,0.0,0.0,0.37641478,-0.33768183,0.5398999,-0.6487129,0.71803373,-0.8329952,0.76641166,-0.9869535,-0.016748818,-1.0273889,0.27398303,-1.4518291,0.59778816,-1.385309,0.7825044,-1.2202657,-0.09688164,-0.9952959,0.28132695,-1.5101308,0.6678422,-1.3804506,0.8396314,-1.1760986,-0.07973829,-0.9294323,0.27228254,-1.4339619,0.6487927,-1.3081073,0.8081991,-1.1210413,0.014011492,-0.81651556,0.32724437,-1.1684622,0.6122479,-1.1321148,0.7656706,-1.0234177
p3,O,O,mock,mock,0.0,0.0,0.3856243,-0.3442391,0.5502145,-0.65656096,0.72949845,-0.84154046,0.7620488,-0.9844467,-0.012147154,-1.0314592,0.28018117,-1.4461567,0.600049,-1.3803959,0.7920101,-1.2212608,-0.091959886,-0.9957627,0.2882422,-1.5000482,0.6681892,-1.3758483,0.8452684,-1.1772553,-0.075293556,-0.9257332,0.2728348,-1.4263688,0.64505506,-1.3020049,0.8123936,-1.1172585,0.020162916,-0.81184745,0.32830763,-1.1641859,0.6098824,-1.1266669,0.7703046,-1.0170556
p3,O,O,mock,mock,0.0,0.0,0.34068787,-0.3239015,0.5267867,-0.64089394,0.71562576,-0.83613795,0.7164256,-0.986985,0.0076268027,-1.0290265,0.21131292,-1.4730275,0.5387157,-1.4029726,0.73177904,-1.226961,-0.09442519,-0.995532,0.18197326,-1.5240239,0.5833597,-1.4180824,0.7716242,-1.2140045,-0.12021564,-0.92982763,0.14917813,-1.4349002,0.5427211,-1.3326477,0.7305468,-1.1507009,-0.06772787,-0.8204924,0.19837101,-1.1786442,0.49326512,-1.1540197,0.6690243,-1.0410271
p3,O,O,mock,mock,0.0,0.0,0.34536713,-0.32676587,0.5333919,-0.64613295,0.7258722,-0.84879446,0.7145119,-0.9950094,-0.019838553,-1.0259848,0.19037022,-1.4719456,0.5256201,-1.4166039,0.73207796,-1.2430423,-0.11829098,-0.992979,0.17587988,-1.5209683,0.5789218,-1.4210491,0.77382064,-1.2181455,-0.13541502,-0.92728746,0.14216517,-1.4268514,0.540057,-1.3308654,0.73434216,-1.1494143,-0.07406976,-0.8171071,0.19755724,-1.1736772,0.49708408,-1.1526592,0.68062377,-1.0426977
p3,O,O,mock,mock,0.0,0.0,0.32684037,-0.32129812,0.50179744,-0.64069337,0.68554753,-0.8361309,0.73484147,-0.97986746,-0.029884998,-1.0227687,0.18361185,-1.4725498,0.51632607,-1.4095669,0.7161159,-1.2417475,-0.12870255,-0.99168324,0.15483503,-1.5235525,0.5640886,-1.4211067,0.7597711,-1.219347,-0.14806946,-0.92820907,0.11878239,-1.4389228,0.51986605,-1.340766,0.71205366,-1.1591427,-0.0870456,-0.8221995,0.17260449,-1.1915281,0.4712746,-1.1665082,0.6493461,-1.0507116
p3,O,O,mock,mock,0.0,0.0,0.37815022,-0.33050594,0.5216452,-0.6559626,0.69387,-0.8466942,0.80956566,-0.9753273,-0.07302113,-1.013345,0.26401514,-1.4033351,0.59156656,-1.3594109,0.8092671,-1.2165624,-0.15234336,-0.9883276,0.2872977,-1.4806912,0.6753956,-1.3614562,0.8677004,-1.1591922,-0.122962646,-0.9293575,0.27504155,-1.4165547,0.6546733,-1.2971956,0.8275211,-1.1073868,-0.001100661,-0.82307416,0.34123406,-1.1561552,0.6203057,-1.1156789,0.7770966,-1.0065944
p3,O,O,mock,mock,0.0,0.0,0.37098292,-0.33155012,0.52864224,-0.6633915,0.705146,-0.8690623,0.7802105,-1.0355747,-0.01816556,-1.0119362,0.2525552,-1.4125545,0.5794298,-1.3666954,0.7882156,-1.2201416,-0.113500796,-0.9935379,0.23785682,-1.4789267,0.6312459,-1.3806903,0.82877934,-1.1852604,-0.1231493,-0.9373228,0.21172707,-1.408954,0.5945857,-1.3116299,0.7769507,-1.1342047,-0.04937376,-0.8399728,0.2597274,-1.1723678,0.5541756,-1.1471554,0.73537546,-1.0424132
p3,O,O,mock,mock,0.0,0.0,0.36606833,-0.32178342,0.53308606,-0.6505912,0.71226037,-0.8585201,0.79099745,-1.069361,0.018430686,-1.0090058,0.23193896,-1.4230242,0.5466823,-1.3732239,0.7415949,-1.2331139,-0.08546252,-0.9963414,0.19763845,-1.4750233,0.5842557,-1.3771725,0.77586347,-1.1914197,-0.120110415,-0.9448689,0.15634666,-1.4056736,0.5377808,-1.3076036,0.72046113,-1.1318437,-0.0787807,-0.8481258,0.19721584,-1.1741707,0.4936776,-1.1503462,0.67584693,-1.045092
p3,O,O,mock,mock,0.0,0.0,0.4099136,-0.32587,0.5887058,-0.6657887,0.7627382,-0.87793905,0.8603408,-1.1147499,0.07393146,-1.0165256,0.2665256,-1.462245,0.5903823,-1.4054645,0.79967755,-1.2582722,-0.03679359,-0.9993229,0.21085039,-1.5242869,0.6138565,-1.4167075,0.8235804,-1.2138056,-0.07982996,-0.944786,0.17159432,-1.4436934,0.56967956,-1.3359687,0.76798284,-1.1470842,-0.051970992,-0.8479645,0.2128791,-1.1898396,0.51894754,-1.1636266,0.7067004,-1.0505754
p3,O,O,mock,mock,0.0,0.0,0.35731342,-0.32814163,0.4953856,-0.6644707,0.67430145,-0.85930514,0.7663645,-1.0039313,-0.1177153,-1.0132953,0.20903528,-1.4297683,0.56206125,-1.3858501,0.78887,-1.2185435,-0.1927824,-0.9812415,0.24286942,-1.4800543,0.643762,-1.3548921,0.8270677,-1.1479574,-0.1632618,-0.9198021,0.23894078,-1.3838247,0.62919515,-1.2667253,0.790955,-1.0695329,-0.03283698,-0.811112,0.3143527,-1.1492296,0.5965365,-1.0976912,0.73524,-0.9698409
p2,O,O,mock,mock,0.0,0.0,0.40776813,-0.29371068,0.55500865,-0.62044054,0.704014,-0.8116965,0.65425926,-1.0010045,0.089682296,-0.98993033,0.21988462,-1.3407326,0.4763084,-1.2969185,0.6197612,-1.1202134,-0.019242914,-0.9998148,0.13948902,-1.4131793,0.45934853,-1.3679174,0.6208484,-1.1288776,-0.121532075,-1.0089498,0.028243767,-1.4294196,0.34895,-1.4029957,0.5220069,-1.2233007,-0.20350583,-0.9834616,-0.060760513,-1.3605651,0.16977152,-1.416346,0.34561995,-1.3259016
p2,O,O,mock,mock,0.0,0.0,0.35256183,-0.31508753,0.49213228,-0.6464965,0.6411059,-0.8629372,0.55737597,-1.0168117,-0.07420841,-0.97454125,0.09650955,-1.3384243,0.37164375,-1.3079453,0.52099586,-1.1464397,-0.17863,-0.98391634,0.06325487,-1.4181156,0.39573592,-1.3519522,0.5652256,-1.1433163,-0.23056556,-0.9820017,-0.00885469,-1.4244325,0.33332536,-1.3728034,0.5149534,-1.1987115,-0.22192638,-0.938941,-0.011822077,-1.3291907,0.25044036,-1.3632894,0.43683478,-1.2765245
p2,O,O,mock,mock,0.0,0.0,0.34058672,-0.28992057,0.4960858,-0.62137365,0.6601855,-0.84480965,0.567542,-0.9775462,-0.011854224,-0.9967188,0.09359472,-1.3779883,0.35422668,-1.3356243,0.50976014,-1.1749961,-0.113073245,-0.99358666,0.05174893,-1.4338826,0.36910695,-1.3718994,0.5336986,-1.163676,-0.1975591,-0.9754583,-0.041898597,-1.4207097,0.29268777,-1.374563,0.479456,-1.195826,-0.24136266,-0.9224666,-0.07526159,-1.3063322,0.17557226,-1.3420742,0.36398563,-1.2546523
p2,O,O,mock,mock,0.0,0.0,0.3978997,-0.3483863,0.5544058,-0.6459468,0.7318005,-0.83400625,0.74289817,-1.0147303,-0.06771015,-1.0050402,0.23033023,-1.3559703,0.5245124,-1.2817109,0.6936889,-1.1174031,-0.15586504,-0.98777837,0.24624376,-1.4354844,0.5931382,-1.2881389,0.74197847,-1.0650948,-0.15427862,-0.9423782,0.19599864,-1.4005866,0.542656,-1.26395,0.6879253,-1.0680829,-0.07290209,-0.84537566,0.24747907,-1.1722339,0.5149885,-1.1209909,0.6627083,-1.0031178
p2,O,O,mock,mock,0.0,0.0,0.42447782,-0.38223472,0.5571561,-0.67395204,0.718055,-0.87249345,0.7519716,-1.0891817,-0.051438473,-0.9973298,0.17998165,-1.3708273,0.46350423,-1.307955,0.62353295,-1.1518264,-0.16008787,-0.98710275,0.1746392,-1.4584944,0.5182044,-1.3326099,0.6682881,-1.1164454,-0.18354493,-0.95261943,0.13527882,-1.439985,0.4831189,-1.3096279,0.6297755,-1.1152711,-0.13175878,-0.87570035,0.18183371,-1.2102429,0.46119228,-1.1628153,0.6180735,-1.0474591
p2,O,O,mock,mock,0.0,0.0,0.40836605,-0.39022955,0.5404269,-0.7002548,0.68896556,-0.9206767,0.66980076,-1.1298904,-0.062839895,-0.9964188,0.12111933,-1.3825129,0.39720437,-1.325039,0.5576547,-1.1757693,-0.17992112,-0.983681,0.10016965,-1.4583243,0.4412322,-1.3557521,0.59748745,-1.1489496,-0.22520466,-0.9533239,0.040378567,-1.4432424,0.38593638,-1.3351105,0.5439068,-1.153248,-0.19732876,-0.8876244,0.090658955,-1.2267989,0.36875266,-1.1947389,0.5337054,-1.0916626
p2,O,O,mock,mock,0.0,0.0,0.35301688,-0.3344632,0.5224493,-0.6592457,0.682829,-0.894095,0.657822,-1.1124058,-0.026219225,-1.0081067,0.12983297,-1.3840948,0.39886463,-1.3091581,0.56266886,-1.1717371,-0.15499757,-0.98791486,0.061940506,-1.4314685,0.39440134,-1.329627,0.56906414,-1.1511219,-0.23046264,-0.9430589,-0.03191282,-1.4025239,0.30879992,-1.3067359,0.4940877,-1.1349915,-0.25129998,-0.8622214,-0.024917867,-1.1800553,0.24773182,-1.1565427,0.43282822,-1.0577958
p2,O,O,mock,mock,0.0,0.0,0.35444507,-0.43245438,0.44813958,-0.73026985,0.58628154,-0.9371135,0.57615596,-1.1050549,-0.19265822,-0.9969253,0.07135081,-1.3643088,0.35604367,-1.325771,0.5251276,-1.190766,-0.26921412,-0.96308035,0.0823196,-1.4389478,0.42172733,-1.3462702,0.5801239,-1.1606077,-0.25818098,-0.9112111,0.06120948,-1.3925889,0.40240577,-1.3026185,0.55202,-1.1361582,-0.1612224,-0.8262866,0.14132383,-1.1820341,0.406177,-1.163122,0.5517578,-1.0653647
p2,O,O,mock,mock,0.0,0.0,0.388413,-0.30207258,0.58966357,-0.5963715,0.78059965,-0.79681593,0.86539865,-1.0188364,0.0036523025,-0.9917935,0.27431986,-1.342571,0.57622015,-1.2626294,0.75696087,-1.1132795,-0.11936083,-0.99285096,0.24896337,-1.4097234,0.601814,-1.2936318,0.7830079,-1.0983974,-0.16292389,-0.96280235,0.18743695,-1.394864,0.5405988,-1.2830337,0.72190905,-1.0973601,-0.13089031,-0.8892287,0.19607323,-1.1940477,0.47794473,-1.156162,0.6557372,-1.0456692
p2,O,O,mock,mock,0.0,0.0,0.374231,-0.2758293,0.6042707,-0.5884873,0.80129105,-0.81225365,0.85370183,-1.0572896,0.072764486,-0.9917813,0.29489362,-1.3673216,0.58822405,-1.2790089,0.769508,-1.1300051,-0.057712913,-0.9983332,0.23976256,-1.4360954,0.58911014,-1.3223612,0.77533776,-1.1242231,-0.13292615,-0.9793258,0.14880387,-1.4280996,0.49945137,-1.3170147,0.68910867,-1.119292,-0.15722217,-0.91987324,0.12409389,-1.2458341,0.4067258,-1.2112049,0.5908236,-1.0882077
p2,O,O,mock,mock,0.0,0.0,0.36703026,-0.3045594,0.557206,-0.6039526,0.7388724,-0.813717,0.7939955,-1.0243872,-0.024372814,-0.98848283,0.23492005,-1.3183954,0.5291797,-1.248737,0.70949113,-1.1172626,-0.1405709,-0.99007064,0.21084084,-1.3827165,0.55326265,-1.2796211,0.7377109,-1.1028086,-0.182077,-0.9616586,0.15414403,-1.3717781,0.499166,-1.2750134,0.6833983,-1.1049398,-0.14747806,-0.88992834,0.17306261,-1.177097,0.44557318,-1.1442305,0.62257713,-1.0421734
p2,O,O,mock,mock,0.0,0.0,0.37451044,-0.27968216,0.573537,-0.5998413,0.7519179,-0.80922145,0.82482064,-1.0288569,0.017607918,-0.9862868,0.27036595,-1.3243177,0.56184876,-1.2489364,0.7392538,-1.1105844,-0.11192351,-0.99371684,0.23492375,-1.3997619,0.57796323,-1.2871768,0.7597709,-1.1028523,-0.16862956,-0.96818084,0.16119914,-1.4009554,0.50668734,-1.2898326,0.69016296,-1.1070663,-0.15264271,-0.9008261,0.16244642,-1.2038729,0.43577003,-1.1679987,0.6107985,-1.060977
p2,O,O,mock,mock,0.0,0.0,0.40143973,-0.25617114,0.634429,-0.5656801,0.8332676,-0.78431237,0.90843797,-1.027913,0.099722825,-0.9829113,0.35816538,-1.3400744,0.648806,-1.2444507,0.8247148,-1.0913534,-0.034868058,-0.9993919,0.3118199,-1.4233025,0.6575097,-1.2951927,0.83629304,-1.0891262,-0.105635144,-0.98625445,0.22558066,-1.4293342,0.5741308,-1.2990696,0.75475603,-1.0902668,-0.11455987,-0.9311862,0.20488933,-1.2427543,0.48836803,-1.1946611,0.6643742,-1.0640132
p2,O,O,mock,mock,0.0,0.0,0.3026122,-0.3302509,0.47974107,-0.62724113,0.66474146,-0.8484454,0.6415734,-1.0696957,-0.17317466,-0.95799035,0.058488972,-1.290792,0.35132617,-1.2845007,0.53790116,-1.1708608,-0.2751829,-0.96139187,0.010442972,-1.419194,0.34830588,-1.3845414,0.53945094,-1.2057507,-0.31887034,-0.94381344,-0.08630805,-1.4259274,0.26734796,-1.4105642,0.47344017,-1.2618831,-0.27772927,-0.8883422,-0.05494139,-1.2770061,0.20907116,-1.3138868,0.39562753,-1.24381
p2,O,O,mock,mock,0.0,0.0,0.42109266,0.07607268,0.7823965,0.30249584,1.0006888,0.5269779,1.1640172,0.655561,0.9873441,0.33736375,1.4305084,0.634252,1.702407,0.85763335,1.9013187,1.0391915,0.90700895,0.42111138,1.3551339,0.77039385,1.6308638,1.0458978,1.8439468,1.2827213,0.74395615,0.51009434,1.155699,0.83283913,1.4411242,1.092292,1.6648132,1.307182,0.50965047,0.60792804,0.8356376,0.86060816,1.0578918,1.0253084,1.2360284,1.1745529
p2,O,O,mock,mock,0.0,0.0,0.39956707,0.080561675,0.80653673,0.33193955,1.0757209,0.58125865,1.2945191,0.69472325,1.0409846,0.34415308,1.5404134,0.6461325,1.8490936,0.8765731,2.0837553,1.0633042,0.9202702,0.39128348,1.3764889,0.7478836,1.6615949,1.0119711,1.894166,1.2549893,0.6995584,0.44726992,1.0638623,0.7768068,1.296575,0.99279046,1.487327,1.1927686,0.4145722,0.5174548,0.67733186,0.75899434,0.8504657,0.90575504,0.9829789,1.0620849
p2,O,O,mock,mock,0.0,0.0,0.3822444,-0.36647642,0.5022453,-0.6989039,0.62619543,-0.93106943,0.5704642,-1.1240633,-0.07896935,-0.98568064,0.064801,-1.3747277,0.34085017,-1.3425684,0.5130924,-1.2135148,-0.20083688,-0.9796247,0.0024786626,-1.4555433,0.34690446,-1.4039199,0.53684586,-1.2287722,-0.26551893,-0.9606461,-0.0588344,-1.4577023,0.3013233,-1.3969586,0.4990678,-1.2284225,-0.254558,-0.91008013,-0.010659238,-1.2689958,0.2739937,-1.2703543,0.4684036,-1.1788876
p2,O,O,mock,mock,0.0,0.0,0.37060553,-0.34895965,0.49174052,-0.6703897,0.6331527,-0.8923778,0.59943914,-1.084549,-0.104462795,-0.97838527,0.08013934,-1.3634391,0.36087722,-1.3293668,0.5304268,-1.1920943,-0.21863861,-0.9758059,0.03858281,-1.4438261,0.37971702,-1.3819163,0.5564972,-1.2064606,-0.26363167,-0.9550021,-0.012961864,-1.4417738,0.34251904,-1.3745795,0.52490616,-1.2069545,-0.22559926,-0.8967027,0.047733735,-1.2459711,0.3250313,-1.2435898,0.5025541,-1.1511815
p2,O,O,mock,mock,0.0,0.0,0.3611105,-0.3506273,0.4891419,-0.7055718,0.60741836,-0.94868076,0.5495721,-1.1141179,-0.06121528,-0.9918908,0.05326429,-1.384067,0.31945986,-1.3501604,0.49851936,-1.2310262,-0.18408114,-0.98291105,-0.009226441,-1.4490285,0.32882714,-1.4004383,0.5280371,-1.2375094,-0.26147062,-0.9568264,-0.08255342,-1.4389938,0.26757982,-1.3867214,0.47758994,-1.2312093,-0.27205414,-0.9005566,-0.05113403,-1.2505063,0.22357789,-1.2661383,0.4248891,-1.191395
p2,O,O,mock,mock,0.0,0.0,0.3362384,-0.37753022,0.4269747,-0.69178987,0.5458828,-0.9125356,0.49636638,-1.105592,-0.19458385,-0.9667969,-0.0061924187,-1.3511338,0.26787034,-1.3467034,0.42562878,-1.224578,-0.2906412,-0.9568321,-0.03396405,-1.4280483,0.29928726,-1.388012,0.46380204,-1.2255211,-0.31429955,-0.9350493,-0.07074431,-1.4264903,0.27658197,-1.3812566,0.4428513,-1.2271253,-0.24859156,-0.8731472,0.014878083,-1.2493639,0.28455937,-1.2531135,0.44152942,-1.1566211
p2,O,O,mock,mock,0.0,0.0,0.32759792,-0.39322725,0.40561917,-0.6998284,0.52652293,-0.9197623,0.4824016,-1.1014202,-0.24886695,-0.9451395,-0.01316885,-1.3277991,0.2664468,-1.3362538,0.43399826,-1.223683,-0.3316231,-0.94341195,-0.022344176,-1.415045,0.3106065,-1.3745272,0.47809863,-1.2161242,-0.3286373,-0.92757523,-0.04522465,-1.4118434,0.2965624,-1.3674947,0.4633561,-1.2152042,-0.23306246,-0.87630695,0.04228221,-1.2438972,0.30690342,-1.243781,0.46565092,-1.1519994
p3,O,O,mock,mock,0.0,0.0,0.2839712,-0.38429788,0.3419021,-0.7620992,0.45275095,-0.9913009,0.45205504,-1.207045,-0.26031977,-0.9570328,-0.16277926,-1.3763553,0.123472445,-1.4270757,0.31068122,-1.3122253,-0.35542622,-0.93470436,-0.20348987,-1.4489542,0.15229402,-1.4730142,0.3356139,-1.3039296,-0.384743,-0.9034976,-0.26247615,-1.4161814,0.10626133,-1.4465163,0.29658675,-1.3114464,-0.32819647,-0.84224856,-0.17476672,-1.2813627,0.08594528,-1.3581799,0.25634724,-1.2897712
p3,O,O,mock,mock,0.0,0.0,0.3060304,-0.3583752,0.4053147,-0.7154516,0.5374956,-0.9365233,0.5561852,-1.1591818,-0.19129923,-0.9640654,-0.039337754,-1.3677696,0.2513605,-1.3922447,0.43515536,-1.2579877,-0.2830657,-0.95910054,-0.059974253,-1.4434944,0.28484896,-1.4293385,0.45464465,-1.2416346,-0.30704498,-0.9401115,-0.13019611,-1.4313908,0.23232304,-1.430073,0.41942886,-1.2771864,-0.25240195,-0.88382673,-0.07370645,-1.3007113,0.18545723,-1.3603415,0.36137158,-1.285195
p3,O,O,mock,mock,0.0,0.0,0.3024717,-0.3514525,0.40317768,-0.7034593,0.5434108,-0.9141721,0.57916516,-1.1199577,-0.17312908,-0.9709073,0.022175018,-1.3639638,0.3072576,-1.382534,0.45833576,-1.239949,-0.2630048,-0.9647945,0.0066595604,-1.4359394,0.34208903,-1.4138602,0.4796777,-1.2194455,-0.27996656,-0.94442964,-0.049415257,-1.4239961,0.29770628,-1.4112625,0.44857112,-1.2540975,-0.21555638,-0.8906458,-0.012438389,-1.3078976,0.24098782,-1.3623297,0.39455113,-1.2804855
p3,O,O,mock,mock,0.0,0.0,0.32670242,-0.3298244,0.4746662,-0.66377836,0.64977264,-0.8619661,0.66725767,-1.0484322,-0.14416231,-0.9814233,0.103718005,-1.3613157,0.40710047,-1.3612368,0.5796038,-1.1994543,-0.21344179,-0.9769558,0.14211401,-1.4264297,0.47453833,-1.3619224,0.5986605,-1.1474978,-0.2056916,-0.9564116,0.07012451,-1.4071747,0.4198462,-1.3676524,0.56777453,-1.1915661,-0.11855352,-0.88759375,0.116904296,-1.2820504,0.36732632,-1.3122681,0.5129772,-1.2155085
p3,O,O,mock,mock,0.0,0.0,0.34438092,-0.3166246,0.5147715,-0.64833087,0.7041988,-0.841887,0.73339766,-1.0368544,-0.06936208,-0.9917413,0.18720129,-1.3653575,0.49324223,-1.3392874,0.6648948,-1.1583914,-0.13742492,-0.9905122,0.22121474,-1.4286075,0.5590215,-1.3403141,0.68519694,-1.1146827,-0.13773504,-0.9698477,0.14165255,-1.416315,0.49988928,-1.3522102,0.65216243,-1.1632909,-0.06902942,-0.89743024,0.18354747,-1.277929,0.44440022,-1.2928419,0.5963565,-1.184231
p4,O,O,mock,mock,0.0,0.0,0.38707194,-0.4176481,0.45974204,-0.7904064,0.5534856,-1.0409023,0.6175867,-1.2604393,-0.05130683,-1.0178926,0.00052638334,-1.3938603,0.26816803,-1.3978921,0.48658824,-1.3115989,-0.16035196,-0.9870599,-0.072234884,-1.4404726,0.27523983,-1.4251851,0.52174425,-1.2883669,-0.22097673,-0.9265308,-0.13914949,-1.3937744,0.22750603,-1.3722717,0.49011603,-1.2424166,-0.22761273,-0.8341869,-0.09840534,-1.1886109,0.1727807,-1.2476444,0.40886408,-1.2071007
p4,O,O,mock,mock,0.0,0.0,0.38843864,-0.4049574,0.46919724,-0.7776436,0.56220263,-1.0321912,0.6324301,-1.2808105,-0.009009232,-1.0135789,0.020655693,-1.4007087,0.28476647,-1.4179767,0.48910108,-1.3274095,-0.114429176,-0.9934314,-0.05351919,-1.4628954,0.28672084,-1.4546896,0.5151318,-1.2994982,-0.17874774,-0.953251,-0.13267691,-1.4266447,0.22255991,-1.4215018,0.47046706,-1.2762576,-0.20016396,-0.87521905,-0.08325303,-1.2322481,0.18495584,-1.2915761,0.40923682,-1.22888
p4,O,O,mock,mock,0.0,0.0,0.38388348,-0.39253452,0.46901122,-0.7664539,0.5648093,-1.0202411,0.6470028,-1.2426002,0.0072603095,-1.0196766,0.033622775,-1.3933836,0.29230738,-1.3962679,0.5078304,-1.3085716,-0.09718038,-0.9952668,-0.026744649,-1.4494501,0.30791757,-1.4286989,0.5482499,-1.2888793,-0.1635124,-0.9410846,-0.1012925,-1.3979024,0.25163516,-1.376674,0.51075745,-1.2421589,-0.1862518,-0.8518309,-0.06461172,-1.192928,0.20398775,-1.2433907,0.44105598,-1.195026
p4,O,O,mock,mock,0.0,0.0,0.3847783,-0.4507181,0.43183517,-0.8213711,0.53257465,-1.0671581,0.59935486,-1.2880273,-0.11788053,-1.0020759,-0.008944077,-1.3930057,0.27465615,-1.413137,0.4835623,-1.331062,-0.20766136,-0.9782008,-0.05130728,-1.4591718,0.30829298,-1.4408478,0.5340758,-1.2910395,-0.23292367,-0.93164116,-0.10272825,-1.4232007,0.2719297,-1.4039911,0.5117732,-1.2757524,-0.19029197,-0.8552453,-0.014201622,-1.2179441,0.26386827,-1.2696747,0.4805479,-1.2260139
p4,O,O,mock,mock,0.0,0.0,0.3812266,-0.40366343,0.45606202,-0.75457144,0.5847704,-0.97660714,0.6801877,-1.1461169,-0.13494243,-1.008271,0.107728794,-1.3613961,0.4025292,-1.3460176,0.58938175,-1.2416109,-0.21000636,-0.9777,0.09908697,-1.4334928,0.44762883,-1.3713087,0.6406395,-1.2110596,-0.19989634,-0.92228943,0.07157507,-1.3903062,0.4302116,-1.3331687,0.6292592,-1.1855755,-0.10853397,-0.82906,0.16390163,-1.1743151,0.43684176,-1.2040751,0.6223739,-1.1466807
p2,O,O,mock,mock,0.0,0.0,0.3744561,-0.39889637,0.474271,-0.7121398,0.6117196,-0.9200173,0.6877998,-1.0995958,-0.18967213,-0.9860453,0.17015481,-1.3404284,0.45781797,-1.317182,0.6068353,-1.1736131,-0.22546643,-0.9742509,0.21460688,-1.4308859,0.5133861,-1.3517642,0.6326703,-1.1887788,-0.14137562,-0.93509483,0.26722893,-1.399252,0.56009555,-1.3097242,0.66075754,-1.129925,0.030906482,-0.86406803,0.37316942,-1.2258534,0.6068996,-1.2114987,0.7047117,-1.101661
p2,O,O,mock,mock,0.0,0.0,0.3789072,-0.3874077,0.50104785,-0.7374722,0.6349387,-0.9472468,0.73958737,-1.1598707,0.07700798,-1.0170395,0.17052254,-1.420204,0.42046553,-1.3924859,0.57096934,-1.2621726,-0.0142881535,-0.9998979,0.1204346,-1.458326,0.42861247,-1.4039853,0.589217,-1.2335016,-0.07686445,-0.9644091,0.03626715,-1.4170631,0.35565174,-1.3875009,0.5450094,-1.2384537,-0.104849,-0.89958,0.016999235,-1.2901263,0.26946783,-1.3420511,0.46758097,-1.2650918
p2,O,O,mock,mock,0.0,0.0,0.3524674,-0.33357367,0.495821,-0.68321115,0.61943156,-0.90355045,0.68077034,-1.1269368,0.20753759,-1.0032855,0.25896162,-1.3912871,0.46089348,-1.3517628,0.5819063,-1.20446,0.09066004,-0.9958819,0.1523587,-1.4236509,0.39512098,-1.3774308,0.5236124,-1.2038099,-0.036147196,-0.9626629,0.002312447,-1.3759301,0.25998774,-1.3676258,0.4223602,-1.2123133,-0.16055189,-0.892813,-0.10877885,-1.2388716,0.09263246,-1.3103642,0.26475424,-1.245881
p2,O,O,mock,mock,0.0,0.0,0.31117,-0.4241994,0.37131354,-0.8017388,0.44540393,-1.043018,0.45343044,-1.2487024,0.07638379,-1.0301507,0.026096229,-1.4154518,0.22078197,-1.4073249,0.36165917,-1.300761,-0.017917333,-0.9998395,-0.07198137,-1.4353375,0.17231491,-1.4231724,0.3251343,-1.275052,-0.12317393,-0.94644535,-0.18546614,-1.3787524,0.062426195,-1.3979174,0.24118428,-1.2711118,-0.23183143,-0.8630637,-0.26580152,-1.2404658,-0.08230853,-1.3384515,0.097905084,-1.2958564
p2,O,O,mock,mock,0.0,0.0,0.3146459,-0.30716878,0.48046595,-0.66378444,0.5772776,-0.95047814,0.46350804,-1.1525307,0.19381692,-0.99221873,0.22039752,-1.3417248,0.3679933,-1.3175372,0.46284238,-1.190307,0.040787634,-0.99916786,0.0608809,-1.3969316,0.23856403,-1.3853534,0.350619,-1.2256494,-0.122812994,-0.96971786,-0.13144608,-1.3436636,0.058256976,-1.3666787,0.20434123,-1.2292336,-0.298716,-0.903388,-0.31862745,-1.2159505,-0.16956237,-1.3020349,-0.010660858,-1.2461532
p2,O,O,mock,mock,0.0,0.0,0.28356552,-0.44422984,0.3070791,-0.8080768,0.4062861,-1.0429082,0.38846484,-1.2437577,-0.37914172,-0.9230335,-0.22177915,-1.377275,0.0658034,-1.4565744,0.27322447,-1.3710171,-0.42337692,-0.90595365,-0.19945595,-1.4496098,0.14827643,-1.4707918,0.33898667,-1.3145899,-0.3775753,-0.890175,-0.21728219,-1.4323065,0.13438983,-1.45668,0.3234783,-1.3237385,-0.24582012,-0.85831857,-0.110906295,-1.3165786,0.13422339,-1.3971121,0.30301684,-1.3463211
p2,O,O,mock,mock,0.0,0.0,0.33511454,-0.39660025,0.40251598,-0.78703934,0.4831005,-1.0381999,0.51504654,-1.2782917,-0.013375855,-0.99947685,-0.059861127,-1.3598615,0.14730053,-1.4100845,0.32028985,-1.3444717,-0.11964949,-0.9928162,-0.14424263,-1.4105457,0.12074448,-1.4617523,0.31882784,-1.3313535,-0.22079226,-0.9625477,-0.24309008,-1.4054755,0.031439338,-1.4679047,0.25590798,-1.352535,-0.29945675,-0.88963103,-0.2498869,-1.2604042,-0.049677126,-1.3929558,0.14964734,-1.3880315
p2,O,O,mock,mock,0.0,0.0,0.25466812,-0.40962046,0.26010904,-0.7635248,0.3582304,-1.0201414,0.4020698,-1.2541182,-0.47166052,-0.8826138,-0.21063435,-1.3557166,0.08058527,-1.4311353,0.27951378,-1.3449888,-0.4957807,-0.8684478,-0.16100055,-1.4490751,0.16895089,-1.4646897,0.34944394,-1.3277626,-0.394304,-0.85967445,-0.09909419,-1.4218595,0.22159359,-1.4359415,0.3698215,-1.2953752,-0.20401864,-0.8452581,0.033716463,-1.3118542,0.26533496,-1.4040562,0.38744825,-1.3639778
p2,O,O,mock,mock,0.0,0.0,0.39298606,-0.3098896,0.55781686,-0.66888064,0.74494386,-0.86811036,0.82186913,-1.072603,-0.07800885,-1.0139275,0.1719927,-1.4184883,0.5126901,-1.3924925,0.7135297,-1.2257102,-0.15494362,-0.9879233,0.19902505,-1.465159,0.5830919,-1.3870062,0.7492717,-1.1741519,-0.14987959,-0.9301664,0.15982758,-1.405717,0.5446394,-1.3399271,0.7184415,-1.1626692,-0.05814162,-0.8117806,0.21675166,-1.1975807,0.51433223,-1.2263036,0.6915102,-1.1449782
p2,O,O,mock,mock,0.0,0.0,0.31998163,-0.3897489,0.40684348,-0.7945474,0.51918745,-1.0581516,0.53041047,-1.3104022,-0.021751747,-1.0041718,-0.043899532,-1.361464,0.16998227,-1.4242586,0.348827,-1.3796549,-0.13481785,-0.9908704,-0.11857837,-1.4155889,0.15206054,-1.4728242,0.35577932,-1.3590642,-0.23381649,-0.9504703,-0.22248499,-1.396823,0.06065219,-1.4655889,0.29247087,-1.3659703,-0.30309254,-0.86895275,-0.22883704,-1.241847,-0.019583896,-1.3813429,0.18686864,-1.387745
p4,O,O,mock,mock,0.0,0.0,0.41219342,-0.049072567,0.7563195,-0.28012475,1.0376166,-0.4298903,1.0234344,-0.58371276,0.5747064,-0.81708926,0.8439623,-1.1162734,0.9917424,-1.0015824,0.99400663,-0.7846373,0.44078624,-0.8976121,0.7352635,-1.2440388,0.90123695,-1.1179107,0.91110253,-0.87991303,0.2812281,-0.9491022,0.5355244,-1.3023409,0.74871975,-1.222503,0.82125187,-1.019036,0.09831012,-0.9595507,0.28886652,-1.2587383,0.5117093,-1.3010093,0.68057543,-1.2165976
p3,O,O,mock,mock,0.0,0.0,0.4249174,-0.054384965,0.76262826,-0.27524292,1.0440973,-0.41819507,1.0483563,-0.6027186,0.5883218,-0.8077526,0.8580909,-1.0991355,1.0057665,-0.968629,1.0145644,-0.7547759,0.4517018,-0.892169,0.7464399,-1.2502897,0.9224489,-1.1135218,0.9452242,-0.8752407,0.28921375,-0.9459983,0.54229444,-1.3254446,0.766776,-1.2434896,0.8509261,-1.038816,0.10795245,-0.9578222,0.30103028,-1.2669668,0.52300173,-1.3062829,0.6926684,-1.2176713
p1,O,O,mock,mock,0.0,0.0,0.40915176,-0.05705321,0.75188226,-0.2883428,1.0274029,-0.43788424,1.0204716,-0.59805375,0.5713159,-0.8136877,0.83183724,-1.0893309,0.97618943,-0.97317225,0.9800894,-0.7600806,0.44203982,-0.8969954,0.72658813,-1.22831,0.8913426,-1.1067723,0.90486616,-0.8746147,0.28182328,-0.9489879,0.52112854,-1.311383,0.73772323,-1.2424736,0.82144904,-1.0486892,0.09675852,-0.9603692,0.2852113,-1.2569132,0.5013844,-1.304585,0.66667926,-1.2268956
p4,O,O,mock,mock,0.0,0.0,0.41616693,-0.066105604,0.7429666,-0.29606032,1.0203298,-0.4426965,1.0004307,-0.6187506,0.5581088,-0.82738066,0.79462445,-1.1102953,0.94918984,-0.98746514,0.96931535,-0.7792756,0.42443094,-0.9054603,0.69467765,-1.249487,0.8716752,-1.1291298,0.8966336,-0.90356207,0.2634831,-0.9539708,0.49430665,-1.3191364,0.7180703,-1.2514722,0.8075139,-1.0617172,0.07956359,-0.9604491,0.27370536,-1.2755967,0.49555585,-1.3260181,0.66738564,-1.2475649
p2,O,O,mock,mock,0.0,0.0,0.5531901,-0.08196183,0.8371962,-0.29416955,1.0502483,-0.43336082,1.1608566,-0.65374225,0.6228909,-0.7905683,0.8617047,-1.1250825,1.0732648,-1.0088952,1.1480184,-0.81561923,0.53220683,-0.84661436,0.81329054,-1.2732313,1.094862,-1.0927099,1.1391673,-0.8063789,0.4419576,-0.8875214,0.70780075,-1.3044106,1.0001066,-1.123111,1.0899502,-0.87066364,0.36019048,-0.8715207,0.6499732,-1.1370498,0.8975024,-1.0284393,1.0099962,-0.8335577
p2,O,O,mock,mock,0.0,0.0,0.50846267,0.10447564,0.82726705,0.083363675,1.0682961,0.1552188,1.2645774,0.26147327,0.7641405,-0.64967537,1.1586941,-0.29702514,1.2387378,0.051454872,1.2635355,0.31441897,0.6878995,-0.725806,1.1888169,-0.27687383,1.2719012,0.14662026,1.280041,0.4429822,0.6237953,-0.68150824,1.1636074,-0.29252544,1.2729038,0.1442551,1.2827668,0.45297244,0.5735686,-0.536161,1.0149317,-0.19891742,1.1379212,0.12127339,1.1877378,0.36495715
p2,O,O,mock,mock,0.0,0.0,0.5122935,-0.06718092,0.7720452,-0.28254434,0.9990501,-0.4096349,1.1147873,-0.6266636,0.5735246,-0.80542225,0.8526155,-1.1160893,1.0659454,-0.99208987,1.121126,-0.7989255,0.49321425,-0.86990786,0.80985534,-1.2732269,1.0874907,-1.1037797,1.1278985,-0.84403336,0.41609892,-0.9177185,0.72708565,-1.3256664,1.0199018,-1.1377093,1.0903883,-0.89153504,0.3554565,-0.8986173,0.6937117,-1.1469573,0.9361282,-1.0324223,1.0246298,-0.84605473
p2,O,O,mock,mock,0.0,0.0,0.51277846,-0.13155006,0.78580564,-0.33224392,0.9906287,-0.45322698,1.0920463,-0.6204925,0.5292236,-0.8334743,0.791722,-1.0610838,1.0035938,-0.93580437,1.0624703,-0.7438351,0.4736308,-0.8807235,0.81368476,-1.1761618,1.0633478,-0.9774023,1.0972946,-0.72578573,0.44495705,-0.8975572,0.764074,-1.203294,1.0275085,-1.0138193,1.0869901,-0.77810663,0.46415398,-0.85212237,0.7759663,-1.0733496,1.0043219,-0.9610724,1.0967287,-0.790338
p2,O,O,mock,mock,0.0,0.0,0.50691044,0.020392034,0.88043666,-0.14504707,1.1690916,-0.2959522,1.1781434,-0.5102974,0.8392984,-0.5721983,1.119534,-0.8163973,1.1862421,-0.6413537,1.1660342,-0.45823947,0.7369006,-0.6760011,1.0401258,-0.9855419,1.1715646,-0.7786384,1.152434,-0.55145526,0.60307693,-0.75202525,0.9139424,-1.0924784,1.0831524,-0.87524635,1.1117568,-0.6162075,0.44653273,-0.7779972,0.716073,-0.93612534,0.9294131,-0.8074287,1.0544183,-0.61429685
p2,O,O,mock,mock,0.0,0.0,0.4378099,0.14121655,0.888638,0.002731909,1.2420639,-0.16197462,1.2630007,-0.4281342,0.8312489,-0.48486435,1.0806912,-0.63152957,1.2104979,-0.4994712,1.2262149,-0.3325081,0.7636001,-0.6456894,1.0554197,-0.8881778,1.2226262,-0.72371715,1.2384541,-0.49743333,0.6606409,-0.77909535,0.9842793,-1.0713468,1.1823443,-0.878129,1.21722,-0.61589986,0.525922,-0.86549985,0.84914404,-0.9763573,1.0728941,-0.83129734,1.1877548,-0.6086457
p2,O,O,mock,mock,0.0,0.0,0.3939218,0.24786557,0.89947796,0.18250236,1.2972353,-0.06425118,1.3032377,-0.40806764,0.85817456,-0.40216148,1.1976041,-0.5468266,1.1789393,-0.3381946,1.0437595,-0.17554474,0.7772562,-0.6291842,1.1867833,-0.9120229,1.2385076,-0.62933755,1.1219603,-0.36669022,0.6494557,-0.8038908,1.0986481,-1.1655742,1.2408781,-0.8566609,1.2283345,-0.5608608,0.47038567,-0.91448295,0.8322898,-1.0283405,1.0504429,-0.7748004,1.1596835,-0.5041102
p2,O,O,mock,mock,0.0,0.0,0.4902962,0.19073902,0.93816507,0.08883984,1.3047022,-0.07923987,1.3249503,-0.35689378,0.9144557,-0.32727095,1.2253408,-0.43000832,1.2845566,-0.2975529,1.2696097,-0.1652002,0.8756522,-0.48294222,1.2259543,-0.699134,1.317169,-0.5482972,1.2753946,-0.37258306,0.80381244,-0.6261226,1.1813412,-0.8969171,1.2713865,-0.69982296,1.2071769,-0.45514557,0.70053226,-0.75159466,0.97869575,-0.88944906,1.1657236,-0.7445308,1.2463162,-0.5229785
p2,O,O,mock,mock,0.0,0.0,0.5345502,-0.075050674,0.83356386,-0.23195067,1.0612519,-0.3037123,1.19108,-0.42504233,0.5331501,-0.84297645,0.8923986,-1.0038251,1.0508784,-0.8079381,1.0893406,-0.6130163,0.4364387,-0.899734,0.9155245,-1.0496563,1.0762239,-0.79226786,1.0897588,-0.5470684,0.37310553,-0.88858855,0.84308857,-1.1168597,1.0561082,-0.88987696,1.1458608,-0.6587817,0.33949217,-0.8145253,0.6919281,-1.0465403,0.93620086,-0.96493727,1.1135249,-0.82530046
p2,O,O,mock,mock,0.0,0.0,0.5306625,-0.065553136,0.860211,-0.22197892,1.1249534,-0.31389034,1.2063078,-0.47243455,0.5445229,-0.84842235,0.8839548,-1.0368943,1.0776012,-0.8453284,1.1397808,-0.63300174,0.43250978,-0.90162927,0.87409264,-1.1410046,1.1022121,-0.9022986,1.1749772,-0.6285904,0.36510247,-0.89223415,0.8149023,-1.1667092,1.0732179,-0.94724876,1.1916597,-0.6849357,0.33674413,-0.8107224,0.69664085,-0.9930509,0.95770997,-0.91353464,1.1442459,-0.77189034
p2,O,O,mock,mock,0.0,0.0,0.5142298,-0.06862574,0.8249846,-0.24022473,1.0703031,-0.31349254,1.1720384,-0.43001074,0.5060457,-0.871084,0.8958643,-1.0444462,1.0920687,-0.84062344,1.156722,-0.6199706,0.40407148,-0.9147274,0.90896106,-1.08781,1.128202,-0.8300763,1.1786416,-0.55213535,0.3452624,-0.8792161,0.82944596,-1.1027138,1.0820594,-0.8737826,1.1877989,-0.62020004,0.31843805,-0.76720876,0.6960818,-0.961908,0.95459074,-0.89581776,1.1277076,-0.76787347
p2,O,O,mock,mock,0.0,0.0,0.4685294,0.0077163805,0.8601038,-0.16332465,1.155789,-0.25041637,1.3133104,-0.39708292,0.5276163,-0.81638914,0.9598842,-1.0545224,1.2114606,-0.8737418,1.3063968,-0.645499,0.43234453,-0.9017085,0.973481,-1.1240783,1.2399949,-0.85262036,1.3139315,-0.5535154,0.39921916,-0.9068535,0.9352761,-1.1228513,1.201154,-0.8839988,1.2947061,-0.63353884,0.41514632,-0.84789836,0.8403482,-1.0297351,1.0967278,-0.93114585,1.2457936,-0.79074574
p2,O,O,mock,mock,0.0,0.0,0.34020564,-0.32865524,0.49954504,-0.6289573,0.71121603,-0.80852085,0.91656196,-0.9284249,-0.014999629,-1.0096252,0.3748406,-1.3215197,0.6628811,-1.2190678,0.79591423,-1.0575353,-0.054206267,-0.99852973,0.43073937,-1.3578764,0.71392417,-1.1896662,0.7919939,-1.0094721,-0.0038500694,-0.9390683,0.4043658,-1.3117279,0.6849485,-1.1632115,0.7614838,-0.971751,0.11797853,-0.8347062,0.43583572,-1.1580812,0.6523465,-1.0883971,0.72776806,-0.943926
p1,O,O,mock,mock,0.0,0.0,0.38801026,-0.4251873,0.5361544,-0.7798687,0.69601226,-0.9981812,0.68573654,-1.1284466,-0.09341357,-1.0758787,0.15876547,-1.5011632,0.4606454,-1.4130808,0.6122403,-1.2472773,-0.1563598,-0.98770016,0.2083591,-1.4922106,0.52397263,-1.3500146,0.634405,-1.1744056,-0.11579429,-0.8697085,0.16321033,-1.3424388,0.4856837,-1.2525328,0.62205637,-1.0892707,0.0031894105,-0.715896,0.21602507,-1.1035545,0.46476522,-1.1154842,0.61481327,-1.0277737
p4,O,O,mock,mock,0.0,0.0,0.35560662,-0.32483563,0.4937095,-0.62773186,0.6878374,-0.8210971,0.9051931,-0.94262755,-0.034485932,-1.0214272,0.33784267,-1.3590946,0.63261414,-1.2706193,0.7745097,-1.1235766,-0.100257,-0.99496156,0.36619788,-1.3878225,0.66556996,-1.2205639,0.76051694,-1.0482353,-0.066865504,-0.9218289,0.3484018,-1.3048116,0.6362539,-1.1490978,0.7122147,-0.96571356,0.042467445,-0.8073789,0.38110116,-1.1272041,0.6091777,-1.0627562,0.68894804,-0.938383
p3,O,O,mock,mock,0.0,0.0,0.38194215,-0.34014443,0.5213187,-0.62875605,0.71702766,-0.82690924,0.9004172,-1.0077208,-0.10703172,-1.0093075,0.3376034,-1.2718784,0.64534456,-1.253707,0.8523135,-1.1883199,-0.13630877,-0.9906664,0.39108548,-1.3433043,0.71237606,-1.2765402,0.8969914,-1.1343693,-0.06716703,-0.92156947,0.39256582,-1.2853253,0.7106365,-1.223891,0.8715725,-1.0941236,0.07568801,-0.8082344,0.41573238,-1.129228,0.6528826,-1.1619413,0.79560155,-1.1169226
p3,O,O,mock,mock,0.0,0.0,0.375105,-0.35034284,0.51649016,-0.6242776,0.7147347,-0.8088879,0.9049673,-0.9670511,-0.07428672,-1.0156949,0.35592768,-1.2557298,0.6503272,-1.2239281,0.8491885,-1.1553696,-0.09973788,-0.9950138,0.41632974,-1.3058932,0.7145266,-1.2410266,0.8849773,-1.1142628,-0.032403577,-0.9199886,0.41926846,-1.2436204,0.7187034,-1.188305,0.8748378,-1.0691853,0.105141334,-0.8060988,0.42919555,-1.0940131,0.6523301,-1.1276006,0.7927569,-1.0886446
p1,O,O,mock,mock,0.0,0.0,0.37693638,-0.3442205,0.53114873,-0.6204196,0.742667,-0.79360306,0.9337147,-0.9398018,-0.063668065,-1.0186734,0.37805074,-1.2492151,0.6756105,-1.2118337,0.8839797,-1.1346031,-0.08785577,-0.9961332,0.44218898,-1.2893759,0.7355483,-1.214106,0.9050654,-1.0739934,-0.021292273,-0.91956663,0.43880385,-1.2182407,0.73924196,-1.1567658,0.9017082,-1.0321075,0.11347087,-0.8010985,0.44412357,-1.0765624,0.6738761,-1.1025158,0.8238625,-1.0551094
p1,O,O,mock,mock,0.0,0.0,0.40992758,-0.36575705,0.5613773,-0.64421856,0.759027,-0.81074405,0.9395573,-0.95225745,-0.014956236,-1.039402,0.41477957,-1.2497333,0.7097442,-1.1915283,0.90998876,-1.1111517,-0.0518947,-0.9986526,0.48556766,-1.3125368,0.78938884,-1.2183927,0.9540334,-1.070274,0.0029406557,-0.91280574,0.46653017,-1.2429491,0.7738435,-1.1597515,0.9221839,-1.019531,0.12838157,-0.79452074,0.4731304,-1.0597043,0.70716816,-1.0704024,0.84491694,-1.0133654
p4,O,O,mock,mock,0.0,0.0,0.45493305,-0.2905573,0.66530937,-0.5020383,0.8977757,-0.6088663,1.022341,-0.7008292,0.13937333,-1.0070739,0.5199709,-1.225455,0.78440094,-1.143332,0.93521655,-1.0126544,0.09149785,-0.99580526,0.6290974,-1.2709014,0.89443815,-1.1226717,0.99213123,-0.91703165,0.1183531,-0.9373084,0.5974552,-1.2286634,0.8804804,-1.1016837,0.9962832,-0.91727346,0.20956628,-0.825851,0.57586825,-1.0658181,0.8191591,-1.0686114,0.9719135,-1.0122331
p3,O,O,mock,mock,0.0,0.0,0.44862032,-0.26659936,0.67780375,-0.49514577,0.9135525,-0.603798,1.0167472,-0.7263482,0.1343433,-0.99964464,0.52278644,-1.2190543,0.80051994,-1.148327,0.96687675,-1.0166861,0.089391895,-0.99599653,0.62948513,-1.2742646,0.90841997,-1.135892,1.0196793,-0.9221267,0.11705126,-0.9439009,0.59003735,-1.2278357,0.889122,-1.1179168,1.0197433,-0.9381191,0.21252017,-0.82323384,0.5824114,-1.0585309,0.82822496,-1.066628,0.98144406,-1.0124816
p4,O,O,mock,mock,0.0,0.0,0.3911744,-0.41996947,0.55609506,-0.76746476,0.7263569,-0.98767984,0.6991654,-1.1277388,-0.0819486,-1.068484,0.16325244,-1.5014952,0.46375698,-1.4198496,0.6158658,-1.250335,-0.14403278,-0.98957294,0.21906962,-1.4944283,0.5283635,-1.3628813,0.63687325,-1.1891738,-0.10849841,-0.8765933,0.17649809,-1.3448709,0.49649897,-1.262796,0.6347249,-1.0986869,0.006022217,-0.72104716,0.22588763,-1.1017498,0.47871011,-1.1179514,0.6355274,-1.0314267
p4,O,O,mock,mock,0.0,0.0,0.37867004,-0.34322405,0.5383239,-0.61877865,0.74882245,-0.7926524,0.929245,-0.9404743,-0.053571936,-1.0185641,0.38420382,-1.2374989,0.681094,-1.1909595,0.8897107,-1.1087655,-0.080339946,-0.9967675,0.44721937,-1.2809153,0.7430176,-1.1889371,0.91077286,-1.0391917,-0.016552962,-0.9200811,0.4436312,-1.2152423,0.7471648,-1.135192,0.9082941,-0.9988617,0.113763176,-0.80124855,0.44923446,-1.0688989,0.68186116,-1.0770648,0.82990205,-1.0166023
p2,O,O,mock,mock,0.0,0.0,0.38110107,-0.41701424,0.54007316,-0.7588114,0.7025724,-0.9788889,0.6789057,-1.1205055,-0.08683485,-1.0643841,0.1653057,-1.4873955,0.46307635,-1.3974777,0.6087537,-1.2294743,-0.14462471,-0.9894866,0.22225691,-1.4919505,0.5287312,-1.35041,0.6319744,-1.1736245,-0.10694633,-0.8840824,0.18120505,-1.3494098,0.49697283,-1.2621608,0.62853736,-1.0938131,0.008460421,-0.74127233,0.2343664,-1.1227839,0.48214868,-1.1230059,0.6277405,-1.0198026
p3,O,O,mock,mock,0.0,0.0,0.38388726,-0.23985393,0.5665639,-0.46908924,0.774929,-0.5850635,0.89392257,-0.68482244,0.24063832,-0.9872022,0.66317415,-1.2495763,0.8487048,-1.0511899,0.84870136,-0.85035896,0.18330571,-0.98305595,0.72594327,-1.2918718,0.9082802,-1.035178,0.8701523,-0.844262,0.2064091,-0.90599126,0.70615333,-1.2328333,0.88651866,-0.9811909,0.83862215,-0.7792431,0.28776515,-0.7818467,0.686534,-1.0192829,0.83755803,-0.86222994,0.8181887,-0.6952937
p3,O,O,mock,mock,0.0,0.0,0.38703305,-0.2471017,0.56193817,-0.47402513,0.7664173,-0.5874905,0.89787066,-0.6864658,0.23179722,-0.9917876,0.65053314,-1.2501044,0.84470195,-1.0599126,0.8563422,-0.85771185,0.17213954,-0.98507255,0.71481615,-1.2830939,0.9051291,-1.025752,0.87258744,-0.83089834,0.19562154,-0.9071781,0.6935167,-1.2287421,0.8806344,-0.97880745,0.83418286,-0.7766062,0.27816147,-0.783426,0.67779243,-1.0154197,0.8298001,-0.86060333,0.80973476,-0.69338214
p3,O,O,mock,mock,0.0,0.0,0.38909608,-0.2535961,0.56413084,-0.4957077,0.75842464,-0.6169635,0.8769685,-0.7183003,0.21594523,-1.005453,0.62421024,-1.2935479,0.8335312,-1.1041596,0.8602964,-0.8977451,0.1420901,-0.98985374,0.6795823,-1.3113683,0.88255084,-1.0460148,0.8588603,-0.8485992,0.15202959,-0.907921,0.6378567,-1.2507716,0.84143853,-1.0013379,0.81276935,-0.79419607,0.21946956,-0.7793523,0.61092126,-1.0373857,0.78726536,-0.8935658,0.7945176,-0.7330235
p3,O,O,mock,mock,0.0,0.0,0.33713153,-0.3957127,0.4774397,-0.6484026,0.6571626,-0.79928523,0.81917894,-0.92038995,-0.11097445,-1.0217454,0.21774794,-1.291551,0.4712484,-1.262689,0.64207816,-1.188514,-0.16309789,-0.9866099,0.26965314,-1.3591757,0.5485742,-1.2835848,0.70395535,-1.1204411,-0.13604528,-0.9126444,0.220491,-1.2931588,0.516622,-1.2391802,0.68693167,-1.1046858,-0.037005,-0.8099463,0.23068844,-1.1117618,0.45503536,-1.2018176,0.62108195,-1.2258505
p3,O,O,mock,mock,0.0,0.0,0.3138378,-0.41892558,0.44607443,-0.66253966,0.6271066,-0.81376123,0.78473544,-0.9429414,-0.1425933,-1.0141668,0.1747524,-1.3038261,0.43255544,-1.2625637,0.6024375,-1.1847402,-0.19227757,-0.9813406,0.2311496,-1.3559527,0.51115197,-1.2881805,0.66682255,-1.1450151,-0.16724978,-0.9058537,0.18973112,-1.2879028,0.48491853,-1.2479054,0.65866214,-1.1265879,-0.07451553,-0.80366206,0.20120096,-1.1071846,0.4316454,-1.1888818,0.60176957,-1.1999357
p3,O,O,mock,mock,0.0,0.0,0.32312697,-0.4344397,0.45540583,-0.67192525,0.62329316,-0.820754,0.7640536,-0.94974357,-0.14670788,-1.0227889,0.17389302,-1.3054879,0.42482483,-1.2566326,0.57976323,-1.1766763,-0.20170595,-0.9794461,0.21885514,-1.3569387,0.49331507,-1.2718903,0.6369553,-1.113459,-0.17965625,-0.90168476,0.17905629,-1.2974745,0.47099733,-1.2425734,0.6331534,-1.1119999,-0.08806488,-0.8038284,0.19077027,-1.1033087,0.42355537,-1.1875397,0.58987516,-1.2046837
p4,U,U,mock,mock,0.0,0.0,0.35412028,-0.13502713,0.58789486,-0.4952263,0.48465672,-0.7226801,0.19904794,-0.67517936,0.39446074,-0.971626,0.37170997,-1.4297062,0.34452686,-1.710483,0.31256425,-1.9453821,0.111838005,-0.99372643,0.12154147,-1.5006157,0.17820926,-1.829682,0.20369914,-2.1060998,-0.13589679,-0.90168196,-0.08365283,-0.88881594,0.032334343,-0.5900243,0.10285649,-0.38454095,-0.33135766,-0.75505865,-0.22926813,-0.65666956,-0.10766127,-0.45172897,-0.023826618,-0.32138798
p4,U,U,mock,mock,0.0,0.0,0.31711963,-0.1746825,0.5162159,-0.51178324,0.41426003,-0.7191845,0.1513003,-0.6639645,0.33862704,-0.97438645,0.33178118,-1.3745489,0.30518362,-1.6199714,0.274108,-1.8329303,0.07137194,-0.99744976,0.09675898,-1.4289211,0.1433397,-1.7222059,0.15387987,-1.9689643,-0.1556277,-0.90683514,-0.053534053,-0.86087114,0.07527253,-0.5992171,0.13247456,-0.41497034,-0.34041584,-0.75460106,-0.19614954,-0.6424566,-0.07347833,-0.469028,-0.006263525,-0.3532766
p4,U,U,mock,mock,0.0,0.0,0.299586,-0.16502644,0.5326751,-0.49395403,0.43173403,-0.69988453,0.15292902,-0.6329898,0.3347505,-0.97752255,0.3187979,-1.4024312,0.2899836,-1.6486332,0.25605085,-1.8675668,0.075106695,-0.9971755,0.08226727,-1.4633121,0.12642403,-1.7558215,0.1336419,-2.0137687,-0.14715832,-0.9146895,-0.07017786,-0.8711421,0.034010086,-0.60048664,0.07041462,-0.4308669,-0.33353484,-0.7777952,-0.20588948,-0.6768765,-0.10915976,-0.47494626,-0.0697554,-0.34939173
p4,U,U,mock,mock,0.0,0.0,0.321282,-0.16996571,0.5490095,-0.5034938,0.4290778,-0.7178103,0.14749284,-0.660194,0.36679646,-0.97586864,0.3515266,-1.4159781,0.31944236,-1.6667826,0.2820181,-1.8864777,0.10515744,-0.9944556,0.109499596,-1.4829484,0.1450835,-1.7842286,0.14614642,-2.0458229,-0.1213948,-0.91008264,-0.06299836,-0.89591277,0.04375749,-0.6202749,0.09080135,-0.4403679,-0.3084812,-0.7744584,-0.19724758,-0.7016871,-0.08769989,-0.49831033,-0.026659958,-0.36488336
p3,U,U,mock,mock,0.0,0.0,0.3105888,-0.17024708,0.5012602,-0.5013613,0.41937724,-0.76176566,0.22706002,-0.89813566,0.3996415,-0.9385367,0.43787837,-1.326432,0.44500154,-1.5773501,0.44851074,-1.8020886,0.13633883,-0.9906623,0.19042851,-1.3775957,0.22615494,-1.6811891,0.23598105,-1.9334497,-0.1082463,-0.93917745,-0.020691492,-0.8849333,0.06073228,-0.5563283,0.11562059,-0.3172806,-0.32852393,-0.81241494,-0.21590354,-0.70571697,-0.096889734,-0.46511593,-0.011247148,-0.29203147
p1,U,U,mock,mock,0.0,0.0,0.376072,-0.120330885,0.5893394,-0.4924522,0.49114084,-0.79641634,0.2741659,-0.99380827,0.4583386,-0.97444767,0.46435806,-1.4423685,0.46268272,-1.7277071,0.45650318,-1.9698507,0.2028284,-0.9792143,0.19894658,-1.4792794,0.22507313,-1.8128095,0.2097908,-2.0996299,-0.05507961,-0.89029557,-0.0035884865,-0.9995828,0.09173705,-0.64517635,0.15375103,-0.39940834,-0.2831407,-0.74602205,-0.18443614,-0.82490146,-0.054660864,-0.56096715,0.04339431,-0.34898308
p2,U,U,mock,mock,0.0,0.0,0.32808813,-0.06623323,0.53690267,-0.39940885,0.411712,-0.68929654,0.17390084,-0.8612693,0.4154155,-0.9195202,0.44020605,-1.3544084,0.439627,-1.6423022,0.43316728,-1.8909686,0.1279446,-0.9917813,0.15947308,-1.4225094,0.19956176,-1.7352527,0.21955109,-1.9709089,-0.13066505,-0.9385604,-0.15275712,-0.82459974,-0.07899439,-0.4770971,-0.0072422866,-0.221428,-0.36913928,-0.8062522,-0.33717182,-0.6099863,-0.23069677,-0.3377017,-0.14024498,-0.16365752
p2,U,U,mock,mock,0.0,0.0,0.33261728,-0.12130131,0.54476374,-0.45095205,0.44955674,-0.7324368,0.25321957,-0.89683545,0.4478654,-0.91253704,0.4909628,-1.3236353,0.5061627,-1.5867307,0.52058613,-1.818777,0.18408822,-0.98290974,0.2450032,-1.3693709,0.29338452,-1.6714995,0.31504795,-1.9145808,-0.0678594,-0.9455335,-0.026718047,-0.8532316,0.019272596,-0.5061747,0.055515498,-0.25333163,-0.30371183,-0.8294887,-0.24692093,-0.6563033,-0.15474454,-0.3918556,-0.08112476,-0.21083519
p3,U,U,mock,mock,0.0,0.0,0.24376923,-0.19276369,0.31438014,-0.57762706,0.079012364,-0.78737944,-0.1968613,-0.8671828,0.13475712,-1.0029054,0.09703637,-1.393445,0.07058798,-1.6182046,0.038940232,-1.8099191,-0.07603021,-0.99710554,-0.118320264,-1.4274901,-0.120488435,-1.6767162,-0.14219083,-1.8771012,-0.2380394,-0.8905531,-0.37871397,-1.2302845,-0.27771452,-1.0644784,-0.20285459,-0.902957,-0.36818922,-0.71481466,-0.4139508,-0.92158705,-0.2968782,-0.7619839,-0.2042905,-0.5821857
p3,U,U,mock,mock,0.0,0.0,0.23452727,-0.19131212,0.29783773,-0.5739727,0.047866695,-0.7813731,-0.2308361,-0.8599603,0.12178867,-1.0056461,0.0802566,-1.4027438,0.05235421,-1.6280934,0.020765852,-1.8207793,-0.091925606,-0.99576586,-0.13671498,-1.433873,-0.13923246,-1.6871285,-0.1616205,-1.88957,-0.2549948,-0.8868124,-0.40377894,-1.2305659,-0.30193192,-1.0579501,-0.22894403,-0.8915336,-0.38614553,-0.7074571,-0.43588182,-0.91887,-0.31450236,-0.7459206,-0.22201782,-0.5567187
p3,U,U,mock,mock,0.0,0.0,0.2288414,-0.16535316,0.2896894,-0.5369566,0.012718851,-0.7495776,-0.2706905,-0.8404372,0.13225673,-0.992524,0.08274513,-1.4082707,0.047732178,-1.6402004,0.008305605,-1.840544,-0.09118557,-0.99583393,-0.12960821,-1.4544189,-0.13692383,-1.7055243,-0.1580286,-1.9032798,-0.26326546,-0.8907619,-0.42239678,-1.2210752,-0.32726517,-1.0236056,-0.2455088,-0.8416053,-0.4033267,-0.71011823,-0.48349825,-0.90900886,-0.3694008,-0.7322918,-0.26993948,-0.5488885
p3,U,U,mock,mock,0.0,0.0,0.23678088,-0.16313867,0.28392982,-0.53871197,0.0053591775,-0.7280152,-0.28432313,-0.8050139,0.11145583,-0.9979913,0.048430964,-1.4210638,0.007387316,-1.6522145,-0.036784787,-1.8496023,-0.11821047,-0.9929886,-0.17335698,-1.4660172,-0.18138857,-1.7286533,-0.20808451,-1.9367296,-0.28996173,-0.879311,-0.45284456,-1.2135311,-0.3397902,-0.9878868,-0.25342208,-0.78876925,-0.43040547,-0.6829112,-0.5090649,-0.8801459,-0.37336764,-0.6889692,-0.26472414,-0.5028442
p3,U,U,mock,mock,0.0,0.0,0.22334479,-0.17563562,0.27994186,-0.54179305,0.005267517,-0.742354,-0.28061363,-0.8229184,0.10788942,-0.99730927,0.04899711,-1.4125617,0.008729538,-1.6395316,-0.036082115,-1.8353405,-0.116554335,-0.9931843,-0.16759665,-1.4523606,-0.17245558,-1.7069042,-0.19660594,-1.9132433,-0.2823811,-0.88050246,-0.43736067,-1.1874869,-0.32162154,-0.9523754,-0.2345347,-0.75100327,-0.41920474,-0.68570334,-0.49718353,-0.8858942,-0.36614728,-0.70435005,-0.25997132,-0.52094954
p3,U,U,mock,mock,0.0,0.0,0.2372899,-0.21226852,0.3275808,-0.60754234,0.09721033,-0.87994975,-0.1584573,-1.01847,0.30819094,-0.99268764,0.32589415,-1.405627,0.32781002,-1.6553278,0.3216869,-1.8634481,0.08386409,-0.9964772,0.10559186,-1.4642187,0.13551626,-1.7340493,0.13485692,-1.9693344,-0.11630837,-0.8961949,-0.20799147,-1.2024175,-0.103600115,-0.9231696,-0.032751687,-0.7166012,-0.29293185,-0.7315335,-0.31784904,-0.9074393,-0.20085172,-0.69619936,-0.10639716,-0.5190522
p3,U,U,mock,mock,0.0,0.0,0.23293526,-0.21220195,0.30504864,-0.6140147,0.06407909,-0.880689,-0.19404255,-1.0333962,0.30409804,-0.9939833,0.31785402,-1.4109939,0.31709042,-1.6632247,0.3138084,-1.8707793,0.09030725,-0.9959139,0.10280229,-1.453575,0.1323074,-1.7228127,0.13702966,-1.9585438,-0.104916975,-0.8940616,-0.20136349,-1.1897955,-0.10066648,-0.911378,-0.0325897,-0.7131443,-0.28187585,-0.72899395,-0.32631457,-0.91512847,-0.2205217,-0.7023309,-0.13421749,-0.5287527
p3,U,U,mock,mock,0.0,0.0,0.29489118,-0.27148873,0.4042827,-0.6905961,0.18837926,-1.0120419,-0.062094934,-1.1554738,0.4144732,-0.9668299,0.45530513,-1.3907325,0.4569089,-1.6456234,0.46002403,-1.8634673,0.19508466,-0.9807864,0.2365068,-1.4516889,0.27053732,-1.7241822,0.27620283,-1.9597716,-0.02125131,-0.903918,-0.07916216,-1.2320207,0.0040552486,-0.97953767,0.05099942,-0.78213906,-0.23063529,-0.77795434,-0.23176345,-1.0038571,-0.14799231,-0.8027495,-0.08563771,-0.61056244
p3,U,U,mock,mock,0.0,0.0,0.29592,-0.27417436,0.41600335,-0.6860853,0.19220725,-1.0176028,-0.048136525,-1.1734813,0.4214662,-0.9671091,0.45672315,-1.3714159,0.44931424,-1.6164349,0.44810942,-1.8243892,0.19807494,-0.9801869,0.23257051,-1.444994,0.2625943,-1.7082554,0.27294695,-1.9344746,-0.015653357,-0.8981243,-0.06938858,-1.1957487,0.010687165,-0.9415216,0.061134685,-0.74642307,-0.22054784,-0.7679024,-0.22427551,-0.9825524,-0.14400567,-0.78766483,-0.07899362,-0.5998566
p3,U,U,mock,mock,0.0,0.0,0.29885325,-0.28595537,0.41817984,-0.70315963,0.19440217,-1.0458435,-0.042248186,-1.2083439,0.44032282,-0.96372133,0.4790781,-1.3723953,0.47438157,-1.6126128,0.47403923,-1.8170229,0.2202993,-0.97543234,0.25209707,-1.4418973,0.28174794,-1.6925107,0.2916826,-1.9185247,0.008916284,-0.8958943,-0.057052117,-1.1825556,0.02386036,-0.92138857,0.07737536,-0.73406494,-0.19378775,-0.77726513,-0.2114338,-0.9921262,-0.13527778,-0.7965526,-0.073003724,-0.614576
p3,U,U,mock,mock,0.0,0.0,0.25863352,-0.25084773,0.31210688,-0.685087,0.028058808,-0.9719509,-0.25060895,-1.1304191,0.27218485,-1.0112461,0.27529895,-1.4186019,0.26122922,-1.6636981,0.23771222,-1.8732393,0.049304776,-0.99878377,0.03889617,-1.4648457,0.055660002,-1.7401472,0.0346998,-1.9798824,-0.15380013,-0.8856317,-0.23680355,-1.1826175,-0.097285576,-0.9433926,-0.026479349,-0.75679153,-0.34244403,-0.7164226,-0.34611273,-0.9570444,-0.2082246,-0.78246,-0.122703314,-0.60482824
p3,U,U,mock,mock,0.0,0.0,0.24417008,-0.2607303,0.29650214,-0.6846793,0.03318501,-0.97082305,-0.24297068,-1.108253,0.2638167,-1.016771,0.2658698,-1.4148893,0.2519602,-1.648832,0.23011471,-1.849498,0.04931365,-0.99878335,0.035225976,-1.4504347,0.04868574,-1.7147835,0.02931259,-1.9481665,-0.15068759,-0.880914,-0.23417221,-1.1845723,-0.09135674,-0.94133747,-0.011067867,-0.7486334,-0.3330904,-0.7076846,-0.34220368,-0.9419054,-0.21065529,-0.77660406,-0.12371176,-0.61078864
p3,U,U,mock,mock,0.0,0.0,0.21598718,-0.28798375,0.25731066,-0.6968638,-0.01727261,-0.9615677,-0.28881037,-1.1036618,0.23756482,-1.0277181,0.22881715,-1.410808,0.20372015,-1.6494324,0.1760382,-1.8572291,0.02615717,-0.99965787,-0.0085955085,-1.4458821,-0.007042459,-1.7115525,-0.03315473,-1.9624233,-0.16884565,-0.8780132,-0.27596262,-1.1496377,-0.13043195,-0.9012422,-0.047270622,-0.7217217,-0.34786025,-0.70737946,-0.37251976,-0.9052062,-0.25042504,-0.73113334,-0.1709741,-0.57565045
p3,U,U,mock,mock,0.0,0.0,0.21814615,-0.29458836,0.26113462,-0.7053354,-0.021901991,-0.9640371,-0.2986822,-1.0941858,0.24208982,-1.0321506,0.23302007,-1.4116541,0.20507966,-1.6453868,0.17228037,-1.8461945,0.02881397,-0.9995848,0.0030481277,-1.4419715,0.0027149979,-1.6971788,-0.029991843,-1.9340615,-0.16528195,-0.8773963,-0.28001127,-1.1236001,-0.12723923,-0.8798561,-0.036030676,-0.70419544,-0.34291643,-0.7151452,-0.37223414,-0.90459573,-0.24699526,-0.7341317,-0.15959127,-0.5807975
p3,U,U,mock,mock,0.0,0.0,0.2072411,-0.29037994,0.23754674,-0.70018905,-0.045046207,-0.9657885,-0.3074566,-1.1028891,0.25245857,-1.0149438,0.23005089,-1.4047894,0.19729489,-1.6458001,0.17417082,-1.8564672,0.042867128,-0.9990808,0.005762387,-1.4289595,0.005914511,-1.6866255,-0.009343034,-1.9303697,-0.1491246,-0.8902445,-0.28352085,-1.150877,-0.15334047,-0.90676147,-0.06666911,-0.7273161,-0.32501394,-0.73196787,-0.37614092,-0.92892563,-0.25732756,-0.7572063,-0.16460359,-0.60037524
p3,U,U,mock,mock,0.0,0.0,0.23323733,-0.18520804,0.25910297,-0.6019742,0.0012724211,-0.8726921,-0.2626455,-1.0348073,0.24269108,-1.0187936,0.24565963,-1.4766614,0.23683982,-1.7593982,0.21660592,-1.9973493,0.01026151,-0.99994737,0.023137432,-1.5086025,0.034704305,-1.8315465,0.017328205,-2.0995946,-0.18983413,-0.88054013,-0.2913944,-1.105531,-0.1673212,-0.83825636,-0.082188524,-0.6386622,-0.36468044,-0.69386417,-0.37934622,-0.8358903,-0.23094477,-0.5945572,-0.121366024,-0.39672774
p3,U,U,mock,mock,0.0,0.0,0.21145521,-0.2009058,0.22730577,-0.6140307,-0.019930217,-0.8826954,-0.26802245,-1.0136663,0.2168066,-1.0243399,0.22041585,-1.4646561,0.21482827,-1.7343236,0.19671986,-1.9620442,0.0048192265,-0.9999884,0.004657501,-1.4750803,0.023232171,-1.7722396,0.0080081755,-2.032935,-0.1781819,-0.879175,-0.28061426,-1.0766736,-0.14349353,-0.8151159,-0.051234744,-0.63059485,-0.3381846,-0.7021206,-0.36265075,-0.8424533,-0.22285098,-0.6300086,-0.11068628,-0.45353642
p3,U,U,mock,mock,0.0,0.0,0.21114445,-0.19184828,0.22770879,-0.6088358,-0.04040463,-0.8818392,-0.30489522,-1.039386,0.25042748,-1.0127798,0.2583355,-1.4601958,0.2595168,-1.7367681,0.24569592,-1.9686102,0.02209088,-0.999756,0.017745866,-1.5071542,0.044320926,-1.8036067,0.036038432,-2.0608125,-0.17864357,-0.87901276,-0.28094724,-1.0935626,-0.14587507,-0.80747175,-0.05793264,-0.6172331,-0.35296023,-0.6935745,-0.37210208,-0.8581957,-0.23398378,-0.6277608,-0.12778659,-0.44759643
p3,U,U,mock,mock,0.0,0.0,0.22865587,-0.21679366,0.262254,-0.6430129,0.026832072,-0.90462965,-0.24035695,-1.0196307,0.17200324,-1.0364535,0.18083854,-1.4757199,0.17393515,-1.7386366,0.14733094,-1.9607722,-0.043323662,-0.9990611,-0.044622228,-1.4859291,-0.022422597,-1.787671,-0.0445696,-2.0393188,-0.22743437,-0.8660171,-0.28477204,-1.1033279,-0.114539154,-0.87098,-0.021605527,-0.68785787,-0.38344702,-0.6747788,-0.3486428,-0.85373634,-0.18013224,-0.67021036,-0.07376796,-0.49690568
p3,U,U,mock,mock,0.0,0.0,0.2202809,-0.23011112,0.25381097,-0.6478309,0.016332978,-0.8995311,-0.24320778,-1.006354,0.16386412,-1.0348537,0.17490476,-1.4422451,0.17160937,-1.6833607,0.14923434,-1.892344,-0.044563323,-0.99900657,-0.046746332,-1.4648771,-0.026000973,-1.7449446,-0.04437796,-1.9832523,-0.22412637,-0.86506784,-0.2847929,-1.0794175,-0.11841552,-0.847249,-0.02245221,-0.6669712,-0.37563822,-0.6749066,-0.35575175,-0.8542558,-0.19739063,-0.67622674,-0.09196428,-0.5054722
p3,U,U,mock,mock,0.0,0.0,0.29065192,-0.17502329,0.44372484,-0.4903296,0.2747242,-0.7496347,0.019330448,-0.8420913,0.2866498,-0.9496855,0.27890363,-1.322607,0.26469737,-1.5386406,0.24756384,-1.7439779,0.08221883,-0.9966143,0.08282777,-1.3973762,0.10372711,-1.6348447,0.10521475,-1.8447393,-0.09492123,-0.93562126,-0.15974519,-1.2771552,-0.087816626,-1.0876197,-0.049943738,-0.8899645,-0.28077945,-0.80233634,-0.28951418,-1.0841578,-0.21228771,-0.9909214,-0.16084845,-0.825564
p3,U,U,mock,mock,0.0,0.0,0.2740843,-0.18847659,0.40660784,-0.523415,0.20789815,-0.779042,-0.043561976,-0.8809458,0.27310783,-0.9615019,0.25405863,-1.3264877,0.22052415,-1.5382193,0.19015703,-1.7392888,0.069147184,-0.99760646,0.06650917,-1.388008,0.0747926,-1.6159201,0.07042611,-1.8232547,-0.10874139,-0.93130493,-0.184001,-1.2673829,-0.12548849,-1.0828106,-0.09170642,-0.8896065,-0.28911915,-0.801948,-0.33605573,-1.0692068,-0.2709266,-0.98153466,-0.21805498,-0.8311004
p3,U,U,mock,mock,0.0,0.0,0.27388367,-0.18339047,0.41425183,-0.5218906,0.23007621,-0.7843624,-0.024622213,-0.8845264,0.27318192,-0.95563036,0.25734994,-1.3283306,0.23032041,-1.5405477,0.20630093,-1.7428011,0.06651693,-0.9977853,0.063898124,-1.3930463,0.07276951,-1.6301571,0.06820877,-1.8448101,-0.11207841,-0.9373283,-0.18466917,-1.2715917,-0.13012579,-1.0742686,-0.10062627,-0.87908465,-0.2944385,-0.8092672,-0.33119518,-1.0755578,-0.26692376,-0.9776551,-0.22063544,-0.82106674
p3,U,U,mock,mock,0.0,0.0,0.2487424,-0.20398094,0.36343893,-0.5341174,0.15015922,-0.77691996,-0.09250231,-0.8839986,0.24883969,-0.97047657,0.22244184,-1.3324201,0.17818145,-1.5455662,0.14017661,-1.743439,0.043465555,-0.9990549,0.03576835,-1.3886276,0.03557848,-1.6180263,0.029122127,-1.8249186,-0.1380655,-0.92769986,-0.22016716,-1.2662942,-0.16822314,-1.091393,-0.13164383,-0.9046307,-0.3181581,-0.79425246,-0.39014563,-1.0590892,-0.33380648,-0.97517025,-0.27632153,-0.8355881
p3,U,U,mock,mock,0.0,0.0,0.2466472,-0.1825134,0.3583728,-0.51087314,0.16411711,-0.75787157,-0.07067852,-0.87739295,0.2657703,-0.9625108,0.24053234,-1.3306546,0.20163707,-1.546379,0.169802,-1.7475301,0.062979475,-0.9980148,0.060659423,-1.389357,0.064896934,-1.621488,0.06324133,-1.8359442,-0.12170327,-0.9300721,-0.20339994,-1.2710648,-0.16029644,-1.0850036,-0.13077989,-0.90080273,-0.30419025,-0.79355794,-0.37048548,-1.0609404,-0.31726494,-0.9583921,-0.266078,-0.81281984
p2,U,U,mock,mock,0.0,0.0,0.27896297,-0.26905212,0.37740242,-0.6426211,0.1779614,-0.9025751,-0.06673333,-1.0049282,0.31100318,-0.9901518,0.34652796,-1.3349342,0.33980522,-1.5308475,0.3269149,-1.7111692,0.11395353,-0.9934861,0.13741934,-1.3663961,0.14663132,-1.6067986,0.1366934,-1.8187679,-0.07711176,-0.9149762,-0.089901075,-1.0964408,-0.016545804,-0.86237603,0.028299084,-0.69612217,-0.2631525,-0.8011052,-0.2709668,-1.0157771,-0.185348,-0.8822763,-0.10895911,-0.7281378
p2,U,U,mock,mock,0.0,0.0,0.27022234,-0.2772986,0.36151925,-0.65573657,0.15428452,-0.9119031,-0.09600002,-1.0058028,0.3017589,-0.99262375,0.34034124,-1.3394079,0.33447778,-1.5331342,0.32089755,-1.7149763,0.10559065,-0.9944097,0.1254926,-1.3742933,0.13227071,-1.6100055,0.11995306,-1.8234919,-0.08797836,-0.9146671,-0.102542944,-1.0947441,-0.025515078,-0.860902,0.020410256,-0.7031896,-0.27182564,-0.7981484,-0.27897644,-1.0097464,-0.18873109,-0.87227994,-0.11494888,-0.7188717
p2,U,U,mock,mock,0.0,0.0,0.28417876,-0.2795397,0.3561306,-0.66964185,0.16067812,-0.9236022,-0.09081205,-1.010867,0.33696884,-0.9910151,0.363513,-1.3321291,0.35128853,-1.5263501,0.3322568,-1.7100108,0.14182614,-0.9898916,0.15789399,-1.3677531,0.16496116,-1.5989909,0.1534158,-1.806805,-0.052477658,-0.9122789,-0.08714264,-1.1102288,-0.015902974,-0.8775189,0.038310412,-0.7186148,-0.23510998,-0.8048274,-0.26557934,-0.9988963,-0.18419626,-0.87399596,-0.10183462,-0.73828924
p2,U,U,mock,mock,0.0,0.0,0.27640632,-0.29699922,0.34604305,-0.6822332,0.13805747,-0.9304739,-0.11570412,-1.0246298,0.30867955,-0.99908805,0.35026157,-1.3533053,0.3470765,-1.550863,0.33321846,-1.7319454,0.108638465,-0.9940813,0.12763713,-1.3834674,0.135635,-1.6210972,0.12156146,-1.8289006,-0.08951692,-0.9124607,-0.117128484,-1.1037093,-0.03875494,-0.8706243,0.012074611,-0.7151286,-0.2751203,-0.801815,-0.2957456,-1.0161599,-0.20618239,-0.8821916,-0.12578332,-0.7313614
p2,U,U,mock,mock,0.0,0.0,0.28985262,-0.2765772,0.3670849,-0.6585669,0.1741037,-0.9190703,-0.07093082,-1.0210272,0.3531331,-0.9853857,0.38333902,-1.3260566,0.37367013,-1.5207571,0.3579809,-1.7040304,0.15623318,-0.9877202,0.17764813,-1.3665147,0.18897945,-1.5937885,0.18451774,-1.798132,-0.040617056,-0.91311276,-0.0802795,-1.1186178,-0.013668537,-0.8967283,0.0390198,-0.73915285,-0.22688022,-0.8101763,-0.26529744,-1.0005363,-0.19155319,-0.87998515,-0.11217577,-0.7478718
p2,U,U,mock,mock,0.0,0.0,0.33670506,-0.22245556,0.49504662,-0.6238338,0.34038514,-0.94952357,0.06644328,-1.0296726,0.39647132,-0.96384716,0.47239447,-1.325264,0.49894527,-1.5399617,0.5146967,-1.7369065,0.1938975,-0.9810218,0.27220112,-1.3732568,0.33140036,-1.617148,0.34787208,-1.8408916,-0.015229541,-0.9177265,0.0076181316,-1.1744671,0.09527678,-0.92550236,0.11725711,-0.7327044,-0.23355497,-0.81690454,-0.19539122,-1.076658,-0.087684676,-0.9186102,-0.026784856,-0.7337457
p2,U,U,mock,mock,0.0,0.0,0.33998564,-0.22736903,0.49652874,-0.6303031,0.34209308,-0.95766914,0.06453402,-1.0311675,0.39582196,-0.96325594,0.4712817,-1.3233019,0.4955612,-1.5388348,0.5129545,-1.7358586,0.19209775,-0.9813758,0.269534,-1.3703586,0.33396897,-1.6148577,0.35809565,-1.8369552,-0.018420625,-0.919862,-0.004085057,-1.1852722,0.09214895,-0.9427495,0.12355873,-0.74770707,-0.23621522,-0.82156444,-0.19463363,-1.0795363,-0.08561017,-0.9234518,-0.020881917,-0.7389428
p2,U,U,mock,mock,0.0,0.0,0.32187828,-0.20203795,0.48878947,-0.5991595,0.33778077,-0.92606956,0.06706756,-1.0106726,0.38708782,-0.96745676,0.45728537,-1.3293877,0.48072517,-1.5496072,0.4900089,-1.7486385,0.18230915,-0.98324126,0.25427094,-1.3776237,0.31182867,-1.6292818,0.32300743,-1.859198,-0.023723155,-0.91453886,-0.017429892,-1.1596422,0.077541776,-0.92110795,0.10603981,-0.72972333,-0.23946913,-0.8063317,-0.20472075,-1.0445287,-0.09511543,-0.89024705,-0.034812897,-0.7103229
p2,U,U,mock,mock,0.0,0.0,0.35227948,-0.17239907,0.5562727,-0.5510698,0.4193179,-0.88155985,0.1655465,-1.0163388,0.49025518,-0.92070746,0.59380865,-1.2872276,0.63884467,-1.5211164,0.6695871,-1.7327036,0.27775663,-0.96065146,0.3835818,-1.3657401,0.4656431,-1.6134597,0.5086612,-1.8490931,0.06045162,-0.9130839,0.08592202,-1.1889894,0.15951099,-0.9368833,0.18084739,-0.74024373,-0.17027037,-0.8258399,-0.11907484,-1.069791,-0.023415899,-0.9130395,0.027743548,-0.7387955
p2,U,U,mock,mock,0.0,0.0,0.32658136,-0.21280402,0.4940875,-0.61555094,0.32492203,-0.9433446,0.03757789,-0.9938587,0.34316808,-0.9783296,0.3932064,-1.3355352,0.4042733,-1.5519772,0.40262324,-1.7500278,0.13961206,-0.9902063,0.19425942,-1.3864881,0.24646243,-1.6334518,0.25205946,-1.8675247,-0.059712175,-0.9177176,-0.043522555,-1.16018,0.06943891,-0.9184871,0.10475493,-0.7283536,-0.26574513,-0.79723716,-0.21927375,-1.0396056,-0.09135215,-0.8831161,-0.025861168,-0.7012839
p2,U,U,mock,mock,0.0,0.0,0.27243447,-0.26526684,0.36317116,-0.67602175,0.15812358,-0.9563609,-0.10046834,-1.0440557,0.23528585,-1.0248972,0.22217773,-1.4139929,0.1888494,-1.6408396,0.15472749,-1.8447379,0.028119408,-0.9996046,0.008598237,-1.4073536,-0.0035038942,-1.6526659,-0.03968055,-1.8783723,-0.17148021,-0.8934421,-0.20657878,-1.1297858,-0.090128176,-0.8744212,-0.02658879,-0.697498,-0.36246043,-0.75183713,-0.36908302,-0.96449864,-0.24852929,-0.80154145,-0.16402647,-0.6480057
p2,U,U,mock,mock,0.0,0.0,0.25292644,-0.2800993,0.32044178,-0.6591962,0.15266214,-0.9142654,-0.08743181,-1.0109785,0.2042057,-1.0279812,0.1894153,-1.3890264,0.1541058,-1.5964059,0.11915649,-1.7860241,0.0054218727,-0.9999853,-0.031955745,-1.3894259,-0.04951438,-1.6267246,-0.08343341,-1.8422319,-0.18493609,-0.8883706,-0.23430681,-1.1078733,-0.120330036,-0.870333,-0.049016166,-0.7062267,-0.3651975,-0.7492193,-0.38157368,-0.9436322,-0.27347746,-0.8027997,-0.18753494,-0.6674047
p2,U,U,mock,mock,0.0,0.0,0.27484262,-0.29182962,0.3558337,-0.7059907,0.12628487,-0.9836226,-0.15088071,-1.0381116,0.17927836,-1.038144,0.14675279,-1.414549,0.10110285,-1.6200665,0.05402511,-1.7983148,-0.032149404,-0.99948305,-0.08518532,-1.4107139,-0.11340826,-1.648185,-0.16721456,-1.8619449,-0.21874161,-0.8804493,-0.25771293,-1.110942,-0.11057425,-0.86941606,-0.027747963,-0.7008116,-0.39130667,-0.7354866,-0.39007914,-0.9534838,-0.2590979,-0.7994287,-0.16588585,-0.6518348
p2,U,U,mock,mock,0.0,0.0,0.25711247,-0.2763928,0.32470647,-0.6731399,0.14272442,-0.9317027,-0.095514365,-1.0496224,0.24464805,-1.0227487,0.23203383,-1.3982328,0.19561225,-1.6152693,0.16860692,-1.810332,0.041799553,-0.999126,0.012010343,-1.400472,-0.0010320684,-1.6442288,-0.02897732,-1.8546319,-0.15954535,-0.8934907,-0.2137013,-1.1431159,-0.11864032,-0.88276464,-0.064023435,-0.7021902,-0.34961906,-0.7599494,-0.37616068,-0.9831022,-0.28159234,-0.82495224,-0.21037707,-0.6762977
p2,U,U,mock,mock,0.0,0.0,0.21437821,-0.29558435,0.27311182,-0.6662438,0.116011664,-0.90515435,-0.09263038,-1.0372424,0.24269055,-1.0145808,0.23063928,-1.3826993,0.19147931,-1.6013372,0.16071509,-1.7969435,0.042837597,-0.999082,0.022715611,-1.3894318,-0.00051968655,-1.6444845,-0.029824086,-1.8608581,-0.15909632,-0.9018056,-0.22687742,-1.1348028,-0.14724545,-0.8902751,-0.08508598,-0.7145402,-0.34440613,-0.77148205,-0.39424613,-0.9778179,-0.31094566,-0.8275745,-0.23154749,-0.68119025
p2,U,U,mock,mock,0.0,0.0,0.29059926,-0.29094547,0.34936282,-0.6678166,0.19886558,-0.9132753,-0.042213645,-0.9887377,0.3132352,-0.9936083,0.34806314,-1.3336468,0.34086448,-1.5263183,0.32378337,-1.7078803,0.110432334,-0.99388367,0.13457826,-1.3695476,0.13835916,-1.5987294,0.12506892,-1.798451,-0.092171624,-0.9126091,-0.13659577,-1.1508629,-0.06993258,-0.91506666,-0.010853236,-0.74641246,-0.28960785,-0.7973599,-0.3208709,-0.99984163,-0.24340415,-0.86201096,-0.15655357,-0.7109925
p2,U,U,mock,mock,0.0,0.0,0.30593023,-0.2784582,0.37592173,-0.6607873,0.22936146,-0.91000515,-0.020921875,-0.9870063,0.3249359,-0.9990994,0.3602133,-1.345536,0.3589664,-1.553833,0.34864718,-1.7406007,0.118135564,-0.99299747,0.14875539,-1.3805857,0.16552603,-1.6235074,0.16130328,-1.8319308,-0.08947938,-0.9104833,-0.12080167,-1.160445,-0.052857026,-0.9207942,0.0024451339,-0.74645877,-0.29546332,-0.79878527,-0.31478712,-1.0080097,-0.23349158,-0.86330104,-0.14970058,-0.70917076
p2,U,U,mock,mock,0.0,0.0,0.29710114,-0.27159646,0.3764674,-0.6621447,0.21214479,-0.92457974,-0.048847295,-0.99572957,0.3154857,-0.9960132,0.35500506,-1.3501534,0.35405138,-1.5541693,0.34511563,-1.7446234,0.11089454,-0.9938322,0.14144585,-1.3816805,0.1599304,-1.6235452,0.15045962,-1.8327678,-0.09553242,-0.91159415,-0.13051897,-1.1572782,-0.05802998,-0.91500735,-0.0060684313,-0.741707,-0.30207857,-0.80033475,-0.31968305,-1.0168606,-0.23725395,-0.8726171,-0.15911809,-0.7186218
p2,U,U,mock,mock,0.0,0.0,0.28550807,-0.30303425,0.3440401,-0.6676882,0.19893983,-0.9028489,-0.031191023,-0.9930042,0.33853135,-0.9917504,0.37296432,-1.3348895,0.37376577,-1.5471921,0.37167808,-1.7335001,0.13490817,-0.9908581,0.1657286,-1.3730865,0.1778354,-1.6168368,0.18203601,-1.8394208,-0.07592194,-0.9144988,-0.11305597,-1.1738368,-0.054469347,-0.91921175,-0.0034044385,-0.7430734,-0.2794554,-0.8031568,-0.30359912,-1.012512,-0.2341683,-0.85652465,-0.16409974,-0.70466715
p2,U,U,mock,mock,0.0,0.0,0.29275262,-0.2965914,0.3509694,-0.6697697,0.2026671,-0.9088737,-0.03657825,-0.99912465,0.33859423,-1.001594,0.36826545,-1.3415927,0.36833268,-1.5551844,0.3571437,-1.7385597,0.13132674,-0.99133915,0.16135103,-1.372702,0.16923362,-1.6116186,0.16338484,-1.8289013,-0.07766584,-0.90885067,-0.12086807,-1.1655271,-0.059602033,-0.91868186,-0.0035396353,-0.74657696,-0.2796839,-0.8011376,-0.31218967,-1.0103481,-0.23717791,-0.8606919,-0.15488105,-0.70641595
p2,U,U,mock,mock,0.0,0.0,0.23894513,-0.24035041,0.33811972,-0.62554187,0.21869199,-0.90532845,0.047594864,-1.1073015,0.44681728,-0.94313693,0.49059877,-1.3583468,0.49318865,-1.627596,0.50171506,-1.8592384,0.2451487,-0.96948546,0.29538858,-1.3918338,0.3139206,-1.6841017,0.32638234,-1.9303647,0.029501956,-0.92513764,-0.040372528,-1.2135918,-0.04166656,-0.933488,-0.0073845126,-0.73319906,-0.17621517,-0.83317167,-0.23783751,-1.0314708,-0.21217981,-0.8371897,-0.1555936,-0.6800284
p2,U,U,mock,mock,0.0,0.0,0.25369307,-0.26136866,0.33981133,-0.65444595,0.21401799,-0.9398355,0.0455339,-1.1429387,0.469642,-0.94737524,0.49742597,-1.3778958,0.49155048,-1.6617175,0.49475047,-1.899633,0.25554413,-0.9667974,0.29687893,-1.401228,0.30528745,-1.7047423,0.31427968,-1.9448558,0.027309345,-0.91960484,-0.053250708,-1.2191225,-0.06888368,-0.95199215,-0.032218736,-0.752916,-0.19109882,-0.83239746,-0.26240042,-1.0354925,-0.2486522,-0.84826106,-0.19011465,-0.68941563
p2,U,U,mock,mock,0.0,0.0,0.28178036,-0.3256288,0.35613748,-0.72711384,0.19229226,-0.9970905,-0.027841669,-1.126736,0.3803563,-0.971143,0.42059052,-1.3652393,0.41531104,-1.5946336,0.41019243,-1.80727,0.17371516,-0.9847959,0.20659661,-1.3884448,0.22338687,-1.6465327,0.219683,-1.8777312,-0.044410873,-0.9182735,-0.09868427,-1.2096173,-0.0358636,-0.94597965,0.0111532165,-0.765886,-0.2638269,-0.80558944,-0.2865609,-1.0275028,-0.2150452,-0.8611365,-0.15255088,-0.70705867
p2,U,U,mock,mock,0.0,0.0,0.24310242,-0.2696186,0.32482564,-0.637316,0.17459033,-0.8818612,-0.034906037,-1.0262824,0.32374752,-0.983071,0.34800825,-1.3869296,0.33134332,-1.62742,0.31879961,-1.8468727,0.11938584,-0.9928479,0.13191833,-1.4136521,0.13123357,-1.6921114,0.12483212,-1.9408103,-0.089532316,-0.9156767,-0.14464964,-1.1870824,-0.092696026,-0.926482,-0.052699752,-0.73578936,-0.2924905,-0.7838379,-0.33458626,-0.9971491,-0.263776,-0.83205694,-0.19755842,-0.6788385
p2,U,U,mock,mock,0.0,0.0,0.25316745,-0.2834132,0.3404543,-0.65448374,0.20279022,-0.91374946,0.012251054,-1.0861037,0.38794163,-0.9639195,0.42894375,-1.3612053,0.425919,-1.6080065,0.42448136,-1.8291335,0.18433942,-0.98286265,0.2278932,-1.3942028,0.24670702,-1.6687105,0.2531741,-1.9060979,-0.030195635,-0.9224407,-0.0768438,-1.200686,-0.038257692,-0.94224316,0.0032165318,-0.75667804,-0.23988739,-0.8121489,-0.2786522,-1.0240613,-0.21995491,-0.84958476,-0.15229404,-0.69251484
p3,U,U,mock,mock,0.0,0.0,0.21651879,-0.32064906,0.2067822,-0.69410586,-0.026856756,-0.8661433,-0.27441028,-0.8538146,0.020367457,-1.0462512,-0.064045444,-1.4112722,-0.13654913,-1.6248788,-0.20734815,-1.8228123,-0.18709813,-0.98234123,-0.29024842,-1.3648604,-0.33982804,-1.610541,-0.40551165,-1.8428781,-0.36699572,-0.8255132,-0.4540658,-1.0634606,-0.30850166,-0.8384491,-0.23891078,-0.70004344,-0.5289866,-0.6152397,-0.5715343,-0.8241014,-0.4403487,-0.6971284,-0.36459154,-0.5865643
p3,U,U,mock,mock,0.0,0.0,0.22001173,-0.29890788,0.20951599,-0.69792116,-0.042953406,-0.8711474,-0.2935577,-0.8417728,0.017127153,-1.044792,-0.07063723,-1.4146088,-0.14059329,-1.6332762,-0.21209995,-1.834097,-0.1897375,-0.9818348,-0.28921774,-1.3811147,-0.33314446,-1.6300572,-0.40255514,-1.8705555,-0.3719317,-0.8270291,-0.46097133,-1.0665343,-0.32030386,-0.8317604,-0.25769827,-0.6925864,-0.5372158,-0.62022555,-0.57484144,-0.8184641,-0.44481015,-0.688107,-0.37558296,-0.58509636
p3,U,U,mock,mock,0.0,0.0,0.21896578,-0.32087064,0.21003272,-0.7036163,-0.029727565,-0.87551695,-0.27490574,-0.8588258,0.018761532,-1.0466732,-0.06867806,-1.416092,-0.14090952,-1.6339023,-0.211897,-1.8336955,-0.19127917,-0.9815357,-0.29405466,-1.3771791,-0.34164974,-1.6298497,-0.40565988,-1.8647213,-0.37237674,-0.8240033,-0.4615283,-1.0713218,-0.32326764,-0.86464953,-0.25356796,-0.7219156,-0.53654826,-0.61600196,-0.5813657,-0.8183992,-0.4533744,-0.70437384,-0.37100688,-0.59697485
p3,U,U,mock,mock,0.0,0.0,0.21879493,-0.32246614,0.21173789,-0.6970355,-0.03402503,-0.8736759,-0.28295308,-0.87456584,0.020078912,-1.043176,-0.066422835,-1.4079431,-0.14157173,-1.6232904,-0.21823367,-1.826828,-0.1881928,-0.9821321,-0.28356948,-1.3759333,-0.33115593,-1.6188831,-0.39937553,-1.8548479,-0.3712036,-0.82748294,-0.45782453,-1.0732628,-0.32430974,-0.8427058,-0.25883317,-0.7066092,-0.5370279,-0.6208293,-0.57141346,-0.8151802,-0.44460875,-0.6869903,-0.3700391,-0.5857921
p3,U,U,mock,mock,0.0,0.0,0.21662213,-0.31338122,0.21209523,-0.696665,-0.035688605,-0.85163116,-0.28429717,-0.8145885,0.021138225,-1.046257,-0.058535025,-1.4008303,-0.1253987,-1.613864,-0.19293281,-1.8112845,-0.18668328,-0.98242015,-0.28784376,-1.3791533,-0.3292465,-1.626102,-0.39109075,-1.8615167,-0.368088,-0.82512045,-0.45396903,-1.0616872,-0.30782297,-0.8289794,-0.2386338,-0.68761104,-0.53159714,-0.6146417,-0.5647804,-0.81235427,-0.4332634,-0.68282664,-0.36235917,-0.57574195
p4,U,U,mock,mock,0.0,0.0,0.38154992,-0.09578561,0.6311223,-0.41243535,0.47786796,-0.75721955,0.22154118,-0.9418023,0.5514981,-0.8881866,0.6455826,-1.273049,0.6664984,-1.4923695,0.67998004,-1.6949205,0.31669962,-0.9485259,0.41434377,-1.3644472,0.4874381,-1.6218,0.5183982,-1.8629425,0.09233593,-0.89629996,0.117305204,-1.2070454,0.1598032,-0.88942826,0.16352272,-0.66154,-0.14732899,-0.7842279,-0.068098776,-0.96770763,-0.009465927,-0.73267674,0.017753301,-0.53875834
p4,U,U,mock,mock,0.0,0.0,0.36437505,-0.11168475,0.5988711,-0.44574064,0.41042358,-0.7960994,0.14632912,-0.97327954,0.5526628,-0.88354397,0.64255214,-1.2858614,0.64922386,-1.5001009,0.6520931,-1.693129,0.31650457,-0.948591,0.40155828,-1.3915296,0.45264828,-1.6430521,0.47188017,-1.8868549,0.09073956,-0.89370525,0.08204862,-1.1957874,0.11583255,-0.87058294,0.12599555,-0.6423152,-0.15065803,-0.7727886,-0.11099957,-0.95719916,-0.053355183,-0.7159947,-0.014414651,-0.521219
p4,U,U,mock,mock,0.0,0.0,0.4070651,-0.12402832,0.6127142,-0.4802678,0.4502395,-0.8330087,0.1723779,-0.9891668,0.4983164,-0.926675,0.5635208,-1.2978026,0.56643426,-1.5164489,0.5681309,-1.7132728,0.26242554,-0.96495223,0.32862332,-1.3943304,0.3843561,-1.6523911,0.40004823,-1.8847382,0.037016306,-0.897541,0.051393233,-1.2183247,0.11396348,-0.89035606,0.12539466,-0.6504416,-0.20430192,-0.77688676,-0.123459056,-0.9875809,-0.05472152,-0.749978,-0.023028595,-0.5495097
p4,U,U,mock,mock,0.0,0.0,0.3807667,-0.13999774,0.5906373,-0.49238864,0.42766723,-0.8236967,0.15431595,-0.9751697,0.4806651,-0.92976636,0.54050016,-1.3140714,0.54254574,-1.5348879,0.545151,-1.7357649,0.24223052,-0.9702187,0.3022978,-1.4029081,0.35435122,-1.6617467,0.36748508,-1.8964099,0.017492976,-0.90521777,0.03036126,-1.2185347,0.08942748,-0.89166564,0.102964066,-0.6526732,-0.21873157,-0.7805017,-0.14255443,-0.96965593,-0.069938764,-0.73554343,-0.03577231,-0.5385271
p4,U,U,mock,mock,0.0,0.0,0.3867277,-0.14185221,0.5978966,-0.49111262,0.42338765,-0.8285555,0.15152001,-0.99180436,0.47941858,-0.93621856,0.53221595,-1.3061968,0.52783966,-1.52255,0.52898765,-1.71442,0.23973623,-0.97083807,0.28983057,-1.4034551,0.34307083,-1.654747,0.36406904,-1.880356,0.01750791,-0.9003204,0.039705027,-1.1916744,0.101979114,-0.86415195,0.11387092,-0.6288743,-0.21385428,-0.7756028,-0.127124,-0.9706648,-0.063838616,-0.73354375,-0.040219523,-0.5391709
p2,U,U,mock,mock,0.0,0.0,0.32548407,-0.13521266,0.4756979,-0.5069853,0.3092012,-0.82488614,0.009503268,-0.9727622,0.35687336,-0.95718527,0.37101406,-1.437667,0.3302311,-1.7099465,0.29106367,-1.9314865,0.0850406,-0.99637747,0.061523173,-1.5358588,0.0599913,-1.8369787,0.035006326,-2.0820503,-0.14695758,-0.9183956,-0.19065732,-1.2227845,-0.014643006,-0.96973664,0.07675041,-0.7575858,-0.37165767,-0.7546685,-0.34923384,-1.0196165,-0.18072027,-0.8566369,-0.072320454,-0.6715358
p2,U,U,mock,mock,0.0,0.0,0.3340879,-0.13635282,0.47196576,-0.5378461,0.4063666,-0.9115606,0.10832854,-1.0777044,0.18651366,-0.98745203,0.15511298,-1.496901,0.10231136,-1.782368,0.057970554,-2.003707,-0.04568139,-0.9989561,-0.15364908,-1.5785487,-0.13494375,-1.9061829,-0.13824807,-2.154453,-0.22267534,-0.9107276,-0.28540796,-1.3570486,-0.041645728,-1.1535234,0.10209629,-0.93708307,-0.37556484,-0.77069074,-0.27975672,-1.0913776,-0.046899192,-0.95519733,0.100413166,-0.76328254
p2,U,U,mock,mock,0.0,0.0,0.32763398,-0.041544598,0.41833186,-0.35333154,0.088541485,-0.64298105,-0.27578494,-0.8774843,0.51396054,-0.8669603,0.57991385,-1.506821,0.5323174,-1.9299011,0.4711528,-2.2893856,0.15527889,-0.9878707,0.18346211,-1.6960878,0.16111425,-2.1485002,0.1217323,-2.520141,-0.20886634,-0.9449056,-0.3426187,-1.2693717,-0.28474844,-0.88248,-0.22128682,-0.5809597,-0.55808926,-0.79965514,-0.64758843,-0.9971072,-0.5343074,-0.7253404,-0.433908,-0.48516232
p2,U,U,mock,mock,0.0,0.0,0.32644302,-0.091407195,0.48071888,-0.42628378,0.20877685,-0.71351564,-0.12355376,-0.89823675,0.44719052,-0.93331367,0.46663105,-1.4816983,0.41918674,-1.7932223,0.3802398,-2.06789,0.12068052,-0.9926914,0.11469157,-1.608766,0.10354699,-1.9499372,0.0788364,-2.2361765,-0.16234966,-0.9112532,-0.21382906,-1.2068703,-0.09049017,-0.88548374,-0.021901827,-0.6372246,-0.43368775,-0.74056935,-0.43843004,-0.9713137,-0.29861498,-0.7551769,-0.20924568,-0.54947746
p2,U,U,mock,mock,0.0,0.0,0.21029879,-0.20255606,0.23686343,-0.5699504,-0.028657943,-0.82855976,-0.27048025,-0.9696502,0.24915136,-0.9749475,0.22251824,-1.392957,0.17404683,-1.6308597,0.13889408,-1.8364543,0.028977782,-0.9995801,-0.012297984,-1.4422908,-0.032619797,-1.6870078,-0.045559973,-1.9000729,-0.1663756,-0.9146865,-0.25983027,-1.1843854,-0.21054679,-0.9462832,-0.17169578,-0.7646054,-0.34579152,-0.7655425,-0.42373148,-1.0148113,-0.36251134,-0.8727884,-0.28886774,-0.7127676
p2,U,U,mock,mock,0.0,0.0,0.2527428,-0.22489531,0.33162227,-0.56610656,0.14697473,-0.8488455,-0.108861074,-0.9259579,0.27352056,-0.9601549,0.29024866,-1.3479034,0.2790453,-1.5736439,0.2610998,-1.7721989,0.06344151,-0.99798554,0.06641672,-1.4066117,0.07978205,-1.6526971,0.07328876,-1.8682857,-0.12074555,-0.93094075,-0.19315644,-1.2409793,-0.09661156,-1.084703,-0.04528099,-0.9167382,-0.30419606,-0.7944818,-0.3473579,-1.0597148,-0.24778977,-0.98223275,-0.16477072,-0.8313161
p2,U,U,mock,mock,0.0,0.0,0.28714108,-0.16454874,0.42363337,-0.5129839,0.33308637,-0.81880265,0.061831534,-0.88326055,0.15585679,-1.0007644,0.13162686,-1.4206554,0.10596037,-1.6551403,0.06384655,-1.8586309,-0.049929257,-0.9987528,-0.08512645,-1.4812362,-0.060423758,-1.7646078,-0.0757811,-1.9879457,-0.21357593,-0.8929375,-0.31933492,-1.2844273,-0.10555416,-1.1607122,0.028228689,-0.9951041,-0.36428112,-0.7108509,-0.31892896,-1.032733,-0.13199183,-0.91901547,-0.018696647,-0.7283092
p2,U,U,mock,mock,0.0,0.0,0.21622834,-0.17947996,0.26365483,-0.52406675,-0.011580096,-0.77455175,-0.2781581,-0.9057894,0.2723937,-0.9615384,0.27650708,-1.3662558,0.2582004,-1.607113,0.23659423,-1.8153591,0.056566402,-0.99839884,0.052818142,-1.4311926,0.064291954,-1.7047975,0.06150971,-1.9339799,-0.13429949,-0.92550576,-0.19169879,-1.2200813,-0.1314116,-1.0151666,-0.10254407,-0.8440391,-0.31891376,-0.78612363,-0.37377876,-1.0268015,-0.28267163,-0.91433525,-0.20567659,-0.78165126
p2,U,U,mock,mock,0.0,0.0,0.25574118,-0.24836083,0.35365793,-0.57450306,0.19753054,-0.84367746,-0.043613218,-0.956535,0.21340297,-0.9840897,0.21837148,-1.4077108,0.20370622,-1.6314584,0.18013638,-1.8318878,0.007511429,-0.9999718,-0.0062100138,-1.4530832,0.022181474,-1.7138312,0.02033586,-1.9325922,-0.16229351,-0.9107379,-0.22509085,-1.2741053,-0.07450529,-1.124314,0.0047855508,-0.95048803,-0.3175037,-0.75431013,-0.30176544,-1.0580565,-0.17486061,-0.9709377,-0.09515038,-0.80949855
p2,U,U,mock,mock,0.0,0.0,0.2865126,-0.23336206,0.40643346,-0.5363768,0.2651575,-0.8425774,0.020085296,-0.9596576,0.30995357,-0.96087515,0.33862916,-1.3765998,0.32841498,-1.5996971,0.31207272,-1.8134563,0.09946059,-0.9950415,0.10955945,-1.4329621,0.13485019,-1.6858127,0.13692379,-1.9143149,-0.07961827,-0.9254514,-0.11951213,-1.2662169,-0.0055764765,-1.0731399,0.049781952,-0.8846783,-0.2523442,-0.7884872,-0.23814864,-1.0854932,-0.12972508,-0.9784365,-0.057402115,-0.804422
p1,U,U,mock,mock,0.0,0.0,0.25538528,-0.19110505,0.23683676,-0.50450414,-0.047534168,-0.691082,-0.31455702,-0.78817457,0.21506663,-0.96700674,0.22289543,-1.3948718,0.22714397,-1.6519182,0.22086832,-1.8913968,-0.0009351071,-0.9999996,0.03612895,-1.4351419,0.074367315,-1.7149292,0.08722258,-1.9748067,-0.20584807,-0.91881335,-0.30936208,-1.225715,-0.23699366,-0.95108557,-0.1876166,-0.7472617,-0.39542195,-0.7411362,-0.44715387,-0.96078277,-0.35028335,-0.77920765,-0.27246118,-0.60397553
p2,U,U,mock,mock,0.0,0.0,0.26382622,-0.19508891,0.26124895,-0.5049202,-0.026435768,-0.69373786,-0.31448722,-0.7676998,0.2224317,-0.980506,0.2303442,-1.4159513,0.23507108,-1.6633953,0.23383035,-1.9016138,0.0068034055,-0.9999769,0.030745313,-1.4494619,0.069628805,-1.7226546,0.086869635,-1.9847342,-0.19664542,-0.91454005,-0.29103836,-1.2481184,-0.22352158,-0.9739158,-0.17760222,-0.76760757,-0.3840634,-0.7415382,-0.4436839,-0.96606714,-0.34993693,-0.80417705,-0.26982513,-0.6345376
p1,U,U,mock,mock,0.0,0.0,0.25669622,-0.19851872,0.24418461,-0.52007306,-0.04339505,-0.6791999,-0.3085935,-0.76710236,0.19559157,-0.97874916,0.19645116,-1.3951825,0.19911174,-1.6512583,0.19902255,-1.8879044,-0.01895585,-0.9998203,0.019413706,-1.4430645,0.05686962,-1.7245162,0.07435619,-1.9887199,-0.2267527,-0.9105119,-0.33676735,-1.2515459,-0.27147463,-0.9677562,-0.22120348,-0.7463587,-0.40962884,-0.73061836,-0.47942272,-0.94908243,-0.3853412,-0.7731425,-0.3123488,-0.604405
p4,U,U,mock,mock,0.0,0.0,0.269964,-0.2161925,0.23612,-0.52830625,-0.04296198,-0.7078026,-0.32048154,-0.7848017,0.2136735,-0.98049605,0.22246547,-1.3873597,0.22626045,-1.6435432,0.2195876,-1.8748268,0.006204537,-0.99998075,0.036296118,-1.4365289,0.071176775,-1.7103136,0.086739585,-1.9648616,-0.18856055,-0.9127824,-0.30234498,-1.2404633,-0.23618737,-0.9812601,-0.17871411,-0.78192866,-0.37416855,-0.74170643,-0.43825838,-0.95119923,-0.3473001,-0.79154944,-0.25564578,-0.6259324
p2,U,U,mock,mock,0.0,0.0,0.27261755,-0.19771275,0.38032427,-0.5464124,0.27267936,-0.7894046,0.06431819,-0.96251583,0.20615591,-1.0047464,0.22471747,-1.3928422,0.21050572,-1.6386663,0.18346627,-1.8459187,-0.010398788,-0.99994594,-0.009566187,-1.4650298,0.03663128,-1.742197,0.04108725,-1.966696,-0.20276397,-0.89520925,-0.19871557,-1.2850194,-0.008678013,-1.0648878,0.09418957,-0.85220367,-0.3533497,-0.71485287,-0.19469322,-0.9227664,-0.006939085,-0.75508606,0.09348932,-0.578481
p2,U,U,mock,mock,0.0,0.0,0.33294454,-0.2043634,0.4410067,-0.55950594,0.29619503,-0.8137224,0.08692724,-0.9860554,0.3144546,-0.9893471,0.33874127,-1.395027,0.33550572,-1.6357284,0.33194777,-1.8388124,0.10187411,-0.9947973,0.12289217,-1.4712603,0.16960084,-1.7384235,0.18349008,-1.9584056,-0.095128186,-0.9020426,-0.10293802,-1.2758279,0.029983599,-1.0469826,0.10564915,-0.843764,-0.24713776,-0.7393776,-0.1344882,-0.95746076,0.021535425,-0.7770368,0.12127744,-0.5951909
p2,U,U,mock,mock,0.0,0.0,0.27526394,-0.15707643,0.38939998,-0.48868087,0.25557578,-0.7061762,0.018180307,-0.86219454,0.24676877,-1.0088177,0.25524738,-1.4053555,0.24603088,-1.6537033,0.22191724,-1.8548231,0.011245111,-0.99993676,0.016907135,-1.4784245,0.07426158,-1.7621181,0.09483266,-1.9910138,-0.19127178,-0.88644856,-0.19576308,-1.1978166,-0.02762322,-0.95774174,0.06565152,-0.75733685,-0.35324243,-0.69793534,-0.21703158,-0.8409297,-0.035518143,-0.6514084,0.06788045,-0.48109916
p2,U,U,mock,mock,0.0,0.0,0.33407617,-0.20255905,0.44752035,-0.5564864,0.3259236,-0.83102876,0.10277003,-0.99071145,0.32134557,-0.9891927,0.34775457,-1.3744576,0.34303498,-1.6103281,0.3376615,-1.8113568,0.11768515,-0.99305093,0.12520462,-1.4399483,0.16968533,-1.6992704,0.18110622,-1.9060097,-0.077227175,-0.9076387,-0.094515376,-1.284013,0.03138494,-1.0791494,0.10008146,-0.88458985,-0.22702415,-0.7593182,-0.10947653,-0.9383399,0.04626635,-0.7642874,0.14196086,-0.58646184
p2,U,U,mock,mock,0.0,0.0,0.41083774,-0.009899104,0.7016157,-0.27668622,0.60113025,-0.5859876,0.31427628,-0.72885895,0.6243554,-0.90257937,0.6760849,-1.3462995,0.6410345,-1.5843432,0.5977214,-1.8080459,0.3592326,-0.93324804,0.42772222,-1.3974864,0.45020002,-1.6808056,0.4674722,-1.9701912,0.10609728,-0.85181725,0.14320678,-1.0202501,0.17598762,-0.72156984,0.21503042,-0.52067244,-0.13771343,-0.72057647,-0.09447746,-0.8754135,-0.011549157,-0.6464712,0.06606676,-0.44078872
p2,U,U,mock,mock,0.0,0.0,0.3804518,-0.09355692,0.6775615,-0.28870174,0.63230497,-0.53499144,0.40016058,-0.6684914,0.5584846,-0.9010272,0.61764044,-1.3127103,0.57641846,-1.5414462,0.5113563,-1.7685449,0.29224244,-0.95634425,0.35898638,-1.358848,0.37889445,-1.6117755,0.38828385,-1.8558978,0.06580289,-0.90331036,0.16609752,-0.90065324,0.24695404,-0.6453509,0.304087,-0.46861142,-0.12100074,-0.78447855,-0.019731345,-0.6720096,0.08297788,-0.4612793,0.16798423,-0.2989787
p2,U,U,mock,mock,0.0,0.0,0.32483137,-0.15167657,0.4281828,-0.4695847,0.11399142,-0.6144148,-0.18022527,-0.6553511,0.19495584,-0.9676202,0.16472495,-1.3688748,0.11574778,-1.6263105,0.075027056,-1.8608248,-0.059419878,-0.9982331,-0.098884024,-1.4952692,-0.11368731,-1.8228996,-0.14030401,-2.0993326,-0.2646743,-0.9007606,-0.3745707,-1.2801012,-0.268194,-1.0056279,-0.16993682,-0.77371037,-0.43990266,-0.69846094,-0.49172458,-0.8518105,-0.34577814,-0.67546916,-0.20836504,-0.50733775
p2,U,U,mock,mock,0.0,0.0,0.36207274,-0.13528521,0.43463853,-0.4198713,0.10441606,-0.5258319,-0.192404,-0.5530926,0.19863999,-0.9705457,0.15135314,-1.3983593,0.08344303,-1.6841373,0.036770515,-1.9382404,-0.07950543,-0.99683446,-0.16069824,-1.5193706,-0.1968848,-1.8852665,-0.22882028,-2.179021,-0.30881593,-0.8894826,-0.4294289,-1.2181746,-0.3166641,-0.93319875,-0.20546661,-0.69371855,-0.47791478,-0.6763271,-0.52484405,-0.7728781,-0.3871512,-0.58971345,-0.2541022,-0.43657756
p2,U,U,mock,mock,0.0,0.0,0.33231175,-0.15451844,0.45301688,-0.46547312,0.20662244,-0.62966734,-0.10851609,-0.63722384,0.20550725,-0.97680426,0.16361773,-1.3808055,0.11682373,-1.6243461,0.08108517,-1.8462899,-0.04320296,-0.9990663,-0.102633394,-1.4891642,-0.12691334,-1.7978384,-0.15231214,-2.0597649,-0.23955429,-0.8958729,-0.3527766,-1.2461629,-0.24160348,-0.98236567,-0.12197771,-0.7595298,-0.412202,-0.6936035,-0.48144644,-0.8541035,-0.3505519,-0.6974933,-0.21184908,-0.5434862
p2,U,U,mock,mock,0.0,0.0,0.30376258,-0.13047476,0.3612587,-0.4216917,0.027067242,-0.5694443,-0.31468764,-0.61588824,0.11390584,-0.9597109,0.07289282,-1.3868455,0.029400976,-1.6590887,-0.011486561,-1.9197851,-0.14896108,-0.9888431,-0.23553576,-1.5126576,-0.26654276,-1.8633789,-0.30246377,-2.1679304,-0.34670627,-0.88508177,-0.50113577,-1.2413014,-0.38715962,-0.9405675,-0.26752365,-0.7055282,-0.49885386,-0.6713435,-0.59091884,-0.7880614,-0.4579504,-0.59900874,-0.30973333,-0.4418849
p2,U,U,mock,mock,0.0,0.0,0.22910659,-0.22358604,0.2925779,-0.58218306,0.11624677,-0.821061,-0.11689447,-0.9655795,0.1413683,-1.013714,0.11854937,-1.4183837,0.08620306,-1.6733171,0.059753157,-1.894667,-0.09020895,-0.99592286,-0.11600835,-1.4324998,-0.12208263,-1.7261606,-0.14735773,-1.9726335,-0.29063198,-0.87340033,-0.37092602,-1.0676782,-0.24695452,-0.78180504,-0.15341929,-0.57117724,-0.46631986,-0.6853853,-0.53695,-0.86693007,-0.4166041,-0.7031949,-0.29942235,-0.55267954
p1,U,U,mock,mock,0.0,0.0,0.2598972,-0.23102073,0.3427781,-0.599664,0.17248379,-0.86617476,-0.056988727,-1.0123074,0.2132369,-1.0023264,0.22915237,-1.4161191,0.21229017,-1.6747788,0.19535542,-1.9018115,-0.019257816,-0.99981457,-0.021478416,-1.4477679,-0.009534042,-1.747755,-0.019332793,-2.0010602,-0.23013934,-0.8917737,-0.29969636,-1.1320597,-0.18270612,-0.85668844,-0.0974752,-0.64082783,-0.4206384,-0.7210884,-0.47314206,-0.9139903,-0.35638592,-0.76374245,-0.24679132,-0.6189765
p4,U,U,mock,mock,0.0,0.0,0.22953595,-0.31520972,0.2195554,-0.70219404,-0.09409328,-0.8984413,-0.3631474,-0.82886004,0.015366612,-0.9930841,0.005687443,-1.3494222,-0.02610588,-1.5704334,-0.055930525,-1.7680982,-0.19263975,-0.98126954,-0.22344832,-1.4041173,-0.2179792,-1.6824756,-0.23549719,-1.916175,-0.36512905,-0.8809131,-0.4048742,-1.1275097,-0.26086476,-0.947653,-0.19158268,-0.76691973,-0.5192721,-0.7201511,-0.5833464,-0.9844697,-0.43646607,-0.9177044,-0.32086596,-0.7796359
p4,U,U,mock,mock,0.0,0.0,0.22119583,-0.29365477,0.21676363,-0.6729332,-0.073364906,-0.8365262,-0.34101167,-0.7772296,-0.020379124,-0.9980031,-0.053795878,-1.3623972,-0.09381071,-1.588628,-0.13317482,-1.7923005,-0.22593135,-0.9741432,-0.28948927,-1.4006293,-0.29732525,-1.6851822,-0.32953587,-1.9241613,-0.40140533,-0.86537284,-0.4280576,-1.1277133,-0.26853842,-0.92208344,-0.20414063,-0.7359188,-0.55267024,-0.69737965,-0.59361607,-0.98511314,-0.44514042,-0.89880276,-0.35041374,-0.7531085
p4,U,U,mock,mock,0.0,0.0,0.29649964,-0.24256623,0.39239487,-0.6427437,0.16784987,-0.924203,-0.12817597,-0.9701237,0.16708131,-1.0088661,0.11003479,-1.3924803,0.038905796,-1.6228997,-0.01510683,-1.8370448,-0.071530506,-0.99743843,-0.1323289,-1.4019214,-0.17146207,-1.6983893,-0.22075152,-1.9534128,-0.26897788,-0.9023701,-0.39684457,-1.1347758,-0.27001947,-0.8455675,-0.16850963,-0.6059016,-0.4518031,-0.75356877,-0.53222233,-0.9481774,-0.41847038,-0.77196485,-0.30596086,-0.59570664
p1,U,U,mock,mock,0.0,0.0,0.30863318,-0.2514076,0.41832355,-0.6707505,0.20345923,-0.97087497,-0.10616074,-0.9787545,0.18198387,-1.010505,0.13689749,-1.4070278,0.06170623,-1.6399918,0.0030456362,-1.8576217,-0.06359267,-0.99797595,-0.104394205,-1.4120065,-0.13994543,-1.713828,-0.18810701,-1.9752934,-0.26577452,-0.90210927,-0.38305983,-1.1481705,-0.25085655,-0.84090674,-0.14745061,-0.5890479,-0.454652,-0.7506519,-0.523504,-0.9662428,-0.40209746,-0.77505,-0.2883247,-0.5838964
p3,U,U,mock,mock,0.0,0.0,0.2588199,-0.23249388,0.36581168,-0.6067614,0.16178665,-0.87556106,-0.07422126,-1.0544547,0.23246771,-1.0301076,0.23019159,-1.474381,0.20636657,-1.751015,0.18082167,-1.9839815,0.0050174403,-0.9999874,-0.015429458,-1.4895183,0.0008841119,-1.790913,-0.02002259,-2.0494606,-0.20835209,-0.8742498,-0.18242152,-1.0729862,-0.04016077,-0.78824645,0.028727798,-0.60487425,-0.39729726,-0.69966716,-0.32505906,-0.878431,-0.19676405,-0.6706568,-0.13556732,-0.507473
p3,U,U,mock,mock,0.0,0.0,0.26998645,-0.21139774,0.38181627,-0.5959603,0.17274249,-0.8685698,-0.07777509,-1.0445449,0.24463716,-1.0315663,0.22590932,-1.4754927,0.1982258,-1.7594061,0.17167974,-1.9979573,0.014936976,-0.9998884,-0.019422412,-1.4874088,-0.007899941,-1.7928078,-0.029629976,-2.0554209,-0.19973378,-0.8722612,-0.17325765,-1.0701959,-0.027006233,-0.7877904,0.04337555,-0.59756774,-0.38884944,-0.69514954,-0.31326303,-0.872921,-0.18075076,-0.6647986,-0.11177914,-0.49121213
p3,U,U,mock,mock,0.0,0.0,0.25517815,-0.22385184,0.36719042,-0.6008467,0.15923217,-0.85777354,-0.087454826,-1.0295088,0.22451802,-1.0382729,0.21004808,-1.4763187,0.18115431,-1.7520627,0.15339078,-1.9850506,-0.004303039,-0.99999076,-0.02965353,-1.4896699,-0.018892262,-1.7861443,-0.04331232,-2.042449,-0.21512304,-0.8697851,-0.18439043,-1.0587459,-0.039536435,-0.7712673,0.027685989,-0.5874215,-0.40231487,-0.69139475,-0.32823724,-0.86521614,-0.19509228,-0.6563953,-0.12977959,-0.48835775
p4,U,U,mock,mock,0.0,0.0,0.27720028,-0.21069865,0.39379865,-0.5922483,0.199099,-0.84871584,-0.040943105,-1.0148098,0.23840214,-1.028642,0.24381015,-1.4663028,0.22457165,-1.7445595,0.20320645,-1.9825981,0.007511166,-0.9999718,0.00021790033,-1.480696,0.020380532,-1.7797254,-0.002802326,-2.0423126,-0.20736916,-0.8779641,-0.1548682,-1.059797,-0.0112195825,-0.7675962,0.049312856,-0.5798874,-0.39714846,-0.70483494,-0.30201226,-0.8694223,-0.16574712,-0.65591633,-0.106975816,-0.48616076
p4,U,U,mock,mock,0.0,0.0,0.29846367,-0.20873807,0.453017,-0.5697886,0.27267343,-0.83906615,0.042632304,-1.013822,0.31273767,-1.0182701,0.31898072,-1.4611374,0.3086134,-1.7373372,0.29751155,-1.9801838,0.080666594,-0.9967411,0.0743971,-1.4912509,0.0932087,-1.7884134,0.08203847,-2.0665405,-0.13443959,-0.8815692,-0.07684724,-1.077621,0.051194925,-0.78952897,0.10712956,-0.6060221,-0.32200432,-0.71222866,-0.22668773,-0.88048095,-0.09970762,-0.67459345,-0.039106116,-0.50473297
p1,U,U,mock,mock,0.0,0.0,0.23961888,-0.21373938,0.31562746,-0.56811535,0.15389717,-0.8221635,-0.07121312,-0.9735251,0.16259491,-1.0134052,0.15829134,-1.4256411,0.13320923,-1.6825873,0.114109,-1.9089047,-0.070013486,-0.997546,-0.08289048,-1.428792,-0.08798037,-1.7297599,-0.1074741,-1.981736,-0.27684242,-0.8800948,-0.34148115,-1.0832598,-0.22798823,-0.8042323,-0.14287777,-0.58668286,-0.4583382,-0.6988069,-0.518209,-0.8750505,-0.4009381,-0.7150716,-0.288914,-0.56377494
p2,U,U,mock,mock,0.0,0.0,0.32253382,-0.22324851,0.48357007,-0.575555,0.27113998,-0.81359905,0.0012247802,-0.86260664,0.1934657,-1.0161386,0.14616689,-1.4282266,0.086257674,-1.6598638,0.032321006,-1.8710829,-0.059157208,-0.9982487,-0.104244925,-1.4288237,-0.1279267,-1.7207733,-0.16816416,-1.9774871,-0.255298,-0.8883226,-0.30699673,-1.0923126,-0.17455688,-0.8120212,-0.08021319,-0.58316857,-0.43532267,-0.72798055,-0.51193154,-0.9618049,-0.4037054,-0.8082821,-0.2959466,-0.634166
p2,U,U,mock,mock,0.0,0.0,0.313147,-0.20981044,0.44220495,-0.57000744,0.2215869,-0.7966245,-0.031397957,-0.8784776,0.1791935,-1.0119004,0.108177684,-1.4096942,0.033926964,-1.6448975,-0.025044952,-1.8593489,-0.074332155,-0.9972335,-0.13819973,-1.4280062,-0.17230798,-1.7233255,-0.21593049,-1.9715154,-0.2779408,-0.8929177,-0.3493419,-1.1209604,-0.23153383,-0.8155483,-0.13985085,-0.57125145,-0.4628086,-0.73655057,-0.5422174,-0.9697044,-0.44766268,-0.7994048,-0.35289845,-0.6255169
p2,U,U,mock,mock,0.0,0.0,0.31598943,-0.2313506,0.4499335,-0.5950242,0.22338198,-0.81767863,-0.04875917,-0.8581075,0.16820352,-1.0211102,0.10661134,-1.4247825,0.033883892,-1.6603693,-0.023402575,-1.8769572,-0.08370978,-0.9964902,-0.13984293,-1.4218749,-0.16781452,-1.7155526,-0.20860043,-1.9633688,-0.28734258,-0.8891393,-0.3441115,-1.1124953,-0.21601254,-0.82051337,-0.12846231,-0.57813996,-0.47635362,-0.7360155,-0.54881585,-0.97798175,-0.4497297,-0.8230352,-0.3591268,-0.6491833
p2,U,U,mock,mock,0.0,0.0,0.19717884,-0.24728091,0.15103702,-0.6029383,-0.18545978,-0.74628127,-0.47567758,-0.7645621,-0.049310952,-0.9858025,-0.11549072,-1.3522829,-0.17287044,-1.5877762,-0.2226142,-1.8022965,-0.2637863,-0.96458113,-0.34106302,-1.3869382,-0.37477574,-1.695815,-0.41675457,-1.9557631,-0.4375078,-0.84307057,-0.5413615,-1.1142844,-0.43234453,-0.89559144,-0.3767444,-0.716838,-0.5818732,-0.6486637,-0.68214935,-0.892935,-0.5578675,-0.7775246,-0.4716382,-0.6265406
p2,U,U,mock,mock,0.0,0.0,0.21028557,-0.23792163,0.16185571,-0.59131867,-0.15483078,-0.713215,-0.44008,-0.7414104,-0.041826516,-0.9976655,-0.106214,-1.3767717,-0.16102861,-1.6101183,-0.20622711,-1.8235043,-0.24544755,-0.9694099,-0.33030814,-1.3991001,-0.36606988,-1.6991489,-0.4090046,-1.9545412,-0.4179588,-0.85016054,-0.49319997,-1.1190194,-0.3705979,-0.8691274,-0.31058297,-0.67902946,-0.5594129,-0.6671504,-0.6289369,-0.9099668,-0.5051738,-0.785153,-0.4306911,-0.64173734
p2,U,U,mock,mock,0.0,0.0,0.2544775,-0.22504024,0.20158093,-0.5932061,-0.15421432,-0.699324,-0.4778686,-0.711361,-0.013463545,-1.0147886,-0.08281012,-1.3939495,-0.14731967,-1.6483202,-0.20100819,-1.8791862,-0.2402763,-0.97070456,-0.3283299,-1.419319,-0.36510703,-1.7509053,-0.4152255,-2.0283337,-0.43204066,-0.8403,-0.511098,-1.1115643,-0.3845277,-0.85215116,-0.31500575,-0.66087025,-0.58939576,-0.665605,-0.64495707,-0.86984414,-0.5234773,-0.7369645,-0.45075095,-0.60934645
p4,V,V,mock,mock,0.0,0.0,0.27784023,-0.15013623,0.41523635,-0.52459085,0.28655484,-0.7330194,0.034010705,-0.7130736,0.26009023,-1.0041927,0.36327705,-1.4151263,0.432733,-1.6677047,0.48464236,-1.8799689,-0.00059907406,-0.9999998,-0.053813733,-1.5077099,-0.055949636,-1.7972889,-0.07730124,-2.0359316,-0.2242385,-0.86736387,-0.24449092,-1.0799394,-0.11951458,-0.75913197,-0.04623917,-0.529065,-0.41476455,-0.6578207,-0.38668072,-0.7599714,-0.2601081,-0.56283796,-0.1814178,-0.42030013
p4,V,V,mock,mock,0.0,0.0,0.26230317,-0.18364787,0.38012642,-0.5404281,0.24645461,-0.72497964,-0.0030146134,-0.7161015,0.21930802,-1.0095882,0.3127666,-1.4160876,0.3725622,-1.6636559,0.41056013,-1.8816108,-0.03722294,-0.999307,-0.115616955,-1.4993722,-0.13853091,-1.7856115,-0.18009713,-2.0288284,-0.25227448,-0.860317,-0.30046648,-1.1033293,-0.15384565,-0.7848814,-0.06362536,-0.5619596,-0.43424684,-0.6445065,-0.42391765,-0.7636094,-0.287777,-0.58131915,-0.19710605,-0.44918224
p4,V,V,mock,mock,0.0,0.0,0.26656735,-0.17942996,0.39555085,-0.5194642,0.2541483,-0.7010922,0.006741235,-0.71231383,0.23329908,-1.0104771,0.3342754,-1.4108626,0.39355528,-1.6549293,0.4304575,-1.871224,-0.024010256,-0.9997117,-0.09426068,-1.4955661,-0.1177126,-1.779918,-0.16010424,-2.0265565,-0.23868446,-0.86315155,-0.28099397,-1.1035712,-0.13902484,-0.7918061,-0.050549693,-0.5741826,-0.42440617,-0.6542154,-0.40990353,-0.7671702,-0.27643093,-0.58484757,-0.1860008,-0.4534372
p4,V,V,mock,mock,0.0,0.0,0.27791968,-0.1929681,0.42324352,-0.53940564,0.26597476,-0.7268768,0.014680871,-0.7232376,0.25934547,-1.0126234,0.35104918,-1.4191709,0.40563852,-1.6622407,0.44075578,-1.8765028,-0.009481045,-0.99995506,-0.083597064,-1.4967954,-0.10814725,-1.7856566,-0.15422572,-2.0363967,-0.23723243,-0.8618473,-0.25153586,-1.0761956,-0.11053035,-0.7802145,-0.029372063,-0.56963086,-0.4316306,-0.65329665,-0.39066085,-0.74321574,-0.25470698,-0.5712911,-0.16976047,-0.44872028
p4,V,V,mock,mock,0.0,0.0,0.35308692,-0.062476266,0.5816644,-0.21984361,0.4444091,-0.3254995,0.19571431,-0.40582117,0.50827575,-0.90172064,0.6690701,-1.3301098,0.78679085,-1.577153,0.884432,-1.8187412,0.1875443,-0.9822562,0.096291564,-1.4426525,0.040080164,-1.7699534,-0.003557582,-2.0656114,-0.091718264,-0.91850257,-0.061938647,-0.74872243,0.026333002,-0.37384772,0.10285269,-0.1564584,-0.30525944,-0.77478486,-0.28079095,-0.58245605,-0.14967902,-0.31350127,-0.021818874,-0.14412372
p2,V,V,mock,mock,0.0,0.0,0.35524046,-0.053716917,0.52865505,-0.25373134,0.31713465,-0.39949414,0.069673814,-0.5442665,0.47490695,-0.94132227,0.6193738,-1.3753141,0.7274188,-1.6520331,0.80538356,-1.9076385,0.1542577,-0.9880307,0.02804225,-1.5073282,-0.04534031,-1.863319,-0.111582436,-2.1641648,-0.120420575,-0.885587,-0.184354,-0.8420138,-0.10292639,-0.4771048,-0.016626561,-0.25028574,-0.32717416,-0.70846105,-0.37278396,-0.6780183,-0.26398566,-0.433437,-0.13591795,-0.24924867
p1,V,V,mock,mock,0.0,0.0,0.32619634,-0.066873066,0.5211169,-0.27886268,0.4016891,-0.44096205,0.19678581,-0.60188246,0.5049779,-0.9469131,0.70418054,-1.3128538,0.8417086,-1.5575709,0.94102806,-1.7811848,0.20732704,-0.97827166,0.13042238,-1.4907132,0.09347383,-1.7969013,0.065325715,-2.077624,-0.070383646,-0.8772674,-0.002723682,-0.9788152,0.07971447,-0.6017959,0.12829328,-0.36998177,-0.2952201,-0.7128798,-0.20505264,-0.78650093,-0.079333425,-0.519668,0.015600553,-0.34156787
p3,V,V,mock,mock,0.0,0.0,0.33800355,-0.09139972,0.53884125,-0.26816773,0.37431717,-0.36636704,0.116868466,-0.44397163,0.43491063,-0.93629605,0.5961649,-1.3715051,0.70494634,-1.6276495,0.79059875,-1.8580139,0.114108555,-0.9934683,-0.008595688,-1.4879408,-0.10034167,-1.8090726,-0.17874017,-2.0765662,-0.1578958,-0.9072905,-0.13537484,-0.7793702,-0.043796357,-0.41711897,0.020852279,-0.20045815,-0.3664732,-0.74172914,-0.33870047,-0.59190726,-0.21277395,-0.34408858,-0.1046321,-0.17797896
p3,V,V,mock,mock,0.0,0.0,0.24211544,-0.17208885,0.3498791,-0.50251347,0.13621639,-0.7100648,-0.13366157,-0.7982711,0.16211647,-0.9910502,0.19473757,-1.3911022,0.21093887,-1.6231127,0.2190909,-1.8168339,-0.0728904,-0.99733996,-0.13407196,-1.4278239,-0.15017827,-1.6901966,-0.17264958,-1.8891934,-0.25045574,-0.88746536,-0.39847487,-1.2056731,-0.3075034,-1.072639,-0.23271137,-0.90981215,-0.3990085,-0.70601964,-0.46727905,-0.92778236,-0.3839164,-0.84366864,-0.30875418,-0.7060872
p3,V,V,mock,mock,0.0,0.0,0.23655392,-0.18003926,0.3408378,-0.50150275,0.12207034,-0.7005959,-0.14317802,-0.7778373,0.1610947,-0.98832476,0.1987851,-1.3823549,0.20988294,-1.6156008,0.21342403,-1.8155801,-0.07243866,-0.99737287,-0.12931217,-1.4190079,-0.14501846,-1.6810291,-0.1609083,-1.884985,-0.24763048,-0.8899466,-0.38950044,-1.2038305,-0.30687392,-1.092884,-0.23599748,-0.9452888,-0.3933474,-0.7107065,-0.45174962,-0.9442261,-0.37203518,-0.8734089,-0.29645103,-0.74038994
p3,V,V,mock,mock,0.0,0.0,0.22530256,-0.1743497,0.32909885,-0.49366137,0.11398069,-0.69806874,-0.15627246,-0.7829818,0.13849823,-0.994002,0.15525843,-1.3930105,0.15024042,-1.6338168,0.14258248,-1.8369635,-0.09566645,-0.9954134,-0.17691445,-1.4232358,-0.21007466,-1.6925373,-0.23678307,-1.8963863,-0.26882344,-0.88226813,-0.41255018,-1.1999271,-0.3330966,-1.0982894,-0.26032785,-0.9524501,-0.4153538,-0.70102054,-0.48368376,-0.9440376,-0.40870357,-0.8910734,-0.33465624,-0.77142185
p3,V,V,mock,mock,0.0,0.0,0.23985511,-0.17004313,0.36128363,-0.49277782,0.13984652,-0.7205633,-0.13660155,-0.80438364,0.18574677,-0.9878216,0.21136469,-1.3819679,0.21841694,-1.6224424,0.22544616,-1.8313863,-0.047491506,-0.9988716,-0.118676655,-1.4162884,-0.15013194,-1.6828345,-0.17471157,-1.8893044,-0.22474518,-0.89414984,-0.36038667,-1.2039088,-0.2785242,-1.060955,-0.20289992,-0.8898008,-0.38054907,-0.7202135,-0.45644057,-0.9540311,-0.37593213,-0.8739116,-0.30105987,-0.7402604
p3,V,V,mock,mock,0.0,0.0,0.19169568,-0.21654363,0.20802863,-0.633481,-0.09385073,-0.9260855,-0.345792,-1.0979251,0.3348653,-1.0060556,0.3812394,-1.4418027,0.4098381,-1.7282007,0.42618135,-1.9665354,0.08739462,-0.9961738,0.000125167,-1.4636195,-0.04089053,-1.7611563,-0.09209968,-2.0058892,-0.12991971,-0.883279,-0.28009966,-1.0726207,-0.20494561,-0.8036764,-0.15053286,-0.6317383,-0.3001208,-0.70747215,-0.36803082,-0.82950175,-0.27187848,-0.5949024,-0.20497826,-0.40595353
p3,V,V,mock,mock,0.0,0.0,0.16445494,-0.24895753,0.19012299,-0.6421465,-0.061894707,-0.9463264,-0.29991758,-1.1254414,0.372453,-0.9929905,0.419193,-1.4142888,0.45178148,-1.6974766,0.476303,-1.9259479,0.13630737,-0.99066657,0.073082246,-1.4363276,0.051614806,-1.7178819,0.031891014,-1.9480039,-0.075193204,-0.8787662,-0.22319263,-1.0480349,-0.15702052,-0.78908396,-0.09444954,-0.61347944,-0.24320275,-0.7077854,-0.32274878,-0.8489227,-0.2569872,-0.6297871,-0.19115074,-0.4495508
p3,V,V,mock,mock,0.0,0.0,0.2860824,-0.25205398,0.36911833,-0.7322538,0.116988,-1.0421852,-0.18081294,-1.1363269,0.18054053,-1.0448459,0.2051045,-1.5062696,0.19489196,-1.7712992,0.18234906,-2.0007758,-0.06773905,-0.9977031,-0.15041631,-1.545237,-0.16764455,-1.8604606,-0.20805347,-2.1075673,-0.27606794,-0.86335033,-0.28751278,-1.2085917,-0.109208405,-0.99635375,-0.034139417,-0.79767245,-0.44412044,-0.67781013,-0.33669215,-0.8697551,-0.19013779,-0.66270715,-0.13775425,-0.46286476
p3,V,V,mock,mock,0.0,0.0,0.27170593,-0.24461053,0.345338,-0.7218634,0.08480197,-1.0355216,-0.21792915,-1.1447418,0.21018891,-1.0314512,0.24222285,-1.5057237,0.24184065,-1.7751613,0.23538007,-2.0067606,-0.040426567,-0.9991825,-0.13242929,-1.5459334,-0.15303367,-1.8595419,-0.19390316,-2.1101933,-0.2510724,-0.86971027,-0.28574607,-1.1883866,-0.12650625,-0.956569,-0.060930572,-0.7553557,-0.4213646,-0.68476903,-0.35260773,-0.8601415,-0.21650934,-0.6361258,-0.1626924,-0.4307251
p3,V,V,mock,mock,0.0,0.0,0.251875,-0.22801763,0.33109456,-0.67840415,0.057555713,-0.9983201,-0.23856996,-1.1360749,0.25629228,-1.0283338,0.29256085,-1.4977534,0.3027152,-1.7718501,0.3019515,-2.0142913,0.0025823456,-0.99999666,-0.0692533,-1.5206262,-0.09790596,-1.8304936,-0.15049018,-2.093285,-0.2138317,-0.8676529,-0.2911653,-1.2059005,-0.15967408,-0.9485154,-0.09583078,-0.75058776,-0.39007106,-0.67071,-0.38047388,-0.84041196,-0.25168326,-0.6050154,-0.18262766,-0.40778336
p3,V,V,mock,mock,0.0,0.0,0.23183864,-0.20050701,0.30002734,-0.52773,0.021202663,-0.7202499,-0.24400677,-0.80112666,0.22413535,-0.9792959,0.30667236,-1.3587381,0.35307637,-1.6014469,0.38842574,-1.7996314,-0.035554532,-0.9993677,-0.10546571,-1.3907747,-0.13251178,-1.6402527,-0.1568672,-1.8296893,-0.23426166,-0.9030572,-0.37690732,-1.2184018,-0.3002854,-1.1097422,-0.23378064,-0.9624914,-0.3939557,-0.7270076,-0.4777345,-0.9540869,-0.3906982,-0.89842874,-0.29046968,-0.77961254
p3,V,V,mock,mock,0.0,0.0,0.247688,-0.19305538,0.31766453,-0.5304789,0.029027509,-0.7345723,-0.24267977,-0.8112,0.22129661,-0.9773299,0.30829534,-1.3745636,0.35452527,-1.6204537,0.3899975,-1.8249735,-0.039071266,-0.9992364,-0.103093885,-1.4027908,-0.12967455,-1.6540366,-0.1569786,-1.8393629,-0.23685735,-0.90351874,-0.3766867,-1.2346205,-0.2960471,-1.1246972,-0.2314746,-0.96985203,-0.3955505,-0.7287591,-0.47620195,-0.971321,-0.3798131,-0.90188044,-0.28104717,-0.7714185
p3,V,V,mock,mock,0.0,0.0,0.21026365,-0.18339759,0.24470282,-0.50979877,-0.028801018,-0.7185936,-0.27816486,-0.8301716,0.23789047,-0.96807,0.3286763,-1.3736702,0.37296128,-1.6213045,0.40945747,-1.8324807,-0.011125667,-0.99993813,-0.045965273,-1.398281,-0.074762374,-1.6408365,-0.08890613,-1.8348944,-0.21689378,-0.9186108,-0.32141238,-1.2246149,-0.29306364,-1.092153,-0.25989658,-0.93915886,-0.37989914,-0.7613049,-0.48387313,-0.9705226,-0.43839648,-0.8933845,-0.36859566,-0.77637297
p3,V,V,mock,mock,0.0,0.0,0.21249887,-0.1836131,0.24636921,-0.5105458,-0.011922602,-0.7158725,-0.26169193,-0.8240856,0.2303618,-0.97267735,0.30751753,-1.3834515,0.34689197,-1.6396949,0.37926057,-1.8521525,-0.020946793,-0.9997806,-0.06728968,-1.4023459,-0.09385313,-1.6538546,-0.10081619,-1.8551253,-0.22652535,-0.91572285,-0.33432487,-1.2234312,-0.29989713,-1.083772,-0.2571394,-0.9298534,-0.3905869,-0.750549,-0.48297244,-0.95117545,-0.42639992,-0.87875867,-0.3465628,-0.76590496
p3,V,V,mock,mock,0.0,0.0,0.22238699,-0.18128492,0.2650566,-0.48905998,-0.0014468557,-0.6732403,-0.24985218,-0.7789941,0.2291236,-0.97807646,0.31359515,-1.3975798,0.35311684,-1.6574662,0.38243282,-1.876199,-0.032966617,-0.99945647,-0.07582303,-1.4091724,-0.1051306,-1.6631159,-0.1160075,-1.8598919,-0.24334197,-0.9069001,-0.35628992,-1.2216508,-0.31151477,-1.0913881,-0.25820604,-0.93594885,-0.41113153,-0.734933,-0.5053033,-0.94682163,-0.43345606,-0.87342066,-0.33877254,-0.7576312
p3,V,V,mock,mock,0.0,0.0,0.31373042,-0.1273501,0.4432856,-0.49968424,0.15712155,-0.7272036,-0.12588899,-0.8248656,0.29873297,-0.98650134,0.3216042,-1.4164214,0.3280209,-1.6761903,0.3307488,-1.9022139,0.03543377,-0.999372,-0.016646145,-1.4744071,-0.046904728,-1.7690809,-0.092408806,-2.011406,-0.16448556,-0.89654624,-0.24203601,-1.232945,-0.176081,-1.024755,-0.14175166,-0.85852283,-0.33141777,-0.7022074,-0.36676136,-0.8633361,-0.2573033,-0.639307,-0.17037353,-0.4412579
p3,V,V,mock,mock,0.0,0.0,0.31934825,-0.12270252,0.44795853,-0.49393612,0.16975865,-0.72405726,-0.11753525,-0.8183698,0.30306637,-0.97846574,0.32148385,-1.4106429,0.3241431,-1.6662805,0.31967494,-1.8895825,0.04067635,-0.9991724,-0.01265463,-1.4747163,-0.043191746,-1.7669396,-0.08849058,-2.008903,-0.15803617,-0.9001627,-0.23665091,-1.2302433,-0.15720823,-0.97766095,-0.10956598,-0.782426,-0.3230121,-0.70595163,-0.35765764,-0.8559204,-0.24607849,-0.62587255,-0.15485597,-0.43114498
p3,V,V,mock,mock,0.0,0.0,0.28354442,-0.15787585,0.41691872,-0.5036815,0.15268321,-0.7525443,-0.11437632,-0.8654496,0.3249897,-0.9719159,0.36861667,-1.387242,0.38119438,-1.6411568,0.3901029,-1.8587646,0.074103415,-0.99725056,0.033071097,-1.463372,0.018771352,-1.736094,-0.011363112,-1.963934,-0.12898941,-0.9027876,-0.22950718,-1.2174749,-0.17133322,-1.0277061,-0.13254544,-0.88709325,-0.30288753,-0.727453,-0.36167723,-0.878928,-0.26727864,-0.67603385,-0.18155746,-0.5049457
p3,V,V,mock,mock,0.0,0.0,0.28804672,-0.13163726,0.4125578,-0.47502503,0.1361463,-0.71366274,-0.14216872,-0.81609136,0.321293,-0.96190274,0.3629911,-1.3970275,0.37173826,-1.6524284,0.37866175,-1.8740145,0.061414644,-0.9981123,0.010559988,-1.4718693,-0.008085985,-1.7473485,-0.03902256,-1.9786485,-0.14123929,-0.9072534,-0.24605773,-1.2252969,-0.17375354,-0.96627355,-0.1222922,-0.7725224,-0.31422606,-0.7240828,-0.38853088,-0.87307996,-0.29867125,-0.6519335,-0.21436888,-0.46915194
p3,V,V,mock,mock,0.0,0.0,0.27462026,-0.14689796,0.3924566,-0.48461124,0.11851762,-0.7212074,-0.15517925,-0.8312866,0.31365925,-0.962343,0.35155004,-1.3996582,0.3565052,-1.6539122,0.36081502,-1.8767016,0.05694113,-0.99837756,0.0089986045,-1.4751139,-0.012269618,-1.7483962,-0.046928596,-1.9786211,-0.14461535,-0.90782994,-0.25251076,-1.2173797,-0.18859455,-0.96714574,-0.14435361,-0.77957594,-0.3206581,-0.72671354,-0.39606455,-0.87926835,-0.3091667,-0.6618433,-0.22797646,-0.47817725
p3,V,V,mock,mock,0.0,0.0,0.25787902,-0.13745908,0.3806838,-0.42344114,0.18114556,-0.62894183,-0.06926285,-0.7647072,0.24424925,-0.96397203,0.31938997,-1.3702081,0.34717235,-1.6134233,0.36608532,-1.8299586,-0.005563725,-0.9999845,-0.09567736,-1.4248413,-0.14008674,-1.6795524,-0.19117656,-1.8856485,-0.19622365,-0.90761155,-0.36238575,-1.2042762,-0.28460565,-1.0242752,-0.2199577,-0.84578717,-0.36398527,-0.741515,-0.46566108,-0.960871,-0.3956355,-0.8506974,-0.31520575,-0.6962362
p3,V,V,mock,mock,0.0,0.0,0.23991138,-0.14387167,0.31479022,-0.4511957,0.08592782,-0.6616121,-0.16574708,-0.802736,0.24855755,-0.96713674,0.32961315,-1.3742263,0.36026838,-1.6175059,0.379594,-1.8299407,-0.009788213,-0.9999521,-0.090006955,-1.4150037,-0.12508407,-1.6553775,-0.17384607,-1.8479455,-0.21131803,-0.90127957,-0.38444898,-1.1939926,-0.30692396,-0.98856384,-0.24163003,-0.8095599,-0.38186333,-0.72768337,-0.49260995,-0.92775935,-0.42848355,-0.8088105,-0.34725225,-0.6680964
p3,V,V,mock,mock,0.0,0.0,0.23860562,-0.1426428,0.30926415,-0.43408692,0.07439499,-0.62709755,-0.18194112,-0.7620786,0.23599029,-0.967772,0.30904415,-1.383632,0.33175984,-1.629216,0.34627435,-1.8516436,-0.020447075,-0.99979097,-0.10371255,-1.4189132,-0.15121676,-1.66694,-0.20460574,-1.8726423,-0.2176123,-0.9037982,-0.3917082,-1.1925161,-0.3192372,-0.9883543,-0.25521028,-0.80531037,-0.37909356,-0.7282552,-0.49684283,-0.9260273,-0.43299687,-0.8052519,-0.35214671,-0.6559727
p3,V,V,mock,mock,0.0,0.0,0.23135422,-0.13731258,0.28072998,-0.42386985,0.02550472,-0.62271947,-0.24241634,-0.74977887,0.23277256,-0.9536878,0.2994478,-1.3815868,0.32195395,-1.619566,0.33569565,-1.8425893,-0.025455957,-0.9996759,-0.09180743,-1.4238721,-0.135632,-1.6721755,-0.18241759,-1.8872439,-0.22622149,-0.9134351,-0.38916662,-1.2112017,-0.33704066,-0.99313796,-0.28864518,-0.804103,-0.3887505,-0.7383827,-0.5062729,-0.9344833,-0.44926524,-0.8093528,-0.3729544,-0.6570699
p3,V,V,mock,mock,0.0,0.0,0.24220811,-0.12874562,0.32317948,-0.4139389,0.09213925,-0.60533184,-0.16931127,-0.73669297,0.24728215,-0.96390647,0.31715566,-1.3789909,0.33533263,-1.6266875,0.347635,-1.8501724,-0.008634021,-0.99996275,-0.09727304,-1.4153422,-0.15111177,-1.6643195,-0.20633729,-1.8723053,-0.20701818,-0.9086283,-0.3798012,-1.1861651,-0.31310362,-0.97135824,-0.2518036,-0.78022885,-0.36948827,-0.7373171,-0.48735225,-0.924823,-0.4254927,-0.79646677,-0.3475477,-0.6427027
p2,V,V,mock,mock,0.0,0.0,0.31446156,-0.28489578,0.39651832,-0.6819391,0.23185864,-0.95943314,-0.027873544,-1.0594039,0.32199815,-0.9948342,0.42586204,-1.3627077,0.4664483,-1.5779263,0.48939607,-1.7696571,0.10380177,-0.99459803,0.10903132,-1.4025576,0.124591514,-1.6623461,0.10842091,-1.8730158,-0.104387626,-0.9111084,-0.14067842,-1.1465181,-0.04073627,-0.89523304,0.005980511,-0.70791256,-0.30869377,-0.8008867,-0.3236228,-1.0223922,-0.22986092,-0.8737711,-0.15263726,-0.71230024
p2,V,V,mock,mock,0.0,0.0,0.2957411,-0.28674087,0.37575772,-0.6873495,0.19805251,-0.95108354,-0.06895907,-1.0298336,0.31332627,-0.9957637,0.41098362,-1.3512627,0.45073336,-1.5585631,0.47002903,-1.7397423,0.09326425,-0.9956414,0.10180202,-1.3926241,0.11406461,-1.6415986,0.094042175,-1.8429784,-0.114484474,-0.9116663,-0.14441718,-1.1292908,-0.04480403,-0.8871087,0.0039158827,-0.7077722,-0.31377453,-0.7994622,-0.32630897,-1.0023297,-0.23286094,-0.859282,-0.15302634,-0.70787555
p2,V,V,mock,mock,0.0,0.0,0.2926766,-0.30657786,0.35757458,-0.70017,0.18357688,-0.95546407,-0.07915008,-1.046814,0.33187976,-0.99815303,0.44221753,-1.3603928,0.48504648,-1.5803342,0.5094381,-1.7680929,0.11011553,-0.9939188,0.12193443,-1.4003932,0.13380729,-1.6549882,0.12266146,-1.8686281,-0.10315527,-0.91446793,-0.13984667,-1.1437557,-0.051305115,-0.8895428,-0.004065003,-0.71109104,-0.30423763,-0.81148714,-0.33767062,-1.0166965,-0.2508295,-0.8674468,-0.17254004,-0.7178616
p2,V,V,mock,mock,0.0,0.0,0.30819863,-0.2586958,0.42457348,-0.6719531,0.25316188,-0.9725455,-0.019535286,-1.0383241,0.30844912,-0.99758726,0.4049862,-1.3585404,0.4484133,-1.5637373,0.4700777,-1.7405285,0.08520006,-0.9963639,0.08991796,-1.4126832,0.10515431,-1.6609153,0.08281793,-1.8656946,-0.12123613,-0.90982735,-0.13376747,-1.1341288,-0.012456172,-0.8860361,0.03907827,-0.69680494,-0.31775922,-0.800011,-0.31506953,-1.0287331,-0.20402923,-0.8799558,-0.122390606,-0.7180661
p2,V,V,mock,mock,0.0,0.0,0.31336683,-0.26335448,0.4349665,-0.6730293,0.25285345,-0.97330415,-0.016435413,-1.0615971,0.33502376,-0.99053645,0.43937525,-1.3606311,0.48659667,-1.5711097,0.5144305,-1.7523279,0.10963443,-0.993972,0.11807555,-1.4139879,0.13667044,-1.6652424,0.11999427,-1.8715155,-0.09993826,-0.91320384,-0.11565032,-1.1449902,-0.0042957603,-0.8939475,0.044565298,-0.70520526,-0.30018184,-0.80999225,-0.30003345,-1.0426539,-0.19694176,-0.89509463,-0.11956178,-0.7356085
p2,V,V,mock,mock,0.0,0.0,0.29247993,-0.21379682,0.4133348,-0.6257827,0.26937884,-0.93566895,0.009545806,-0.9982623,0.31246468,-0.9916418,0.41807732,-1.3723696,0.46272096,-1.6001395,0.48854402,-1.7948836,0.085698344,-0.99632114,0.04650753,-1.4248735,0.03097206,-1.6841502,-0.0143994205,-1.905141,-0.11871961,-0.8977881,-0.13903996,-1.10838,-0.016255882,-0.8580328,0.03062331,-0.67360085,-0.305561,-0.7506066,-0.28736418,-0.9544738,-0.16909453,-0.79856163,-0.101783045,-0.64100516
p2,V,V,mock,mock,0.0,0.0,0.28240475,-0.21362457,0.40012094,-0.61435074,0.25705552,-0.9190638,0.013882766,-1.0224894,0.32117206,-0.98476696,0.4364342,-1.371845,0.4883994,-1.6074533,0.5197123,-1.8069757,0.096389264,-0.9953437,0.06414915,-1.4250247,0.047650438,-1.6902654,0.0046305396,-1.9150728,-0.10841125,-0.9022988,-0.13529688,-1.1161876,-0.025303207,-0.8680168,0.021873133,-0.685199,-0.30019665,-0.75942993,-0.29772225,-0.9547227,-0.18889362,-0.80206746,-0.11857382,-0.6515647
p2,V,V,mock,mock,0.0,0.0,0.27277547,-0.23002481,0.37882698,-0.6244305,0.23012576,-0.91479814,-0.014569359,-1.0088209,0.30765948,-0.989771,0.42042407,-1.3757257,0.46869063,-1.6066113,0.49909076,-1.8051455,0.08440986,-0.9964311,0.05058808,-1.4278818,0.035591446,-1.6903279,-0.0039562075,-1.912169,-0.12017736,-0.9035731,-0.14539842,-1.1209828,-0.03933325,-0.8688116,0.0063635064,-0.6910224,-0.31082305,-0.7602868,-0.31063816,-0.96375805,-0.2062593,-0.8097333,-0.14257346,-0.65938276
p2,V,V,mock,mock,0.0,0.0,0.2625374,-0.23174557,0.3657273,-0.6230931,0.20941804,-0.9149625,-0.031355485,-1.0334648,0.31924385,-0.97883576,0.44058764,-1.3711697,0.4910418,-1.607209,0.52277094,-1.8116792,0.09636512,-0.99534607,0.068345405,-1.4271791,0.0525486,-1.6913576,0.014358912,-1.9163046,-0.10943388,-0.9088919,-0.15093152,-1.1319921,-0.05127443,-0.8825332,-0.003261464,-0.70619273,-0.30324212,-0.7687915,-0.31670532,-0.9556793,-0.21873167,-0.8025463,-0.14962366,-0.65919185
p2,V,V,mock,mock,0.0,0.0,0.258607,-0.22115608,0.36618474,-0.6093044,0.21799214,-0.8952357,-0.024551341,-1.0120918,0.32434443,-0.9734282,0.44111195,-1.3624952,0.4913098,-1.5989625,0.5212609,-1.8042308,0.099270456,-0.9950605,0.07389299,-1.4232811,0.06133507,-1.689121,0.022751218,-1.9135729,-0.10853405,-0.9076407,-0.155383,-1.1285099,-0.057540447,-0.87938637,-0.005946413,-0.7009269,-0.3042226,-0.76420057,-0.3239693,-0.9419346,-0.22860926,-0.7941029,-0.15341252,-0.6547123
p2,V,V,mock,mock,0.0,0.0,0.23658538,-0.21590894,0.3479627,-0.53238755,0.18476105,-0.7775429,-0.062908664,-0.8842885,0.156267,-1.0024674,0.20040794,-1.3549033,0.20950593,-1.5634762,0.20997651,-1.7429782,-0.06382224,-0.9979613,-0.16649328,-1.3707379,-0.21264446,-1.5959647,-0.25891486,-1.767778,-0.23655196,-0.8906764,-0.34746447,-1.2016146,-0.24157666,-1.0830408,-0.16356237,-0.9209548,-0.39733407,-0.72814727,-0.5035259,-0.9598302,-0.41843456,-0.9211379,-0.31806412,-0.81638676
p2,V,V,mock,mock,0.0,0.0,0.2353742,-0.2135756,0.35206327,-0.51514804,0.19985583,-0.75941426,-0.044049032,-0.878227,0.16653669,-0.9978158,0.21730301,-1.3546145,0.22752096,-1.5648215,0.22993681,-1.7501552,-0.053860836,-0.99854845,-0.14844522,-1.3663046,-0.1963357,-1.591,-0.24286555,-1.7719214,-0.22868733,-0.8924911,-0.34143317,-1.1997391,-0.2403117,-1.0769581,-0.16170293,-0.9188555,-0.39285052,-0.72727656,-0.49896452,-0.94368166,-0.4104114,-0.8989273,-0.30385798,-0.7926532
p2,V,V,mock,mock,0.0,0.0,0.24315831,-0.21418619,0.34256944,-0.52078867,0.17604068,-0.7501369,-0.06384366,-0.8664385,0.16785882,-0.9965343,0.22078022,-1.3606794,0.23436841,-1.5794969,0.2411048,-1.7762167,-0.052343804,-0.99862915,-0.14429493,-1.3647556,-0.1872482,-1.5917189,-0.22907336,-1.7792692,-0.2270997,-0.89414614,-0.35623452,-1.2033409,-0.26007593,-1.069062,-0.18012713,-0.9053705,-0.3909396,-0.73197585,-0.50155604,-0.9460247,-0.41819635,-0.8957554,-0.3125419,-0.7865714
p2,V,V,mock,mock,0.0,0.0,0.23757808,-0.21787539,0.34468317,-0.53440285,0.18767536,-0.78009164,-0.06316786,-0.8657767,0.15740399,-1.0039588,0.19738194,-1.346872,0.20987326,-1.5482421,0.21202861,-1.7257637,-0.058492552,-0.99828786,-0.15443575,-1.3547133,-0.20477739,-1.5741956,-0.2604629,-1.7506588,-0.22862293,-0.8894374,-0.34053436,-1.1868246,-0.23517175,-1.053421,-0.15820394,-0.88746554,-0.38660386,-0.723822,-0.49269423,-0.9405657,-0.39731243,-0.887649,-0.28771648,-0.77503
p2,V,V,mock,mock,0.0,0.0,0.23897178,-0.21557508,0.3586158,-0.5333521,0.22437291,-0.794819,-0.026992919,-0.8751541,0.13484572,-1.0054778,0.16582493,-1.3542366,0.17151657,-1.5575273,0.16716985,-1.7300384,-0.0814997,-0.99667335,-0.19715375,-1.3743713,-0.25220284,-1.5964413,-0.31315526,-1.7691879,-0.24726869,-0.8862625,-0.36410147,-1.192686,-0.23089245,-1.0673655,-0.13345976,-0.90413964,-0.4006733,-0.7193263,-0.4966157,-0.93988407,-0.38433495,-0.8835776,-0.26850635,-0.76744837
p2,V,V,mock,mock,0.0,0.0,0.24377136,-0.26962513,0.2976281,-0.6760207,0.098860495,-0.94365543,-0.17085028,-0.9795547,0.1730557,-1.0133561,0.249694,-1.3846548,0.2762271,-1.6036022,0.2875649,-1.8010917,-0.053604368,-0.9985623,-0.13810566,-1.3947096,-0.18823463,-1.6370667,-0.25239736,-1.8568953,-0.24535313,-0.88309467,-0.3031393,-1.0826014,-0.16550593,-0.85623497,-0.08891146,-0.6971901,-0.41493928,-0.71594834,-0.46737266,-0.91441447,-0.34403333,-0.7968931,-0.2438198,-0.6672196
p2,V,V,mock,mock,0.0,0.0,0.24692743,-0.28069332,0.2904008,-0.68286014,0.09089141,-0.9488128,-0.17605953,-0.9948391,0.17274801,-1.0148709,0.25092784,-1.3909125,0.27597067,-1.6145064,0.28659967,-1.8145498,-0.051866647,-0.998654,-0.1345045,-1.3933555,-0.1840643,-1.6403561,-0.2459438,-1.8569002,-0.24259299,-0.8835331,-0.30797073,-1.0916513,-0.16882688,-0.8692044,-0.0874297,-0.70662165,-0.41322654,-0.71699023,-0.47077313,-0.9215441,-0.3461017,-0.80696106,-0.23814419,-0.6732955
p2,V,V,mock,mock,0.0,0.0,0.20304339,-0.2742982,0.23418537,-0.66744477,0.06250352,-0.91225195,-0.19904497,-0.95521545,0.17814125,-1.0059365,0.25845814,-1.3822516,0.2908086,-1.5996433,0.29984027,-1.7946494,-0.046180155,-0.99893314,-0.12923492,-1.3917878,-0.18035273,-1.6317573,-0.2543658,-1.8390998,-0.23319794,-0.8885882,-0.33458653,-1.0837189,-0.2123989,-0.88311654,-0.13412203,-0.7303271,-0.39485362,-0.72942984,-0.49004233,-0.8913477,-0.3891055,-0.78642815,-0.28280354,-0.6684526
p2,V,V,mock,mock,0.0,0.0,0.19397552,-0.27894697,0.22084413,-0.6659557,0.036137465,-0.90698546,-0.22330199,-0.957849,0.16925873,-1.0044624,0.25198507,-1.3867875,0.27838096,-1.6091791,0.29135087,-1.810163,-0.052351337,-0.99862874,-0.13623516,-1.3924435,-0.18939961,-1.6310374,-0.25469404,-1.8381683,-0.23635194,-0.89212507,-0.3428632,-1.0993823,-0.22961354,-0.8912655,-0.15743592,-0.7320948,-0.39709547,-0.7352389,-0.49898478,-0.9018157,-0.40521976,-0.7921305,-0.30627075,-0.67064756
p2,V,V,mock,mock,0.0,0.0,0.19413568,-0.2740459,0.21954446,-0.6597986,0.03449884,-0.89453006,-0.22057107,-0.94853777,0.17007692,-1.0064083,0.2525987,-1.3875086,0.27703327,-1.6121019,0.289594,-1.8143564,-0.04874533,-0.99881124,-0.13309407,-1.389013,-0.18867029,-1.6303436,-0.25314447,-1.837137,-0.23205078,-0.89064395,-0.3402427,-1.0935748,-0.22998701,-0.88882613,-0.15654153,-0.7303182,-0.39188996,-0.7312219,-0.4942106,-0.8934749,-0.4034387,-0.7845667,-0.3051755,-0.6655667
p2,V,V,mock,mock,0.0,0.0,0.32190675,-0.25575614,0.44272482,-0.64301866,0.25540218,-0.9530513,-0.03395721,-0.95921713,0.28655663,-0.9737775,0.37921217,-1.3477168,0.4210955,-1.5538799,0.453664,-1.740057,0.061542485,-0.99810445,0.06373123,-1.3803518,0.08447452,-1.6067178,0.08648936,-1.8032039,-0.13506256,-0.9237819,-0.20416817,-1.2551931,-0.09989131,-1.1058815,-0.04151588,-0.9237663,-0.3312096,-0.78759754,-0.39255267,-1.0511853,-0.28846794,-0.9820003,-0.20257626,-0.829394
p2,V,V,mock,mock,0.0,0.0,0.3237414,-0.24981567,0.4443339,-0.6556514,0.2615065,-0.9742251,-0.037018314,-0.9759961,0.29102445,-0.9749506,0.37929177,-1.3519611,0.42125723,-1.5662383,0.45502922,-1.7534361,0.06254017,-0.99804246,0.05218989,-1.389942,0.0724724,-1.6205041,0.07519544,-1.8123397,-0.13615856,-0.9248689,-0.20849025,-1.2566862,-0.10297782,-1.1149261,-0.04620096,-0.933679,-0.33467835,-0.79459304,-0.3940552,-1.0560925,-0.29146552,-0.9924963,-0.2094087,-0.84559435
p2,V,V,mock,mock,0.0,0.0,0.3184187,-0.27524877,0.41659206,-0.6780201,0.21353306,-0.9847408,-0.08605869,-0.9542382,0.23764,-0.9866245,0.30865684,-1.3746212,0.33865598,-1.5929091,0.35669315,-1.7845769,0.0070742,-0.99997497,-0.0206013,-1.3945702,-0.019366134,-1.6310025,-0.036790974,-1.8354368,-0.18788908,-0.9201387,-0.27286083,-1.2646594,-0.16324104,-1.1167288,-0.101425655,-0.92857057,-0.38057023,-0.7786559,-0.45770904,-1.0442094,-0.35503915,-0.99017084,-0.2686704,-0.8444464
p2,V,V,mock,mock,0.0,0.0,0.3105951,-0.27497756,0.39947647,-0.6898776,0.18530597,-0.98484427,-0.122820996,-0.9520547,0.24103339,-0.9889832,0.3119988,-1.375179,0.34015366,-1.5926338,0.3610376,-1.7800003,0.005898222,-0.9999826,-0.015443176,-1.3830385,-0.012677843,-1.6174661,-0.0266694,-1.8177906,-0.19446199,-0.9170115,-0.2842176,-1.2452645,-0.17905986,-1.0891361,-0.11921041,-0.8947865,-0.3900883,-0.77654094,-0.47933838,-1.0360807,-0.37498868,-0.97364587,-0.28213188,-0.82472175
p2,V,V,mock,mock,0.0,0.0,0.2878407,-0.30257607,0.35513628,-0.70044607,0.10888739,-0.9698251,-0.17699166,-0.9413938,0.17186719,-0.99442786,0.22624066,-1.396566,0.24129273,-1.6228075,0.24921528,-1.8277973,-0.06296721,-0.9980156,-0.107331835,-1.3906554,-0.11501031,-1.6293986,-0.13590191,-1.8300794,-0.25747284,-0.9067298,-0.36464652,-1.2436463,-0.25371283,-1.09044,-0.18055661,-0.90111846,-0.44230327,-0.75025386,-0.55095005,-1.0041168,-0.44751045,-0.94758385,-0.3501097,-0.803506
p3,V,V,mock,mock,0.0,0.0,0.22541139,-0.29444477,0.25805533,-0.6712928,0.02122539,-0.87228954,-0.23200044,-0.8895268,0.1494742,-1.024836,0.19344866,-1.4641268,0.20114316,-1.7163582,0.20173366,-1.9473628,-0.10168331,-0.99481684,-0.17758925,-1.4363818,-0.21926695,-1.7111692,-0.276639,-1.9653904,-0.31294268,-0.86482495,-0.38157225,-1.0290799,-0.2481052,-0.7636076,-0.1885273,-0.6027052,-0.4978916,-0.66235626,-0.5893143,-0.90964097,-0.44203776,-0.7449405,-0.35005593,-0.5799066
p3,V,V,mock,mock,0.0,0.0,0.2220671,-0.30178165,0.25488105,-0.6714827,0.011912991,-0.87883663,-0.23526628,-0.9290976,0.14899218,-1.0212108,0.19348554,-1.45796,0.19812846,-1.7165036,0.19527599,-1.9526383,-0.10428549,-0.9945474,-0.18938813,-1.4310758,-0.2360936,-1.7066529,-0.29599681,-1.9686137,-0.314859,-0.86725,-0.38922808,-1.046495,-0.25469688,-0.7693859,-0.18925066,-0.6096775,-0.50270617,-0.6672846,-0.5841318,-0.9046837,-0.4425608,-0.72860736,-0.3536093,-0.5709079
p3,V,V,mock,mock,0.0,0.0,0.23289393,-0.2978938,0.2659402,-0.6772173,0.008339789,-0.88085884,-0.24627422,-0.90292627,0.14053504,-1.0239176,0.18732698,-1.4570651,0.19103989,-1.7136456,0.19020832,-1.9476485,-0.114106394,-0.9934685,-0.195216,-1.4277383,-0.23927611,-1.7081867,-0.29439312,-1.9737062,-0.3222924,-0.86695224,-0.39748797,-1.0490783,-0.26473114,-0.77302754,-0.2005938,-0.604286,-0.5069865,-0.6687858,-0.5909843,-0.91048706,-0.4472871,-0.73653924,-0.3534207,-0.5729474
p3,V,V,mock,mock,0.0,0.0,0.23959991,-0.29286575,0.29461575,-0.6752634,0.03676165,-0.89258206,-0.22019671,-0.9160917,0.16082124,-1.0202851,0.21923977,-1.4505334,0.23110719,-1.7059498,0.24061266,-1.9383934,-0.09612819,-0.99536896,-0.16599748,-1.4356995,-0.19721946,-1.7172524,-0.2396327,-1.9824653,-0.30480546,-0.87444174,-0.36192945,-1.0561734,-0.23744293,-0.7759759,-0.18213013,-0.60187745,-0.48934567,-0.68168277,-0.55820876,-0.92775035,-0.41974586,-0.7509869,-0.33636287,-0.5834532
p3,V,V,mock,mock,0.0,0.0,0.23693117,-0.2873577,0.28589267,-0.69740343,0.04403543,-0.9183129,-0.2194653,-0.94755054,0.16164206,-1.0206968,0.22898512,-1.4590933,0.2479046,-1.719519,0.25710136,-1.9498634,-0.08948828,-0.9959879,-0.15201612,-1.4506238,-0.17925274,-1.7342602,-0.22869886,-1.9986815,-0.3039801,-0.8755781,-0.3612767,-1.0632498,-0.23279856,-0.7825648,-0.18454778,-0.60799444,-0.49394143,-0.6899319,-0.5591484,-0.9387815,-0.42240766,-0.7620236,-0.3475157,-0.59211236
p4,V,V,mock,mock,0.0,0.0,0.33899206,-0.16984512,0.5320738,-0.47940415,0.3562682,-0.7667723,0.08038992,-0.8818366,0.40204206,-0.9430577,0.46280327,-1.3502314,0.47512484,-1.5600429,0.47311077,-1.7615951,0.15443693,-0.98800266,0.13243496,-1.4301931,0.122774996,-1.700839,0.0953709,-1.9318596,-0.053971093,-0.90322787,-0.0909364,-1.209856,-0.009741181,-0.914408,0.03292065,-0.694294,-0.26279002,-0.73504555,-0.24751782,-0.9221647,-0.1579456,-0.71693313,-0.10174168,-0.53641564
p4,V,V,mock,mock,0.0,0.0,0.35849223,-0.14129665,0.5683227,-0.4267969,0.38842985,-0.7095365,0.11898193,-0.83430237,0.48163554,-0.92222315,0.60418403,-1.3107613,0.6491803,-1.5082388,0.67881197,-1.6963737,0.22618772,-0.9740837,0.241839,-1.428086,0.26691878,-1.679286,0.26200268,-1.901979,0.008660499,-0.8950643,-0.012944468,-1.1703763,0.058746804,-0.8671957,0.09714893,-0.6381209,-0.20731838,-0.743799,-0.18378434,-0.924781,-0.10273318,-0.7191505,-0.040597092,-0.5303307
p4,V,V,mock,mock,0.0,0.0,0.35563913,-0.15892789,0.55048364,-0.49531314,0.3721742,-0.7945677,0.08816526,-0.8985554,0.39744264,-0.95362616,0.46816018,-1.3372192,0.4886599,-1.5468737,0.49587914,-1.7417867,0.15201639,-0.988378,0.117834605,-1.4189398,0.108753465,-1.687809,0.07506656,-1.9137825,-0.059031434,-0.90119976,-0.089918904,-1.1983231,0.010020453,-0.8964166,0.04919748,-0.6718707,-0.2740985,-0.73252624,-0.23544724,-0.9235686,-0.14155492,-0.7118861,-0.09977788,-0.5252645
p4,V,V,mock,mock,0.0,0.0,0.36356837,-0.1819884,0.55865234,-0.5021251,0.3968641,-0.7827345,0.11552488,-0.88762206,0.3703505,-0.9692585,0.43398896,-1.3524746,0.4485167,-1.5584301,0.45164517,-1.7563181,0.12185626,-0.99254775,0.08739307,-1.4296945,0.07631227,-1.6932857,0.042206477,-1.9161556,-0.08761126,-0.89312154,-0.10302155,-1.2001294,0.010190099,-0.90298486,0.060731713,-0.67833066,-0.29831958,-0.7154797,-0.23813085,-0.90370154,-0.1290327,-0.6958941,-0.07755933,-0.51414454
p4,V,V,mock,mock,0.0,0.0,0.3594837,-0.15162244,0.56535095,-0.49359494,0.3937391,-0.8057867,0.107447915,-0.92797196,0.42230985,-0.9480129,0.5063754,-1.3432368,0.5321512,-1.5549613,0.5372488,-1.7512481,0.17065409,-0.985331,0.14806123,-1.4356105,0.14413624,-1.7049955,0.10726911,-1.9310776,-0.043707427,-0.9016341,-0.07879133,-1.2068169,0.01963557,-0.90008444,0.06374771,-0.6740061,-0.26671445,-0.7438058,-0.23309061,-0.9220351,-0.14343609,-0.7055376,-0.0952369,-0.5210424
p2,V,V,mock,mock,0.0,0.0,0.31704843,-0.18802968,0.45352507,-0.4654458,0.41888815,-0.8019654,0.12394827,-0.88818765,0.24859527,-1.0004536,0.31407157,-1.489684,0.34040803,-1.7413878,0.3391125,-1.9510816,-0.0063358173,-0.9999799,-0.15239654,-1.5109383,-0.20061456,-1.8191105,-0.25273252,-2.0837605,-0.19199961,-0.8837518,-0.32673848,-1.261276,-0.10696904,-1.1012571,0.058816418,-0.94460726,-0.3309735,-0.67285967,-0.28654695,-0.968453,-0.105593555,-0.82021904,0.022387259,-0.6321675
p2,V,V,mock,mock,0.0,0.0,0.27226946,-0.1878413,0.35564297,-0.49865967,0.18546192,-0.7728506,-0.073487654,-0.87142724,0.2901238,-0.9766077,0.42400414,-1.4033122,0.488445,-1.6233208,0.5192801,-1.8179493,0.04001587,-0.99919903,-0.045677826,-1.4474932,-0.08055257,-1.7017995,-0.12400581,-1.9206172,-0.15055072,-0.89242345,-0.24750456,-1.181108,-0.1240126,-0.9852919,-0.055872764,-0.8215474,-0.3157767,-0.7027294,-0.3410834,-0.95328254,-0.22883369,-0.82948714,-0.13981387,-0.66690844
p2,V,V,mock,mock,0.0,0.0,0.30517828,-0.2041683,0.46212295,-0.54056084,0.53065544,-0.8609888,0.33485582,-1.0003499,0.12321114,-1.0182443,0.20934168,-1.5019791,0.2545979,-1.7755666,0.26250678,-2.0076168,-0.0716242,-0.9974317,-0.21045303,-1.5787833,-0.20916007,-1.9260054,-0.22893423,-2.190565,-0.23633778,-0.8729603,-0.23185241,-1.343878,0.034164816,-1.2318851,0.18437326,-1.0828395,-0.3380585,-0.6852396,-0.13260037,-1.0069396,0.13084158,-0.88781625,0.2875515,-0.71158814
p2,V,V,mock,mock,0.0,0.0,0.2839469,-0.13772164,0.3745962,-0.42446086,0.20124331,-0.7141337,-0.033729713,-0.8723764,0.40639454,-0.92615694,0.58767724,-1.3509922,0.68356836,-1.574954,0.7537929,-1.7858102,0.15527579,-0.98787117,0.12627144,-1.431423,0.101362124,-1.6882207,0.075564526,-1.9164516,-0.052514464,-0.91007984,-0.109809436,-1.2140572,-0.05351096,-0.9755775,-0.020054707,-0.7959837,-0.23286806,-0.7339412,-0.26021284,-0.97528434,-0.18558735,-0.8162466,-0.11595828,-0.64569765
p2,V,V,mock,mock,0.0,0.0,0.3073697,-0.14217281,0.4514926,-0.41516483,0.46590587,-0.7658361,0.19108619,-0.87890536,0.30941626,-0.96352166,0.44748673,-1.4032532,0.52364826,-1.6590009,0.5662259,-1.869937,0.07640303,-0.997077,0.017152904,-1.4871118,0.017772052,-1.7982974,0.011596235,-2.052692,-0.119473375,-0.9060587,-0.19134516,-1.3021482,-0.00664677,-1.1211736,0.12375231,-0.94401217,-0.26964563,-0.7194818,-0.19214699,-1.0099925,-0.028877273,-0.8541611,0.06964638,-0.66677445
p2,V,V,mock,mock,0.0,0.0,0.31790715,-0.13577373,0.43080842,-0.5688063,0.24306509,-0.93647444,-0.04640797,-1.085293,0.43751144,-0.91956466,0.5958537,-1.3321226,0.6786986,-1.5921367,0.73273695,-1.7954082,0.17210177,-0.98507917,0.16939346,-1.4487604,0.1737796,-1.7498034,0.14410621,-1.9834487,-0.064388916,-0.9375025,-0.0872773,-1.2712193,0.016828442,-1.0802243,0.0375729,-0.89123744,-0.3002714,-0.832727,-0.3083278,-1.142332,-0.18787953,-1.0518733,-0.115523905,-0.88486505
p2,V,V,mock,mock,0.0,0.0,0.29781863,-0.19250174,0.44806415,-0.5485464,0.37127474,-0.87672985,0.120494865,-1.0063101,0.30098927,-0.9560545,0.41610438,-1.3298296,0.45584622,-1.5628648,0.47798467,-1.7370213,0.082161225,-0.99661905,0.016512614,-1.4649699,0.037697468,-1.7326112,0.025481595,-1.9288213,-0.08779669,-0.93865025,-0.14388618,-1.2765692,0.067828625,-1.1471021,0.16908266,-0.97328264,-0.24895069,-0.83741003,-0.21339849,-1.1084414,-0.05271337,-1.0461735,0.039723583,-0.90370226
p2,V,V,mock,mock,0.0,0.0,0.3028125,-0.08478628,0.39517662,-0.40907478,0.13888347,-0.690114,-0.1160359,-0.84036624,0.5306641,-0.86801434,0.8064002,-1.255172,0.96729505,-1.4977574,1.0877596,-1.7007635,0.25495192,-0.96695375,0.29355443,-1.4402368,0.29917765,-1.7170826,0.28574285,-1.937177,0.011161141,-0.9179185,-0.0721294,-1.1991785,-0.013604778,-0.9933835,0.020540575,-0.81493366,-0.20934218,-0.78113306,-0.24049523,-1.0373511,-0.16640355,-0.9071943,-0.10538489,-0.74748945
p2,V,V,mock,mock,0.0,0.0,0.26359,-0.09570998,0.37246484,-0.40862364,0.17750321,-0.6945235,-0.03979678,-0.8807268,0.49875474,-0.8612395,0.7521289,-1.2230909,0.90253896,-1.4371707,1.0189433,-1.6245906,0.26144427,-0.9652186,0.2979774,-1.4118118,0.32445958,-1.67348,0.3249795,-1.8989414,0.0377632,-0.928816,-0.01898933,-1.2308165,0.014793745,-1.0141724,0.024778185,-0.8449121,-0.17193833,-0.81002825,-0.19973522,-1.0655819,-0.15237482,-0.93405247,-0.11211534,-0.78436226
p2,V,V,mock,mock,0.0,0.0,0.24646892,-0.19562542,0.32448998,-0.51899064,0.13180466,-0.7837312,-0.09380705,-0.9234343,0.39019743,-0.93555874,0.5481481,-1.2991438,0.61823666,-1.5146917,0.6663482,-1.7002012,0.15818323,-0.9874098,0.10337596,-1.4072808,0.06602599,-1.642696,0.025023533,-1.8417877,-0.04198632,-0.92338854,-0.07235215,-1.2014078,0.0094638625,-1.0014143,0.032663792,-0.8313276,-0.21739836,-0.79287285,-0.21990734,-1.0607234,-0.13600118,-0.9620496,-0.085136816,-0.81230026
p1,V,V,mock,mock,0.0,0.0,0.15916032,-0.14705288,0.09991862,-0.42422286,-0.25553784,-0.57370925,-0.53074247,-0.7033601,0.13875513,-0.95613503,0.24835359,-1.3399308,0.3375765,-1.5912786,0.40935075,-1.8136752,-0.08943678,-0.9959925,-0.14967327,-1.4685513,-0.18277591,-1.7720541,-0.20684233,-2.0377166,-0.28303978,-0.89838994,-0.45662582,-1.0904281,-0.4057343,-0.80853814,-0.33094543,-0.62064576,-0.43130478,-0.71408844,-0.5657978,-0.7798091,-0.4926746,-0.5895288,-0.38189656,-0.45377076
p3,V,V,mock,mock,0.0,0.0,0.17084312,-0.15002778,0.1204698,-0.42208135,-0.23760936,-0.5674316,-0.51859343,-0.7012275,0.14323337,-0.9633712,0.24241602,-1.3465474,0.3239773,-1.602085,0.38645986,-1.8295217,-0.08989568,-0.9959512,-0.14741357,-1.4693475,-0.16891739,-1.7706339,-0.18883424,-2.0512304,-0.29025042,-0.8957043,-0.44829324,-1.1136295,-0.3841429,-0.8234231,-0.3145715,-0.63173604,-0.44257766,-0.70762044,-0.55580854,-0.7747236,-0.47350672,-0.59015596,-0.37223,-0.46630824
p1,V,V,mock,mock,0.0,0.0,0.1769762,-0.15459001,0.113850884,-0.43197736,-0.25034234,-0.5796639,-0.53352964,-0.7050149,0.12891798,-0.960796,0.22741954,-1.3624824,0.3022288,-1.6276821,0.35711426,-1.866624,-0.11027566,-0.993901,-0.16116586,-1.4712919,-0.18710667,-1.7822924,-0.21080351,-2.0793147,-0.31421155,-0.89452446,-0.47647074,-1.110235,-0.4081727,-0.828377,-0.3372948,-0.64021116,-0.46326077,-0.70362544,-0.58056736,-0.765331,-0.4931266,-0.58516294,-0.3907935,-0.4670739
p1,V,V,mock,mock,0.0,0.0,0.16821991,-0.15802719,0.12297975,-0.4321988,-0.2342658,-0.57641727,-0.50965285,-0.6960237,0.14117369,-0.9621469,0.2272548,-1.3631432,0.29990286,-1.6244763,0.35900366,-1.8547435,-0.09334662,-0.99563366,-0.16177648,-1.4660363,-0.19336306,-1.7660433,-0.21590464,-2.0373738,-0.29300636,-0.8977512,-0.44939667,-1.0978755,-0.38612133,-0.8182322,-0.31346214,-0.63115746,-0.44727015,-0.7141601,-0.5562572,-0.7701002,-0.47412014,-0.588182,-0.36730915,-0.46388134
p2,V,V,mock,mock,0.0,0.0,0.2902756,-0.19284013,0.40049168,-0.5465105,0.28474113,-0.76039654,0.03964907,-0.8520007,0.28672266,-1.0247761,0.33868873,-1.4137938,0.34846315,-1.6270486,0.345355,-1.8071182,0.055381775,-0.99846524,-0.0023481904,-1.4406563,-0.0048538046,-1.6965863,-0.03656362,-1.9155339,-0.13496199,-0.8760658,-0.11559887,-1.1147602,0.038581558,-0.8643836,0.1179923,-0.6689343,-0.2686363,-0.7018737,-0.13081631,-0.80104846,0.022421535,-0.6294857,0.11517562,-0.4841076
p2,V,V,mock,mock,0.0,0.0,0.27781478,-0.09467289,0.4058355,-0.41130912,0.25532836,-0.62859637,-0.015126224,-0.780113,0.21983144,-1.0189351,0.26209596,-1.4196262,0.27943814,-1.6979592,0.27429804,-1.9228712,-0.036334485,-0.9993397,-0.101384364,-1.4741725,-0.0955179,-1.7842485,-0.11653602,-2.048581,-0.24880144,-0.84425443,-0.2753917,-1.0788019,-0.08102874,-0.8101478,0.031475134,-0.61689675,-0.4234799,-0.60452056,-0.3207806,-0.7268625,-0.09939636,-0.5375611,0.050052375,-0.38785976
p2,V,V,mock,mock,0.0,0.0,0.2738218,-0.2583173,0.36872053,-0.5742944,0.27210268,-0.7756514,0.033792667,-0.8398684,0.21093102,-1.0497328,0.22363886,-1.4368494,0.20961434,-1.6463802,0.18696879,-1.8337538,-0.007989769,-0.99996805,-0.10321688,-1.4265476,-0.12566543,-1.6831168,-0.16453215,-1.9002962,-0.18457574,-0.8565745,-0.17997985,-1.0960193,-0.00043667768,-0.90762067,0.11249768,-0.7466695,-0.29405966,-0.6678714,-0.16509448,-0.7684369,-0.000761584,-0.64694387,0.111945756,-0.52919644
p2,V,V,mock,mock,0.0,0.0,0.26468596,-0.23963323,0.3638796,-0.56845057,0.2785175,-0.78987485,0.057523426,-0.91233045,0.20204325,-1.0401037,0.2156766,-1.4356581,0.2107655,-1.6637125,0.19524172,-1.8622354,-0.016701704,-0.9998605,-0.08219413,-1.4460795,-0.089186236,-1.7193097,-0.121232495,-1.9521471,-0.19773313,-0.86385775,-0.18745619,-1.146256,0.0060267444,-0.9400284,0.11884675,-0.7587883,-0.32558733,-0.6713161,-0.18732078,-0.82880807,-0.009554639,-0.6868828,0.09966682,-0.53893524
p2,V,V,mock,mock,0.0,0.0,0.31347564,-0.07061772,0.56151664,-0.35757884,0.4376009,-0.675099,0.18597506,-0.8600952,0.5034801,-0.939131,0.60903597,-1.3571464,0.65815693,-1.6313989,0.68528026,-1.8655294,0.23359859,-0.97233313,0.23162673,-1.4586825,0.2322501,-1.7659156,0.2128602,-2.035662,-0.01868379,-0.89068717,-0.02985163,-1.0646801,0.044103198,-0.7782244,0.07517935,-0.5820003,-0.2641579,-0.74823016,-0.2379617,-0.908935,-0.13473593,-0.6777445,-0.07085495,-0.47190017
p2,V,V,mock,mock,0.0,0.0,0.32670283,-0.08954157,0.56672084,-0.37013006,0.4096353,-0.65949124,0.16322468,-0.8498194,0.47748443,-0.9566632,0.5531887,-1.3751942,0.576876,-1.6406902,0.5902795,-1.8762922,0.20319568,-0.97913814,0.16934869,-1.471798,0.13141996,-1.7730607,0.08473164,-2.0469098,-0.0450348,-0.8812309,-0.090238914,-1.0327979,-0.01853489,-0.72631896,0.034665465,-0.5322106,-0.28117168,-0.7228463,-0.30604246,-0.86865395,-0.20389022,-0.64059794,-0.11368543,-0.45344225
p2,V,V,mock,mock,0.0,0.0,0.3908453,-0.0169201,0.65192753,-0.28090632,0.5381071,-0.5985889,0.309999,-0.8284349,0.607197,-0.91238785,0.67999035,-1.3634847,0.71010953,-1.6378189,0.71521723,-1.8845117,0.31160384,-0.9502121,0.227545,-1.4795284,0.17064635,-1.8145286,0.12861319,-2.1225638,0.035688788,-0.8637596,0.04469385,-0.9799492,0.13868031,-0.6441021,0.21362077,-0.42002147,-0.19919404,-0.7257589,-0.17704126,-0.7858045,-0.07375126,-0.52636373,0.025162097,-0.32357723
p2,V,V,mock,mock,0.0,0.0,0.33195543,-0.0653012,0.563548,-0.32948208,0.3978846,-0.60204655,0.15760526,-0.7845347,0.46463877,-0.973436,0.5203467,-1.4086477,0.533844,-1.6818675,0.5328555,-1.9162345,0.1755761,-0.98446584,0.11478076,-1.4652377,0.062171098,-1.7791003,0.0101995375,-2.0570931,-0.08408126,-0.8779068,-0.091508456,-0.97882915,0.006132994,-0.7187494,0.07865544,-0.5476007,-0.3113036,-0.71253645,-0.2973089,-0.7769751,-0.17400973,-0.5543234,-0.069406934,-0.3750159
p2,V,V,mock,mock,0.0,0.0,0.2847623,-0.20932944,0.33831537,-0.52601624,-0.0022537892,-0.6192654,-0.28911585,-0.63058746,0.06137805,-0.99756324,0.092179835,-1.428436,0.095913276,-1.7186464,0.08372938,-1.984139,-0.23141548,-0.97285503,-0.38266453,-1.5193679,-0.48397604,-1.8546705,-0.5991575,-2.1449296,-0.46034127,-0.8066727,-0.54430974,-1.0390223,-0.34742773,-0.75780666,-0.21603139,-0.5550416,-0.6283608,-0.5370742,-0.6811415,-0.6903485,-0.46069834,-0.57157457,-0.2933679,-0.457029
p2,V,V,mock,mock,0.0,0.0,0.30873248,-0.14301449,0.36133686,-0.37275326,-0.040533084,-0.36511812,-0.4091517,-0.3444112,0.07657249,-0.98461396,0.091420814,-1.4641315,0.08785083,-1.7690902,0.064604774,-2.051738,-0.2583359,-0.96605515,-0.4471582,-1.5241207,-0.5527125,-1.8449928,-0.6598682,-2.1495416,-0.5059729,-0.7907253,-0.6528265,-0.87156063,-0.4248919,-0.5304701,-0.24575947,-0.3591822,-0.68339336,-0.51427,-0.7320406,-0.4896986,-0.5073652,-0.30139658,-0.3323436,-0.21720399
p2,V,V,mock,mock,0.0,0.0,0.32287556,-0.14485407,0.39540994,-0.42132056,-0.020253973,-0.4527456,-0.39513814,-0.44636625,0.06939699,-0.99297726,0.08260161,-1.4779264,0.09105547,-1.804315,0.06489251,-2.1022394,-0.2854578,-0.9583913,-0.45170608,-1.5047683,-0.5205301,-1.822332,-0.6118855,-2.1120436,-0.5463783,-0.7798186,-0.6807982,-0.9028178,-0.42893317,-0.5686931,-0.23638752,-0.41323397,-0.73271686,-0.49195772,-0.7782882,-0.52348256,-0.51567686,-0.31775305,-0.31998613,-0.21658467
p2,V,V,mock,mock,0.0,0.0,0.29445615,-0.16369292,0.34225094,-0.49316487,-0.026104895,-0.56594664,-0.34988585,-0.5726249,0.047275815,-0.9807453,0.07479495,-1.4185706,0.09118903,-1.711206,0.09160724,-1.9689947,-0.26171625,-0.9651449,-0.426484,-1.5053657,-0.49762216,-1.8332016,-0.59098536,-2.117025,-0.48547554,-0.8042394,-0.59975123,-0.94458157,-0.36803135,-0.64411706,-0.21661675,-0.46042436,-0.64638144,-0.5379333,-0.67863107,-0.613743,-0.4446804,-0.4521561,-0.2840925,-0.34657016
p3,V,V,mock,mock,0.0,0.0,0.17567518,-0.23485765,0.16519342,-0.565447,-0.06474179,-0.7402115,-0.3115007,-0.8505162,0.02581577,-1.0339327,0.04086467,-1.4689709,0.06225691,-1.7387865,0.07754031,-1.9828454,-0.21570331,-0.97645897,-0.4040588,-1.3772001,-0.51149434,-1.6498696,-0.60693514,-1.8882596,-0.3995044,-0.8088833,-0.5234228,-0.8755169,-0.35348842,-0.60551375,-0.22054923,-0.4250442,-0.53658867,-0.5857251,-0.662565,-0.6931351,-0.51545084,-0.52096236,-0.36445308,-0.37447357
p2,V,V,mock,mock,0.0,0.0,0.18593772,-0.22430906,0.19568238,-0.55421025,-0.037862394,-0.7303867,-0.2919854,-0.84756297,0.08148406,-1.0342766,0.14218423,-1.4557669,0.1934121,-1.7197863,0.23300518,-1.9564775,-0.1652522,-0.98625135,-0.33123612,-1.3847938,-0.44097075,-1.6597339,-0.54111266,-1.8952401,-0.35825267,-0.8295346,-0.4781708,-0.8726192,-0.32436088,-0.59227496,-0.20332192,-0.40690956,-0.5049818,-0.6226464,-0.61237454,-0.71303886,-0.4683684,-0.5238539,-0.32336828,-0.36826766
p2,V,V,mock,mock,0.0,0.0,0.21389942,-0.2749398,0.24404767,-0.635036,0.0016591477,-0.81433755,-0.26187932,-0.8446963,0.057797737,-1.0070156,0.15453465,-1.3738548,0.21155334,-1.59996,0.24718341,-1.7959765,-0.16738439,-0.9858917,-0.24699919,-1.4202443,-0.27490968,-1.7109265,-0.331889,-1.9470422,-0.35080618,-0.86348814,-0.35148948,-1.0901169,-0.16667567,-0.91379935,-0.08449427,-0.7500729,-0.5027787,-0.69417214,-0.527711,-0.96202725,-0.37273768,-0.8830035,-0.26196697,-0.75175804
p1,V,V,mock,mock,0.0,0.0,0.21995026,-0.29323554,0.23679602,-0.66485965,-0.0056656743,-0.84350735,-0.27319726,-0.85247403,0.049663857,-1.0078598,0.1450287,-1.3812824,0.20039235,-1.6107318,0.23582052,-1.8106318,-0.17635068,-0.9843274,-0.25772306,-1.4186046,-0.28850272,-1.714048,-0.34783623,-1.9502238,-0.36202258,-0.8595204,-0.36609635,-1.0980195,-0.18252757,-0.919024,-0.104723565,-0.7512553,-0.5135753,-0.6878496,-0.533025,-0.9640905,-0.3722617,-0.88385403,-0.26154733,-0.7456769
p3,V,V,mock,mock,0.0,0.0,0.20997232,-0.18349786,0.2053728,-0.5170736,-0.061268125,-0.7264515,-0.3293098,-0.87970215,0.093941264,-0.9989968,0.11935146,-1.4400253,0.12708005,-1.7121711,0.13585338,-1.9628493,-0.16074443,-0.98699605,-0.30673003,-1.3839909,-0.40548,-1.6619453,-0.49571577,-1.9065056,-0.36036822,-0.87329304,-0.5182895,-1.0849895,-0.41636154,-0.8155642,-0.3369556,-0.6065807,-0.5149809,-0.6989114,-0.68001175,-0.89858097,-0.58921313,-0.75665385,-0.48082823,-0.6102611
p4,V,V,mock,mock,0.0,0.0,0.22445126,-0.15488666,0.21990877,-0.48797274,-0.05793677,-0.68828803,-0.3406009,-0.8593839,0.09880631,-1.0074072,0.10538497,-1.4492635,0.1122328,-1.7357795,0.117979944,-1.9924555,-0.1692029,-0.9855812,-0.3470526,-1.3982182,-0.4679358,-1.6953912,-0.5843032,-1.9492147,-0.37538078,-0.86743724,-0.5525066,-1.0668234,-0.44201544,-0.77994686,-0.3522546,-0.5655547,-0.53862625,-0.70155513,-0.7082173,-0.8812893,-0.6150032,-0.7241341,-0.50186753,-0.5790676
p1,V,V,mock,mock,0.0,0.0,0.17017725,-0.23808455,0.16259897,-0.605132,-0.14623946,-0.7834856,-0.4182106,-0.9019924,0.009908533,-1.0726908,0.054347787,-1.4966049,0.09845191,-1.7725928,0.11472947,-2.015153,-0.23410381,-0.9722116,-0.42750034,-1.3819737,-0.5693897,-1.6511616,-0.7258276,-1.8744315,-0.408004,-0.7791007,-0.49782383,-0.90863556,-0.3107211,-0.6612676,-0.20089725,-0.5006879,-0.53366846,-0.54164493,-0.5751514,-0.6784529,-0.40736642,-0.5037998,-0.28439844,-0.36886913
p1,V,V,mock,mock,0.0,0.0,0.17317078,-0.2513921,0.19023503,-0.6215856,-0.12387461,-0.80017823,-0.4053561,-0.90411294,0.0300829,-1.0713958,0.0743559,-1.5074458,0.1101633,-1.7831094,0.12377621,-2.0281346,-0.2198702,-0.97552913,-0.41220275,-1.3898516,-0.5477609,-1.6491711,-0.69092053,-1.8705837,-0.39662632,-0.7907093,-0.46386698,-0.9274405,-0.27986518,-0.69050187,-0.17396113,-0.5379564,-0.5159799,-0.5633932,-0.54538876,-0.6794578,-0.37989506,-0.51307976,-0.25529096,-0.3829155
p4,V,V,mock,mock,0.0,0.0,0.17910911,-0.24452978,0.19122544,-0.61304915,-0.10944316,-0.803945,-0.38641667,-0.93896735,0.047709756,-1.0686706,0.12432811,-1.4804084,0.1935984,-1.7456592,0.2319998,-1.9824134,-0.20209527,-0.9793659,-0.38781336,-1.4094157,-0.5088301,-1.6779575,-0.64867073,-1.9013346,-0.38799855,-0.79348665,-0.46096778,-0.9244686,-0.27779934,-0.6747728,-0.17288604,-0.5216044,-0.5190197,-0.5649503,-0.55217826,-0.6936901,-0.3821211,-0.51615953,-0.25709063,-0.3777842
p4,V,V,mock,mock,0.0,0.0,0.18516454,-0.23618616,0.18730576,-0.607965,-0.13158613,-0.78116304,-0.4075866,-0.89131445,0.010841931,-1.0677829,0.049357653,-1.5115746,0.08481732,-1.7927573,0.09186291,-2.0444496,-0.23683366,-0.9715502,-0.42461166,-1.3851243,-0.5602074,-1.6402372,-0.70848185,-1.8530647,-0.4122978,-0.78554904,-0.49200726,-0.9299103,-0.31065458,-0.6852953,-0.20353028,-0.5213359,-0.5282708,-0.5562841,-0.57020265,-0.67837834,-0.3986339,-0.5057357,-0.26146814,-0.36510932
p4,V,V,mock,mock,0.0,0.0,0.17549899,-0.24365531,0.19098523,-0.6101405,-0.1369561,-0.78924656,-0.41664594,-0.9079201,0.019815886,-1.0659765,0.07147523,-1.5049226,0.11185642,-1.7811434,0.12530778,-2.0304968,-0.2335828,-0.9723369,-0.43542305,-1.3826119,-0.5816216,-1.6362171,-0.734445,-1.8534439,-0.41065374,-0.7869055,-0.4797122,-0.9108109,-0.29717693,-0.6596612,-0.18891679,-0.49804434,-0.5286697,-0.5573105,-0.5721313,-0.67146647,-0.40698937,-0.49821502,-0.2728022,-0.36273763
p3,V,V,mock,mock,0.0,0.0,0.19182284,-0.20532197,0.19340457,-0.52562773,-0.030331274,-0.7028377,-0.28950822,-0.82164264,0.06483142,-1.0277001,0.08398274,-1.4659834,0.12559511,-1.744454,0.15486297,-1.9926203,-0.18455942,-0.98282135,-0.34916562,-1.3914263,-0.46009073,-1.6798234,-0.56967705,-1.9191421,-0.37779295,-0.8293718,-0.5005182,-0.8832018,-0.33599666,-0.59101146,-0.20465592,-0.3961838,-0.5217078,-0.6178255,-0.6298593,-0.7069746,-0.47896653,-0.51490784,-0.32850868,-0.36222327
p3,V,V,mock,mock,0.0,0.0,0.25633207,-0.2716345,0.301256,-0.6605912,0.04647549,-0.87913054,-0.24325503,-0.9153132,0.061260115,-1.0139928,0.05016346,-1.4486809,0.033503328,-1.7035347,0.018976469,-1.9372311,-0.19135594,-0.9815207,-0.31570804,-1.4092864,-0.38664877,-1.6809165,-0.46699092,-1.9175519,-0.37244308,-0.84714824,-0.5019343,-1.0969925,-0.3404462,-0.82957906,-0.2224956,-0.62203455,-0.51823694,-0.64658123,-0.6248477,-0.84903204,-0.47604248,-0.7069173,-0.3262138,-0.54931796
p3,V,V,mock,mock,0.0,0.0,0.24584098,-0.2952028,0.26461416,-0.69436896,0.018600497,-0.9244171,-0.26737556,-0.95036674,0.040070787,-1.0192538,0.040460512,-1.4283701,0.023864646,-1.6699284,0.002383537,-1.894163,-0.20459571,-0.97884655,-0.32501206,-1.3846053,-0.3974474,-1.6485282,-0.48399207,-1.8778645,-0.3865626,-0.8404841,-0.5143313,-1.0964607,-0.34261513,-0.85511905,-0.2284208,-0.65360886,-0.53412503,-0.63563234,-0.6264062,-0.8407843,-0.47660226,-0.7098954,-0.34257886,-0.5553187
p3,V,V,mock,mock,0.0,0.0,0.24484508,-0.34084362,0.2389447,-0.6826793,0.0021014032,-0.9262232,-0.2788113,-0.92881936,0.036912724,-1.0118852,0.021695048,-1.424667,0.012817101,-1.6445762,-0.011965883,-1.8692613,-0.20309949,-0.9791581,-0.33308497,-1.3760442,-0.39694446,-1.6345292,-0.4801942,-1.8651013,-0.37524942,-0.8470833,-0.52190155,-1.1215616,-0.34869665,-0.8730853,-0.22390178,-0.6754262,-0.5136326,-0.6458055,-0.62121814,-0.8715411,-0.477523,-0.74663687,-0.3403865,-0.604266
p3,V,V,mock,mock,0.0,0.0,0.26460147,-0.27052468,0.3027196,-0.64939874,-0.024878195,-0.81102145,-0.3398886,-0.7804113,0.00603706,-0.9977634,0.07510524,-1.3939556,0.11922022,-1.6601406,0.15461244,-1.8871719,-0.26723737,-0.96363074,-0.39028603,-1.4178059,-0.45311314,-1.7326366,-0.52296686,-1.9944283,-0.46604863,-0.81521875,-0.519124,-1.0137829,-0.32697603,-0.82154965,-0.20835398,-0.66562116,-0.6055802,-0.5970164,-0.6469346,-0.75823945,-0.4700915,-0.6522543,-0.3357067,-0.54039794
p3,V,V,mock,mock,0.0,0.0,0.28023386,-0.25164637,0.30899698,-0.6422526,-0.051864915,-0.78459764,-0.3783879,-0.7533745,-0.008990643,-0.99331045,0.053946324,-1.4102837,0.08530987,-1.6880765,0.11296052,-1.9280099,-0.29810035,-0.95453453,-0.43895525,-1.4319983,-0.51783967,-1.7554567,-0.59823054,-2.0253315,-0.5036389,-0.79702765,-0.57484955,-1.0156461,-0.38550138,-0.8046765,-0.2678524,-0.6377694,-0.64399016,-0.5702729,-0.7016892,-0.721045,-0.53373176,-0.60006917,-0.406165,-0.4883245
p3,V,V,mock,mock,0.0,0.0,0.30102283,-0.27065808,0.35970968,-0.6437462,-0.012136079,-0.7711996,-0.3667083,-0.7376394,0.027846925,-1.0095309,0.09817378,-1.4187158,0.14680296,-1.6839064,0.18493813,-1.9282695,-0.26097715,-0.96534497,-0.41547066,-1.4471313,-0.50260055,-1.7595867,-0.60438955,-2.0436654,-0.47187912,-0.80252856,-0.5290797,-0.9685085,-0.32348737,-0.71568507,-0.19649547,-0.56927454,-0.615103,-0.57487625,-0.64969814,-0.69412994,-0.46800306,-0.5656552,-0.33854258,-0.47857174
p4,Y,Y,mock,mock,0.0,0.0,0.34040868,-0.23613825,0.5903358,-0.62483925,0.7953417,-0.9025814,1.0158482,-1.0315857,0.3094867,-0.99650717,0.4577922,-1.13758,0.3964892,-0.82109123,0.2990556,-0.7449738,0.07324934,-0.9973137,0.19399402,-1.0642264,0.1833791,-0.688806,0.14669247,-0.66269845,-0.15360989,-0.95109177,-0.06349751,-1.0374494,0.015033383,-0.65773875,0.014226588,-0.5332879,-0.36803,-0.8909392,-0.45261523,-1.246743,-0.45866367,-1.4348372,-0.49048308,-1.6957971
p4,Y,Y,mock,mock,0.0,0.0,0.350703,-0.23672104,0.604083,-0.5699253,0.81599,-0.8089247,1.0323567,-0.92736524,0.29231745,-0.9884746,0.49210054,-1.0703367,0.4167193,-0.7589217,0.30211577,-0.67598933,0.07205696,-0.9974005,0.23571405,-0.98516846,0.19738331,-0.6328964,0.13113753,-0.59610623,-0.1430659,-0.95173866,-0.0088644335,-0.9971873,0.025468884,-0.6423167,-0.010763263,-0.5192891,-0.35838154,-0.8952095,-0.42374265,-1.2520287,-0.4225905,-1.4435922,-0.44189394,-1.6851256
p4,Y,Y,mock,mock,0.0,0.0,0.3582062,-0.24528833,0.6044521,-0.568322,0.81368154,-0.8000855,1.0224516,-0.9226414,0.28209335,-0.99194956,0.49288845,-1.04783,0.4150142,-0.74265045,0.2892152,-0.67547685,0.058628783,-0.99827987,0.25023153,-0.977557,0.21160476,-0.61583817,0.13703436,-0.5737838,-0.15778069,-0.94706494,-0.012058255,-0.98096454,0.03963129,-0.6357923,0.011084246,-0.51645625,-0.3594816,-0.8774244,-0.42197064,-1.2190771,-0.42948884,-1.4138011,-0.46399185,-1.6656826
p4,Y,Y,mock,mock,0.0,0.0,0.35260212,-0.24996734,0.59150827,-0.55913806,0.80308056,-0.7882012,1.0081722,-0.91695154,0.28028208,-0.98869133,0.49061117,-1.0653749,0.41045037,-0.76245433,0.28783402,-0.6974982,0.06048131,-0.9981693,0.23904838,-0.99142104,0.19551276,-0.62981087,0.12746355,-0.59547585,-0.15061578,-0.9527198,-0.014893555,-0.98075753,0.020218667,-0.6264823,-0.012596342,-0.5082104,-0.34983575,-0.8950762,-0.42228547,-1.230647,-0.44015,-1.4194715,-0.47810936,-1.6656871
p4,Y,Y,mock,mock,0.0,0.0,0.44475812,-0.10737429,0.8282969,-0.37465328,1.1745936,-0.5345203,1.487264,-0.5610162,0.7290397,-0.857484,0.7670605,-1.0935494,0.66207373,-0.8037354,0.6196504,-0.5413419,0.44931054,-0.89337564,0.46095553,-1.0669235,0.4082032,-0.69995666,0.43022722,-0.43521208,0.1754855,-0.90363353,0.16934213,-1.1107873,0.20393533,-0.7709844,0.27642813,-0.4994425,-0.0835354,-0.8750837,-0.15462634,-1.2312702,-0.18142843,-1.4007243,-0.15313213,-1.5748335
p3,Y,Y,mock,mock,0.0,0.0,0.4068018,-0.04173744,0.74789965,-0.24661745,1.0597144,-0.3799845,1.3633443,-0.36910722,0.75301915,-0.8107386,0.7267723,-0.94938976,0.5935289,-0.63873726,0.548414,-0.41789657,0.47715503,-0.8788191,0.40956554,-0.9720724,0.31257093,-0.5816516,0.32364693,-0.36575204,0.19850086,-0.9070736,0.12479064,-1.0507438,0.11033685,-0.6826758,0.1579067,-0.43471652,-0.061499823,-0.88410324,-0.12192754,-1.2388052,-0.14544736,-1.3943062,-0.11996485,-1.5752585
p2,Y,Y,mock,mock,0.0,0.0,0.41786206,-0.045070656,0.80289567,-0.26649022,1.1462107,-0.373169,1.4485058,-0.35427326,0.8053272,-0.77941954,0.8431421,-0.9996184,0.6903028,-0.70047134,0.62909955,-0.45698866,0.53166467,-0.84695494,0.534634,-1.0064795,0.41252244,-0.62284344,0.41248515,-0.3821648,0.2582644,-0.8804269,0.2405134,-1.0726525,0.21234043,-0.71015036,0.2594715,-0.44788602,0.004491156,-0.85723406,-0.019509833,-1.1999726,-0.026696758,-1.3364323,0.022225818,-1.489927
p2,Y,Y,mock,mock,0.0,0.0,0.460606,0.012022804,0.88773626,-0.15924251,1.1953824,-0.31186685,1.4975817,-0.37044558,0.8157075,-0.7542992,0.7964766,-0.88119984,0.63787186,-0.57518315,0.56860447,-0.36012712,0.53763646,-0.8431767,0.49186456,-0.9126715,0.36560726,-0.5333851,0.34919778,-0.31222266,0.26256743,-0.8733006,0.20400423,-1.0186365,0.15232822,-0.6502254,0.17161109,-0.4089824,0.0046252483,-0.8548254,-0.026988233,-1.1491108,-0.0280279,-1.164594,0.01943194,-1.2133884
p3,Y,Y,mock,mock,0.0,0.0,0.38924345,-0.22930744,0.67954177,-0.7559141,0.7989201,-1.1803199,0.9684614,-1.4293692,0.24064596,-1.0425414,0.09398863,-1.2769378,0.14240018,-0.90855515,0.20700233,-0.735364,-0.05124809,-0.99868596,-0.1778489,-1.1355578,-0.061207946,-0.7379721,0.052352544,-0.66699576,-0.295907,-0.9248242,-0.44505182,-1.0762656,-0.28687912,-0.74186736,-0.13708404,-0.6237238,-0.51055795,-0.84582657,-0.6825853,-1.1948075,-0.7603205,-1.366109,-0.83797616,-1.5907136
p3,Y,Y,mock,mock,0.0,0.0,0.3745134,-0.24552199,0.6561555,-0.758329,0.7826013,-1.1830763,0.96834457,-1.4149789,0.20802332,-1.0472804,0.061425745,-1.269479,0.11308615,-0.8840664,0.1721381,-0.7309159,-0.07858997,-0.996907,-0.2041326,-1.1207798,-0.080430076,-0.71319157,0.024735522,-0.6691239,-0.3146607,-0.918382,-0.4635367,-1.0497156,-0.29915667,-0.71207774,-0.15265831,-0.6186924,-0.5203508,-0.8459416,-0.68690455,-1.182311,-0.7540936,-1.3395817,-0.83302635,-1.5570351
p3,Y,Y,mock,mock,0.0,0.0,0.38925242,-0.23521632,0.6755151,-0.770521,0.79086125,-1.2097858,0.9680005,-1.4648536,0.21190079,-1.053414,0.05616165,-1.2910954,0.1064229,-0.90308887,0.1794764,-0.74000937,-0.08534713,-0.9963513,-0.21968654,-1.118725,-0.09470978,-0.7164971,0.026352732,-0.6662445,-0.32848027,-0.91417086,-0.48419446,-1.0437459,-0.31526813,-0.7065641,-0.15088794,-0.61118525,-0.53540283,-0.8389989,-0.7172693,-1.1729941,-0.80153835,-1.3325219,-0.8865598,-1.5541658
p3,Y,Y,mock,mock,0.0,0.0,0.3751003,-0.23473056,0.65568817,-0.7636432,0.76810074,-1.1967943,0.9495435,-1.4442047,0.21690395,-1.0481273,0.061924845,-1.2619162,0.10612631,-0.88504285,0.16914459,-0.7343312,-0.07653302,-0.99706703,-0.21142344,-1.1103283,-0.09292293,-0.71420246,0.018493023,-0.67525184,-0.32036945,-0.9140526,-0.47748813,-1.0385473,-0.30941418,-0.70313823,-0.15528299,-0.6126642,-0.5328493,-0.8346331,-0.71373373,-1.1617337,-0.7889431,-1.3176814,-0.8730196,-1.5442581
p3,Y,Y,mock,mock,0.0,0.0,0.38488808,-0.23785368,0.6615598,-0.7689189,0.7752564,-1.2078744,0.9525643,-1.477071,0.23581652,-1.041231,0.10705927,-1.2686672,0.13987662,-0.90896916,0.19065724,-0.7370001,-0.054110568,-0.998535,-0.1644326,-1.1211103,-0.060240492,-0.7312971,0.037385315,-0.66434485,-0.30342522,-0.9211084,-0.43215787,-1.0707399,-0.27850893,-0.72955245,-0.1419001,-0.6013558,-0.5203208,-0.8358997,-0.68722045,-1.1787169,-0.7578982,-1.3479594,-0.83367604,-1.5731035
p3,Y,Y,mock,mock,0.0,0.0,0.4614748,-0.13946047,0.87151635,-0.60078365,1.131155,-1.0224917,1.3371131,-1.2870821,0.5590969,-0.96609193,0.43673158,-1.2657635,0.40863457,-0.9118007,0.44239068,-0.76125,0.22086039,-0.97530544,0.13462192,-1.2199297,0.15341026,-0.7695317,0.26726067,-0.68802994,-0.0652802,-0.93886274,-0.1563348,-1.1707846,-0.10096022,-0.7977347,-0.013304863,-0.67013437,-0.30481365,-0.87592906,-0.4080108,-1.2108612,-0.46411708,-1.3478571,-0.5104945,-1.5762728
p3,Y,Y,mock,mock,0.0,0.0,0.45627373,-0.14723866,0.8713587,-0.60266596,1.1456285,-1.014605,1.3344973,-1.2957927,0.53228724,-0.9836902,0.4103935,-1.3045994,0.3773922,-0.92569464,0.40774268,-0.7483785,0.20564446,-0.9786268,0.11243642,-1.220461,0.12389253,-0.76698726,0.23355743,-0.6720671,-0.0756671,-0.9369393,-0.16872697,-1.151148,-0.11317877,-0.7667271,-0.010774351,-0.6303866,-0.30964914,-0.87447363,-0.40304995,-1.2076988,-0.465571,-1.3314707,-0.5102857,-1.5489343
p3,Y,Y,mock,mock,0.0,0.0,0.42095053,-0.22279753,0.73029006,-0.65347904,0.9196009,-1.0425313,1.0683576,-1.287125,0.42426318,-0.99983644,0.36942893,-1.2863643,0.3641025,-0.96739304,0.35768446,-0.7915562,0.1455762,-0.98934704,0.10339379,-1.2174927,0.14310241,-0.8037613,0.19597143,-0.69664705,-0.11004923,-0.9340065,-0.17315267,-1.1922406,-0.08963073,-0.82601446,-0.03018678,-0.6668834,-0.3591962,-0.8438761,-0.49172026,-1.1878515,-0.54785496,-1.3497372,-0.6164253,-1.5853631
p3,Y,Y,mock,mock,0.0,0.0,0.4150959,-0.22856402,0.71692353,-0.6452106,0.8996641,-1.0270135,1.0473601,-1.2590629,0.4199301,-0.9900499,0.37704292,-1.2851167,0.37367496,-0.96983695,0.35719103,-0.78875977,0.1529689,-0.988231,0.12880687,-1.2207239,0.16601418,-0.81092185,0.20180339,-0.69289315,-0.09667098,-0.9372595,-0.14515708,-1.1844585,-0.06295047,-0.80789506,-0.024552561,-0.6347641,-0.34990665,-0.85694915,-0.47441432,-1.2081404,-0.5198281,-1.3732321,-0.5886084,-1.6148441
p3,Y,Y,mock,mock,0.0,0.0,0.41883537,-0.21552119,0.749316,-0.64139193,0.96256953,-1.0377989,1.138179,-1.2813313,0.45050645,-0.99369466,0.38150913,-1.284712,0.36954376,-0.94993794,0.37933886,-0.77692616,0.16307767,-0.9866132,0.11036777,-1.2160921,0.14584818,-0.79805845,0.21615079,-0.7007087,-0.096240506,-0.93587065,-0.16235095,-1.1832544,-0.08522256,-0.81435525,-0.022227965,-0.649016,-0.33700177,-0.85634685,-0.45804897,-1.2042327,-0.51144016,-1.3679458,-0.57288194,-1.6004313
p3,Y,Y,mock,mock,0.0,0.0,0.4282921,-0.19677737,0.72124726,-0.7413623,0.84563595,-1.2144128,1.0101957,-1.5107032,0.36282125,-1.0391891,0.20156081,-1.294158,0.22974594,-0.930378,0.28492573,-0.7793793,0.04207698,-0.9991144,-0.09490998,-1.1827561,0.009683501,-0.75377566,0.1281746,-0.69218856,-0.24018253,-0.92665315,-0.37964785,-1.1469622,-0.23474853,-0.7714051,-0.105381384,-0.63085383,-0.47426945,-0.8339331,-0.6461856,-1.1790746,-0.73746634,-1.3203362,-0.827006,-1.5484439
p3,Y,Y,mock,mock,0.0,0.0,0.42212602,-0.19448082,0.7177616,-0.73333657,0.8324557,-1.1969224,0.9920032,-1.4887131,0.3680477,-1.0367461,0.20050065,-1.2957404,0.22798067,-0.936426,0.2924066,-0.78917664,0.052107275,-0.9986415,-0.08757081,-1.1784431,0.016374344,-0.75760376,0.13752411,-0.6970517,-0.22398882,-0.928456,-0.37069228,-1.152974,-0.22908957,-0.7806278,-0.101669766,-0.6412109,-0.45358148,-0.83711773,-0.62842643,-1.1814469,-0.7172838,-1.3239744,-0.80555964,-1.5534314
p3,Y,Y,mock,mock,0.0,0.0,0.42783698,-0.18264991,0.76271605,-0.7129704,0.92354435,-1.1763488,1.0979365,-1.4739798,0.40931264,-1.0290909,0.22848558,-1.3167961,0.22760919,-0.9539754,0.28677994,-0.8019209,0.07497972,-0.99718505,-0.07803562,-1.2033666,-0.012218382,-0.7674701,0.111424744,-0.68896955,-0.2053092,-0.9340845,-0.3557394,-1.1334199,-0.25072366,-0.7606789,-0.12072025,-0.6313205,-0.4329422,-0.856757,-0.5817198,-1.2059094,-0.67007565,-1.3378544,-0.74235564,-1.5538319
p3,Y,Y,mock,mock,0.0,0.0,0.44139072,-0.1889007,0.7903103,-0.70883507,0.9741044,-1.1671524,1.15324,-1.463498,0.44391692,-1.0316454,0.25497875,-1.3135377,0.25992215,-0.9322844,0.324693,-0.7951578,0.10195434,-0.99478906,-0.0508068,-1.2065437,0.011304156,-0.7487572,0.14339167,-0.6899021,-0.18289346,-0.93371034,-0.32762328,-1.1520404,-0.22892776,-0.76198184,-0.10324445,-0.6330778,-0.41063982,-0.8688173,-0.5405129,-1.2165283,-0.6256238,-1.3466957,-0.6956155,-1.5728606
p3,Y,Y,mock,mock,0.0,0.0,0.43055966,-0.1944763,0.78353256,-0.7047552,0.9753775,-1.159724,1.1438669,-1.4608802,0.444029,-1.0258838,0.24911888,-1.3004376,0.26052204,-0.9185601,0.33094293,-0.7881804,0.09937819,-0.9950497,-0.05188137,-1.1937697,0.0025095877,-0.73919266,0.1390478,-0.6982718,-0.18180588,-0.9344698,-0.3262759,-1.1274108,-0.23775326,-0.75016445,-0.12022537,-0.6444537,-0.40100995,-0.87263834,-0.52368194,-1.206326,-0.5984342,-1.3361641,-0.659161,-1.5668099
p3,Y,Y,mock,mock,0.0,0.0,0.4406119,-0.23624875,0.7623353,-0.722795,0.9848687,-1.1363924,1.1757082,-1.4264791,0.37357602,-1.0264763,0.3062996,-1.2251322,0.29060158,-0.89886284,0.3057891,-0.67241883,0.08176321,-0.99665177,0.02553535,-1.158505,0.09152954,-0.7645794,0.15414993,-0.5349018,-0.1579681,-0.93390286,-0.25406626,-1.1073546,-0.12968555,-0.75662273,-0.03406065,-0.52626336,-0.36002687,-0.8455136,-0.48112416,-1.1964703,-0.5434934,-1.3982759,-0.5985424,-1.6264875
p3,Y,Y,mock,mock,0.0,0.0,0.4466639,-0.22994421,0.7677042,-0.72699136,0.98075515,-1.147147,1.1734627,-1.4219049,0.36561325,-1.0257823,0.30607063,-1.230061,0.29653895,-0.89351505,0.31269753,-0.6799626,0.07751646,-0.9969911,0.03149467,-1.1643838,0.09774659,-0.7640827,0.15902996,-0.55298495,-0.15784398,-0.9328918,-0.25050855,-1.1061497,-0.121482894,-0.7496401,-0.025115022,-0.53160524,-0.356282,-0.84290683,-0.47228014,-1.1942767,-0.5243975,-1.3861731,-0.5735038,-1.6159476
p3,Y,Y,mock,mock,0.0,0.0,0.43559223,-0.23944682,0.7488725,-0.727044,0.97035646,-1.1437107,1.1572192,-1.4323107,0.35861573,-1.0233045,0.29435354,-1.2287481,0.28439555,-0.8994123,0.29766434,-0.682631,0.06897056,-0.9976187,0.010769417,-1.1599376,0.085123494,-0.7649094,0.15203461,-0.5526894,-0.16660248,-0.936874,-0.26503512,-1.1076864,-0.13489257,-0.7545105,-0.037213683,-0.53363335,-0.3641786,-0.8488412,-0.48502457,-1.2010052,-0.5458772,-1.3983201,-0.60303366,-1.6263691
p3,Y,Y,mock,mock,0.0,0.0,0.42752272,-0.20952924,0.76780474,-0.6906411,0.99971455,-1.1123735,1.1812811,-1.4047679,0.3732678,-1.0122383,0.2617561,-1.2632736,0.26001218,-0.9181996,0.2939862,-0.72408265,0.07458567,-0.9972146,-0.012608797,-1.1793175,0.056336824,-0.7632359,0.12980661,-0.58257747,-0.16694576,-0.9465178,-0.27512708,-1.1326618,-0.15607521,-0.7637067,-0.06291333,-0.55545,-0.35833424,-0.86556685,-0.47616223,-1.2337385,-0.5395755,-1.4223543,-0.6017604,-1.6589694
p3,Y,Y,mock,mock,0.0,0.0,0.44883567,-0.24340351,0.768381,-0.70896214,1.0023463,-1.1361359,1.1864684,-1.4264874,0.36560896,-1.0132365,0.27660573,-1.2683837,0.27007186,-0.93104535,0.30005854,-0.7339854,0.06634555,-0.9977967,0.008276292,-1.192953,0.06296628,-0.7786855,0.1331584,-0.5969562,-0.16821685,-0.94042367,-0.25400493,-1.1433858,-0.15383027,-0.7788553,-0.06995217,-0.57058346,-0.36161652,-0.8562022,-0.46787664,-1.2394302,-0.51923174,-1.4319439,-0.5651207,-1.6545931
p3,Y,Y,mock,mock,0.0,0.0,0.33619612,-0.25599596,0.5695717,-0.8147288,0.69992447,-1.202864,0.8737463,-1.4221483,0.18393762,-1.0616324,0.16865225,-1.2889347,0.16745822,-0.9770891,0.17626645,-0.7380821,-0.079723746,-0.996817,-0.059707705,-1.1865237,0.0037671013,-0.8222803,0.040384352,-0.5762049,-0.31702945,-0.9125471,-0.3360663,-1.0870945,-0.19678941,-0.7663149,-0.113120034,-0.52996486,-0.5255074,-0.81217635,-0.67865026,-1.139054,-0.76408976,-1.3538278,-0.85480845,-1.584495
p3,Y,Y,mock,mock,0.0,0.0,0.3217424,-0.26395205,0.5226411,-0.8271343,0.6214288,-1.2142218,0.780107,-1.4419298,0.12515233,-1.0630084,0.1524883,-1.2834238,0.17066713,-0.96699625,0.17174836,-0.72360325,-0.124241546,-0.992252,-0.06396562,-1.1720061,0.01666572,-0.80525184,0.05262369,-0.56617564,-0.35452673,-0.8998327,-0.3273566,-1.0598385,-0.17364858,-0.7220399,-0.09245823,-0.48713854,-0.5543039,-0.78652745,-0.7157448,-1.0986419,-0.81527656,-1.3085612,-0.9208709,-1.5490397
p3,Y,Y,mock,mock,0.0,0.0,0.32318357,-0.25082657,0.5282788,-0.8237254,0.62840575,-1.213296,0.78522265,-1.4476175,0.13856775,-1.0614808,0.14759289,-1.2773584,0.16578014,-0.9590309,0.16986358,-0.71639967,-0.11800057,-0.9930135,-0.06372851,-1.1541687,0.0153159555,-0.7812436,0.04812791,-0.54084665,-0.35052752,-0.9017064,-0.33398297,-1.0517564,-0.18069497,-0.72034466,-0.09678548,-0.49201345,-0.5497908,-0.7879813,-0.69965684,-1.0910302,-0.7884673,-1.2845635,-0.8843575,-1.5106798
p3,Y,Y,mock,mock,0.0,0.0,0.32503235,-0.25122806,0.5509107,-0.81245476,0.68169874,-1.1967409,0.8525408,-1.4299406,0.16517936,-1.0617769,0.17461978,-1.2459815,0.17716533,-0.94032204,0.18326858,-0.70814824,-0.10018555,-0.9949688,-0.040180977,-1.1275958,0.022533081,-0.7627964,0.051888335,-0.5162817,-0.33624333,-0.9039131,-0.3198507,-1.0270765,-0.17571867,-0.7127207,-0.088530295,-0.48868975,-0.5349221,-0.79072505,-0.67987126,-1.0931875,-0.77086115,-1.288063,-0.8625992,-1.5076998
p3,Y,Y,mock,mock,0.0,0.0,0.34743044,-0.27358627,0.6014197,-0.8025947,0.75703835,-1.2025995,0.9417287,-1.4334134,0.185398,-1.0547305,0.15308313,-1.2547538,0.15159018,-0.9157207,0.16018447,-0.6759219,-0.0925545,-0.99570763,-0.10377983,-1.1376337,-0.021043887,-0.74848604,0.025808768,-0.5142279,-0.3174494,-0.9013973,-0.36794925,-1.051156,-0.22020018,-0.7242506,-0.1315297,-0.5003743,-0.5061065,-0.7866721,-0.68831784,-1.1109929,-0.78347784,-1.3055251,-0.87945414,-1.525235
p2,Y,Y,mock,mock,0.0,0.0,0.38625756,-0.2800593,0.6860897,-0.81404936,0.8961135,-1.2380471,1.0902243,-1.523821,0.37005267,-1.0473055,0.268285,-1.4246024,0.24041948,-1.1860561,0.28875285,-0.9546156,0.07883655,-0.99688756,0.0055441577,-1.3026314,0.032698605,-0.9297113,0.10962687,-0.67408395,-0.18427575,-0.9289896,-0.2727386,-1.1712441,-0.16679855,-0.82371473,-0.051610906,-0.5872405,-0.40386423,-0.82993746,-0.5184381,-1.1450776,-0.60577136,-1.3163676,-0.65947783,-1.5197049
p2,Y,Y,mock,mock,0.0,0.0,0.38151348,-0.31965625,0.66245276,-0.8392965,0.88084704,-1.2582304,1.06812,-1.5428019,0.3249291,-1.0621837,0.2396819,-1.4437087,0.22464928,-1.2122993,0.25793737,-0.9781908,0.03876303,-0.99924845,-0.03672311,-1.3332261,0.013607744,-0.9610029,0.08119788,-0.6927769,-0.22105823,-0.92602456,-0.30778822,-1.1905552,-0.18454196,-0.8480904,-0.07644443,-0.6025481,-0.44381413,-0.8319918,-0.5734353,-1.1530324,-0.6540554,-1.3424028,-0.71309334,-1.5573949
p2,Y,Y,mock,mock,0.0,0.0,0.39713782,-0.2814373,0.69576436,-0.8217145,0.9154093,-1.2375855,1.1109192,-1.5161564,0.36173424,-1.051242,0.2720848,-1.4244107,0.26337686,-1.1771286,0.30712637,-0.9481455,0.07133945,-0.9974521,0.006560261,-1.3124013,0.05217273,-0.9310992,0.11399272,-0.66406035,-0.1912757,-0.9290856,-0.26667362,-1.1959375,-0.15160045,-0.8445867,-0.048781242,-0.6004425,-0.41451234,-0.832443,-0.5405295,-1.1489071,-0.6116324,-1.3245567,-0.6582601,-1.5352112
p2,Y,Y,mock,mock,0.0,0.0,0.38878608,-0.30777603,0.6671387,-0.8381503,0.87502253,-1.2593833,1.0733325,-1.5413272,0.35148966,-1.0585068,0.24288656,-1.4397359,0.23452982,-1.2067196,0.28604352,-0.97598547,0.063011646,-0.9980128,-0.019966565,-1.3115582,0.029984932,-0.93102366,0.10341705,-0.66003007,-0.19557682,-0.92416227,-0.28986076,-1.1749511,-0.16041683,-0.82358325,-0.037597995,-0.5794441,-0.41463065,-0.8202485,-0.5473936,-1.1329966,-0.6294325,-1.3087895,-0.68269324,-1.5198059
p2,Y,Y,mock,mock,0.0,0.0,0.40700674,-0.28113475,0.71472114,-0.7853463,0.96462935,-1.2077309,1.1768088,-1.4993889,0.4284509,-1.0315275,0.34091616,-1.4225963,0.30491525,-1.177443,0.3422509,-0.9366373,0.1300142,-0.9915121,0.055274792,-1.3009714,0.07625334,-0.9348088,0.1469126,-0.6733315,-0.13822806,-0.92928857,-0.23107877,-1.1748152,-0.13298102,-0.83318084,-0.021352364,-0.5925857,-0.3654819,-0.8350745,-0.4671915,-1.1508666,-0.5346653,-1.3259844,-0.56283325,-1.5227206
p2,Y,Y,mock,mock,0.0,0.0,0.35872006,-0.30493978,0.58957756,-0.8440181,0.78078437,-1.2371587,0.99733746,-1.4439155,0.31343463,-1.0452025,0.2686146,-1.4019874,0.24626124,-1.1502562,0.253352,-0.9029316,0.034373637,-0.9994091,-0.017441437,-1.3314822,0.020798452,-0.97574365,0.08051263,-0.72435504,-0.23175281,-0.9247405,-0.3030075,-1.1937436,-0.17856881,-0.86057687,-0.06318203,-0.61943996,-0.46939027,-0.8211104,-0.6040478,-1.1463524,-0.6993995,-1.3346651,-0.7691865,-1.5525069
p2,Y,Y,mock,mock,0.0,0.0,0.36316198,-0.33679482,0.5689622,-0.8664553,0.75451034,-1.2653811,0.964421,-1.4828496,0.26280805,-1.0579246,0.21483524,-1.4149257,0.19368182,-1.1544578,0.21231632,-0.91078794,-0.009861227,-0.99995136,-0.062906936,-1.334984,-0.01112464,-0.97262025,0.058764704,-0.7158099,-0.26348332,-0.9215589,-0.33449942,-1.1795346,-0.19914748,-0.8502615,-0.076735556,-0.61607224,-0.4892397,-0.8266166,-0.6297123,-1.138154,-0.7281365,-1.316851,-0.79695106,-1.5300707
p2,Y,Y,mock,mock,0.0,0.0,0.38057914,-0.3443178,0.646349,-0.8534743,0.87487316,-1.2367759,1.0889926,-1.4625113,0.382078,-1.0475515,0.29279009,-1.3879796,0.24294084,-1.1390917,0.26880953,-0.9085619,0.09304085,-0.9956623,0.01133466,-1.3221016,0.0312942,-0.96866214,0.10849358,-0.7162471,-0.1705035,-0.93414336,-0.2623173,-1.1848102,-0.16110542,-0.8673379,-0.039948203,-0.63870907,-0.3894464,-0.85993993,-0.50515145,-1.1710845,-0.60814595,-1.347555,-0.6574054,-1.5457346
p2,Y,Y,mock,mock,0.0,0.0,0.38417926,-0.35606337,0.6272647,-0.8879435,0.8494713,-1.2918724,1.0820502,-1.5084888,0.31368884,-1.0784985,0.21476467,-1.4281962,0.20010172,-1.1667334,0.24558687,-0.93085456,0.024091847,-0.9997097,-0.06315294,-1.3375597,-0.0068578366,-0.97150606,0.07772247,-0.7061947,-0.24299127,-0.91759676,-0.34309787,-1.1793357,-0.2071578,-0.8521052,-0.06871915,-0.6178839,-0.4703472,-0.82369596,-0.6298934,-1.1358026,-0.7314205,-1.3100338,-0.78847086,-1.5109296
p2,Y,Y,mock,mock,0.0,0.0,0.38147566,-0.35412315,0.61983883,-0.8803929,0.8316994,-1.2785443,1.0563095,-1.4941666,0.29877365,-1.0717938,0.21057688,-1.4340156,0.20301606,-1.1724926,0.24735388,-0.92455685,0.021723388,-0.999764,-0.060797445,-1.3434516,0.00054362975,-0.9790785,0.08975266,-0.72388446,-0.24263346,-0.91902465,-0.3395063,-1.19408,-0.20531218,-0.8672314,-0.07329068,-0.6300987,-0.4737807,-0.82341164,-0.62097776,-1.1460496,-0.7260863,-1.3268416,-0.7957465,-1.5287192
p2,Y,Y,mock,mock,0.0,0.0,0.36836597,-0.34885997,0.54054534,-0.87016255,0.652045,-1.2611574,0.7987234,-1.4865043,0.11648529,-1.0715437,0.03812948,-1.4282058,0.094643466,-1.144638,0.13391618,-0.8990471,-0.13839836,-0.99037665,-0.21145448,-1.3114427,-0.07178628,-0.94114923,0.0040473877,-0.6987773,-0.3751889,-0.88784134,-0.45872805,-1.1727375,-0.27759945,-0.8391443,-0.17626606,-0.6168013,-0.6024884,-0.770173,-0.76646376,-1.0993371,-0.8315197,-1.2886678,-0.923934,-1.5150172
p2,Y,Y,mock,mock,0.0,0.0,0.3618809,-0.34057847,0.56176096,-0.86333877,0.7092479,-1.2602483,0.88012105,-1.4995492,0.16955295,-1.0719821,0.10315341,-1.4315763,0.13458644,-1.1585811,0.16627339,-0.901664,-0.09048038,-0.99589825,-0.1626901,-1.3239479,-0.05700978,-0.96614707,0.015748952,-0.7053955,-0.34130538,-0.8960951,-0.42908755,-1.1780553,-0.27188075,-0.8568805,-0.16524415,-0.620049,-0.58034474,-0.7813971,-0.74497145,-1.106422,-0.8176418,-1.3022265,-0.89775676,-1.5211831
p2,Y,Y,mock,mock,0.0,0.0,0.3635605,-0.34517026,0.56636506,-0.8508024,0.7192531,-1.2539041,0.89780104,-1.5009482,0.1825841,-1.0675524,0.1141249,-1.4315189,0.13504127,-1.1643137,0.1588755,-0.9130141,-0.08742184,-0.99617136,-0.16672313,-1.3109721,-0.06816127,-0.96230674,0.005982555,-0.7127354,-0.34096673,-0.8978576,-0.43243065,-1.1656072,-0.28230733,-0.85648566,-0.17111076,-0.6238858,-0.57350534,-0.7837304,-0.7412009,-1.1027092,-0.81934917,-1.2963041,-0.8994791,-1.5080707
p2,Y,Y,mock,mock,0.0,0.0,0.36535886,-0.33258286,0.58226156,-0.8383036,0.7535513,-1.248789,0.93937284,-1.4954897,0.21144135,-1.065456,0.14161673,-1.4250861,0.14856584,-1.1435139,0.16805778,-0.89297646,-0.0638322,-0.9979606,-0.14717956,-1.3066968,-0.057653103,-0.939545,0.01955565,-0.6970804,-0.31951496,-0.9002704,-0.4108955,-1.1646434,-0.27014127,-0.84153825,-0.16254781,-0.61141306,-0.5483807,-0.78493047,-0.70416564,-1.1038022,-0.78422326,-1.2919506,-0.8615237,-1.5061384
p2,Y,Y,mock,mock,0.0,0.0,0.3641749,-0.33720386,0.5815653,-0.8372336,0.75450766,-1.2445415,0.92890483,-1.4936495,0.2090713,-1.0629157,0.14531606,-1.4202318,0.15324716,-1.13867,0.16913591,-0.89053744,-0.063488014,-0.9979826,-0.14123383,-1.3041985,-0.04950686,-0.93593526,0.024793833,-0.6962044,-0.31560558,-0.9037442,-0.40398875,-1.1696236,-0.263178,-0.8459623,-0.15968303,-0.61535025,-0.543759,-0.79129267,-0.6976342,-1.1098319,-0.77373964,-1.2979181,-0.8480473,-1.5119324
p2,Y,Y,mock,mock,0.0,0.0,0.3913167,-0.22677913,0.64365894,-0.7912722,0.78619224,-1.2343904,0.9715713,-1.4583386,0.3705224,-1.0484152,0.24592134,-1.4067248,0.23223928,-1.1207559,0.2755938,-0.95962596,0.06695651,-0.9977559,-0.06879499,-1.2757152,-0.0050504575,-0.8839818,0.109890625,-0.77686787,-0.20283534,-0.9194974,-0.33378363,-1.1304473,-0.20775506,-0.76811826,-0.07260188,-0.63364744,-0.43445963,-0.8321463,-0.5745129,-1.1305885,-0.6662831,-1.2577873,-0.7426427,-1.4810983
p2,Y,Y,mock,mock,0.0,0.0,0.37567988,-0.24685527,0.6270824,-0.78862363,0.78971916,-1.2015272,0.96401876,-1.4328392,0.3608438,-1.0531179,0.2465189,-1.3890707,0.22211882,-1.1098045,0.26799065,-0.95991945,0.063125014,-0.9980056,-0.068428494,-1.2700835,-0.014575019,-0.8853724,0.09898982,-0.7738142,-0.20560227,-0.9196101,-0.3354651,-1.1292273,-0.22326459,-0.76908165,-0.0888436,-0.63124704,-0.43203852,-0.83254504,-0.57376564,-1.1273401,-0.665837,-1.2582107,-0.73462796,-1.478697
p2,Y,Y,mock,mock,0.0,0.0,0.4069607,-0.27276516,0.6908293,-0.82301855,0.8659156,-1.2544101,1.0568864,-1.4955646,0.4354005,-1.0434856,0.300048,-1.4211787,0.25738516,-1.1319693,0.31575376,-0.9532118,0.13596946,-0.990713,-0.008072882,-1.2861336,0.0056026233,-0.89960647,0.1444606,-0.7802684,-0.14339492,-0.9152297,-0.29460472,-1.1149607,-0.20570092,-0.76267755,-0.040182944,-0.63588834,-0.3863142,-0.82572734,-0.5107987,-1.1288431,-0.6041644,-1.2491567,-0.6576447,-1.453953
p2,Y,Y,mock,mock,0.0,0.0,0.38237086,-0.25306115,0.6672568,-0.8186066,0.8506217,-1.2484523,1.0515084,-1.4803962,0.41560605,-1.0506238,0.27032807,-1.4165238,0.22472285,-1.1241891,0.28415266,-0.93940127,0.11481647,-0.99338675,-0.02757472,-1.284297,-0.016326517,-0.89718056,0.10906281,-0.7600843,-0.16079624,-0.91693664,-0.30817017,-1.1165315,-0.22601508,-0.7620796,-0.0753368,-0.6234205,-0.39702564,-0.8305134,-0.51929414,-1.1356524,-0.62015456,-1.2554963,-0.6830285,-1.4591054
p2,Y,Y,mock,mock,0.0,0.0,0.3725296,-0.29099455,0.6515953,-0.8107294,0.85817647,-1.2463443,1.0769506,-1.486329,0.47126877,-1.0437218,0.32708576,-1.4403428,0.24598093,-1.1533635,0.28628412,-0.96151114,0.16487636,-0.98631424,-0.004479514,-1.292984,-0.023678957,-0.916042,0.105934426,-0.78590095,-0.11484768,-0.9193382,-0.2830756,-1.11215,-0.23009785,-0.7717013,-0.06466905,-0.64331406,-0.34463912,-0.842768,-0.48304525,-1.128359,-0.57941425,-1.2543657,-0.6128978,-1.4501495
p2,Y,Y,mock,mock,0.0,0.0,0.34019902,-0.3290224,0.5638995,-0.8237942,0.7466333,-1.214284,0.9268311,-1.4643294,0.3157567,-1.0502938,0.2589366,-1.4073831,0.23065299,-1.2066537,0.24938971,-1.0050279,0.043090686,-0.9990712,-0.029215587,-1.302074,-0.007675733,-0.98410803,0.054419894,-0.7668752,-0.20222445,-0.91549957,-0.2850457,-1.1577435,-0.18975987,-0.8542838,-0.083385766,-0.6414555,-0.41466877,-0.8034708,-0.54570365,-1.0874395,-0.64701694,-1.2639209,-0.7152674,-1.4651817
p2,Y,Y,mock,mock,0.0,0.0,0.3428423,-0.334681,0.5823291,-0.8303812,0.7793523,-1.2257065,0.9706928,-1.4750564,0.3655703,-1.049485,0.2869903,-1.4067966,0.22140348,-1.1919827,0.23923537,-0.9858479,0.07920418,-0.9968584,-0.008747707,-1.3012367,-0.016217733,-0.9590032,0.055432573,-0.73520374,-0.1794876,-0.91954345,-0.27866963,-1.150008,-0.20601565,-0.83519685,-0.09216274,-0.62733924,-0.39601544,-0.8181922,-0.5213824,-1.1046712,-0.6231191,-1.2641867,-0.67871463,-1.455104
p2,Y,Y,mock,mock,0.0,0.0,0.34133258,-0.33053154,0.54085356,-0.8238824,0.7081698,-1.2189869,0.8811482,-1.4663252,0.28992334,-1.0445676,0.22909665,-1.4014479,0.2208284,-1.1851482,0.25003108,-0.97853756,0.014299199,-0.9998978,-0.06225949,-1.2961775,-0.013554974,-0.9570649,0.062106274,-0.7388956,-0.2332851,-0.9182349,-0.30619925,-1.1588937,-0.19388735,-0.83988225,-0.08758312,-0.625391,-0.4480295,-0.80909336,-0.58375305,-1.0987899,-0.67558604,-1.2683499,-0.7398631,-1.4709862
p2,Y,Y,mock,mock,0.0,0.0,0.33330634,-0.3391436,0.51650375,-0.83777845,0.6759269,-1.2261361,0.8580568,-1.455862,0.27145612,-1.0487093,0.2004289,-1.3937223,0.19612785,-1.16297,0.22902852,-0.9571305,-0.0024309328,-0.999997,-0.07903219,-1.296867,-0.028497258,-0.95159006,0.041314937,-0.73364973,-0.25357482,-0.91417533,-0.32997504,-1.1603378,-0.21457084,-0.8513318,-0.10878447,-0.6443113,-0.47277462,-0.80573183,-0.60646564,-1.0937173,-0.6920987,-1.2594521,-0.7578096,-1.4609739
p2,Y,Y,mock,mock,0.0,0.0,0.33244014,-0.3340193,0.5229389,-0.8298027,0.6889301,-1.2191966,0.86896694,-1.4596623,0.28448227,-1.0507159,0.21597509,-1.39178,0.19663063,-1.1590196,0.22599521,-0.95482093,0.011867489,-0.9999296,-0.06850884,-1.2819301,-0.02705706,-0.93681777,0.05078578,-0.73210686,-0.2351501,-0.9141363,-0.31342104,-1.1360385,-0.20172116,-0.8159348,-0.08983999,-0.6140772,-0.4448357,-0.8067466,-0.58637244,-1.0830064,-0.67753476,-1.2395028,-0.7354848,-1.4347588
p3,Y,Y,mock,mock,0.0,0.0,0.4355839,-0.1654001,0.7586202,-0.610206,0.9228775,-1.0427305,1.1469282,-1.2811197,0.3934574,-1.0305463,0.16155197,-1.3278582,0.19226485,-0.976432,0.2925046,-0.78781927,0.05025859,-0.99873626,-0.12907144,-1.2428865,-0.041518833,-0.8166768,0.09438843,-0.6983475,-0.2434491,-0.936051,-0.41368034,-1.1217151,-0.28723773,-0.73821306,-0.12937252,-0.5748382,-0.5041386,-0.8467385,-0.751765,-1.1969638,-0.9141351,-1.3586075,-1.0427932,-1.5870215
p3,Y,Y,mock,mock,0.0,0.0,0.424392,-0.16522698,0.74095577,-0.6033066,0.9054629,-1.0281811,1.1288105,-1.2705628,0.3992883,-1.0287619,0.15306227,-1.3077148,0.17492,-0.9684783,0.2760281,-0.7773183,0.058639526,-0.9982792,-0.13234198,-1.2283465,-0.046049383,-0.8136434,0.09530432,-0.6795013,-0.23506606,-0.93564785,-0.41473988,-1.1084468,-0.28503895,-0.7336808,-0.11562707,-0.566977,-0.49222863,-0.84193367,-0.74324393,-1.1775728,-0.90764904,-1.3344804,-1.0295732,-1.5580045
p3,Y,Y,mock,mock,0.0,0.0,0.43261766,-0.178742,0.74684024,-0.61519516,0.8989254,-1.0514133,1.1193736,-1.2811987,0.39540842,-1.0241091,0.16899544,-1.3049287,0.20585357,-0.9476213,0.28860417,-0.75893205,0.056949347,-0.9983771,-0.12549105,-1.2362767,-0.030001087,-0.81117994,0.090133145,-0.6884958,-0.22868015,-0.9400072,-0.40048856,-1.1235703,-0.2666461,-0.74271685,-0.11738971,-0.5777064,-0.48311642,-0.85429364,-0.72477674,-1.1897564,-0.8747135,-1.3390323,-0.99855477,-1.5615079
p3,Y,Y,mock,mock,0.0,0.0,0.4427676,-0.16988675,0.7556415,-0.6109265,0.9063322,-1.0459694,1.1350056,-1.2739245,0.39646918,-1.0270827,0.15524153,-1.3128862,0.19400793,-0.95453995,0.29289785,-0.76747155,0.045486525,-0.99896497,-0.13762039,-1.2377532,-0.037111796,-0.8080659,0.09455239,-0.6828582,-0.24705416,-0.93974525,-0.42237836,-1.1226759,-0.28215072,-0.7351519,-0.12115114,-0.57378954,-0.50336796,-0.856706,-0.7529977,-1.1900599,-0.9027965,-1.3414696,-1.0230637,-1.5739701
p3,Y,Y,mock,mock,0.0,0.0,0.42710522,-0.15460451,0.74634653,-0.58607703,0.9132733,-1.0141898,1.1399434,-1.2458675,0.4195681,-1.0198476,0.19789734,-1.290168,0.22021754,-0.9292,0.3049631,-0.74446416,0.07467651,-0.9972078,-0.09787374,-1.2267083,-0.017017284,-0.79450047,0.10624954,-0.6712313,-0.21918888,-0.9382797,-0.3806753,-1.1223134,-0.26684263,-0.73152286,-0.12753214,-0.56427354,-0.47551525,-0.8476405,-0.70642275,-1.1855875,-0.85871744,-1.338742,-0.9837254,-1.5655477
p4,Y,Y,mock,mock,0.0,0.0,0.45412636,-0.26344806,0.727593,-0.6829382,0.8074994,-1.1161482,0.9738618,-1.3144119,0.30100495,-1.0258868,0.20355171,-1.3135979,0.21426152,-0.9832211,0.24398479,-0.737498,-0.0048404,-0.99998826,-0.11041856,-1.3007097,-0.021337075,-0.8991427,0.06681735,-0.6867593,-0.25716412,-0.92562723,-0.3848738,-1.2160443,-0.25989887,-0.85001475,-0.15558803,-0.63663137,-0.49336246,-0.7962056,-0.67107713,-1.137886,-0.74331707,-1.3063468,-0.8020159,-1.5391163
p4,Y,Y,mock,mock,0.0,0.0,0.44490483,-0.26143014,0.70113426,-0.70785433,0.7499598,-1.1385499,0.8867048,-1.3540238,0.27363515,-1.0379486,0.16913882,-1.3500832,0.193209,-1.0027022,0.22180387,-0.7478048,-0.03226312,-0.9994794,-0.13976441,-1.3222553,-0.03013854,-0.91368884,0.056000903,-0.69676954,-0.29333642,-0.92292476,-0.43402183,-1.2231137,-0.28330573,-0.8485813,-0.1647777,-0.63762635,-0.5359106,-0.7997043,-0.739331,-1.1422989,-0.81402856,-1.3049428,-0.8806527,-1.5354422
p4,Y,Y,mock,mock,0.0,0.0,0.43919027,-0.24912463,0.7256885,-0.6863719,0.803583,-1.1117798,0.9622695,-1.3223534,0.29007423,-1.0317526,0.19470195,-1.3330685,0.20662339,-0.9859435,0.23586676,-0.7368447,-0.019527573,-0.9998093,-0.11960032,-1.3257517,-0.030661466,-0.9133164,0.05042875,-0.69098145,-0.28324774,-0.9281649,-0.41630492,-1.229958,-0.29037687,-0.8608968,-0.18485501,-0.64973277,-0.5220827,-0.81259984,-0.7056988,-1.1555132,-0.77644557,-1.3225586,-0.8369246,-1.5549532
p4,Y,Y,mock,mock,0.0,0.0,0.43174925,-0.25773984,0.6942934,-0.70073766,0.7987357,-1.1369158,0.98099816,-1.3269751,0.29748285,-1.02018,0.19577165,-1.2910196,0.211324,-0.9440643,0.23597403,-0.72583777,-0.012664828,-0.9999198,-0.10873516,-1.2593652,-0.008588384,-0.8440194,0.08595169,-0.67699975,-0.26038873,-0.93072003,-0.37215915,-1.2005868,-0.2460836,-0.818699,-0.14280534,-0.6211784,-0.48765895,-0.82039917,-0.6568375,-1.1634907,-0.7285625,-1.3214724,-0.79306006,-1.5557392
p4,Y,Y,mock,mock,0.0,0.0,0.41808912,-0.2512352,0.70596176,-0.6668934,0.8392156,-1.1007845,1.0407664,-1.2862985,0.2998109,-1.0112296,0.18793266,-1.2743292,0.19687329,-0.94060457,0.23645198,-0.7424415,-0.006680047,-0.9999777,-0.12428439,-1.2646526,-0.0365874,-0.855145,0.06593624,-0.6964532,-0.24956708,-0.9352575,-0.38132662,-1.2061577,-0.2733098,-0.834192,-0.1740642,-0.6442424,-0.47148937,-0.82849264,-0.6171192,-1.1692249,-0.6906744,-1.3331543,-0.75334156,-1.5665623
p2,Y,Y,mock,mock,0.0,0.0,0.4425437,-0.29746136,0.6960824,-0.8342575,0.80077857,-1.3144956,1.032878,-1.5059627,0.29342875,-1.062069,0.16530675,-1.4012611,0.20639285,-1.0741827,0.2648958,-0.8596291,-0.023640892,-0.9997205,-0.12376556,-1.2738755,0.006090387,-0.883533,0.11248779,-0.7097123,-0.28703964,-0.91708034,-0.39463565,-1.1612691,-0.21179482,-0.8133659,-0.06604615,-0.6292334,-0.5183462,-0.8117371,-0.6839926,-1.1545675,-0.70731103,-1.3220621,-0.72680664,-1.5460709
p2,Y,Y,mock,mock,0.0,0.0,0.3816556,-0.2897032,0.5543321,-0.814308,0.6005207,-1.2216709,0.7794354,-1.396916,0.14517686,-1.0648081,0.120705865,-1.3524967,0.1984772,-1.0011933,0.21868707,-0.79860836,-0.1293966,-0.99159294,-0.1289226,-1.2333624,0.01695037,-0.84467053,0.06293222,-0.6815048,-0.3671348,-0.8899302,-0.37393656,-1.1109252,-0.17943743,-0.75463504,-0.092816465,-0.57060283,-0.5959549,-0.77578056,-0.7370058,-1.1176486,-0.6845602,-1.2917488,-0.6477931,-1.5052408
p2,Y,Y,mock,mock,0.0,0.0,0.37668446,-0.21398324,0.6811862,-0.6984851,0.89643633,-1.1712304,1.2317837,-1.3254616,0.44558185,-1.0353255,0.21376692,-1.3022898,0.16800086,-0.9544118,0.21574382,-0.75175214,0.09652827,-0.9953302,-0.09038121,-1.2204442,-0.059257142,-0.8050803,0.03502918,-0.6454015,-0.18372628,-0.92894757,-0.35670203,-1.1234789,-0.28793165,-0.7705279,-0.17316757,-0.6150467,-0.40368652,-0.85811746,-0.5355162,-1.177224,-0.60574496,-1.3101519,-0.6438232,-1.5107049
p2,Y,Y,mock,mock,0.0,0.0,0.55083233,-0.052724086,1.0066983,-0.48275244,1.2807657,-0.94480103,1.5802286,-1.0580353,0.7278814,-0.8665255,0.6919166,-1.263328,0.57471645,-0.9665551,0.5617415,-0.71739596,0.38182086,-0.92423636,0.32680786,-1.2358655,0.27824232,-0.85693014,0.32291305,-0.6275047,0.104402184,-0.9479342,0.035800185,-1.2260219,0.049282685,-0.88719696,0.12804946,-0.67270184,-0.13970199,-0.9500542,-0.16041078,-1.3197502,-0.13494252,-1.4933932,-0.07177348,-1.6886165
p2,Y,Y,mock,mock,0.0,0.0,0.48765004,-0.092547484,0.91299415,-0.52051085,1.2015501,-0.9129177,1.5225855,-0.97340286,0.66423255,-0.8868642,0.6571976,-1.2016075,0.5512087,-0.88705415,0.5311729,-0.68284816,0.3370849,-0.94147426,0.33580282,-1.1928602,0.29884642,-0.8117606,0.34360665,-0.6286055,0.058367502,-0.949361,0.049115103,-1.1682204,0.0897551,-0.8039106,0.16836895,-0.60166043,-0.18325242,-0.93039215,-0.21056236,-1.2632282,-0.16587734,-1.4193532,-0.0914473,-1.6384729
p2,Y,Y,mock,mock,0.0,0.0,0.4493512,-0.28953338,0.75658983,-0.7915164,0.84465116,-1.2737681,0.9666034,-1.5980427,0.26969913,-1.0535654,0.21737595,-1.3961914,0.23758271,-1.0869259,0.2943639,-0.79797757,-0.03371138,-0.9994316,-0.05797988,-1.3386219,0.028406136,-0.9582063,0.108360425,-0.6540573,-0.29102674,-0.9437989,-0.35383046,-1.2729349,-0.22345698,-0.9318153,-0.11610235,-0.6528354,-0.54003793,-0.86827946,-0.6532109,-1.2530174,-0.6490207,-1.4715494,-0.6268503,-1.6840369
p2,Y,Y,mock,mock,0.0,0.0,0.39292017,-0.32402727,0.560821,-0.8076707,0.57114553,-1.2181842,0.647637,-1.5008584,0.16721009,-1.0465568,0.12715855,-1.3215308,0.19782902,-1.0305814,0.2606117,-0.7741785,-0.08182678,-0.9966466,-0.09396102,-1.2710183,0.032138452,-0.9190721,0.1044106,-0.6350124,-0.3182125,-0.9433434,-0.3476542,-1.2205833,-0.1653356,-0.9130804,-0.048874233,-0.65410215,-0.56371915,-0.8598259,-0.6820155,-1.2111124,-0.6270714,-1.4134977,-0.5607492,-1.6012709
p2,Y,Y,mock,mock,0.0,0.0,0.45017144,-0.22127497,0.81302625,-0.7281551,0.9911298,-1.1913,1.2157766,-1.4622811,0.3832312,-1.0315206,0.30953303,-1.3544749,0.2921408,-1.0030098,0.33507764,-0.7175202,0.058012813,-0.9983158,0.0146394875,-1.2752494,0.0685495,-0.8622347,0.14807189,-0.58978105,-0.20845102,-0.94209826,-0.28323358,-1.2090319,-0.17003237,-0.85877067,-0.05669213,-0.6226463,-0.42572254,-0.86001325,-0.5267778,-1.2097127,-0.55078226,-1.3892041,-0.55821097,-1.5928446
p2,Y,Y,mock,mock,0.0,0.0,0.40360522,-0.17540357,0.7640538,-0.63028795,0.9634149,-1.0783948,1.209131,-1.3331478,0.45006117,-1.0065448,0.3042595,-1.2706594,0.24013406,-0.9239981,0.2748411,-0.65227413,0.1377617,-0.9904654,0.03127203,-1.2061404,0.034438517,-0.79485494,0.112168685,-0.5512029,-0.12645544,-0.94072014,-0.24427678,-1.1442578,-0.18281575,-0.7975359,-0.07675211,-0.5800498,-0.34435192,-0.859456,-0.42425504,-1.1979836,-0.47507492,-1.3697217,-0.495461,-1.5674297
p2,Y,Y,mock,mock,0.0,0.0,0.4459814,-0.24070793,0.79608816,-0.74483436,0.97092617,-1.1934242,1.1912588,-1.4691916,0.34448406,-1.0281005,0.320412,-1.3442633,0.3098775,-1.0143859,0.33667147,-0.725079,0.032036778,-0.9994867,0.032120116,-1.2980797,0.08416716,-0.9041838,0.14236099,-0.60391,-0.23419467,-0.9535469,-0.2666953,-1.2536559,-0.1619759,-0.90983623,-0.06778902,-0.638336,-0.46545014,-0.8828989,-0.563713,-1.2537606,-0.57357883,-1.4549512,-0.5633465,-1.6553115
p1,Y,Y,mock,mock,0.0,0.0,0.2719648,-0.18318437,0.46320555,-0.6611423,0.5927982,-1.0572479,0.85768324,-1.1598696,0.29544833,-0.99743,0.14387392,-1.2474887,0.03140082,-0.91880536,0.046216983,-0.67079484,0.042775597,-0.9990847,-0.1358084,-1.196856,-0.16579053,-0.7983712,-0.10707082,-0.5696078,-0.18302304,-0.9641339,-0.37578052,-1.1578258,-0.330442,-0.79014,-0.22229788,-0.5344005,-0.3671935,-0.9046871,-0.5073123,-1.247318,-0.6522431,-1.4243754,-0.7584977,-1.6083819
p3,Y,Y,mock,mock,0.0,0.0,0.31119865,-0.19380744,0.4876684,-0.638944,0.60902923,-1.0237901,0.87894535,-1.1337953,0.33577415,-0.9896131,0.21406288,-1.2302501,0.10342014,-0.921718,0.12216838,-0.6899527,0.07394074,-0.99726266,-0.06538753,-1.1860952,-0.098805875,-0.81742674,-0.039117027,-0.6035488,-0.15977259,-0.97204226,-0.31860468,-1.1290139,-0.26226956,-0.7789614,-0.14589347,-0.54206985,-0.3694481,-0.93388426,-0.48428932,-1.262275,-0.60253304,-1.4588834,-0.68537134,-1.6647742
p4,Y,Y,mock,mock,0.0,0.0,0.30198294,-0.19021623,0.48852256,-0.66401225,0.59922975,-1.0717955,0.85213846,-1.1955401,0.3106003,-0.9971414,0.19496974,-1.2659168,0.07178519,-0.94389635,0.07233213,-0.7043969,0.060639754,-0.9981597,-0.095371954,-1.2087086,-0.13022394,-0.8312497,-0.07573387,-0.6160674,-0.16156271,-0.96247786,-0.348717,-1.148116,-0.2930493,-0.79839534,-0.18080907,-0.55856645,-0.3519708,-0.9082778,-0.468134,-1.2466478,-0.5955518,-1.4321767,-0.6887495,-1.6243128
p2,Y,Y,mock,mock,0.0,0.0,0.29187843,-0.2263295,0.45067897,-0.65634316,0.54805154,-1.0391968,0.7883876,-1.1853456,0.29692236,-0.99549496,0.16785406,-1.2255728,0.042590648,-0.91055375,0.041656226,-0.68281233,0.03542911,-0.9993722,-0.120361306,-1.1643451,-0.15385991,-0.7825022,-0.10101606,-0.5627182,-0.19388036,-0.9729304,-0.37575752,-1.118553,-0.31092805,-0.7824321,-0.1859774,-0.5501051,-0.40005374,-0.9248131,-0.52674264,-1.2537657,-0.65534943,-1.4432566,-0.74952847,-1.6309243
p2,Y,Y,mock,mock,0.0,0.0,0.45566678,-0.20444484,0.79733723,-0.6694364,1.0115829,-1.0178738,1.2005311,-1.1841254,0.4921046,-0.9713825,0.46612608,-1.2335364,0.39286023,-0.9126435,0.3562098,-0.68904984,0.19849157,-0.9801026,0.18509716,-1.2161597,0.18020818,-0.82481426,0.19727789,-0.5981461,-0.064103365,-0.959324,-0.11852468,-1.1849047,-0.032839097,-0.81262743,0.052220456,-0.5739967,-0.3119802,-0.9136351,-0.46690065,-1.2791861,-0.5361409,-1.462394,-0.57449955,-1.6953282
p2,Y,Y,mock,mock,0.0,0.0,0.45142108,-0.20061868,0.758743,-0.6041661,0.9676688,-0.9464693,1.1388916,-1.168405,0.49978834,-0.95439047,0.5249854,-1.2060051,0.46695986,-0.8760142,0.42626408,-0.6520947,0.22325782,-0.97475946,0.23913231,-1.2244948,0.24889106,-0.8372068,0.2528376,-0.600727,-0.046068627,-0.9671972,-0.07304692,-1.2072426,0.030610267,-0.84031403,0.10445658,-0.587096,-0.305795,-0.9271075,-0.45541695,-1.2975038,-0.50996697,-1.5131421,-0.55144495,-1.768599
p2,Y,Y,mock,mock,0.0,0.0,0.4721226,-0.16572678,0.8318005,-0.58690614,1.0589564,-0.9344961,1.2745284,-1.1144263,0.5557844,-0.9401631,0.6042886,-1.1899322,0.54008394,-0.88108623,0.48236015,-0.64051336,0.2733748,-0.9619076,0.34157467,-1.217914,0.32375625,-0.82043815,0.3118891,-0.5537316,0.01028946,-0.9582765,0.020465732,-1.1986516,0.11589662,-0.82120097,0.19422065,-0.54838765,-0.24864349,-0.9222942,-0.38452026,-1.3044697,-0.4377575,-1.5140643,-0.46039072,-1.7564561
p2,Y,Y,mock,mock,0.0,0.0,0.56998026,-0.11261456,1.001647,-0.5389512,1.291199,-0.8937748,1.5141778,-1.0831193,0.74989927,-0.8569349,0.76138407,-1.1535594,0.6548143,-0.8234153,0.59508884,-0.60061055,0.458129,-0.88888574,0.511394,-1.1505247,0.44042984,-0.72821456,0.4090396,-0.49249852,0.19254541,-0.907106,0.19050136,-1.157837,0.24295856,-0.7552948,0.30406597,-0.49703425,-0.07429049,-0.90384316,-0.14919731,-1.2961867,-0.17875104,-1.4735196,-0.15909553,-1.6939331
p2,Y,Y,mock,mock,0.0,0.0,0.50462943,0.023191148,0.99166167,-0.12313926,1.3719544,-0.2993499,1.6787279,-0.36713195,0.7763298,-0.799118,0.73308295,-1.1308948,0.59789526,-0.8158091,0.5025688,-0.5507121,0.4619878,-0.8868863,0.42583266,-1.1280738,0.34404615,-0.74754405,0.33576512,-0.5219249,0.18111698,-0.92894214,0.10268013,-1.1026018,0.104943275,-0.73906034,0.15365855,-0.50873417,-0.083980896,-0.92927074,-0.15637201,-1.2778002,-0.20412093,-1.4312669,-0.21107902,-1.6283183
p2,Y,Y,mock,mock,0.0,0.0,0.4834971,0.042997703,0.96319765,-0.09235873,1.3475589,-0.25413856,1.6831692,-0.31465968,0.77088845,-0.8117124,0.76238126,-1.1064706,0.62962353,-0.7723393,0.5317637,-0.51770806,0.45410553,-0.89094794,0.4215502,-1.0894454,0.3462644,-0.69482774,0.34750205,-0.49141946,0.15926097,-0.9231194,0.08612403,-1.0812335,0.08711494,-0.717793,0.13634077,-0.50472546,-0.108470224,-0.91307807,-0.20121504,-1.2630104,-0.25437242,-1.4195029,-0.27138764,-1.6302929
p2,Y,Y,mock,mock,0.0,0.0,0.49284342,0.058019973,1.0101472,-0.07054648,1.4117869,-0.23324242,1.7601233,-0.2990325,0.83767784,-0.75735044,0.8680131,-1.0754719,0.70535606,-0.72888374,0.5985286,-0.47484335,0.51575583,-0.85673565,0.54122794,-1.0641478,0.42647317,-0.6431727,0.40815452,-0.43964183,0.22044773,-0.89519274,0.19734712,-1.078996,0.17516057,-0.6795851,0.22554609,-0.44887468,-0.051782075,-0.89573777,-0.114572376,-1.2349097,-0.15384968,-1.3650665,-0.13940051,-1.5560393
p2,Y,Y,mock,mock,0.0,0.0,0.48993734,0.053060528,1.0030419,-0.08595631,1.393091,-0.22454908,1.727211,-0.29565105,0.8124643,-0.7796815,0.87986094,-1.083322,0.73198783,-0.76988876,0.60826886,-0.5076767,0.49095663,-0.871184,0.55343705,-1.0795252,0.44466513,-0.67632854,0.4083055,-0.43470067,0.18688095,-0.9064662,0.1935237,-1.0838581,0.18472509,-0.69110304,0.21870415,-0.4353994,-0.09549586,-0.89483047,-0.14440256,-1.235914,-0.17299516,-1.3796905,-0.16001557,-1.5655783
p2,Y,Y,mock,mock,0.0,0.0,-0.21717629,-0.47288957,-0.20673992,-1.0768969,-0.11942802,-1.5575347,-0.265067,-1.8274884,0.11045406,-1.0813512,0.48953506,-1.3560029,0.45822993,-1.1955417,0.34438688,-1.0678064,0.40314522,-0.91513604,0.7325186,-1.2084308,0.66544,-1.0577239,0.55633265,-0.96137875,0.6669277,-0.73908323,0.950452,-1.0887867,0.8852339,-0.94364446,0.77043486,-0.83184415,0.87821645,-0.58437055,1.1972679,-0.9830202,1.3810216,-1.1904229,1.5232749,-1.3990741
p2,Y,Y,mock,mock,0.0,0.0,-0.27018437,-0.45525563,-0.3104156,-1.040995,-0.24592704,-1.5158108,-0.39060795,-1.7862824,0.05833406,-1.0745269,0.38653427,-1.3485037,0.34701437,-1.1979146,0.23138246,-1.0597577,0.37264118,-0.92797554,0.638561,-1.2152256,0.5684076,-1.0703775,0.4679858,-0.9652772,0.6469477,-0.7676882,0.8682206,-1.1192664,0.79791015,-0.9787904,0.69125366,-0.8610966,0.85715944,-0.62441975,1.1409779,-1.0322868,1.3064659,-1.2443556,1.4375345,-1.4482913
p2,Y,Y,mock,mock,0.0,0.0,-0.25065535,-0.45988292,-0.30211663,-1.040136,-0.2304313,-1.5257659,-0.35677025,-1.7949334,0.02995825,-1.084456,0.4094786,-1.3849983,0.3873816,-1.2052442,0.26972878,-1.055376,0.3098895,-0.9507726,0.6678386,-1.265334,0.62210405,-1.1041007,0.5077084,-0.98105305,0.56644607,-0.80260086,0.88223445,-1.149419,0.83379734,-1.0064645,0.72450763,-0.8779783,0.7843186,-0.6597198,1.1043574,-1.0793902,1.278972,-1.3084191,1.4068024,-1.5208927
p2,Y,Y,mock,mock,0.0,0.0,-0.23490241,-0.45378864,-0.24968767,-1.076799,-0.15331845,-1.5839505,-0.2816838,-1.8626767,0.046624888,-1.082561,0.44910964,-1.4114779,0.42221424,-1.2445741,0.31681395,-1.1282922,0.32715696,-0.94497,0.6997324,-1.2726028,0.64384294,-1.1065701,0.5339699,-1.0031489,0.5874541,-0.78934515,0.9297473,-1.1577996,0.8795291,-1.0017252,0.76415545,-0.87535137,0.81461835,-0.6419113,1.1351655,-1.0527642,1.3193697,-1.2732272,1.4586812,-1.4859936
p4,Y,Y,mock,mock,0.0,0.0,0.36629432,-0.23702076,0.65413564,-0.70499146,0.8507705,-1.0839094,1.047165,-1.3415263,0.28536192,-1.0596846,0.108311504,-1.273215,0.08212725,-0.94760185,0.13120413,-0.6972011,-0.025639134,-0.9996713,-0.18040124,-1.120561,-0.110504866,-0.72601974,-0.015333783,-0.47282803,-0.28088707,-0.9205466,-0.4412776,-1.0033875,-0.31452024,-0.68125623,-0.18739346,-0.46535003,-0.49674198,-0.8275838,-0.65912366,-1.1655314,-0.7387028,-1.3699856,-0.80170834,-1.5759534
p1,Y,Y,mock,mock,0.0,0.0,0.40615445,-0.254429,0.72099596,-0.7142294,0.9365371,-1.0821139,1.1352699,-1.3235776,0.31346866,-1.0504551,0.21104586,-1.2950646,0.18675126,-0.98914415,0.20642303,-0.7389312,-7.197165e-05,-1.0,-0.0776073,-1.1680576,-0.004768419,-0.76023835,0.060813367,-0.48020914,-0.25804037,-0.9329047,-0.36269295,-1.0479776,-0.22651441,-0.7131436,-0.11891025,-0.48759574,-0.4833866,-0.8555029,-0.6375505,-1.2200893,-0.69781005,-1.4354308,-0.7578001,-1.6623439
p2,Y,Y,mock,mock,0.0,0.0,0.28260812,-0.34541193,0.385316,-0.93526787,0.40758848,-1.4086258,0.55472547,-1.6905303,-0.045708425,-1.0394931,-0.13466069,-1.2178257,-0.092167094,-0.8740096,-0.018477388,-0.63847464,-0.31409413,-0.94939184,-0.3792376,-1.1321839,-0.24952607,-0.7421368,-0.13983877,-0.4970823,-0.53016514,-0.8584749,-0.6161534,-1.0042994,-0.42111573,-0.6570792,-0.27860802,-0.4216713,-0.71997666,-0.76581645,-0.91069317,-1.1061956,-1.006816,-1.3238231,-1.0988301,-1.565149
p4,Y,Y,mock,mock,0.0,0.0,0.2746546,-0.34362656,0.38437435,-0.906916,0.42690313,-1.368267,0.5923932,-1.633332,-0.052697904,-1.0335513,-0.14410767,-1.1909839,-0.09102188,-0.8451361,-0.01258817,-0.62324125,-0.31177288,-0.9501566,-0.38570496,-1.1054387,-0.24492583,-0.7131516,-0.1346365,-0.48910877,-0.5206957,-0.8603884,-0.6139005,-0.9932637,-0.4163501,-0.6519907,-0.27867758,-0.4308753,-0.7058154,-0.763224,-0.9030451,-1.0988079,-0.99929136,-1.3100771,-1.0988162,-1.544441
p3,Y,Y,mock,mock,0.0,0.0,0.23623312,-0.38784525,0.32277825,-0.9273221,0.3983205,-1.3819146,0.58311737,-1.6434221,-0.098490305,-1.0776834,-0.23398429,-1.3514225,-0.14966993,-1.049259,-0.033309426,-0.85698384,-0.33500168,-0.9422175,-0.46348694,-1.2017146,-0.28432655,-0.8578922,-0.14282635,-0.654702,-0.53531724,-0.79877734,-0.67263323,-1.0092399,-0.43265253,-0.72868246,-0.25808513,-0.5440153,-0.69225293,-0.6562451,-0.89769584,-0.9270857,-0.9865196,-1.1207536,-1.0797718,-1.3429365
p2,Y,Y,mock,mock,0.0,0.0,0.23986195,-0.42169306,0.32127813,-0.93397903,0.39898974,-1.3853027,0.56284547,-1.6583008,-0.09980727,-1.0789688,-0.2536277,-1.3481643,-0.16333017,-1.052927,-0.036478117,-0.8586548,-0.33618796,-0.94179493,-0.4780107,-1.1968818,-0.28930154,-0.8578735,-0.13907428,-0.65225196,-0.53492534,-0.8008365,-0.67929596,-1.0021753,-0.44360998,-0.7338665,-0.27363563,-0.55367243,-0.6929599,-0.6623269,-0.90343344,-0.9269247,-0.9905741,-1.1180952,-1.0795174,-1.3300194
p1,Y,Y,mock,mock,0.0,0.0,0.32508883,-0.30372253,0.49179485,-0.81683874,0.57167184,-1.2505212,0.68618625,-1.541268,0.12406736,-1.0754316,-0.06848873,-1.2876716,-0.027208257,-0.98374796,0.07509913,-0.7930895,-0.15413877,-0.9880492,-0.3266183,-1.1413763,-0.18447645,-0.76968545,-0.03870606,-0.5918791,-0.37778744,-0.8884523,-0.553953,-1.0114434,-0.37799144,-0.7092901,-0.22047433,-0.55054295,-0.5641281,-0.78352404,-0.75944597,-1.0638247,-0.87163067,-1.2081388,-0.9687721,-1.3874516
p4,Y,Y,mock,mock,0.0,0.0,0.33423436,-0.2811231,0.5187361,-0.8001547,0.59868234,-1.2389195,0.7151644,-1.5404743,0.1381091,-1.068271,-0.026890026,-1.2834442,0.01676655,-0.98442256,0.10839661,-0.79407233,-0.13755345,-0.9904944,-0.28858197,-1.1346145,-0.14817272,-0.7699649,-0.010463434,-0.5996085,-0.35938492,-0.8977267,-0.5213684,-1.0112995,-0.34424493,-0.71002793,-0.18903664,-0.55340046,-0.547114,-0.7974371,-0.73738015,-1.0707422,-0.84399843,-1.2073693,-0.9376781,-1.3845853
p4,Y,Y,mock,mock,0.0,0.0,0.33273542,-0.28986573,0.514902,-0.80857146,0.6058807,-1.2405157,0.72333044,-1.535564,0.14713728,-1.0703701,-0.020301836,-1.2815121,0.020302586,-0.9787349,0.10803979,-0.78691924,-0.1307266,-0.9914185,-0.28109363,-1.1387689,-0.1439088,-0.7758676,-0.010504671,-0.60263467,-0.35424367,-0.8957142,-0.51268077,-1.008914,-0.33311033,-0.7097886,-0.17992732,-0.55255413,-0.54119384,-0.79123014,-0.7189281,-1.0527858,-0.8225836,-1.18709,-0.91664314,-1.3629799
p4,Y,Y,mock,mock,0.0,0.0,0.33022967,-0.27557382,0.5165407,-0.80325735,0.6237983,-1.2300917,0.75303346,-1.5269635,0.16254506,-1.0688436,-0.0014150275,-1.2876827,0.041711386,-0.980772,0.13655749,-0.79648113,-0.116457395,-0.9931957,-0.25473702,-1.1407454,-0.12405083,-0.7674697,0.007705502,-0.60690796,-0.34920695,-0.89567584,-0.4942658,-1.0138465,-0.3196777,-0.70396465,-0.16895753,-0.55336845,-0.5399472,-0.7853622,-0.7187133,-1.0471133,-0.8180304,-1.1835331,-0.9128082,-1.3710405
p1,Y,Y,mock,mock,0.0,0.0,0.3246366,-0.28251445,0.50421244,-0.8003051,0.5858045,-1.2206103,0.6985294,-1.5069644,0.13307638,-1.0695804,-0.005191966,-1.2594506,0.035420954,-0.96625584,0.115532644,-0.78547084,-0.14190501,-0.98988026,-0.2563681,-1.1195537,-0.12550502,-0.75846577,-0.0053697363,-0.5976014,-0.3630343,-0.8898364,-0.49697855,-0.9990164,-0.32220334,-0.6962228,-0.17998184,-0.5474839,-0.54589975,-0.77914387,-0.7206254,-1.0385065,-0.8195804,-1.1688212,-0.91473126,-1.3550153
p1,Y,Y,mock,mock,0.0,0.0,0.38508588,-0.22308317,0.72370565,-0.6939533,0.9442215,-1.0651042,1.158605,-1.3023442,0.34744632,-1.0474895,0.14334935,-1.2545669,0.10531293,-0.9098341,0.16185258,-0.6495839,0.022027269,-0.99975735,-0.15789254,-1.1174654,-0.09638488,-0.7205199,0.003041059,-0.4649477,-0.24032292,-0.93546915,-0.42003518,-1.0324514,-0.30869606,-0.70384383,-0.18428,-0.48600423,-0.45874208,-0.86411417,-0.61037457,-1.2135227,-0.6830678,-1.4129157,-0.7349019,-1.6178985
p3,Y,Y,mock,mock,0.0,0.0,0.34264028,-0.25229844,0.5909886,-0.7179889,0.7559861,-1.1133156,0.8344198,-1.4246923,0.29145816,-1.0394294,0.17306574,-1.2491474,0.15536724,-0.95002425,0.22700392,-0.73591423,0.009953498,-0.99995047,-0.084914416,-1.1758484,-0.021539329,-0.7894387,0.07364971,-0.5418327,-0.22771756,-0.94505936,-0.34879825,-1.1054459,-0.22763042,-0.7754131,-0.10960765,-0.5499683,-0.42842346,-0.87449116,-0.5524753,-1.1886444,-0.6046724,-1.3904369,-0.6352796,-1.6038809
p3,Y,Y,mock,mock,0.0,0.0,0.40443534,-0.24923588,0.68268424,-0.72772205,0.85055405,-1.1355064,0.86476326,-1.4714253,0.3842584,-1.0315562,0.2610939,-1.2668172,0.22337396,-0.95624363,0.27730426,-0.71695226,0.09401648,-0.99557066,0.0066733225,-1.1856987,0.054762952,-0.79880226,0.14005491,-0.53306305,-0.15118851,-0.94800615,-0.2674202,-1.1176466,-0.15680218,-0.7820431,-0.041751277,-0.54510015,-0.35954735,-0.88274264,-0.48186037,-1.1897001,-0.5352915,-1.3848317,-0.5560987,-1.5821129
p3,Y,Y,mock,mock,0.0,0.0,0.36327675,-0.2311861,0.64106584,-0.6863953,0.80252093,-1.0958227,0.8247481,-1.4284754,0.32812488,-1.0360352,0.20931539,-1.2550284,0.1653408,-0.9410459,0.2199021,-0.71786654,0.039910585,-0.99920326,-0.058206487,-1.1910124,-0.012985388,-0.80033123,0.07535648,-0.54173785,-0.2012463,-0.9489694,-0.32670587,-1.1217754,-0.22719355,-0.7815051,-0.11948305,-0.5474946,-0.40576196,-0.88427275,-0.5275751,-1.1871045,-0.58645976,-1.3743162,-0.61983854,-1.5710025
p3,Y,Y,mock,mock,0.0,0.0,0.2770035,-0.3496985,0.38548723,-0.9028493,0.42055804,-1.3576047,0.62268734,-1.6160582,-0.039761472,-1.0609063,-0.22006147,-1.2122504,-0.21708049,-0.9036751,-0.14264613,-0.6793416,-0.3140735,-0.9493987,-0.44749612,-1.0583783,-0.34293056,-0.71089417,-0.22839229,-0.48469502,-0.52630925,-0.83970946,-0.66696066,-0.9492452,-0.48481444,-0.6790437,-0.32007,-0.48397022,-0.6952468,-0.7261167,-0.8916894,-1.0441684,-0.98593324,-1.2425425,-1.0608855,-1.4393882
p3,Y,Y,mock,mock,0.0,0.0,0.26085883,-0.3508372,0.3552293,-0.90298766,0.3739492,-1.3566723,0.5578232,-1.6188797,-0.07573362,-1.059422,-0.26623434,-1.2019024,-0.25566202,-0.89218044,-0.17464958,-0.66500163,-0.34143335,-0.939906,-0.49186146,-1.0378432,-0.37885338,-0.6969218,-0.25447634,-0.4757506,-0.54264766,-0.8214943,-0.69811386,-0.9195168,-0.5120971,-0.65544844,-0.34130818,-0.46249434,-0.70145875,-0.7039027,-0.8916134,-1.0128281,-0.99012184,-1.2079917,-1.069353,-1.3940132
p3,Y,Y,mock,mock,0.0,0.0,0.2878236,-0.33528277,0.43302003,-0.8795524,0.49877197,-1.3343813,0.72057915,-1.5872605,0.021944722,-1.0654861,-0.15152337,-1.2277912,-0.16429457,-0.92348886,-0.09952873,-0.6946208,-0.2589723,-0.96588475,-0.38968334,-1.078993,-0.30023262,-0.72655815,-0.19812834,-0.48811823,-0.47865894,-0.86365855,-0.6133739,-0.9896391,-0.44240546,-0.7090382,-0.28879392,-0.50266606,-0.6506352,-0.7547965,-0.83048016,-1.0842434,-0.90863013,-1.2934076,-0.9710322,-1.5025555
