source_image,label,status,detail,feature_row,width,height,detected_hands,handedness,image_sha256
0/hand1_0_bot_seg_3_cropped.jpeg,0,no_hand,No hand detected at the current thresholds.,,400,400,0,,46d151c94bfcdcc88b23dc465fefcd6382eddbd9565f039c0a3f553054bd2df8
0/hand1_0_dif_seg_2_cropped.jpeg,0,no_hand,No hand detected at the current thresholds.,,400,400,0,,7a893ae78768abb6961b601f4c8c8c64869f22d9093a40bb2a4c9439ab5091e8
0/hand1_0_dif_seg_5_cropped.jpeg,0,no_hand,No hand detected at the current thresholds.,,400,400,0,,0eaed7b400898c4e603b203c44b05269bf07b9579dd480bb324035a633b6ef9a
0/hand1_0_left_seg_1_cropped.jpeg,0,no_hand,No hand detected at the current thresholds.,,400,400,0,,62ebba059e0259485c9e35d70ab98c8d6b6497305a91a2f506c461bf4e049b80
0/hand1_0_left_seg_2_cropped.jpeg,0,no_hand,No hand detected at the current thresholds.,,400,400,0,,00bef6aa34a34baba61cb1fdcc53c9888b8a1a851522acab6e40bc7c9a79b12a
0/hand1_0_left_seg_3_cropped.jpeg,0,no_hand,No hand detected at the current thresholds.,,400,400,0,,8842570f075d9b50e0d182a5c68616ef0f477c5b40b950665e5d240a73bb15c8
0/hand1_0_left_seg_4_cropped.jpeg,0,no_hand,No hand detected at the current thresholds.,,400,400,0,,7d4853ac45fa218602082ec579c38ed8a1a530be50ccddb39604fdc68ed5ad97
0/hand1_0_left_seg_5_cropped.jpeg,0,no_hand,No hand detected at the current thresholds.,,400,400,0,,a19313310c337c83edb8bdf54f90b6b78865560e154868882d3b5ec144e97ba9
0/hand1_0_right_seg_1_cropped.jpeg,0,no_hand,No hand detected at the current thresholds.,,400,400,0,,4d68b57357c18256548085e8c45b888177cb4ed3d2a2c389d6a333a00693f2e1
0/hand1_0_right_seg_2_cropped.jpeg,0,no_hand,No hand detected at the current thresholds.,,400,400,0,,98fd0aa66723055e53b30f0899a85468a8b335dfab00c810e5cf0a647f4d328a
0/hand1_0_right_seg_3_cropped.jpeg,0,no_hand,No hand detected at the current thresholds.,,400,400,0,,4d78a3752dfdb3d9f49ce274c44e815c9feaa5481024eb0ad423c9e9fde3e942
0/hand1_0_right_seg_4_cropped.jpeg,0,no_hand,No hand detected at the current thresholds.,,400,400,0,,1f24816a3a755d015e0641455d4ec7700ce2b5d8f5e50110b37feb9ce8e947ac
0/hand1_0_right_seg_5_cropped.jpeg,0,no_hand,No hand detected at the current thresholds.,,400,400,0,,791a772374d23d9fc738854db9edb079accc8880e2e714a3b2318867e8f0b986
0/hand1_0_top_seg_1_cropped.jpeg,0,no_hand,No hand detected at the current thresholds.,,400,400,0,,0baedf28bb02d208e0226800ec9f9c2d1087eda8f253dfeb7e11f118ed5c8494
0/hand1_0_top_seg_2_cropped.jpeg,0,no_hand,No hand detected at the current thresholds.,,400,400,0,,ab2fc2e53b3e1e37ea03238bad2b0c3908d12b52c8423c458b3ae4e651bfdc9d
0/hand1_0_top_seg_4_cropped.jpeg,0,no_hand,No hand detected at the current thresholds.,,400,400,0,,b5db3b69b1717776bb3bc466a89c517a57d2dee5fe0dfb865eb1dc90aacec38a
0/hand1_0_top_seg_5_cropped.jpeg,0,no_hand,No hand detected at the current thresholds.,,400,400,0,,6c8a22421a7162d9122c300864451d73615e081d3045bf24a8e1e7f59ed63507
0/hand2_0_right_seg_3_cropped.jpeg,0,no_hand,No hand detected at the current thresholds.,,400,400,0,,fc02d4befa6faafcaeda1366a8e43b7e0b3638126000075b15585fc1a10f79f0
0/hand2_0_right_seg_5_cropped.jpeg,0,no_hand,No hand detected at the current thresholds.,,400,400,0,,b8e3b450ca0992553dfdcf4b205d116b5db3fba6f8ce0ff116a900ca2f4ee331
0/hand2_0_top_seg_1_cropped.jpeg,0,no_hand,No hand detected at the current thresholds.,,400,400,0,,7f15dc45b0bb6cfb4fe8644f231750d4c13147dbd8f0a095697bcc8140214993
0/hand2_0_top_seg_2_cropped.jpeg,0,no_hand,No hand detected at the current thresholds.,,400,400,0,,fdb2afb70dba0cb0bd408b16a0de40fa5e48ffa395f84ac0a42b47d0b0e9e371
0/hand2_0_top_seg_4_cropped.jpeg,0,no_hand,No hand detected at the current thresholds.,,400,400,0,,63e452e31c838d4950487cb85ae2f1a60e34368528006cebc87243ba78e14ddd
0/hand3_0_dif_seg_1_cropped.jpeg,0,no_hand,No hand detected at the current thresholds.,,400,400,0,,8ead982bf3f66165521d9a9cef7987282cae78f19bd026d9bb6e231a43d11f47
0/hand3_0_dif_seg_2_cropped.jpeg,0,no_hand,No hand detected at the current thresholds.,,400,400,0,,9abb7d7205c8652fb9de83be090dfa76bf14e41db4ee6991291bb2877a69f4a7
0/hand3_0_dif_seg_3_cropped.jpeg,0,no_hand,No hand detected at the current thresholds.,,400,400,0,,407a574940bf52957882029c86536f30e586d549e7927dc23b7849f372201e04
0/hand3_0_dif_seg_4_cropped.jpeg,0,no_hand,No hand detected at the current thresholds.,,400,400,0,,274932bb7867fa676e18f1daa153be716a64c63629f7101f339957ec16848f5d
0/hand3_0_dif_seg_5_cropped.jpeg,0,no_hand,No hand detected at the current thresholds.,,400,400,0,,514a69f1cb2660249a1818614329b50021f09bc23c2229b0f5dead7bfb39dfd2
0/hand4_0_bot_seg_1_cropped.jpeg,0,no_hand,No hand detected at the current thresholds.,,400,400,0,,a534417547ebf8146464c14fb6abe712fd887e6a401647c211cbdd1b13ce6323
0/hand4_0_bot_seg_2_cropped.jpeg,0,no_hand,No hand detected at the current thresholds.,,400,400,0,,3ea5c942bdccc2fad219fe7ab1f963dfb1cb40afaf5d500d91c40dd1e2023856
0/hand4_0_bot_seg_3_cropped.jpeg,0,no_hand,No hand detected at the current thresholds.,,400,400,0,,2a6d401018602a0f8c7f1ce5dddcd0dbe12281da34136bf395cf08fa104bfb0b
0/hand4_0_bot_seg_4_cropped.jpeg,0,no_hand,No hand detected at the current thresholds.,,400,400,0,,f03c4f4fde3c3f988378394e992b0de17ab29c3acf9b9127665a752ac6dddf14
0/hand4_0_bot_seg_5_cropped.jpeg,0,no_hand,No hand detected at the current thresholds.,,400,400,0,,abe717886e2ed8d87d8363e54a6f7fc84d478d4608b604616bc41ca479c3653f
0/hand5_0_bot_seg_1_cropped.jpeg,0,no_hand,No hand detected at the current thresholds.,,400,400,0,,3ac924205db4ae68a05ad43796d164b1168cbee8f6df06fae19bdfe43ce00979
0/hand5_0_bot_seg_3_cropped.jpeg,0,no_hand,No hand detected at the current thresholds.,,400,400,0,,3effe3a0b1c85a32a36bdd2441a507f64e01456b90e1d6f0ab31a5f4fd94a070
0/hand5_0_bot_seg_4_cropped.jpeg,0,no_hand,No hand detected at the current thresholds.,,400,400,0,,591d10afa42a562535f31dd4f254c3ab4534de1507ff9d6fff553987bb622300
0/hand5_0_bot_seg_5_cropped.jpeg,0,no_hand,No hand detected at the current thresholds.,,400,400,0,,6876a05070980773602d9620df8114982addcc718adeeca9daaff6215a1d634c
0/hand5_0_dif_seg_1_cropped.jpeg,0,no_hand,No hand detected at the current thresholds.,,400,400,0,,8a5aa06f5226ab46e05345ae0bfc582b805dcdebf18861fba40141410df82d58
0/hand5_0_dif_seg_2_cropped.jpeg,0,no_hand,No hand detected at the current thresholds.,,400,400,0,,a9ab0177537e47645bb01435876a6467c153f5eb0cdf62e0b61a8ec6d7909461
0/hand5_0_dif_seg_3_cropped.jpeg,0,no_hand,No hand detected at the current thresholds.,,400,400,0,,89910cad3a9cf84ab70730ef573b1fb0f73a2fc61a54850856f8bdb849d797d2
0/hand5_0_dif_seg_4_cropped.jpeg,0,no_hand,No hand detected at the current thresholds.,,400,400,0,,179b5169d23396ff755cf96b9316789f9b4e4ab35283751838abc0328e62f23d
0/hand5_0_dif_seg_5_cropped.jpeg,0,no_hand,No hand detected at the current thresholds.,,400,400,0,,7d1731d0739fc45637965ce7c03a148acc260efe04ac3f7674639e69b9b3954d
1/hand4_1_bot_seg_1_cropped.jpeg,1,no_hand,No hand detected at the current thresholds.,,400,400,0,,b4b126009407892be0fbab93a70b5ef796b8b390c0dae89b4f5b2b663208c51a
1/hand4_1_bot_seg_2_cropped.jpeg,1,no_hand,No hand detected at the current thresholds.,,400,400,0,,98e6025c5a0c2880f330a252b9aca03e0e2655b262329b293bacd876f98e07df
1/hand5_1_bot_seg_1_cropped.jpeg,1,no_hand,No hand detected at the current thresholds.,,400,400,0,,c6b0462c4090235913f42d589fd1a1a01a74f8019ca559c4de75e33cebc6cc84
1/hand5_1_bot_seg_2_cropped.jpeg,1,no_hand,No hand detected at the current thresholds.,,400,400,0,,fa033bbfc5601037d6998d83901186ca320d9616fe1d2bc79a0ee23631143f99
1/hand5_1_bot_seg_3_cropped.jpeg,1,no_hand,No hand detected at the current thresholds.,,400,400,0,,7217a09c6ed1afc6f0a1e94aa33745206a8c10051350c634220c647b0213eb1a
1/hand5_1_bot_seg_4_cropped.jpeg,1,no_hand,No hand detected at the current thresholds.,,400,400,0,,3f80743ad1e5ba06ca1f2e333d5ae5dc75fd87c7906c92a708bc6277a49afbb1
1/hand5_1_bot_seg_5_cropped.jpeg,1,no_hand,No hand detected at the current thresholds.,,400,400,0,,3cf8538f3e589814e037598f5da1b0f8f8284e831e7bbc4c4304b93e04e097f9
1/hand5_1_dif_seg_1_cropped.jpeg,1,no_hand,No hand detected at the current thresholds.,,400,400,0,,75c3e8f0e7ca657fd18ab5b15f40e06bee67898475dfe88ba43e05e7a961c21b
1/hand5_1_dif_seg_3_cropped.jpeg,1,no_hand,No hand detected at the current thresholds.,,400,400,0,,58baed9881b0689713090d87f451e6df2f7a3cff563c2715feb93c761f6b5c17
1/hand5_1_dif_seg_5_cropped.jpeg,1,no_hand,No hand detected at the current thresholds.,,400,400,0,,659efd96d59473f9a4c71f714c9c508ce5b9287279d16b8efac4c19b63322919
2/hand1_2_bot_seg_3_cropped.jpeg,2,no_hand,No hand detected at the current thresholds.,,400,400,0,,9a22e855cb4174b11ab726947695c6d20f214c0042972cef5e6a06702dace1b0
2/hand1_2_dif_seg_2_cropped.jpeg,2,no_hand,No hand detected at the current thresholds.,,400,400,0,,956b0f5e6d5a95e95a078b3a905c64625e471a5deb96d77fc79206b24ff76e2e
2/hand1_2_left_seg_1_cropped.jpeg,2,no_hand,No hand detected at the current thresholds.,,400,400,0,,ae3a2c70bc15dc1cf6f3002965ec354e2dffa047791acffb73cbd5865666e0a8
2/hand1_2_left_seg_2_cropped.jpeg,2,no_hand,No hand detected at the current thresholds.,,400,400,0,,c71121a3f356a7a1f834d80b5935ead8cb2c5884abdccd962bc65a615e0d87d8
2/hand1_2_left_seg_3_cropped.jpeg,2,no_hand,No hand detected at the current thresholds.,,400,400,0,,d4ee58406cc71108ce7e657755e8dc4bc53452f0c79d33b6c89b90bf31eebb4e
2/hand1_2_right_seg_2_cropped.jpeg,2,no_hand,No hand detected at the current thresholds.,,400,400,0,,88cf7df93e5f47c38e071eab234f7485547e3e427bb9305089e16f1b763df8be
2/hand1_2_right_seg_3_cropped.jpeg,2,no_hand,No hand detected at the current thresholds.,,400,400,0,,48314915ca4ef3fdfd07e64ea89c5cfe7902849c37f45d546af47c413ddc2489
2/hand1_2_right_seg_4_cropped.jpeg,2,no_hand,No hand detected at the current thresholds.,,400,400,0,,e62fd3f3bd3272f72064470a4b74f07c4b532b78b98b3a2f1670398d88cce95a
2/hand1_2_right_seg_5_cropped.jpeg,2,no_hand,No hand detected at the current thresholds.,,400,400,0,,f2a68ad34f75204bb8fc3f67b134d48811b4f80e3f00d35970106e92b553d345
2/hand1_2_top_seg_1_cropped.jpeg,2,no_hand,No hand detected at the current thresholds.,,400,400,0,,3ed3ec5d7e33705fc288eec9dc1d0edca82fba2ec3480ae131eb09c233c7a71e
2/hand1_2_top_seg_2_cropped.jpeg,2,no_hand,No hand detected at the current thresholds.,,400,400,0,,5d67a6a33f4a1eaa62a1f016546e2051f511c31750c8bb82b8855e63539c862e
2/hand1_2_top_seg_3_cropped.jpeg,2,no_hand,No hand detected at the current thresholds.,,400,400,0,,6d94d3be809f6c300a93dfa7434d695d8ea30466a1f0ea2945cd9af254a3dee7
2/hand2_2_bot_seg_5_cropped.jpeg,2,no_hand,No hand detected at the current thresholds.,,400,400,0,,8ee1da5e0ce9a7f819995ee059742b63a0af5ae6d1556e43b6ffe4fe5f73b1f5
2/hand2_2_right_seg_4_cropped.jpeg,2,no_hand,No hand detected at the current thresholds.,,400,400,0,,fe5dae534d5e4763d4c4eb518edf29cd8ca2fcc113d1da1d166f179ade94afab
2/hand5_2_bot_seg_1_cropped.jpeg,2,no_hand,No hand detected at the current thresholds.,,400,400,0,,b15dc0601d8e116bee4317e0eb7bd67d539204aa842da8802642f95d5d3c7fed
2/hand5_2_bot_seg_3_cropped.jpeg,2,no_hand,No hand detected at the current thresholds.,,400,400,0,,9c274d98dcbdfe8a63d4730532d8a415be66b5ac576e9c4461a0383216d1b050
2/hand5_2_bot_seg_4_cropped.jpeg,2,no_hand,No hand detected at the current thresholds.,,400,400,0,,95cf45c0ce53c3544950e8ee4a2ad6a9301537ea08a402ba6a34fe2b22abebe9
2/hand5_2_bot_seg_5_cropped.jpeg,2,no_hand,No hand detected at the current thresholds.,,400,400,0,,024a1445df6d604108c211adccf96498d39cf75d72a4256bc52f59056406a798
2/hand5_2_dif_seg_1_cropped.jpeg,2,no_hand,No hand detected at the current thresholds.,,400,400,0,,82a6a5b42a70827fbfd0648d554f9cb2a3ea6474d2a4c3729d602969748365e8
2/hand5_2_dif_seg_3_cropped.jpeg,2,no_hand,No hand detected at the current thresholds.,,400,400,0,,813ac78f4e1ffa8c86a3a9935571f933aeaad3b2342a120fdea14db73a8c49b9
2/hand5_2_dif_seg_5_cropped.jpeg,2,no_hand,No hand detected at the current thresholds.,,400,400,0,,8bf6c7c189c83dfbeb33a9d527e0d186be6c2d097f46bb19617833b7eff1eb5c
3/hand5_3_bot_seg_2_cropped.jpeg,3,no_hand,No hand detected at the current thresholds.,,400,400,0,,01e8cd8e35a7ced319a3099258a973f9bbdc057e28eef48d367b78d0704c5d61
3/hand5_3_bot_seg_4_cropped.jpeg,3,no_hand,No hand detected at the current thresholds.,,400,400,0,,4f68236cb9d1435e1ef39a2f6dddc26b28d8a5ff430d143c02e4725013437817
4/hand4_4_bot_seg_1_cropped.jpeg,4,no_hand,No hand detected at the current thresholds.,,400,400,0,,db6095cf95418a43a3225bacc9db12f0b0af1dae56c1abe57943e0123cd24952
6/hand1_6_bot_seg_1_cropped.jpeg,6,no_hand,No hand detected at the current thresholds.,,400,400,0,,dc0763fc689370593b2996fb2442096d89cd70fc66dc7bc2839a1aa68410b291
6/hand1_6_bot_seg_3_cropped.jpeg,6,no_hand,No hand detected at the current thresholds.,,400,400,0,,8ff8dc88b9361aff665a0bf489163a262897ca7f11cb46a946c11583ac7c1986
6/hand1_6_bot_seg_4_cropped.jpeg,6,no_hand,No hand detected at the current thresholds.,,400,400,0,,67d3c248e5d52aff87fc5ec460caa4ef3dd2566a6e7d7406877fb555ca75c817
6/hand1_6_bot_seg_5_cropped.jpeg,6,no_hand,No hand detected at the current thresholds.,,400,400,0,,8d4c006fd2ef5bb159c3d755aea0001e813fffe622fd8e92d1d6b446d74e0f65
6/hand1_6_dif_seg_2_cropped.jpeg,6,no_hand,No hand detected at the current thresholds.,,400,400,0,,61b399724ce0e7f87b180e438a360ed952824b217948def82e56d0c4e325f80a
6/hand1_6_dif_seg_4_cropped.jpeg,6,no_hand,No hand detected at the current thresholds.,,400,400,0,,6a44da67dd1afcc8cc5c816dd53b09559bbb53b58e388bc692ede351daba5ccf
6/hand2_6_right_seg_1_cropped.jpeg,6,no_hand,No hand detected at the current thresholds.,,400,400,0,,41697b11454ea89c809250a7ff4d96e4e3a59db909daded888680ec6461f9211
6/hand2_6_right_seg_2_cropped.jpeg,6,no_hand,No hand detected at the current thresholds.,,400,400,0,,f67efc769300e1abbfa152c4f9e1a7e48077586291087f1a35ece76a3f18bece
6/hand2_6_right_seg_3_cropped.jpeg,6,no_hand,No hand detected at the current thresholds.,,400,400,0,,d4bc47e879ca6c0d8c3a8ffca6373149f4a01317443fbf4041283e6f6177c002
6/hand3_6_dif_seg_1_cropped.jpeg,6,no_hand,No hand detected at the current thresholds.,,400,400,0,,063aebc92f1aee21da580fdcc13e11552bf8dea3c101c46181fba99969df5e90
6/hand3_6_dif_seg_2_cropped.jpeg,6,no_hand,No hand detected at the current thresholds.,,400,400,0,,8bbedffe20728486465a333adc9f60c998bc661615c1598334c4b869128dabd8
6/hand3_6_dif_seg_3_cropped.jpeg,6,no_hand,No hand detected at the current thresholds.,,400,400,0,,df2137f34f5d43a006451c22b9dbfc47ef84801536acb69705322bd853d3c83c
6/hand3_6_dif_seg_4_cropped.jpeg,6,no_hand,No hand detected at the current thresholds.,,400,400,0,,91f8cb15ee6352d24a3422b28034b085c13de5ed3f4571530d2dcdb8ef26b023
6/hand3_6_dif_seg_5_cropped.jpeg,6,no_hand,No hand detected at the current thresholds.,,400,400,0,,7795f798dee81226ee9288d92a6924718ab8a7da858166a2877010d560fb7f42
6/hand5_6_bot_seg_1_cropped.jpeg,6,no_hand,No hand detected at the current thresholds.,,400,400,0,,abcabd861c2f894c182d9ae2da0424e068a4c7f9abfca4018ce0efa6b999d169
6/hand5_6_bot_seg_2_cropped.jpeg,6,no_hand,No hand detected at the current thresholds.,,400,400,0,,3ed3c29dede2cfe269498e6633abaad9caa459b93d2527db4aa17baf16f12ede
6/hand5_6_bot_seg_3_cropped.jpeg,6,no_hand,No hand detected at the current thresholds.,,400,400,0,,647ab7e43c7ba59c6414c87ae8e16e8e9041e27b1a7175c180338a1131d37e4e
6/hand5_6_bot_seg_4_cropped.jpeg,6,no_hand,No hand detected at the current thresholds.,,400,400,0,,4e107a639917d09065d2a2c68731c6884ac43741ce3bc5facaf3046d1b225c48
6/hand5_6_bot_seg_5_cropped.jpeg,6,no_hand,No hand detected at the current thresholds.,,400,400,0,,a5e2f59686760c47dad72a5a082680414ec16ad073066b359d5270a76c29e1c7
7/hand4_7_bot_seg_4_cropped.jpeg,7,no_hand,No hand detected at the current thresholds.,,400,400,0,,4863cb27273c2c3d86e7a22672c014d08b2e556b43ae8f6582402e6bce87abb0
7/hand5_7_bot_seg_1_cropped.jpeg,7,no_hand,No hand detected at the current thresholds.,,400,400,0,,0a2011ce09c90fe8fdfabdd11b72fba86b00a201fa7cc4e3af942c966db60ab0
7/hand5_7_bot_seg_2_cropped.jpeg,7,no_hand,No hand detected at the current thresholds.,,400,400,0,,2fa3491cb0662af0fe081278c82de6912b8453da39e9c6f0adf703d4f5c541b9
7/hand5_7_bot_seg_4_cropped.jpeg,7,no_hand,No hand detected at the current thresholds.,,400,400,0,,13273b0c55fe53132b4a73abe96b89a4b9e8c44b7f77f1033c2ad04f706ecf34
7/hand5_7_bot_seg_5_cropped.jpeg,7,no_hand,No hand detected at the current thresholds.,,400,400,0,,d55b959eabb8f684838da1580cc265aba1ec082a25bfe7a2fb4b562e863b2cb9
8/hand2_8_right_seg_4_cropped.jpeg,8,no_hand,No hand detected at the current thresholds.,,400,400,0,,6f2f66d471bbe84d93bbe7888c2d0e993f1057cecccc44005ba0068c456570d4
8/hand4_8_bot_seg_1_cropped.jpeg,8,no_hand,No hand detected at the current thresholds.,,400,400,0,,bf44413800f39d5f45d54538166f7d3ff95b2846c10e92d28e96819384bac2c4
8/hand4_8_bot_seg_2_cropped.jpeg,8,no_hand,No hand detected at the current thresholds.,,400,400,0,,5fdef0bd148deac21c65a71aa949e722a5f909285a869c25a3b0508e39f408b6
8/hand4_8_bot_seg_3_cropped.jpeg,8,no_hand,No hand detected at the current thresholds.,,400,400,0,,698f67380e21a4aea7e0e88746649b9f40549676b85c451b7804167a582cad3d
8/hand4_8_bot_seg_4_cropped.jpeg,8,no_hand,No hand detected at the current thresholds.,,400,400,0,,4f33ebc1a81403922d9e31f252d9620f1f38f6176173e07c502a67bb7d27acef
8/hand4_8_bot_seg_5_cropped.jpeg,8,no_hand,No hand detected at the current thresholds.,,400,400,0,,8f1df2018050c4d9f5e800c10321343031a40abd3922c85d1616216de2b37ea8
8/hand5_8_bot_seg_1_cropped.jpeg,8,no_hand,No hand detected at the current thresholds.,,400,400,0,,a127f1feadc048f71bc156e5d50e3edcff768983cb0780c72630d300bbeddc86
8/hand5_8_bot_seg_3_cropped.jpeg,8,no_hand,No hand detected at the current thresholds.,,400,400,0,,a2517d8876e93f0940108147e37c5c8053ce5d02aa056855dc3846734c44ec80
8/hand5_8_bot_seg_5_cropped.jpeg,8,no_hand,No hand detected at the current thresholds.,,400,400,0,,2d7c365e686a1e115510ef865f63e02215e525959079dc6d5304c24b50d13f98
A/hand1_a_bot_seg_2_cropped.jpeg,A,no_hand,No hand detected at the current thresholds.,,400,400,0,,cf92a59251b04f1dabb2031f793506a14a707854b389df3e5000b2b0e3ff6a4c
A/hand1_a_bot_seg_3_cropped.jpeg,A,no_hand,No hand detected at the current thresholds.,,400,400,0,,dc3b266a8da4238fae0cef493fb955b41e7dbfba25377408e96ee3d03adaf8f9
A/hand1_a_bot_seg_4_cropped.jpeg,A,no_hand,No hand detected at the current thresholds.,,400,400,0,,b15ed3e3aad89fda42b085318050fc68c0c2bed87e697c24f2729a759edb2127
A/hand1_a_bot_seg_5_cropped.jpeg,A,no_hand,No hand detected at the current thresholds.,,400,400,0,,94caacd6af8c6ed8c83a865131997e674947cab3a4dbf4f7d5f0a63d0f246c9b
A/hand1_a_dif_seg_1_cropped.jpeg,A,no_hand,No hand detected at the current thresholds.,,400,400,0,,c4501c8c060f45d964bc762e64aad04c9a5166665e87d5ce912cfc6480b5ad84
A/hand1_a_dif_seg_2_cropped.jpeg,A,no_hand,No hand detected at the current thresholds.,,400,400,0,,cc845117d5020bf4e365e9f09149b9fbbae1b436a0e972d7b9689e8f2a660a00
A/hand1_a_dif_seg_3_cropped.jpeg,A,no_hand,No hand detected at the current thresholds.,,400,400,0,,bae8c874a652c06e4ef8223f1f04d9a7c044892dc883b89bfe29a7e6056dab03
A/hand1_a_dif_seg_4_cropped.jpeg,A,no_hand,No hand detected at the current thresholds.,,400,400,0,,341b2be341e36d3b4b2aeb840dba2a104c19f005076144675368e16cad91e051
A/hand1_a_dif_seg_5_cropped.jpeg,A,no_hand,No hand detected at the current thresholds.,,400,400,0,,62d86589440db732605ce96d9e46706e49789e1fa82190c65220924c6713eddb
A/hand1_a_left_seg_1_cropped.jpeg,A,no_hand,No hand detected at the current thresholds.,,400,400,0,,4a7d414495164a97fc843d48338248a2628bc006f40e79e28a9c3e54dfab04f6
A/hand1_a_left_seg_2_cropped.jpeg,A,no_hand,No hand detected at the current thresholds.,,400,400,0,,a37f7ab76e4437869af1605aec20cd774d8868d35451921761768d36d9af7730
A/hand1_a_left_seg_4_cropped.jpeg,A,no_hand,No hand detected at the current thresholds.,,400,400,0,,75ca48151f4f9cf9ea1be04887077cccfb68fbcf8f3fc1c10f4f8290eb066de2
A/hand1_a_left_seg_5_cropped.jpeg,A,no_hand,No hand detected at the current thresholds.,,400,400,0,,aac16751d8feedd474f9f44b54e90434ef751de8d530e1033d037c27cfaa7e3e
A/hand1_a_right_seg_1_cropped.jpeg,A,no_hand,No hand detected at the current thresholds.,,400,400,0,,fe2957bdb220bae85aa8e3f67e842e8241a4cc14ef4d5fed293c2ea9e3a94d8f
A/hand1_a_right_seg_2_cropped.jpeg,A,no_hand,No hand detected at the current thresholds.,,400,400,0,,fabac305fe82bc47ca2298ebf8d508e18fb300d1b83603e4d1e9a35dd999664c
A/hand1_a_right_seg_3_cropped.jpeg,A,no_hand,No hand detected at the current thresholds.,,400,400,0,,3a3614c2fa369c1170f7728d38c6725bf9ea870861f4521bd1d2a674db1f7c17
A/hand1_a_right_seg_4_cropped.jpeg,A,no_hand,No hand detected at the current thresholds.,,400,400,0,,c3d095f63d2adc2064d7568f3f25021e800323645fb5ea0b4fb953fd455eddf4
A/hand1_a_right_seg_5_cropped.jpeg,A,no_hand,No hand detected at the current thresholds.,,400,400,0,,9098eb3f90577a475f734d4540512f6d7407688fababdb04d59e4c5b7e3dd09b
A/hand1_a_top_seg_2_cropped.jpeg,A,no_hand,No hand detected at the current thresholds.,,400,400,0,,495c431e3fac956c14dd4cc58608920925b8378683180abf913d0a24d8909f78
A/hand1_a_top_seg_4_cropped.jpeg,A,no_hand,No hand detected at the current thresholds.,,400,400,0,,244370142045febf574227c7c983397cad532a066854baa6566c8d7222a1b5f2
A/hand1_a_top_seg_5_cropped.jpeg,A,no_hand,No hand detected at the current thresholds.,,400,400,0,,b206af29cd4a8485fa0a3d65885b252df5a5fb15e79fd7224034a4352212e4a4
A/hand2_a_bot_seg_1_cropped.jpeg,A,no_hand,No hand detected at the current thresholds.,,400,400,0,,0c4a46591bcfdbaa6ba238ad1dae2df4963455db805970ab5f4a8dc10af9ee4c
A/hand2_a_bot_seg_2_cropped.jpeg,A,no_hand,No hand detected at the current thresholds.,,400,400,0,,03de42ab0777a325371b7e036f1ae60bc00de38572b310e178d12ea4ce045295
A/hand2_a_bot_seg_3_cropped.jpeg,A,no_hand,No hand detected at the current thresholds.,,400,400,0,,ead04308d422cd8425c08ba19458a079582058983cb57a46506970484e141601
A/hand2_a_bot_seg_4_cropped.jpeg,A,no_hand,No hand detected at the current thresholds.,,400,400,0,,03a37e4705b9e58884294c42f42535b83e84b025683567709168922448a3ab91
A/hand2_a_bot_seg_5_cropped.jpeg,A,no_hand,No hand detected at the current thresholds.,,400,400,0,,680aa820837bece2f4651247e6d7468b27b06c7fbacaf04f774ce2a0bb33b0b4
A/hand2_a_dif_seg_2_cropped.jpeg,A,no_hand,No hand detected at the current thresholds.,,400,400,0,,485196c89a5ca54cc49bc6fc042f17486daa94057422544193bfd1da0b27457c
A/hand2_a_dif_seg_3_cropped.jpeg,A,no_hand,No hand detected at the current thresholds.,,400,400,0,,cce68c1ada1c7f04a545253744231ae3a34235d6503ded1c451e7c2ad8849c04
A/hand2_a_dif_seg_4_cropped.jpeg,A,no_hand,No hand detected at the current thresholds.,,400,400,0,,c999b90770ca3855e4e8f648d24eaa2c4e40b2c7b3588e2422013df2683eb56a
A/hand2_a_dif_seg_5_cropped.jpeg,A,no_hand,No hand detected at the current thresholds.,,400,400,0,,37e53bd192c9357cbdfbf62da9b1ab3030f7895347c121be52c9a31e14374167
A/hand2_a_left_seg_1_cropped.jpeg,A,no_hand,No hand detected at the current thresholds.,,400,400,0,,9bc32b896d55cafcfa314033e869d3164f602f60ffbc1a2fc74c8212dc1919af
A/hand2_a_left_seg_2_cropped.jpeg,A,no_hand,No hand detected at the current thresholds.,,400,400,0,,ddfa3cb2abcdc22cacd40fc8ff1923e73cc1c2224db4dd4343f27ba554fb6c91
A/hand2_a_left_seg_3_cropped.jpeg,A,no_hand,No hand detected at the current thresholds.,,400,400,0,,9d0afe4d90d1b1e065ba0b13de210ad6a6e48617a3ab8f9719730749b6c62bd1
A/hand2_a_left_seg_4_cropped.jpeg,A,no_hand,No hand detected at the current thresholds.,,400,400,0,,d2d5dea12d8922256955a011d8bbfa24a01e09171db3c72120749602fb1c8166
A/hand2_a_left_seg_5_cropped.jpeg,A,no_hand,No hand detected at the current thresholds.,,400,400,0,,1586b04b88d3ad8f58feac93ac74182ae0f310b5742f49a99b60df3215bf675b
A/hand2_a_right_seg_1_cropped.jpeg,A,no_hand,No hand detected at the current thresholds.,,400,400,0,,3f41ccc08b7d4185cf97d6d178d257234f8057152d78fc936f0a69d39d160045
A/hand2_a_right_seg_2_cropped.jpeg,A,no_hand,No hand detected at the current thresholds.,,400,400,0,,1bcdeae9e3f894784708dad393fb0b689c649c0bec1fc5c289001ae4ada1e25b
A/hand2_a_right_seg_3_cropped.jpeg,A,no_hand,No hand detected at the current thresholds.,,400,400,0,,4932eba05ff8ed2b36cb9614450e493e213401a854fa68e7aeefc11076baa429
A/hand2_a_right_seg_4_cropped.jpeg,A,no_hand,No hand detected at the current thresholds.,,400,400,0,,e577922ecdccabd8e6a6e5f5945e342f37000d6089fee0f89c023fe0c77e140c
A/hand2_a_right_seg_5_cropped.jpeg,A,no_hand,No hand detected at the current thresholds.,,400,400,0,,629876ab5df8c42f5a222dbdc821c485c69c83d67a05b9d62ae848d35679947d
A/hand2_a_top_seg_1_cropped.jpeg,A,no_hand,No hand detected at the current thresholds.,,400,400,0,,565e364701d1654302209ff905be70981cdf42d91479945a18a3edc7f3ae6c74
A/hand2_a_top_seg_3_cropped.jpeg,A,no_hand,No hand detected at the current thresholds.,,400,400,0,,783ca4d18e600556fe79e1cc9367220df2493cda3590f610f5192b685f194311
A/hand2_a_top_seg_4_cropped.jpeg,A,no_hand,No hand detected at the current thresholds.,,400,400,0,,fd8c0c2d5bca9e0fe789331ce42a6da20f9718fd0790a110e76b178ecf91f53a
A/hand2_a_top_seg_5_cropped.jpeg,A,no_hand,No hand detected at the current thresholds.,,400,400,0,,1642cf2191afa7aa12dfd9f3bcb2390f594131994fae1514f5148707640b38e1
A/hand3_a_dif_seg_1_cropped.jpeg,A,no_hand,No hand detected at the current thresholds.,,400,400,0,,9f1fe687bf95a149fa58197fbbfabaab46530a63c59d93b6b218139f8b3b49fc
A/hand3_a_dif_seg_2_cropped.jpeg,A,no_hand,No hand detected at the current thresholds.,,400,400,0,,cff882b6f5a066e8a753d41dd43afbfb54b397ea7cc9404447d198db3c156313
A/hand3_a_dif_seg_3_cropped.jpeg,A,no_hand,No hand detected at the current thresholds.,,400,400,0,,7526de9bfc295e5c3de6ba0e0e4095873adbc177e0622768ce14dcf4b06d4a6f
A/hand4_a_bot_seg_1_cropped.jpeg,A,no_hand,No hand detected at the current thresholds.,,400,400,0,,bf7a587101242d222c41387133e5cfd929b7dce0b45907614ddc80e040e54ed1
A/hand4_a_bot_seg_2_cropped.jpeg,A,no_hand,No hand detected at the current thresholds.,,400,400,0,,6d33fcd563efd7c3837a19c4fb0ba268d25bdf012a79c52c69308bf6471d13f1
A/hand4_a_bot_seg_3_cropped.jpeg,A,no_hand,No hand detected at the current thresholds.,,400,400,0,,39331ecfbe1911f77f0b3b3f5cc7aec4908cd3dc1477ae533e0f04da225d837c
A/hand4_a_bot_seg_4_cropped.jpeg,A,no_hand,No hand detected at the current thresholds.,,400,400,0,,fafca32b705b09739b372e52f96f469418cc2bbe56bd9b989f320df2152832b0
A/hand4_a_bot_seg_5_cropped.jpeg,A,no_hand,No hand detected at the current thresholds.,,400,400,0,,f7c84512df9d1ea39eff4a9110cf6379ddb218a8c4842ea20430e9888085ac9a
A/hand5_a_bot_seg_2_cropped.jpeg,A,no_hand,No hand detected at the current thresholds.,,400,400,0,,848fdc566d3173410ec1d83af62c81966e8fdeec6a6978a09715213e68cb90dd
A/hand5_a_bot_seg_3_cropped.jpeg,A,no_hand,No hand detected at the current thresholds.,,400,400,0,,4c0fc13d50715f2e0262c775eeb96f29b8e18f19d0e12e487e7360a65538d474
A/hand5_a_bot_seg_4_cropped.jpeg,A,no_hand,No hand detected at the current thresholds.,,400,400,0,,e9e2b4b5a6bdb78d7fa8aa19e90a6dd2ef930aaa892b9247d740a4e5f997b857
A/hand5_a_bot_seg_5_cropped.jpeg,A,no_hand,No hand detected at the current thresholds.,,400,400,0,,229913fd146354faa926e2ca6d034e01405459e70be2fe8c74ce91420f5f1086
A/hand5_a_dif_seg_5_cropped.jpeg,A,no_hand,No hand detected at the current thresholds.,,400,400,0,,5c22266822c133fb4a8bf3a08d24d301aa227dd928ae8d7c264083078b3b11d9
A/IMG20210607183140.jpg,A,multiple_hands,More than one hand detected; needs review.,,2128,4608,2,,122a5541ddb98ae907c8b5a82789ecbfa415f0b7ad2bf70b3db0c0814dc3604c
A/IMG20210607183141.jpg,A,multiple_hands,More than one hand detected; needs review.,,2128,4608,2,,3985cde83451556622b1dea5ade383500b37f5be6a8e76f38193e64f3ca8e685
A/IMG20210607183142.jpg,A,multiple_hands,More than one hand detected; needs review.,,2128,4608,2,,34d8588862eaeaef2bc254d12384112b27c082cae8cfc2322afff8307907e051
A/IMG_20210605_174833.jpg,A,no_hand,No hand detected at the current thresholds.,,1836,3264,0,,39f0eeaf157846a8eae51fc7ca481ffc4b5b78601d9e821099e13cf5d2901525
B/hand1_b_right_seg_1_cropped.jpeg,B,no_hand,No hand detected at the current thresholds.,,400,400,0,,18f1488a14b39ddd6099b6913bda7ff405fca1b42a476d3e2dc16851e54985bd
B/hand1_b_right_seg_2_cropped.jpeg,B,no_hand,No hand detected at the current thresholds.,,400,400,0,,e4314552c3df7390c2a1367d02413aad43dea53660f74d2e44ee767b7e6d4704
B/hand1_b_right_seg_4_cropped.jpeg,B,no_hand,No hand detected at the current thresholds.,,400,400,0,,c57ef55e4645b4ad4f2497b0d7a95e7502dc9642007f365d4424fdca92d93071
B/hand1_b_right_seg_5_cropped.jpeg,B,no_hand,No hand detected at the current thresholds.,,400,400,0,,8f1a05911afb400b2e34ff3ae85660e78b73e2244312b7155b847bdae56c7018
B/hand4_b_bot_seg_4_cropped.jpeg,B,no_hand,No hand detected at the current thresholds.,,400,400,0,,e6d548d02c0e0c49d642db0bea4765c755993b28d90418f81d7c38db7bc062a7
B/IMG_20210605_174859.jpg,B,no_hand,No hand detected at the current thresholds.,,1836,3264,0,,e64aa34f5792a4c12ffd36364decd66631902b543d409e1b5ed2eb3fae00acca
B/IMG_20210605_174907.jpg,B,no_hand,No hand detected at the current thresholds.,,1836,3264,0,,6194c0f8380f00afc6109f79e51780cad1226c628d2ff634d2034fa7e78d2acc
C/C (1).jpg,C,no_hand,No hand detected at the current thresholds.,,2000,2000,0,,ec4f3f58bb1317aa7ef1a00894aae24a123b8889f174be2f22a52503b52c7fba
C/C (8).jpg,C,no_hand,No hand detected at the current thresholds.,,2000,2000,0,,524a23c25de543016aea10045dd107f2178bae44e348ebfc4f05302d798a5355
C/C_2.jpg,C,no_hand,No hand detected at the current thresholds.,,2000,2000,0,,ec8d35dac475f57d7e369dde6a8d68ef012841077e928480a7fa01b64641a776
C/hand1_c_left_seg_1_cropped.jpeg,C,no_hand,No hand detected at the current thresholds.,,400,400,0,,a2077c6d15976947d4bab76b017fb9981003a6571f474e35ccc813ced8e0d924
C/hand1_c_right_seg_1_cropped.jpeg,C,no_hand,No hand detected at the current thresholds.,,400,400,0,,caaa680ed2fe9543258fa7de9411286deb6ce46c47f4f5580d281752f036f930
C/hand1_c_right_seg_2_cropped.jpeg,C,no_hand,No hand detected at the current thresholds.,,400,400,0,,bb666b92e6384d1ce129c9c91023b92b0f620db8c50739345e5fa7399a6b4e08
C/hand1_c_right_seg_3_cropped.jpeg,C,no_hand,No hand detected at the current thresholds.,,400,400,0,,5bd5ff83cd963d0905bba399e68672a4687fc1bb5b235855b87d33a4ad3549bd
C/hand1_c_right_seg_4_cropped.jpeg,C,no_hand,No hand detected at the current thresholds.,,400,400,0,,5a66df949a7c187c90fba545e05e339b45e8dc4fc18e1c359e32b1f97df530be
C/hand1_c_right_seg_5_cropped.jpeg,C,no_hand,No hand detected at the current thresholds.,,400,400,0,,470c270fdc6932ca6e2576d5d62964543f78adfafe6d83210f721f4106b63461
C/hand2_c_bot_seg_1_cropped.jpeg,C,no_hand,No hand detected at the current thresholds.,,400,400,0,,b17260ae1d0d3334bd45f18196db882198f0c4e7c405ccdbc510e20564c0d165
C/hand2_c_bot_seg_2_cropped.jpeg,C,no_hand,No hand detected at the current thresholds.,,400,400,0,,5972a83f0458db91b62a04ebb3452c49e8c4a9cd9bdc3f10e9b21c812098dcd7
C/hand2_c_bot_seg_5_cropped.jpeg,C,no_hand,No hand detected at the current thresholds.,,400,400,0,,8882bb514836551b38e68d836222573d1d8a4af0478bb5eb63940765f9aac237
C/hand2_c_dif_seg_4_cropped.jpeg,C,no_hand,No hand detected at the current thresholds.,,400,400,0,,498ec7acb7755da6d78137087f3c922d40033f8b19fc8b268b8e789f5a694879
C/hand2_c_dif_seg_5_cropped.jpeg,C,no_hand,No hand detected at the current thresholds.,,400,400,0,,cfa21411a95715b23076dbf0a4b86b83c83a8fb46742a101c9cc5fb47b0f00b5
C/hand2_c_left_seg_5_cropped.jpeg,C,no_hand,No hand detected at the current thresholds.,,400,400,0,,98a920cb199a6c6d540bb9d18582ad4cc54c384862853b67b737793649f4fd69
C/hand2_c_right_seg_1_cropped.jpeg,C,no_hand,No hand detected at the current thresholds.,,400,400,0,,ba3b199acce77bb4b5eab2a0b93c0b962008fe03003747001e414af6cd0a6258
C/hand2_c_right_seg_2_cropped.jpeg,C,no_hand,No hand detected at the current thresholds.,,400,400,0,,74f70e9246ae4c234f71c2bc9828f1fac6ff39c34787ed4d4bc8271e080a05a4
C/hand2_c_right_seg_3_cropped.jpeg,C,no_hand,No hand detected at the current thresholds.,,400,400,0,,2e192f9ed364190b3a90df1a9123232e00767f6d7bf07eb4871f2154adcad8a8
C/hand2_c_right_seg_4_cropped.jpeg,C,no_hand,No hand detected at the current thresholds.,,400,400,0,,0b5bd4b23d0277355170d1757c55c132eddae00ca576eadde03b9e130ee68335
C/hand2_c_right_seg_5_cropped.jpeg,C,no_hand,No hand detected at the current thresholds.,,400,400,0,,8637fa7b401be54ac115fa1cc443f2468e7c62843b03dd4dd6d6c32de7113a2b
C/hand2_c_top_seg_1_cropped.jpeg,C,no_hand,No hand detected at the current thresholds.,,400,400,0,,740f78eb3b09c07218a3b6bc2364e14a5ae7411a9889f543818aef0d529da3f3
C/hand2_c_top_seg_2_cropped.jpeg,C,no_hand,No hand detected at the current thresholds.,,400,400,0,,4d23b661507c183ccbbc1fd6c6ce3373ab0523d7ad20d0b8dee989673c8597a7
C/hand2_c_top_seg_4_cropped.jpeg,C,no_hand,No hand detected at the current thresholds.,,400,400,0,,00b22c504f90d402aad7f4b48afd6be290ed1d098b8640e0f515cb57dbcc3f16
C/hand2_c_top_seg_5_cropped.jpeg,C,no_hand,No hand detected at the current thresholds.,,400,400,0,,2c382ce395c8c16f7f18b1d89bf14bc3aae87298dd9e24de34e26cfee7c73df3
C/hand3_c_dif_seg_2_cropped.jpeg,C,no_hand,No hand detected at the current thresholds.,,400,400,0,,ce3d649b19ca5705bac1f53fc72f30620141ca71e4f5612ddf807a1d3efab1bd
C/hand3_c_dif_seg_3_cropped.jpeg,C,no_hand,No hand detected at the current thresholds.,,400,400,0,,6d0db42b107637aab0b15128f570d4361a220c5c4b937c21177fd9c31ced7761
C/hand3_c_dif_seg_4_cropped.jpeg,C,no_hand,No hand detected at the current thresholds.,,400,400,0,,97fa7687543fc39af992edb6105e8ad9540f1f1bea824e782bb2bdb5b0fbfa3d
C/hand3_c_dif_seg_5_cropped.jpeg,C,no_hand,No hand detected at the current thresholds.,,400,400,0,,888e08b0a0b80a1dfe2fd34f13d4c1a725f2317acc55c596922d23e6289cfafd
C/hand4_c_bot_seg_1_cropped.jpeg,C,no_hand,No hand detected at the current thresholds.,,400,400,0,,31c0b3263d7ca720fa2e822a3d0c8ca8d800179de44b7ae3af0085f0d6f2479d
C/hand4_c_bot_seg_2_cropped.jpeg,C,no_hand,No hand detected at the current thresholds.,,400,400,0,,a9cb11847254ee01e16490875800210ceb3e9bba2c4c42a2466cd8778dd414d7
C/hand4_c_bot_seg_3_cropped.jpeg,C,no_hand,No hand detected at the current thresholds.,,400,400,0,,0002ae8e16896acab6499da482726aa638b0af8a76db6f306ad85553b82135b8
C/hand4_c_bot_seg_4_cropped.jpeg,C,no_hand,No hand detected at the current thresholds.,,400,400,0,,7830ecae9d7b46358f411ee699ef82b6d130a8ab722e90fced7a950c7be75e18
C/hand4_c_bot_seg_5_cropped.jpeg,C,no_hand,No hand detected at the current thresholds.,,400,400,0,,37da9f32db33a59d14021b0ba7949f68ee7261385b90cebd7c1121766737a69e
C/hand5_c_bot_seg_2_cropped.jpeg,C,no_hand,No hand detected at the current thresholds.,,400,400,0,,da7dc77516234fbb28f6f307bf4df9f925073e7c94b9997ad9cc2ea166aaa7cf
C/hand5_c_bot_seg_3_cropped.jpeg,C,no_hand,No hand detected at the current thresholds.,,400,400,0,,bd6263efc44e80311860b1f744e1f8372e2c84f064a589783cabb6c415e70075
C/hand5_c_bot_seg_4_cropped.jpeg,C,no_hand,No hand detected at the current thresholds.,,400,400,0,,5869e0fa55ac9dde73ad66724e123348295ed01b5fea4526e109630964eab03a
C/hand5_c_bot_seg_5_cropped.jpeg,C,no_hand,No hand detected at the current thresholds.,,400,400,0,,3f2a13b0a8e09f8fac0ac42c0af252506998226118538e6cbc2d87453fff1821
C/hand5_c_dif_seg_1_cropped.jpeg,C,no_hand,No hand detected at the current thresholds.,,400,400,0,,f70e2393a11ac0c68a1a2d69546d5e696bdcc336bc3f9ddf4cefd71e29a98e7b
C/hand5_c_dif_seg_2_cropped.jpeg,C,no_hand,No hand detected at the current thresholds.,,400,400,0,,33284b0d2fed2dbe4b558fd31e3d59b62c1b289e3c2d1fab3dd821a9bab4f748
C/hand5_c_dif_seg_5_cropped.jpeg,C,no_hand,No hand detected at the current thresholds.,,400,400,0,,a0d8335e8abadf95da08c7f2f444c410c505af8ecf43073f484decda26c919b8
C/IMG20210607183231.jpg,C,multiple_hands,More than one hand detected; needs review.,,2128,4608,2,,9e777122d95cbbf3b7629e8c69bfd6e525e2e9a42634eb075760580b1374d59c
C/IMG20210607183234.jpg,C,multiple_hands,More than one hand detected; needs review.,,2128,4608,2,,71866b5370afe75a7f82653c3842cc7117b6a4d83f83d3a0fd10f03c0cf0349d
C/IMG_20210605_174952.jpg,C,no_hand,No hand detected at the current thresholds.,,1836,3264,0,,7362f6519dd180e3953e6d7c32dfc8e7845ffe82c17969400806885b27345fef
C/IMG_20210605_174955.jpg,C,no_hand,No hand detected at the current thresholds.,,1836,3264,0,,d0ea824fefcc25a0e5b19db97eb9020063b497e272a56e5768ecde9f2a651478
C/IMG_20210606_202048.jpg,C,no_hand,No hand detected at the current thresholds.,,3120,4208,0,,6c524b14073b7db538f5a4e1d9d46ce80847f1c56a47c6b707352d586368555f
D/hand1_d_left_seg_2_cropped.jpeg,D,no_hand,No hand detected at the current thresholds.,,400,400,0,,67ddbe1468ff286bb5febaafc482aee575626c0708b0b2b81dc921ec662a301b
D/hand1_d_left_seg_5_cropped.jpeg,D,no_hand,No hand detected at the current thresholds.,,400,400,0,,36c1614b1665b59c56a2ed93cd27c24bb31e20a6fb11829a9460e0ca3054abed
D/hand5_d_bot_seg_3_cropped.jpeg,D,no_hand,No hand detected at the current thresholds.,,400,400,0,,c305d2fbabbc45b649efe57a6be09f6b828047b9c80616dbd9032e4369b10d02
D/hand5_d_dif_seg_4_cropped.jpeg,D,no_hand,No hand detected at the current thresholds.,,400,400,0,,ca5ec78fd4bb0b7c7b97bca44f6572218ecefdec3746cdad8618a81dec1ac6d0
D/IMG20210607183243.jpg,D,multiple_hands,More than one hand detected; needs review.,,2128,4608,2,,678cb5673ae006f995a48ac2550d34d7792f0e7a22708224b05edf49683e62f0
D/IMG20210607183244.jpg,D,multiple_hands,More than one hand detected; needs review.,,2128,4608,2,,68f96d3fb8a0499d26ce4f1879c6fad3862f456d3ebdd673e5e22a4ec9c275bc
D/IMG20210607183245.jpg,D,multiple_hands,More than one hand detected; needs review.,,2128,4608,2,,15edf44902458cdbf343c77a958619dce95bfa5d412117b68190ec55ee440cfa
D/IMG20210607183246.jpg,D,multiple_hands,More than one hand detected; needs review.,,2128,4608,2,,7888220c9319c0e4f7016f198928d589f8fd5bb4b193d17de2800c7a2a26dc6d
D/IMG_20210605_175101.jpg,D,no_hand,No hand detected at the current thresholds.,,1836,3264,0,,f7f2fc35dbcca0a8040742390408759568278b18fc95909de214942693ac3d02
D/IMG_20210605_175106.jpg,D,no_hand,No hand detected at the current thresholds.,,1836,3264,0,,58ebba845cfe6ad1dd910e33bc5b8e74f3f4978ff36c245f0f3ecf95c8f3543d
E/hand1_e_bot_seg_1_cropped.jpeg,E,no_hand,No hand detected at the current thresholds.,,400,400,0,,2dfa218a364e67e7877bb6387f7238e7895c5adb630645a8a411a25edfae7028
E/hand1_e_bot_seg_2_cropped.jpeg,E,no_hand,No hand detected at the current thresholds.,,400,400,0,,251f2348b050837a18f7990ea8ba2796a35c5b9569102a4cd5b01e1951bfcb85
E/hand1_e_bot_seg_3_cropped.jpeg,E,no_hand,No hand detected at the current thresholds.,,400,400,0,,2eff40924ba65aeb453d0952c0925123661f79573548f64b1e076db4eacb9e36
E/hand1_e_bot_seg_4_cropped.jpeg,E,no_hand,No hand detected at the current thresholds.,,400,400,0,,9cef4a9bd162120b239f8516f683ac4b97a6c8f67f9e10243eb4f3e4520d2e15
E/hand1_e_bot_seg_5_cropped.jpeg,E,no_hand,No hand detected at the current thresholds.,,400,400,0,,4482002d870e002f958b8677f79f57d47a5fa69722fbed653e0b5c420e316e95
E/hand1_e_dif_seg_1_cropped.jpeg,E,no_hand,No hand detected at the current thresholds.,,400,400,0,,34864ea061d044a6e8e6f57b1e385d1a5f1c3ef909e073f21d0d72a478f6650b
E/hand1_e_dif_seg_2_cropped.jpeg,E,no_hand,No hand detected at the current thresholds.,,400,400,0,,ddb02d953478b673d6fe4309adb7a0a1fbaafcf5ea164976292debc46b284c9a
E/hand1_e_dif_seg_3_cropped.jpeg,E,no_hand,No hand detected at the current thresholds.,,400,400,0,,1aff9176491f13f97815bea0a392eaa60a05662a9a0c6178ffeb418dbcd24404
E/hand1_e_dif_seg_4_cropped.jpeg,E,no_hand,No hand detected at the current thresholds.,,400,400,0,,3eb2c4b4c29ce36c489524d829c4d1b3978bb81904055d626b8547a6c70bc66f
E/hand1_e_dif_seg_5_cropped.jpeg,E,no_hand,No hand detected at the current thresholds.,,400,400,0,,9d7ca29af335cd8b49ebf87bcaeca1e5fe1da55dc78de7d07d18d9c4e8debe5b
E/hand1_e_left_seg_1_cropped.jpeg,E,no_hand,No hand detected at the current thresholds.,,400,400,0,,3be738d183dba874d74b59cd79aded60d66831e5a0839498282a14cb07f1ae38
E/hand1_e_left_seg_2_cropped.jpeg,E,no_hand,No hand detected at the current thresholds.,,400,400,0,,cd338f9994ff93165ac9fd8ab25e67d327c652d990d6425e203ffab5a27ad36d
E/hand1_e_left_seg_3_cropped.jpeg,E,no_hand,No hand detected at the current thresholds.,,400,400,0,,a6947603d39dc424e2e05be2784bfb2608bcc29508ed24a54b06bb8a2d05ed82
E/hand1_e_left_seg_4_cropped.jpeg,E,no_hand,No hand detected at the current thresholds.,,400,400,0,,0c613eb45c9bd6eac2c6c0d1d6fc8b1cbed0dc2539b6cebffd83608b4ac5cef4
E/hand1_e_left_seg_5_cropped.jpeg,E,no_hand,No hand detected at the current thresholds.,,400,400,0,,13059ec870ba0c64b6ced651c843fba69417af5af505d78eb87ab9ca1204e03c
E/hand1_e_right_seg_2_cropped.jpeg,E,no_hand,No hand detected at the current thresholds.,,400,400,0,,1f708ac27aca9e8f5322d94026b97dc64dd6b1b2e1d41b07038307ce51131d8f
E/hand1_e_right_seg_3_cropped.jpeg,E,no_hand,No hand detected at the current thresholds.,,400,400,0,,2aa9a9c2f5f1214b0d715fa9d0d8fdb765cb90b03a41c83cf981a3e0cd91cf97
E/hand1_e_right_seg_4_cropped.jpeg,E,no_hand,No hand detected at the current thresholds.,,400,400,0,,3d670ea45c148160377c28f27550482188dc18569b87c1677f334a470dbef5b6
E/hand1_e_top_seg_1_cropped.jpeg,E,no_hand,No hand detected at the current thresholds.,,400,400,0,,d4639f69de66fde80ca4a0851cdd5bc3eba42e927eeb7f5bdbec4d80bf2ac7af
E/hand1_e_top_seg_2_cropped.jpeg,E,no_hand,No hand detected at the current thresholds.,,400,400,0,,312bf60adfeedc2e31b0cfe9a41460d2530042acbc1c4964be49b29e4ac1701b
E/hand1_e_top_seg_3_cropped.jpeg,E,no_hand,No hand detected at the current thresholds.,,400,400,0,,0ecd90ef72d041aa2bdd34058bb1fe5ec81ab25ad8e73ec2883776642f3602c8
E/hand2_e_bot_seg_3_cropped.jpeg,E,no_hand,No hand detected at the current thresholds.,,400,400,0,,61272f25ea405f44002b808afc7a5d9ad628c6a0627e42d297a431c9db554c15
E/hand2_e_bot_seg_4_cropped.jpeg,E,no_hand,No hand detected at the current thresholds.,,400,400,0,,45af8e9cd59216073ee9eab9754cfcf30890832b56d4e59301734e5a3f4aeaa4
E/hand2_e_dif_seg_1_cropped.jpeg,E,no_hand,No hand detected at the current thresholds.,,400,400,0,,3d53c7ab44957e18a28e354159e29bce71f9f1139c2a027fe6fa0eb44f6857b1
E/hand2_e_dif_seg_4_cropped.jpeg,E,no_hand,No hand detected at the current thresholds.,,400,400,0,,41a9cf56578ec97de1548e571ddd37298f670a942acc00b545b10b02b473371f
E/hand2_e_left_seg_1_cropped.jpeg,E,no_hand,No hand detected at the current thresholds.,,400,400,0,,afd8be7a26102185e7e84b3e32df8f9c0d43f2b2195d0d6709bfdf60ccec7c8f
E/hand2_e_left_seg_3_cropped.jpeg,E,no_hand,No hand detected at the current thresholds.,,400,400,0,,e3c46dd7f95afc88ae3d8d1ac92fb1a68ceed3ad93451c44f513e80157286b1e
E/hand2_e_left_seg_4_cropped.jpeg,E,no_hand,No hand detected at the current thresholds.,,400,400,0,,02ca252b50db19289f87b794be077de31bb7166d152bb3d2fa4899eadeafcfc0
E/hand2_e_left_seg_5_cropped.jpeg,E,no_hand,No hand detected at the current thresholds.,,400,400,0,,2f291d21b4fb6aa8d95a364e50471883fd749ed4078d7c842035e48fb0d2b18f
E/hand2_e_right_seg_1_cropped.jpeg,E,no_hand,No hand detected at the current thresholds.,,400,400,0,,fa598c4caaed36eb2903c86bd6d7ed44b079afdc0aef579b4bee743a995e36c7
E/hand2_e_right_seg_2_cropped.jpeg,E,no_hand,No hand detected at the current thresholds.,,400,400,0,,4473669c4cdf252d6fb29cd5dc1048d21435837d07493e65921f15412c5a7303
E/hand2_e_right_seg_3_cropped.jpeg,E,no_hand,No hand detected at the current thresholds.,,400,400,0,,a49a0674a84ea08b0915403765f3f4b04de87ea2143232d3269b1c74fd6a814a
E/hand2_e_right_seg_4_cropped.jpeg,E,no_hand,No hand detected at the current thresholds.,,400,400,0,,ff6a0a67cc87c6bb8a7fc8f908431cc1be5c23881e1b7860217f56dde17275b6
E/hand3_e_dif_seg_1_cropped.jpeg,E,no_hand,No hand detected at the current thresholds.,,400,400,0,,44f9e63698ab89623a21b6fac9fe777530b68d8590db314964508a6cf49d0058
E/hand3_e_dif_seg_2_cropped.jpeg,E,no_hand,No hand detected at the current thresholds.,,400,400,0,,9d6209243c4e3c8a4f6f667c271dcce9bb7082da9b7b55ba3ad0eaf67801fc89
E/hand3_e_dif_seg_3_cropped.jpeg,E,no_hand,No hand detected at the current thresholds.,,400,400,0,,6a0e3ea9ab8d1fde9deb14aad0c35754ba723313e1f38430fb71bba5bb120440
E/hand3_e_dif_seg_4_cropped.jpeg,E,no_hand,No hand detected at the current thresholds.,,400,400,0,,ba6f83f4cbfe66a0d354b10280803cfc3ef153fbbf42b292810daf7e4ff58059
E/hand3_e_dif_seg_5_cropped.jpeg,E,no_hand,No hand detected at the current thresholds.,,400,400,0,,534ce5565f68e0457d45ed7ff6ef1a544187b88ca0ce29c03601cb15f7c62d5e
E/hand4_e_bot_seg_1_cropped.jpeg,E,no_hand,No hand detected at the current thresholds.,,400,400,0,,26aefc189512005daede54a8c0105719cc2e0764d1d3f825c11284b08831151b
E/hand4_e_bot_seg_2_cropped.jpeg,E,no_hand,No hand detected at the current thresholds.,,400,400,0,,10feec6ea85a9f8061fb72a61e3fa867aac18d965fca85b89b55c648ad914c91
E/hand4_e_bot_seg_3_cropped.jpeg,E,no_hand,No hand detected at the current thresholds.,,400,400,0,,20227f0010cde28eebdbb4c1dfcae77ef01e82bdbe57b5d8643265f7bbdef28e
E/hand4_e_bot_seg_4_cropped.jpeg,E,no_hand,No hand detected at the current thresholds.,,400,400,0,,8566919e9a4362902c409e0c97ab22a1e198dc7677486f0051fbe4eeed7b1e56
E/hand4_e_bot_seg_5_cropped.jpeg,E,no_hand,No hand detected at the current thresholds.,,400,400,0,,88bc788da96179bbdf86bf79a8980f559042ee923068335611e7877af4230945
E/hand5_e_bot_seg_1_cropped.jpeg,E,no_hand,No hand detected at the current thresholds.,,400,400,0,,cd3cfd9668d703eedec29abb526613a5ad1c6a5b32571cae27d6f41a897d62b4
E/hand5_e_bot_seg_2_cropped.jpeg,E,no_hand,No hand detected at the current thresholds.,,400,400,0,,e78583d46de88f96753f13e3db986f9de7c3f176dfeee191f240ac389f78202d
E/hand5_e_bot_seg_3_cropped.jpeg,E,no_hand,No hand detected at the current thresholds.,,400,400,0,,5b399d3469905074b263dde6178905779541e3248e315643ba76adf293cd99f6
E/hand5_e_bot_seg_5_cropped.jpeg,E,no_hand,No hand detected at the current thresholds.,,400,400,0,,0acfa4a6e65c204de3c46ea7cd76ac495a5b29114ef9da843fa815a9302f225a
E/IMG_20210605_175140.jpg,E,no_hand,No hand detected at the current thresholds.,,1836,3264,0,,856fb2705dbc7b6753b04250f15ce67b742014b62dae2003f5e6f90acc007217
E/IMG_20210605_175154.jpg,E,no_hand,No hand detected at the current thresholds.,,1836,3264,0,,29a49e23081faa7e25845395be9955efc51fd8b52f8682d372031039837625ac
F/hand1_f_right_seg_3_cropped.jpeg,F,no_hand,No hand detected at the current thresholds.,,400,400,0,,5d8305c018893ed3560eb6d162f01e498ff73437f2f1e0a18a748d1bc3d5d7f8
F/hand1_f_right_seg_4_cropped.jpeg,F,no_hand,No hand detected at the current thresholds.,,400,400,0,,45e424732ebc11ade5a43d20106b9bf1ced49414d397f2c8790dc11b088e5de3
F/hand2_f_right_seg_5_cropped.jpeg,F,multiple_hands,More than one hand detected; needs review.,,400,400,2,,71f0d4205522b6471bf55bb358acc80fa43bb2a96405a65f04bd58f1b71565c3
F/IMG_20210605_175254.jpg,F,no_hand,No hand detected at the current thresholds.,,1836,3264,0,,1d9d1853fcee885e2ea0128948adca74b4e7b5c5772a777bdffd2335291b6013
G/G_2.jpg,G,no_hand,No hand detected at the current thresholds.,,2000,2000,0,,590d0a55d882417fee51173489eff938901ad421e7d3485c23496e27ac223edd
G/G_3.jpg,G,no_hand,No hand detected at the current thresholds.,,2000,2000,0,,ca904945bef7f8eef54f53b6fb55d67e3b75b240c918a234ec8bd3be62a9f72f
G/hand1_g_dif_seg_1_cropped.jpeg,G,no_hand,No hand detected at the current thresholds.,,400,400,0,,4b85c5d23a46f40945acbe01139ff1e365eef5ac186b5ce18383e610e0952f0a
G/hand1_g_dif_seg_2_cropped.jpeg,G,no_hand,No hand detected at the current thresholds.,,400,400,0,,4e8b13053281dc569086ab14632184b19faecda616f48b36dc7a09142e0b02ea
G/hand1_g_dif_seg_3_cropped.jpeg,G,no_hand,No hand detected at the current thresholds.,,400,400,0,,71c2803b1420844da04cb06de7e20b3706f4e944466f4b67d352ae321947f1a0
G/hand1_g_dif_seg_4_cropped.jpeg,G,no_hand,No hand detected at the current thresholds.,,400,400,0,,355899c137cb6ff40f6d7c8df2b5c67312d794b8a1d2529df4fbe277f4ce16c4
G/hand1_g_dif_seg_5_cropped.jpeg,G,no_hand,No hand detected at the current thresholds.,,400,400,0,,969c0cc98151987223e938f5c6fc1f3fbc47c82e9887c81bdd778157e05e2c95
G/hand2_g_right_seg_1_cropped.jpeg,G,no_hand,No hand detected at the current thresholds.,,400,400,0,,7c20ed10f2bff5210f5e465c121491870908f4ba55047aef4ed53d7460229d11
G/hand2_g_right_seg_2_cropped.jpeg,G,no_hand,No hand detected at the current thresholds.,,400,400,0,,1f0124ce4f50f92b80b6b54ad01cecfe2d6f983296a01e9cfa1a9cc22c77e090
G/hand2_g_right_seg_3_cropped.jpeg,G,no_hand,No hand detected at the current thresholds.,,400,400,0,,b4874f7cca6248cd0e7208874d7ab1c5841dc57a5810153eae0819a3cb82bb19
G/hand2_g_right_seg_4_cropped.jpeg,G,no_hand,No hand detected at the current thresholds.,,400,400,0,,f453a4661a33b04f22040269f43bad546554b14bd9bdbb500d8c7c6c578f6392
G/hand2_g_right_seg_5_cropped.jpeg,G,no_hand,No hand detected at the current thresholds.,,400,400,0,,f37230fa2a1dbcfa00eb94037bb78019d0c55dc8601dc7a909a78017c70911f8
G/hand3_g_dif_seg_1_cropped.jpeg,G,no_hand,No hand detected at the current thresholds.,,400,400,0,,baceb9a517764dda64247bbc5d69540f095264e91092165a94cefc881a639c10
G/hand3_g_dif_seg_2_cropped.jpeg,G,no_hand,No hand detected at the current thresholds.,,400,400,0,,8f751f9b23ee19a28ff7cad73aa7e479696668034f0fc026226fae52cc19a6d0
G/hand3_g_dif_seg_3_cropped.jpeg,G,no_hand,No hand detected at the current thresholds.,,400,400,0,,c9e8525feeaef2c4060d13b81e4b6f9e2356539669d2d3244f9897abf2810ef8
G/hand3_g_dif_seg_4_cropped.jpeg,G,no_hand,No hand detected at the current thresholds.,,400,400,0,,03c686bbd7902739dc4d2fd768bd672e3cd62d1cc0caf444e1fe85350c7f4b9b
G/hand3_g_dif_seg_5_cropped.jpeg,G,no_hand,No hand detected at the current thresholds.,,400,400,0,,fec3d7c5c01cec4a7e20e4d6279cce0a34413cc5241b2ec48b903a7f963b420e
G/hand5_g_bot_seg_2_cropped.jpeg,G,no_hand,No hand detected at the current thresholds.,,400,400,0,,75595bf70ef0daeaadcc59eaf8778b95ad499738101cb875cac4ed820783fcd0
G/hand5_g_bot_seg_4_cropped.jpeg,G,no_hand,No hand detected at the current thresholds.,,400,400,0,,dc3ee45c2c65300c85bde0bbd83aef8942ef1bee3f9d402e9c171e6b0de4a9b4
G/hand5_g_dif_seg_5_cropped.jpeg,G,no_hand,No hand detected at the current thresholds.,,400,400,0,,6d4fffbd710884f15bd0bd9a7cb1209af057267001e8a88a8c247b6d30c99b6f
G/IMG20210607183510.jpg,G,multiple_hands,More than one hand detected; needs review.,,2128,4608,2,,9f4a92ca30cee2d2cbfc007b8639639630e0e6e0c539ff6470166dd847b54fd5
G/IMG20210607183511.jpg,G,multiple_hands,More than one hand detected; needs review.,,2128,4608,2,,86f88adbb1eaf72116453bbdcdd98f19b9f546b101b99d49e077507b26ff306e
G/IMG_20210605_174633.jpg,G,no_hand,No hand detected at the current thresholds.,,1836,3264,0,,d8c5ca9f2a35fe6dff7419a889323de9622ed61189b020e6c1a50bc8a212643a
H/hand1_h_bot_seg_1_cropped.jpeg,H,no_hand,No hand detected at the current thresholds.,,400,400,0,,3aebfd834b9f5d978770e2f1b24bed4328b99c774268e1edfb3885ee6b3b6f75
H/hand1_h_bot_seg_2_cropped.jpeg,H,no_hand,No hand detected at the current thresholds.,,400,400,0,,9dfbc6c23b2c835d15927a1b7177c6b0bad671d73e4ccccfddf4d9b8c7f79f2d
H/hand1_h_bot_seg_3_cropped.jpeg,H,no_hand,No hand detected at the current thresholds.,,400,400,0,,edfda38ba91db27985d4368357cdb394d8da48c145e43fab857897811f7d6799
H/hand1_h_bot_seg_4_cropped.jpeg,H,no_hand,No hand detected at the current thresholds.,,400,400,0,,54c5df69ae0dce772cf3bb92a404ca8f1820c583f6ac0ca63102de40220dcc87
H/hand1_h_bot_seg_5_cropped.jpeg,H,no_hand,No hand detected at the current thresholds.,,400,400,0,,4f57cd18a0a9f6217fee4350ea732c0007ce5e66258872cd9b99960622c1d9c4
H/hand1_h_dif_seg_1_cropped.jpeg,H,no_hand,No hand detected at the current thresholds.,,400,400,0,,75d9d208f4255c52e2ab32d55b7aacd29dcfd8d63b00cf50f84b637fa58d8321
H/hand1_h_left_seg_1_cropped.jpeg,H,no_hand,No hand detected at the current thresholds.,,400,400,0,,814240f9c2178774dd58fc909ed815f79db406c967d8d674bb5145b547420144
H/hand1_h_left_seg_2_cropped.jpeg,H,no_hand,No hand detected at the current thresholds.,,400,400,0,,19a09b1c5b8dcd5d047346673b1aa7cec8ea09c9a20f22754c566c1851d55a44
H/hand1_h_left_seg_3_cropped.jpeg,H,no_hand,No hand detected at the current thresholds.,,400,400,0,,96d9f5e4a2e0e66e5df6b847ee53e0af16c22d0e6a10825a189a210e6bf02327
H/hand1_h_left_seg_4_cropped.jpeg,H,no_hand,No hand detected at the current thresholds.,,400,400,0,,a96ac3f4eeeb39842cf93f64ae29a97761c43c8f4990bc2b2f93e0a780faa0c3
H/hand1_h_right_seg_1_cropped.jpeg,H,no_hand,No hand detected at the current thresholds.,,400,400,0,,9a93615060bbd69b0f32c1df7eefda08b89373e7e232fa2fea3356e2ef6499bf
H/hand1_h_right_seg_2_cropped.jpeg,H,no_hand,No hand detected at the current thresholds.,,400,400,0,,769937c6e59cf01dcaeb3c9db0f97a6151621909b937791ab705cfd21833e01d
H/hand1_h_right_seg_3_cropped.jpeg,H,no_hand,No hand detected at the current thresholds.,,400,400,0,,405bdc9f8cddf8ba439ec145c7f0dcd3c324c3f5bcaeded8dd58a3483df3c0d3
H/hand1_h_right_seg_4_cropped.jpeg,H,no_hand,No hand detected at the current thresholds.,,400,400,0,,5423f4747a77468be10ce235d253cebb180dea7dae10b24b39667b2e4f7ba05f
H/hand1_h_right_seg_5_cropped.jpeg,H,no_hand,No hand detected at the current thresholds.,,400,400,0,,74da1dd030cdcc97a4bcb8b61bfd00d016441a9b923fcf4e81de66332ce9e35c
H/hand2_h_bot_seg_1_cropped.jpeg,H,no_hand,No hand detected at the current thresholds.,,400,400,0,,df173f11185dedea7c8eea2020cd9ef586807f54562776b3b9566c3d14ab44e3
H/hand2_h_bot_seg_2_cropped.jpeg,H,no_hand,No hand detected at the current thresholds.,,400,400,0,,2484bf342a2fe1f6dc4e6b9e30eda52011559e3ee0142bfc1e13f13cea699133
H/hand2_h_bot_seg_3_cropped.jpeg,H,no_hand,No hand detected at the current thresholds.,,400,400,0,,ccc8471b8e40fdef37a0b10f835d111ddd9375128e240bcc78b2c2d26bc7fe41
H/hand2_h_bot_seg_4_cropped.jpeg,H,no_hand,No hand detected at the current thresholds.,,400,400,0,,063923191724369abd805714ddba1cf02996a5e311894d7ba858fc9300b25982
H/hand2_h_bot_seg_5_cropped.jpeg,H,no_hand,No hand detected at the current thresholds.,,400,400,0,,54b1b4c6f2ad1e375da1865a26cc62eea92002404985217cac0eca1493c17ce2
H/hand3_h_dif_seg_1_cropped.jpeg,H,no_hand,No hand detected at the current thresholds.,,400,400,0,,7ac6c554abe151107d8a03b96e6cadd7f5e577f8a4466f926c5294ee224034e0
H/hand3_h_dif_seg_2_cropped.jpeg,H,no_hand,No hand detected at the current thresholds.,,400,400,0,,64e2cc69d6ecb29d56fedf6dcac559828d7a16bbe5266dc171f7f6265d506ef4
H/hand3_h_dif_seg_3_cropped.jpeg,H,no_hand,No hand detected at the current thresholds.,,400,400,0,,07653b3777e6ebf2073a219ca75b684777489c5cd7c86694f66cbfcfef1c81f0
H/hand4_h_bot_seg_5_cropped.jpeg,H,no_hand,No hand detected at the current thresholds.,,400,400,0,,a039d62f1db1c5779dae33cb1fd896793774569a80a26165604d8948f6ca2784
H/IMG20210607183548.jpg,H,multiple_hands,More than one hand detected; needs review.,,2128,4608,2,,4e8b6af1d4a9e3d3160c2c93b7c0d1de28050f80008c66a4a3fd127c5b28a4e7
H/IMG_0244.JPG,H,no_hand,No hand detected at the current thresholds.,,1932,2576,0,,1396868ef37f33d4e62a445199f34f88b1a05017aeca7dfd0555d0386eba583c
I/hand1_i_dif_seg_3_cropped.jpeg,I,no_hand,No hand detected at the current thresholds.,,400,400,0,,4abc7f3df6c4a844ba0202a9f0216db088ec91f46ad30c07d9a5955ad2b36512
I/hand1_i_left_seg_1_cropped.jpeg,I,no_hand,No hand detected at the current thresholds.,,400,400,0,,8ff9d21e2423cdb30c4bfa691f160bf70cd621e0eed44f68e32240ff0a8dd1bd
I/hand1_i_left_seg_3_cropped.jpeg,I,no_hand,No hand detected at the current thresholds.,,400,400,0,,2af1c4dcbc19d656207a65c1445d0ff9349b9e4c7302022475364ba82ce41c24
I/hand1_i_left_seg_4_cropped.jpeg,I,no_hand,No hand detected at the current thresholds.,,400,400,0,,1c5501edb636314d36cd88afab4030a37aa2795e90aefd899eb40df045cca573
I/hand1_i_left_seg_5_cropped.jpeg,I,no_hand,No hand detected at the current thresholds.,,400,400,0,,1daf4ce2b05bc75f610bb3ac7c9da5d8fe5dd064e58f97502aced4a358ac7736
I/hand1_i_right_seg_1_cropped.jpeg,I,no_hand,No hand detected at the current thresholds.,,400,400,0,,fb23f4ff1c3c3987aef43d58bee5297fe284217744b06be2d0162ecf3ca401a2
I/hand1_i_right_seg_2_cropped.jpeg,I,no_hand,No hand detected at the current thresholds.,,400,400,0,,83c4392d479b2c183aeb1792a954a4f2508f1027bcc6cdaec20464755d96ac36
I/hand1_i_right_seg_3_cropped.jpeg,I,no_hand,No hand detected at the current thresholds.,,400,400,0,,3bb3da10d89083b86affb11d4b74f89cc27f07d65d8b52552c0d8de8418a7bbe
I/hand1_i_right_seg_4_cropped.jpeg,I,no_hand,No hand detected at the current thresholds.,,400,400,0,,f222dbf6a2139ba01f5b8cd4a3ee1c7b57cdc18cdad10c862a0247df5de56b0c
I/hand1_i_right_seg_5_cropped.jpeg,I,no_hand,No hand detected at the current thresholds.,,400,400,0,,2865341bbac5f47c3a8058a0f3b3fbe05799f1c3a2d6110244982c3cc8a290e2
I/hand5_i_bot_seg_1_cropped.jpeg,I,no_hand,No hand detected at the current thresholds.,,400,400,0,,67c8faa860da8646000f623e54b55fc322b150378cd85bc00d6390a5247f9485
I/hand5_i_bot_seg_2_cropped.jpeg,I,no_hand,No hand detected at the current thresholds.,,400,400,0,,4ecddb5d039ba03130b26760d9ce75ec1ed9489d4d7ed23e7cd5128ee7ad8fac
I/hand5_i_bot_seg_3_cropped.jpeg,I,no_hand,No hand detected at the current thresholds.,,400,400,0,,2f70d7187ead40a8b90109dbe958855f5daea5d0a39630e263eb04216374599c
I/hand5_i_bot_seg_4_cropped.jpeg,I,no_hand,No hand detected at the current thresholds.,,400,400,0,,b6ae3810b330935ce316b880a4cf16beddfd2ea7393d55a6687a77a1431f1590
I/hand5_i_bot_seg_5_cropped.jpeg,I,no_hand,No hand detected at the current thresholds.,,400,400,0,,59afb766c4f0c10ca5e83409245ece818be5fe7caf267f2244d278d3178cdf68
I/hand5_i_dif_seg_3_cropped.jpeg,I,no_hand,No hand detected at the current thresholds.,,400,400,0,,d5c0f9d2979d09ddce6db92b72ef58fab01dd584153ae7aaa2f298ad0a22356f
I/hand5_i_dif_seg_5_cropped.jpeg,I,no_hand,No hand detected at the current thresholds.,,400,400,0,,4303753070ee0ce41585e40430890cb80831577e4727b171119242e5b3b7e0be
I/IMG20210607183606.jpg,I,multiple_hands,More than one hand detected; needs review.,,2128,4608,2,,27e931f07312465a017299cafb12d20bfe1535ab7213c4024be1cc629e42f6a4
I/IMG20210607183607.jpg,I,multiple_hands,More than one hand detected; needs review.,,2128,4608,2,,3fdd40c0fa9e99dc9b63be782348ec6a36ff30fddc58ff73f5bccdc11fa898d8
I/IMG20210607183609.jpg,I,multiple_hands,More than one hand detected; needs review.,,2128,4608,2,,65620fa5ce0058913a97b1d55e90c39c90cd226885758bc5d9bbf939c8e41893
I/IMG_0249.JPG,I,no_hand,No hand detected at the current thresholds.,,1932,2576,0,,a6591354f9acc1b8f51e365885407a60694b46199059e34cba26e74bf2513700
I/IMG_20210605_172713.jpg,I,no_hand,No hand detected at the current thresholds.,,1836,3264,0,,6bd8bb50132cac18c3caa325d94f89e350d467c1b76cb73e053027541886fe2c
I/IMG_20210605_172727.jpg,I,no_hand,No hand detected at the current thresholds.,,1836,3264,0,,65333496741b66002c879637b26d26a8f267d4c36d89ba40aa0e0e261eea3a6b
I/IMG_20210607_200342.jpg,I,no_hand,No hand detected at the current thresholds.,,2448,3264,0,,e6261ec1e88a0ba7c6a0a67f50f7825b8b51607a7f7f853a4bf74841f78ddf9c
I/IMG_20210607_200343.jpg,I,no_hand,No hand detected at the current thresholds.,,2448,3264,0,,70fae9c27d3570ba57c14dd3cf625f0ad2263894c3c5a61dfb3b1f97a6e76e5e
I/IMG_20210607_200344.jpg,I,no_hand,No hand detected at the current thresholds.,,2448,3264,0,,d56cdf7ff9ac3e0facdb88a6264e130dd2eb38091f55f1ef965f70bc680133e1
J/hand1_j_bot_seg_1_cropped.jpeg,J,no_hand,No hand detected at the current thresholds.,,400,400,0,,03f73870194917c909439757dcb67fea8330e8fc620166f5f0482a39f4748acd
J/hand1_j_bot_seg_2_cropped.jpeg,J,no_hand,No hand detected at the current thresholds.,,400,400,0,,2cdcd8caf86b4bb57a625c488d6b9bae62afdb290400049a1beff4941d679e7f
J/hand1_j_bot_seg_3_cropped.jpeg,J,no_hand,No hand detected at the current thresholds.,,400,400,0,,6672cd0fcbd787cfeba62027eb785a5c1aaff6c8e39f62393b104b365a5a2b1d
J/hand1_j_bot_seg_4_cropped.jpeg,J,no_hand,No hand detected at the current thresholds.,,400,400,0,,8c5fd53827749eb43e5aaa1e543574f2e4272004cd441fe9e6c3e3fe60ba5c30
J/hand1_j_bot_seg_5_cropped.jpeg,J,no_hand,No hand detected at the current thresholds.,,400,400,0,,c85512cbaa36f00d37a357e27749b467b0d3d2b7c4df5a7615397bb0dd887a58
J/hand1_j_dif_seg_1_cropped.jpeg,J,no_hand,No hand detected at the current thresholds.,,400,400,0,,beba7112e9df44d21a4a1cc82a8db18e5dd2dade2d16b64ca355f99b4c5de430
J/hand1_j_dif_seg_2_cropped.jpeg,J,no_hand,No hand detected at the current thresholds.,,400,400,0,,023834732f6aec6b16fbc143d7668c497ce81daf83bcee9a75858c12f387f7ac
J/hand1_j_dif_seg_3_cropped.jpeg,J,no_hand,No hand detected at the current thresholds.,,400,400,0,,e7bcacee1e7c028fe9aec7c9993408955031bddfdf1c84b1378e5fd54cff0de3
J/hand1_j_dif_seg_4_cropped.jpeg,J,no_hand,No hand detected at the current thresholds.,,400,400,0,,36a346cca074da078ba26d4505b565d56322c8e80e5898b30b7bceb9afc0a382
J/hand1_j_dif_seg_5_cropped.jpeg,J,no_hand,No hand detected at the current thresholds.,,400,400,0,,3bd56d5a73d61d873355eb50d6259a64da3a6565b74dd825a31914e043cd9dcb
J/hand1_j_left_seg_1_cropped.jpeg,J,no_hand,No hand detected at the current thresholds.,,400,400,0,,5d8e192515409493af7e4d2d56c6c1df417c39cc29c71444d190f92dea2f688f
J/hand1_j_left_seg_2_cropped.jpeg,J,no_hand,No hand detected at the current thresholds.,,400,400,0,,aabb813c4892cdf0ae0f09a29438eef76747bd914368d944a74e56436e2d1fd7
J/hand1_j_left_seg_3_cropped.jpeg,J,no_hand,No hand detected at the current thresholds.,,400,400,0,,241905c24cf56a1f2643b918cb0c32f8896b1a062da946cdb23d11b899c7d005
J/hand1_j_left_seg_4_cropped.jpeg,J,no_hand,No hand detected at the current thresholds.,,400,400,0,,9a870681d985d6f04cea2b13f52ce7d7a95fbb9816778b41be84049988e4e5d8
J/hand1_j_left_seg_5_cropped.jpeg,J,no_hand,No hand detected at the current thresholds.,,400,400,0,,a78ecc02e7b0a6ad7e30a3eb724418fdfc2b9fcd6133d5e475e7903a368d951e
J/hand1_j_right_seg_1_cropped.jpeg,J,no_hand,No hand detected at the current thresholds.,,400,400,0,,0c6832bfd60a28b611c8ab9c010c17c1b6cc9419ce93fbab9c8af2657563f185
J/hand1_j_right_seg_2_cropped.jpeg,J,no_hand,No hand detected at the current thresholds.,,400,400,0,,24f006ef0971d1f369163147f80e872ec6c0f71060e8e5ae681e9f411f3ceb5b
J/hand1_j_right_seg_3_cropped.jpeg,J,no_hand,No hand detected at the current thresholds.,,400,400,0,,80f39ba1a391bfe4aa286ce573fe1aa596e24feb0faf155b0bc661ee1a7b82bd
J/hand1_j_right_seg_4_cropped.jpeg,J,no_hand,No hand detected at the current thresholds.,,400,400,0,,68d535e6c6eee84ac3ff868772e01f7956c5a66253661c45f52fda62dda9d32b
J/hand1_j_right_seg_5_cropped.jpeg,J,no_hand,No hand detected at the current thresholds.,,400,400,0,,0c79e6557eafc9feb15b1df6964dc9ddd875538bf9564ef5e70fbfc10fdfd1a5
J/hand1_j_top_seg_1_cropped.jpeg,J,no_hand,No hand detected at the current thresholds.,,400,400,0,,695416ae31bf2a56e6d6dd1deab76f51a833f69386e3bb8c5b9101120088d1a5
J/hand1_j_top_seg_2_cropped.jpeg,J,no_hand,No hand detected at the current thresholds.,,400,400,0,,e80b200c2a4dad49a76f48bd0ac8102a5018e84e082748ff465a6901961da484
J/hand1_j_top_seg_3_cropped.jpeg,J,no_hand,No hand detected at the current thresholds.,,400,400,0,,8ec14b335be4b78fe1d2e65beaf1377bda3a473edb229126ba548a39de9cdcf9
J/hand1_j_top_seg_4_cropped.jpeg,J,no_hand,No hand detected at the current thresholds.,,400,400,0,,eca356e5358176d4f30912ec2089f6e123d7fd29f4c33fe821850356be8b5eeb
J/hand1_j_top_seg_5_cropped.jpeg,J,no_hand,No hand detected at the current thresholds.,,400,400,0,,c3dc2bda57c40dbefacd49ddde18730315e29780179d44026c46792ae189a7ba
J/hand2_j_bot_seg_1_cropped.jpeg,J,no_hand,No hand detected at the current thresholds.,,400,400,0,,7979440e2c8bb6273b01b18622d4d9d769c15de98c7dbb4a8e36576be51b52d4
J/hand2_j_bot_seg_2_cropped.jpeg,J,no_hand,No hand detected at the current thresholds.,,400,400,0,,773394478b5a09d343a62f9e53551a90d8b5a9161788f15314d45774c3a04619
J/hand2_j_bot_seg_3_cropped.jpeg,J,no_hand,No hand detected at the current thresholds.,,400,400,0,,6406752404f667246c854957c11112dd67911e035ce4123d1bee9283e9638a5f
J/hand2_j_bot_seg_4_cropped.jpeg,J,no_hand,No hand detected at the current thresholds.,,400,400,0,,5f0e6d6395767454c18ff2e8d3c3891babbe9ae389ace51b7b81eac82adc4d39
J/hand2_j_bot_seg_5_cropped.jpeg,J,no_hand,No hand detected at the current thresholds.,,400,400,0,,3343b15045b0761a734b3334b2cd7393e539f6b504de426a467fa684e0606a6e
J/hand2_j_dif_seg_1_cropped.jpeg,J,no_hand,No hand detected at the current thresholds.,,400,400,0,,af8dac642da5b4200eba8921eb2f3d941fb9d2ff4d8031a8124bfada5a081515
J/hand2_j_dif_seg_2_cropped.jpeg,J,no_hand,No hand detected at the current thresholds.,,400,400,0,,f83d196077966a87f59268d329314eaedc821004a8a3c30918ad9392521fdfc1
J/hand2_j_dif_seg_3_cropped.jpeg,J,no_hand,No hand detected at the current thresholds.,,400,400,0,,310bb96d4a11bde14df4431ee47502d0b813afffada24e4654fc98350552d2fe
J/hand2_j_dif_seg_4_cropped.jpeg,J,no_hand,No hand detected at the current thresholds.,,400,400,0,,f4fe07bd9d1f4f3cb0691ca3fc238ce3676a1ed7c7ff8b8c99a6db9462d06f83
J/hand2_j_dif_seg_5_cropped.jpeg,J,no_hand,No hand detected at the current thresholds.,,400,400,0,,accd440b890cb4a18fca6214448b48c7b01db814098460f39ba9a3069fdaebc1
J/hand2_j_left_seg_1_cropped.jpeg,J,no_hand,No hand detected at the current thresholds.,,400,400,0,,6067912218ede99dceca5b54ba0f5f7febc7e717053efb17a8b7735462298a09
J/hand2_j_left_seg_2_cropped.jpeg,J,no_hand,No hand detected at the current thresholds.,,400,400,0,,ace7ce1f04e8e4a23c28694a7fe1df54bfb64c93ecf4ba66d437080fd866a8db
J/hand2_j_left_seg_5_cropped.jpeg,J,no_hand,No hand detected at the current thresholds.,,400,400,0,,87e02b07eeb039f267c55a1cdc5e8c9a3f020f6a3828ea84ba73ff9e3c0d0862
J/hand2_j_right_seg_1_cropped.jpeg,J,no_hand,No hand detected at the current thresholds.,,400,400,0,,9689d8c0fef95b10b9ded967279947be3edc0f47ea7d84570444e9a06349077f
J/hand2_j_right_seg_2_cropped.jpeg,J,no_hand,No hand detected at the current thresholds.,,400,400,0,,6c08ea5e81f4b5c7e1fa42c4adcda2a3d387f81310c2367d3e657de01bc12920
J/hand2_j_right_seg_3_cropped.jpeg,J,no_hand,No hand detected at the current thresholds.,,400,400,0,,84f107857dda0dc1c5bc642be8a6b47c3d9cbc82863cb24d8f1f127166372969
J/hand2_j_right_seg_4_cropped.jpeg,J,no_hand,No hand detected at the current thresholds.,,400,400,0,,a3273a44c084274f90bfe60d2721048b332b33eebdfc1dda701f5533af4ee39a
J/hand2_j_right_seg_5_cropped.jpeg,J,no_hand,No hand detected at the current thresholds.,,400,400,0,,7726f52c1b6ca12ebfa26e0eb3681281fd29dc46d75cd6755d517307befc1b1d
J/hand2_j_top_seg_1_cropped.jpeg,J,no_hand,No hand detected at the current thresholds.,,400,400,0,,924fbe43708f42455e1373db0a45042f778cb24185d501a82b71d720288765f9
J/hand2_j_top_seg_2_cropped.jpeg,J,no_hand,No hand detected at the current thresholds.,,400,400,0,,dd6259782b31864b1610f88263fe469abae269be137132d85d76a47d60e80b57
J/hand2_j_top_seg_4_cropped.jpeg,J,no_hand,No hand detected at the current thresholds.,,400,400,0,,358c9b79d3b920547751a5153c3d675ac06271af8729b1757ea1fec503ff9b83
J/hand2_j_top_seg_5_cropped.jpeg,J,no_hand,No hand detected at the current thresholds.,,400,400,0,,6bf6d27fa1a5425ae0ac5bbaa069542f254362d13963a6cb0c8bbda95e7b5cbd
J/hand3_j_dif_seg_1_cropped.jpeg,J,no_hand,No hand detected at the current thresholds.,,400,400,0,,4830901e4202526864e46dcc8f53e1019c480211fe86e7e83a06d62150ef4270
J/hand3_j_dif_seg_2_cropped.jpeg,J,no_hand,No hand detected at the current thresholds.,,400,400,0,,753707edab693b6c58ece7beb3cc1bc5d936b37503424cfd046810d9dd23f444
J/hand3_j_dif_seg_3_cropped.jpeg,J,no_hand,No hand detected at the current thresholds.,,400,400,0,,f4e445287d21a51616516f89656181b78f28e8cc297dba78976ae01ac024fb8d
J/hand3_j_dif_seg_4_cropped.jpeg,J,no_hand,No hand detected at the current thresholds.,,400,400,0,,8c93293e45572a74e499c9c7c530f4db4a9255d4c5eccbdfdd9f13baf75e0c74
J/hand3_j_dif_seg_5_cropped.jpeg,J,no_hand,No hand detected at the current thresholds.,,400,400,0,,ebae97fc4a47a6f8ed98d7cc01311336547a0d0adb253ea6ed4e79acec4327ea
J/hand5_j_bot_seg_1_cropped.jpeg,J,no_hand,No hand detected at the current thresholds.,,400,400,0,,e13ef8e6548e6f2c5b19110b1939b7737799a354e26925bd3b71d0408d7ff250
J/hand5_j_bot_seg_2_cropped.jpeg,J,no_hand,No hand detected at the current thresholds.,,400,400,0,,89930d1b1f29e77173a84ac6358a6ba1ddda2c440c6e779fec1ae7c48af5896a
J/hand5_j_bot_seg_4_cropped.jpeg,J,no_hand,No hand detected at the current thresholds.,,400,400,0,,e79a38404cfe57625f81452078de1f18d1f9960199acaf731ef42eeac45f16d6
J/hand5_j_bot_seg_5_cropped.jpeg,J,no_hand,No hand detected at the current thresholds.,,400,400,0,,c5ec96c6b7f59c4145921b038e3b71fa2343e453a40fa1fc9e09051485ffc584
J/hand5_j_dif_seg_2_cropped.jpeg,J,no_hand,No hand detected at the current thresholds.,,400,400,0,,1f0a1242f758ed2a30d67d17e0c5cb0cc617b328f996f45d8e61c35a89397af4
J/IMG_0254.JPG,J,no_hand,No hand detected at the current thresholds.,,1932,2576,0,,0c357cc2255bdb7dea7995b19ccaedc0e2957a82f4f491b399dd54666a5c3680
J/IMG_20210605_172752.jpg,J,no_hand,No hand detected at the current thresholds.,,1836,3264,0,,d07791bea6a7a8779db1bd7905c15cbceddcb86a909dd50ee4bf34e8e0466d47
J/IMG_20210605_172756.jpg,J,no_hand,No hand detected at the current thresholds.,,1836,3264,0,,105aaf87cd7a36a2ad6e5d64e1adaa224014af6cdc6fd056b9935d6c1ec2537b
J/IMG_20210605_172800.jpg,J,no_hand,No hand detected at the current thresholds.,,1836,3264,0,,f643346006c2c0d1f8973339a5ef0ba3c764dc6e8fdd0505363a1e4b51984cea
J/IMG_20210605_172804.jpg,J,no_hand,No hand detected at the current thresholds.,,1836,3264,0,,c589e9004690ad2fa399ae5a37e435d9315294296c7319c03eaea0fcc7f132c8
K/hand1_k_right_seg_1_cropped.jpeg,K,no_hand,No hand detected at the current thresholds.,,400,400,0,,c94479de4938f5f4bbc5e5f19e00c456cc181edb93a797a8232b03df26f41f1a
K/hand1_k_right_seg_2_cropped.jpeg,K,no_hand,No hand detected at the current thresholds.,,400,400,0,,3ff88229cfa01769f75199639d6ed20ea8b73360bed578c988640d33954b59e8
K/hand5_k_bot_seg_5_cropped.jpeg,K,no_hand,No hand detected at the current thresholds.,,400,400,0,,8f23d6e6ef0970ff05498211ce9f7b5af334ca07265779b90928c173f199204a
K/IMG_20210605_172842.jpg,K,no_hand,No hand detected at the current thresholds.,,1836,3264,0,,a410eb25219e3bd7d234b7bd45d213acd4108f48e022748eb102fe6e8ce5d310
K/IMG_20210605_172847.jpg,K,no_hand,No hand detected at the current thresholds.,,1836,3264,0,,141deaea6ee9a105509bbc864e8a5d3c50d51682531d8da32146d4d7465ae9ae
L/IMG_20210606_202701.jpg,L,no_hand,No hand detected at the current thresholds.,,3120,4208,0,,25438a26fb0f5e6355027707366b49a41bc368592eace837b288bc637aa73468
M/hand1_m_bot_seg_1_cropped.jpeg,M,no_hand,No hand detected at the current thresholds.,,400,400,0,,034453bf9effb4b5d724e9cbe2a4908614f4d54cd521a658e5770cc076d8e2c8
M/hand1_m_bot_seg_2_cropped.jpeg,M,no_hand,No hand detected at the current thresholds.,,400,400,0,,6e1dbed9f287e6647e9069a6cc34afcd0a198507406381a3e14765a9bc13d1ae
M/hand1_m_bot_seg_3_cropped.jpeg,M,no_hand,No hand detected at the current thresholds.,,400,400,0,,638ff4adc726de605fbc73da075e7399d959cf585d0e56c610b805de5a5a8a8e
M/hand1_m_bot_seg_4_cropped.jpeg,M,no_hand,No hand detected at the current thresholds.,,400,400,0,,619238338e7c4e210ae171893c4cb43859460db7204ec21ae16ccee93d950869
M/hand1_m_bot_seg_5_cropped.jpeg,M,no_hand,No hand detected at the current thresholds.,,400,400,0,,749d580bc8599312dbefdf29b50095b28be8d6f734af6b644dee6e060d74fa6b
M/hand1_m_dif_seg_1_cropped.jpeg,M,no_hand,No hand detected at the current thresholds.,,400,400,0,,00d7e05eaf922086e6449a4f27a819a77eba701b60610a15e6cda1a2fcc42b70
M/hand1_m_dif_seg_2_cropped.jpeg,M,no_hand,No hand detected at the current thresholds.,,400,400,0,,3e1b7b3eeb024442b56c4ef435c94ce11d2321732fcacd6729b27dc9e3219ed6
M/hand1_m_dif_seg_3_cropped.jpeg,M,no_hand,No hand detected at the current thresholds.,,400,400,0,,94daac905824c8d98c29f7f741a4665d17fdf03249d8c9673b9f51e1d0444d58
M/hand1_m_dif_seg_4_cropped.jpeg,M,no_hand,No hand detected at the current thresholds.,,400,400,0,,85df2b1cf997efccb4c784ad35a0f2293ea99e20236a4a67bbe18a6912a48c78
M/hand1_m_dif_seg_5_cropped.jpeg,M,no_hand,No hand detected at the current thresholds.,,400,400,0,,d1707e88c3d079e83b546b05ecb0e946999465c34382b90d48261777c82d064f
M/hand1_m_left_seg_1_cropped.jpeg,M,no_hand,No hand detected at the current thresholds.,,400,400,0,,f8b131d7008dfaae9fce51ec1a5bfc15e0ea1eec01c037d3c51f3dddd841521c
M/hand1_m_left_seg_2_cropped.jpeg,M,no_hand,No hand detected at the current thresholds.,,400,400,0,,15cf41b50ceff44e49df6a601fcb28bf20130137ee8e70ab56399cbd8cb3ff71
M/hand1_m_left_seg_3_cropped.jpeg,M,no_hand,No hand detected at the current thresholds.,,400,400,0,,838591ec20bf59de22096a26803bf5e090fa56bdea1bb0e69fcba404fdd40d17
M/hand1_m_left_seg_4_cropped.jpeg,M,no_hand,No hand detected at the current thresholds.,,400,400,0,,4cfc29f6793b2a108608113ccc46ad0aee4090b336966932433ef39d566637a0
M/hand1_m_left_seg_5_cropped.jpeg,M,no_hand,No hand detected at the current thresholds.,,400,400,0,,ad408823ccd002a44edcba417360e6001ed9311a58ad86084993455966327530
M/hand1_m_right_seg_1_cropped.jpeg,M,no_hand,No hand detected at the current thresholds.,,400,400,0,,1c5be75ed0591c4c942dcdc71664b5b050097d8f846e01d4f6f26356f9873e9b
M/hand1_m_right_seg_2_cropped.jpeg,M,no_hand,No hand detected at the current thresholds.,,400,400,0,,56d88168c1ad1fe4b2221faa140f5437a6ffcad69caaf48affd84bcb359d90ab
M/hand1_m_right_seg_3_cropped.jpeg,M,no_hand,No hand detected at the current thresholds.,,400,400,0,,d0c2caac5a34cb2eb4c72f4c5f26199957eaf3f36e9e0959f755585345349974
M/hand1_m_right_seg_4_cropped.jpeg,M,no_hand,No hand detected at the current thresholds.,,400,400,0,,fca7ac6267c2d8b1db0b1f087e2e874deb9379253c2d1bb73b9506a39a04efea
M/hand1_m_right_seg_5_cropped.jpeg,M,no_hand,No hand detected at the current thresholds.,,400,400,0,,4af61cb513c96ac4cc519620eb23e67c89abc7acc050828214b412f8b9fdbe41
M/hand1_m_top_seg_1_cropped.jpeg,M,no_hand,No hand detected at the current thresholds.,,400,400,0,,a6daa66ffdf5176847b7a3ca71110d7fb2a65e82430cd3a94506a8f40bbe3fca
M/hand1_m_top_seg_2_cropped.jpeg,M,no_hand,No hand detected at the current thresholds.,,400,400,0,,e716b652e5774ffd197e860bb93bd549899497acb8df16429c58e0bc26297049
M/hand1_m_top_seg_3_cropped.jpeg,M,no_hand,No hand detected at the current thresholds.,,400,400,0,,092ceee2b35a6718c186d7f2f013308951197b74609e4991fce690b325cc695b
M/hand1_m_top_seg_4_cropped.jpeg,M,no_hand,No hand detected at the current thresholds.,,400,400,0,,1ce3e361625eabf395a4ba2589c07602ea152a9ab76614832f50fc6f77e386bb
M/hand1_m_top_seg_5_cropped.jpeg,M,no_hand,No hand detected at the current thresholds.,,400,400,0,,b4567d5437f6e528ca31b8bbe9ae81f358c484b390290d9788342abbeb0a021c
M/hand2_m_bot_seg_1_cropped.jpeg,M,no_hand,No hand detected at the current thresholds.,,400,400,0,,c083687508c46c358c39bb76e24d92ed698b0c6476d8e29f599743e9e71a9df6
M/hand2_m_bot_seg_2_cropped.jpeg,M,no_hand,No hand detected at the current thresholds.,,400,400,0,,3298c4627ba84706b2904bd71f9fd41f455e0b84b98ae0a6d5ec00ac3aa41eea
M/hand2_m_bot_seg_3_cropped.jpeg,M,no_hand,No hand detected at the current thresholds.,,400,400,0,,eed5670249de5995b424a4c0bc9e069bee9f919e5f36a82e6a851f4a06dabc82
M/hand2_m_bot_seg_4_cropped.jpeg,M,no_hand,No hand detected at the current thresholds.,,400,400,0,,e3fd4d7b2c9c062059aebbe04e37ba8e7cb50ea38d015b38634ced2e61531860
M/hand2_m_bot_seg_5_cropped.jpeg,M,no_hand,No hand detected at the current thresholds.,,400,400,0,,660566379a34d5af6e229b92fea9228f565f5c044b2f50f2ae6c664006a6b636
M/hand2_m_dif_seg_1_cropped.jpeg,M,no_hand,No hand detected at the current thresholds.,,400,400,0,,825591a1e1820512bcb0539c8162ebb4036ddb3d118b789f8c51698daa05926d
M/hand2_m_dif_seg_2_cropped.jpeg,M,no_hand,No hand detected at the current thresholds.,,400,400,0,,ea12b8f774ec15c85ade2a61fcd15ce9fc23d829534f6df269576072a8c97355
M/hand2_m_dif_seg_4_cropped.jpeg,M,no_hand,No hand detected at the current thresholds.,,400,400,0,,645ef1bda15df032b71bb5a9e98fabddf9bb4171c5ea4230e6989bf73cfadc3d
M/hand2_m_left_seg_1_cropped.jpeg,M,no_hand,No hand detected at the current thresholds.,,400,400,0,,4666b154ffdb7a8a1972141e430d00b794a7c8d99dad6ae7cbe8c711104fbb60
M/hand2_m_left_seg_2_cropped.jpeg,M,no_hand,No hand detected at the current thresholds.,,400,400,0,,beeeab136255564b80748b9f0bf306eb3aaca40465f7f88c1f1b617797da9b88
M/hand2_m_left_seg_3_cropped.jpeg,M,no_hand,No hand detected at the current thresholds.,,400,400,0,,8dc4403ab9d91feadadef88693799d09d539d70053edf7ac4865da0767779596
M/hand2_m_left_seg_4_cropped.jpeg,M,no_hand,No hand detected at the current thresholds.,,400,400,0,,3efb583940acafc9be8a44fedddb10f5566aa5b3e7e4734caac013fd2a1196f8
M/hand2_m_left_seg_5_cropped.jpeg,M,no_hand,No hand detected at the current thresholds.,,400,400,0,,f458af2ed7a025dbbff1531f8defd976131863bd426396329007809cf8cc4f14
M/hand2_m_right_seg_1_cropped.jpeg,M,no_hand,No hand detected at the current thresholds.,,400,400,0,,0fc69214f415b38eff639a22fd807a38d762d10ed9f5524753e27ea9cff79e16
M/hand2_m_right_seg_2_cropped.jpeg,M,no_hand,No hand detected at the current thresholds.,,400,400,0,,2b09eb7763c2e2ab6c485aff26ca7ba61a47fcacef3dfd5ea7033880fed1ff6c
M/hand2_m_right_seg_3_cropped.jpeg,M,no_hand,No hand detected at the current thresholds.,,400,400,0,,80e73cc310f415998fe8e62ad61d4c844c8635c79749004f16e3664a0bf2fd82
M/hand2_m_right_seg_4_cropped.jpeg,M,no_hand,No hand detected at the current thresholds.,,400,400,0,,396e7391d8647ecdfb1a79ba5e8d56e24f5050c91aab414770b17a8e399b3b4d
M/hand2_m_right_seg_5_cropped.jpeg,M,no_hand,No hand detected at the current thresholds.,,400,400,0,,d809f7dc0f98115ccd78927cc681b6e9de91854959c02d2de049d8d7c295e95f
M/hand2_m_top_seg_1_cropped.jpeg,M,no_hand,No hand detected at the current thresholds.,,400,400,0,,7a3503ea5029dc88618c36447be53b45051b7881110369e0b86686348a52d24d
M/hand2_m_top_seg_2_cropped.jpeg,M,no_hand,No hand detected at the current thresholds.,,400,400,0,,dacb9206055d7929dd7e66afd883d399d1490028f5331785acf06e5edd15f0c1
M/hand2_m_top_seg_3_cropped.jpeg,M,no_hand,No hand detected at the current thresholds.,,400,400,0,,8cfe1fba137a8530cedb17fd7bc81011f2cff124c26ff838b62a1acb641db685
M/hand2_m_top_seg_5_cropped.jpeg,M,no_hand,No hand detected at the current thresholds.,,400,400,0,,beb81272c2db84239385093bda849c7ca4f646519fbea0f96b957978ed548f2a
M/hand4_m_bot_seg_1_cropped.jpeg,M,no_hand,No hand detected at the current thresholds.,,400,400,0,,f8f3fe1a184138576a46ed8bca9909930bed0ee56eaaf26fad0c21cb88b9316f
M/hand4_m_bot_seg_2_cropped.jpeg,M,no_hand,No hand detected at the current thresholds.,,400,400,0,,fa3f453d3839fb83e881ff08bfc7b17d960977388341164db6a9fa80ffa10a22
M/hand4_m_bot_seg_3_cropped.jpeg,M,no_hand,No hand detected at the current thresholds.,,400,400,0,,2d96b5129634aa7bc3ab2eb7932b533c31c707c8edbb3cc19cae6e83d9d917b3
M/hand4_m_bot_seg_4_cropped.jpeg,M,no_hand,No hand detected at the current thresholds.,,400,400,0,,72102e058cc854f809cedd7d22865eaa42cc4fea3b8ffdc612f5ae0a91b59189
M/hand4_m_bot_seg_5_cropped.jpeg,M,no_hand,No hand detected at the current thresholds.,,400,400,0,,4d4af1b703526264d38593f6b10ce94cb6b35ef7ce7c5301ee5de0c479cefd7a
M/hand5_m_bot_seg_1_cropped.jpeg,M,no_hand,No hand detected at the current thresholds.,,400,400,0,,9e85a01b33ee4f64edef86b0a6fb691f544de19de6640eee0f2bba2d6349a758
M/hand5_m_bot_seg_2_cropped.jpeg,M,no_hand,No hand detected at the current thresholds.,,400,400,0,,5c6dc056c1f7c8b80304b8196514a2d75ffbfc9fb18b21df7b95e374004e8b43
M/hand5_m_bot_seg_3_cropped.jpeg,M,no_hand,No hand detected at the current thresholds.,,400,400,0,,e46d30c706f5bfcec2ce2712bde5e4fb8db5e27cd79e11af3be21e88f5f76d48
M/hand5_m_bot_seg_4_cropped.jpeg,M,no_hand,No hand detected at the current thresholds.,,400,400,0,,1f28aa296c452dda3b6b1e9cface23d26df2fde2b33b5eb57d0b92ff0de0bfc4
M/hand5_m_bot_seg_5_cropped.jpeg,M,no_hand,No hand detected at the current thresholds.,,400,400,0,,6a2547588fc5ebf35a2299f6e0812702af2bc1bfb11debc0b2db1cb0a5997750
M/hand5_m_dif_seg_1_cropped.jpeg,M,no_hand,No hand detected at the current thresholds.,,400,400,0,,39bf89b2d7ef0e1b3506e61954df5f4cbf4505954e403c1502518c8d3f6d5a0f
M/hand5_m_dif_seg_2_cropped.jpeg,M,no_hand,No hand detected at the current thresholds.,,400,400,0,,6e65f6edadf599da5be6689608979ec2772d793f86bfd065c3541081f6f50fde
M/hand5_m_dif_seg_3_cropped.jpeg,M,no_hand,No hand detected at the current thresholds.,,400,400,0,,1000f3791ce66c62e4f7f6fe1867dbfde3a1113ac76230daf96f354bda89d6f1
M/hand5_m_dif_seg_4_cropped.jpeg,M,no_hand,No hand detected at the current thresholds.,,400,400,0,,56081271eefe2799e8e8ab7472d6345daa84eba3a52d3a2a04e387bd028cbe2b
M/hand5_m_dif_seg_5_cropped.jpeg,M,no_hand,No hand detected at the current thresholds.,,400,400,0,,84636d41220f4467027a52b9ece3756d1369ef63b556fe78e98b88e23fd27b6d
M/IMG_20210605_173054.jpg,M,no_hand,No hand detected at the current thresholds.,,1836,3264,0,,fb629be26d2591a6caa6c42c1fd43ff291a4034bdadac748a4904bd2aaece1a2
M/IMG_20210605_173105.jpg,M,no_hand,No hand detected at the current thresholds.,,1836,3264,0,,62f810c6537cf1c37965d7358ac5e5c3f0a69aedb2237d6ac7cc7d57ebc02c72
M/IMG_20210605_173113.jpg,M,no_hand,No hand detected at the current thresholds.,,1836,3264,0,,ce429d24987fdcecdc65f9e77f1526b4f27079323d067ee7ce76e553a50d3b35
N/hand1_n_bot_seg_1_cropped.jpeg,N,no_hand,No hand detected at the current thresholds.,,400,400,0,,a76742f7a985d77f22826bf16ffff8fd0dfc6beaddb4c4221d05471d2e314992
N/hand1_n_bot_seg_2_cropped.jpeg,N,no_hand,No hand detected at the current thresholds.,,400,400,0,,b51bfed2cbd9b0cab809bc3dcae9f4fffce9ba3db1eae139751c6099879dfdb6
N/hand1_n_bot_seg_3_cropped.jpeg,N,no_hand,No hand detected at the current thresholds.,,400,400,0,,251a5c5a43ec5895bb469738740c3a6d03c9cdb394d21a9d13ab6d05bb3a91fc
N/hand1_n_bot_seg_4_cropped.jpeg,N,no_hand,No hand detected at the current thresholds.,,400,400,0,,9dcdd56ffdfed2a98ed7f30217660affa114206808a7e6c689bd78d12004a6e1
N/hand1_n_bot_seg_5_cropped.jpeg,N,no_hand,No hand detected at the current thresholds.,,400,400,0,,bb03761bb5d634b4abc79a69d13407986c442ea7f09ba4e6ad1712928d5923c5
N/hand1_n_dif_seg_1_cropped.jpeg,N,no_hand,No hand detected at the current thresholds.,,400,400,0,,bb25b35d4360e170244ced3f1a86218b1afeaec59f6383e600583a1e25bdde23
N/hand1_n_dif_seg_2_cropped.jpeg,N,no_hand,No hand detected at the current thresholds.,,400,400,0,,38dc4be37394dafdbdbd8ab7524793e1e27e9247290ea8ff8fe241f0733ce1df
N/hand1_n_dif_seg_3_cropped.jpeg,N,no_hand,No hand detected at the current thresholds.,,400,400,0,,a2d2b55c54f6df0022b30d4fbead2acb55c08b77c8144658b5ee14cbdb0a806d
N/hand1_n_dif_seg_4_cropped.jpeg,N,no_hand,No hand detected at the current thresholds.,,400,400,0,,5f28fdb899f8a054651dd6823eb5050f0ad358f3c81c19d3725c1dceba299d92
N/hand1_n_dif_seg_5_cropped.jpeg,N,no_hand,No hand detected at the current thresholds.,,400,400,0,,1f52c492f24a6575b69fe11772327c1469e94122a0801e53cd21ac1d13182c97
N/hand1_n_left_seg_1_cropped.jpeg,N,no_hand,No hand detected at the current thresholds.,,400,400,0,,a54c899b3f447c0a6147391d7cdb79a66dc526754477efc2ab548e6ec3d7a8b9
N/hand1_n_left_seg_2_cropped.jpeg,N,no_hand,No hand detected at the current thresholds.,,400,400,0,,d83c6c5f0a1dc63bbe46dcf601bccdaddead508929e9f4489c0ca69d6ff19f4e
N/hand1_n_left_seg_3_cropped.jpeg,N,no_hand,No hand detected at the current thresholds.,,400,400,0,,ecf74ca099b44cfab3445d199204accffa81546f2b8ce3a56cee44b50bbf44ce
N/hand1_n_left_seg_4_cropped.jpeg,N,no_hand,No hand detected at the current thresholds.,,400,400,0,,077da083a44a6a5610838de8dc1c48a0f8c3174b889dfb198658e9ded779f87b
N/hand1_n_left_seg_5_cropped.jpeg,N,no_hand,No hand detected at the current thresholds.,,400,400,0,,66a949c9aa018280fd4dfce1d4ff09a846fe9dbcda049c113e4a9f15fd172a70
N/hand1_n_right_seg_1_cropped.jpeg,N,no_hand,No hand detected at the current thresholds.,,400,400,0,,0a1b3829d839bf239377439d74b622346deb5b66df1c2c24f9b72c60a6a5b1a9
N/hand1_n_right_seg_2_cropped.jpeg,N,no_hand,No hand detected at the current thresholds.,,400,400,0,,96a3f3e6eb6e06d391cc35a3ab02f76c465c951c7a5173109c02f96e5f529d1d
N/hand1_n_right_seg_3_cropped.jpeg,N,no_hand,No hand detected at the current thresholds.,,400,400,0,,75080d5bda11e86955df041da3b5f4813492382144ddaf8648250c7484cc8679
N/hand1_n_right_seg_4_cropped.jpeg,N,no_hand,No hand detected at the current thresholds.,,400,400,0,,c3cc3e0b7500c9230da34b2435c2f6965821ac4d82724a03ead3ed15f50f1b34
N/hand1_n_right_seg_5_cropped.jpeg,N,no_hand,No hand detected at the current thresholds.,,400,400,0,,29f77b72613692554f229e70531ab30bdae8b3a246c3e7a65924f2301ac6a660
N/hand1_n_top_seg_1_cropped.jpeg,N,no_hand,No hand detected at the current thresholds.,,400,400,0,,60bde9fcd39440c9fb1ac907a69db969caec2a6055ebdeca601885fb66ea1305
N/hand1_n_top_seg_2_cropped.jpeg,N,no_hand,No hand detected at the current thresholds.,,400,400,0,,529658f1f7b0220a5c4838a882992ebfc03f6d9d921b3aed9d97d2ed614aaee0
N/hand1_n_top_seg_3_cropped.jpeg,N,no_hand,No hand detected at the current thresholds.,,400,400,0,,690bc0fa9e0c6e72437267afa687e1638b1a4876b0f6bf8ecc3a57df5f3797a9
N/hand1_n_top_seg_4_cropped.jpeg,N,no_hand,No hand detected at the current thresholds.,,400,400,0,,ced231669f0155b8da4b7a496280573315767039aa54689c94b9c5e4ea80bd19
N/hand1_n_top_seg_5_cropped.jpeg,N,no_hand,No hand detected at the current thresholds.,,400,400,0,,47542ff476af6197c6e71c3037eb984b09c50a187f7e724dd5c25fed0d6ea3d1
N/hand2_n_bot_seg_3_cropped.jpeg,N,no_hand,No hand detected at the current thresholds.,,400,400,0,,ae18c4bf2eea02aafbbccc33b24443b9c0a9691f7c2fb695615eed762941b41f
N/hand2_n_dif_seg_3_cropped.jpeg,N,no_hand,No hand detected at the current thresholds.,,400,400,0,,ad09a54e283f4d5951b1fc434168819278dc540229cf057c7fdea9d67f2ef53d
N/hand2_n_dif_seg_4_cropped.jpeg,N,no_hand,No hand detected at the current thresholds.,,400,400,0,,de3f104d77cf52c25084606d366c03b6d7e52255e3eda35fae2aeb25ed43cc69
N/hand2_n_dif_seg_5_cropped.jpeg,N,no_hand,No hand detected at the current thresholds.,,400,400,0,,302c3aa03427204554afbf91a378ffb375426689286a372528fbca2f0120241e
N/hand2_n_left_seg_1_cropped.jpeg,N,no_hand,No hand detected at the current thresholds.,,400,400,0,,212293f152c78d7461e849aa25311e856c5a2cf3b15f3e6343b6de48c1a5af5c
N/hand2_n_left_seg_2_cropped.jpeg,N,no_hand,No hand detected at the current thresholds.,,400,400,0,,b887e251f76e73afe670c5c0f927feb32cdaf4c72686210d1259cfb16b88ec3d
N/hand2_n_left_seg_3_cropped.jpeg,N,no_hand,No hand detected at the current thresholds.,,400,400,0,,1049d98af4d4b75e158b109db48ad9d2effb2b8805bb04b234c46fa6f81e0383
N/hand2_n_left_seg_4_cropped.jpeg,N,no_hand,No hand detected at the current thresholds.,,400,400,0,,1fb837ec3a48dd41053d858d9398106d4997a6d1268a2423ff80c1658b4e684c
N/hand2_n_left_seg_5_cropped.jpeg,N,no_hand,No hand detected at the current thresholds.,,400,400,0,,5e1fb1bc30bec741039ba9dc7ff48a22719e53f1ea00c5f51372a30d27e1a121
N/hand2_n_right_seg_1_cropped.jpeg,N,no_hand,No hand detected at the current thresholds.,,400,400,0,,f9141108738c830c60f95b4efcf316b1a8296fb00f7e9745043e7869be078ab9
N/hand2_n_right_seg_2_cropped.jpeg,N,no_hand,No hand detected at the current thresholds.,,400,400,0,,e18dbafefc5eef91c2deded1b90a0006e4186d138f1c0a6497f3cfa4a2e4442d
N/hand2_n_right_seg_3_cropped.jpeg,N,no_hand,No hand detected at the current thresholds.,,400,400,0,,fe11848370ece438038afe4a650830dc1ba6a5eef51bb83409bf42cb121d27be
N/hand2_n_right_seg_4_cropped.jpeg,N,no_hand,No hand detected at the current thresholds.,,400,400,0,,aa4c64539966f374fd05c517e2c915fff59224398efeed598e8f0654695a3eeb
N/hand2_n_right_seg_5_cropped.jpeg,N,no_hand,No hand detected at the current thresholds.,,400,400,0,,41d9f0c2976de5220f533166817f6b4489b35faa488d3ded0ec6e6ef4e40c67b
N/hand2_n_top_seg_1_cropped.jpeg,N,no_hand,No hand detected at the current thresholds.,,400,400,0,,2d52372c9d4f5be99efe1e1280782c561d6e86640f84161c50d4e0bd31ca5285
N/hand3_n_dif_seg_1_cropped.jpeg,N,no_hand,No hand detected at the current thresholds.,,400,400,0,,567aa0301ac5f0f65ce99fa057899d08c938a5656b93c89a1e2d735cde3f9f39
N/hand3_n_dif_seg_2_cropped.jpeg,N,no_hand,No hand detected at the current thresholds.,,400,400,0,,7a2a03d29e481119bd18b1470f52f2ccc9bc724f7d9de6c981f216819b7c9d2b
N/hand3_n_dif_seg_3_cropped.jpeg,N,no_hand,No hand detected at the current thresholds.,,400,400,0,,a1e1de12908fc45398b376bb6efcab35b995547140a043612dbeb7274f22388f
N/hand3_n_dif_seg_4_cropped.jpeg,N,no_hand,No hand detected at the current thresholds.,,400,400,0,,99a628deb55f50fa23b5b28b2cae10db093a4c37f0babee49a20602035e53015
N/hand3_n_dif_seg_5_cropped.jpeg,N,no_hand,No hand detected at the current thresholds.,,400,400,0,,e6884ca10177634dfd8b12460044bc6699e0d9654cd708ede3c3e36d38ab53d6
N/hand4_n_bot_seg_1_cropped.jpeg,N,no_hand,No hand detected at the current thresholds.,,400,400,0,,e5a2dbe1cf6600d5a14ea881eef6d556bef504a70b8268e3c9a6e56754aa9e3b
N/hand4_n_bot_seg_2_cropped.jpeg,N,no_hand,No hand detected at the current thresholds.,,400,400,0,,fb37c4b12b112cdb2e7ee4f9b991df4782974ad8e6674862841a98bf03e95a43
N/hand4_n_bot_seg_3_cropped.jpeg,N,no_hand,No hand detected at the current thresholds.,,400,400,0,,85496711f318d1117efe9a65eb29c457d92d08f44d7cd0d492dfbbe7135fbecc
N/hand4_n_bot_seg_4_cropped.jpeg,N,no_hand,No hand detected at the current thresholds.,,400,400,0,,42faa2ab54d0cf70957f133e08e289bda774ff4186df4cb873e9f90962adf56a
N/hand4_n_bot_seg_5_cropped.jpeg,N,no_hand,No hand detected at the current thresholds.,,400,400,0,,f8442a91bbbc492b532343c8639eac5c7d5a2c302d4ce9844673a899dd3cf1ea
N/hand5_n_bot_seg_1_cropped.jpeg,N,no_hand,No hand detected at the current thresholds.,,400,400,0,,eb40178d0f275a5ce029b856326b9f644edc0fdbdc8b4fb850f4e7ea835ad5f1
N/hand5_n_bot_seg_2_cropped.jpeg,N,no_hand,No hand detected at the current thresholds.,,400,400,0,,802b2a2a0050016f85a9f93fb03418d45819070a53ed11a27497e30652fb4340
N/hand5_n_bot_seg_3_cropped.jpeg,N,no_hand,No hand detected at the current thresholds.,,400,400,0,,33fd1be41ac76c913424d0f43da462d3ec033313b321ef74d4e36d048f7fa780
N/hand5_n_bot_seg_4_cropped.jpeg,N,no_hand,No hand detected at the current thresholds.,,400,400,0,,8978995e6af7a2ba5355b3b363babe6b49a50e7f24ab52401740b8b715a8306a
N/hand5_n_bot_seg_5_cropped.jpeg,N,no_hand,No hand detected at the current thresholds.,,400,400,0,,9c45054f09c3da99b751aa83f7741f4ef7fa80b8007664d9bdcbf22b005fbfb3
N/hand5_n_dif_seg_1_cropped.jpeg,N,no_hand,No hand detected at the current thresholds.,,400,400,0,,cd6177b2a224a1cdeb43e70dc426885710b9e8e21bf870c8f74176bdcae22e5d
N/hand5_n_dif_seg_2_cropped.jpeg,N,no_hand,No hand detected at the current thresholds.,,400,400,0,,de122207b7a05cd844f0643aa5e1363b5dbc5b36239e5e8a03a12d02065c5ee3
N/hand5_n_dif_seg_3_cropped.jpeg,N,no_hand,No hand detected at the current thresholds.,,400,400,0,,541817dbbcc9d44762f0d3056a6a067a6cfd99bb7e72df209f2706c9e5ae299f
N/hand5_n_dif_seg_4_cropped.jpeg,N,no_hand,No hand detected at the current thresholds.,,400,400,0,,70df915da9b86461e3870da9f4cc234f423efc5a5a8f39ba90ff179e40ca067c
N/hand5_n_dif_seg_5_cropped.jpeg,N,no_hand,No hand detected at the current thresholds.,,400,400,0,,8e0b3c08f96de1e23fdff3127f1286fd3db77d8a8102ee6d2134cd81a260b4d0
N/IMG_20210605_173128.jpg,N,no_hand,No hand detected at the current thresholds.,,1836,3264,0,,e5e79cce9c47854ac0b61214f5baf01fd40a387c2d9f8103b4e8c5a5d639ab48
N/IMG_20210605_173132.jpg,N,no_hand,No hand detected at the current thresholds.,,1836,3264,0,,417df7659de07523057f058119ef0df2fde505da6d0def12053accc7b7f93255
N/IMG_20210606_202809.jpg,N,no_hand,No hand detected at the current thresholds.,,3120,4208,0,,3149c7203d089e8d0413f882d04c88ed8375ac438a790769c4bf6856591c7b49
N/N_2.jpg,N,no_hand,No hand detected at the current thresholds.,,2000,2000,0,,9a44c0a459eef78b27218708d2835ca2c5a4a4b16788193c7a52463a174c9035
N/N_3.jpg,N,no_hand,No hand detected at the current thresholds.,,2000,2000,0,,9cb1131b377ec40243323c99bd015ab78d35fbf07252d2c81721a13c577bff46
O/hand1_o_bot_seg_1_cropped.jpeg,O,no_hand,No hand detected at the current thresholds.,,400,400,0,,b6600768cc20c9858e7f4d16b5b33b89def622963170ff346754605a95576bb1
O/hand1_o_bot_seg_2_cropped.jpeg,O,no_hand,No hand detected at the current thresholds.,,400,400,0,,94ec94ce7842ef0faa03545309400565c1d415bbdecaf6d9d27e5938450177d8
O/hand1_o_bot_seg_3_cropped.jpeg,O,no_hand,No hand detected at the current thresholds.,,400,400,0,,569150891b11163ef3c676ef13f70ebaa197e6b9272d33177af139987e512cf9
O/hand1_o_bot_seg_5_cropped.jpeg,O,no_hand,No hand detected at the current thresholds.,,400,400,0,,5f5d8fcc3067a4a9b71b92136d7dd086cda11cd66c4fec9da1be91c2a388071c
O/hand1_o_dif_seg_2_cropped.jpeg,O,no_hand,No hand detected at the current thresholds.,,400,400,0,,049c08d9018a974eec4992bf2bfbbdf8e8861b83ff9f7f70d7f084cdb204ef26
O/hand1_o_dif_seg_3_cropped.jpeg,O,no_hand,No hand detected at the current thresholds.,,400,400,0,,fe8f7457eaed9d849a7df0e4fb8f4d423b1cbbaf29b7d2a591ae17750881feff
O/hand1_o_dif_seg_4_cropped.jpeg,O,no_hand,No hand detected at the current thresholds.,,400,400,0,,4037744f1b61e089ea0ee47640a5c0700b57629a91aa0866eed0ab0a4fae5fe3
O/hand1_o_dif_seg_5_cropped.jpeg,O,no_hand,No hand detected at the current thresholds.,,400,400,0,,5d8fc464e6d6e1319fcca47c3911654b462659e5299758716985064ee89e15b1
O/hand1_o_left_seg_1_cropped.jpeg,O,no_hand,No hand detected at the current thresholds.,,400,400,0,,2f93bc5a1872f399d2275cf97e2734bc61f3c07d4ee601fa66eda3a244b96dfc
O/hand1_o_left_seg_2_cropped.jpeg,O,no_hand,No hand detected at the current thresholds.,,400,400,0,,eacc597872037435c12f959b3a366baf919bbfa3996bbead826bfea041e783fe
O/hand1_o_right_seg_1_cropped.jpeg,O,no_hand,No hand detected at the current thresholds.,,400,400,0,,b4207d579fe043afbe0fa40681fde27a0f609dce9932bb89f93b1cbfaa165cea
O/hand1_o_right_seg_2_cropped.jpeg,O,no_hand,No hand detected at the current thresholds.,,400,400,0,,2d6d660fe4b55b1c17f3a7f164b57bc0606fd29f1082c4253a1434a4deaf0786
O/hand1_o_right_seg_3_cropped.jpeg,O,no_hand,No hand detected at the current thresholds.,,400,400,0,,624f503bd711d68e8f1d168acf8f4bb1f723b290fc3fb0f6fbdf2de310ed2aab
O/hand1_o_right_seg_4_cropped.jpeg,O,no_hand,No hand detected at the current thresholds.,,400,400,0,,52f11d1e4644468264e11e08963ef05c35424438c877a90687a46ed22e040c91
O/hand1_o_right_seg_5_cropped.jpeg,O,no_hand,No hand detected at the current thresholds.,,400,400,0,,0252e01b9e0b21ea498669574b494b99d2c3814c920242faf220c712aaecef36
O/hand1_o_top_seg_1_cropped.jpeg,O,no_hand,No hand detected at the current thresholds.,,400,400,0,,00844f1906fcd5ae082cdb19e248b6e2023cc0176dcf146bad8a43666ed20825
O/hand1_o_top_seg_2_cropped.jpeg,O,no_hand,No hand detected at the current thresholds.,,400,400,0,,bf42d46a67f04da5ce94eac5cc459b46c62140b977b6095df4cc46bfa8c5877e
O/hand1_o_top_seg_3_cropped.jpeg,O,no_hand,No hand detected at the current thresholds.,,400,400,0,,6028aa809105d595fecd6ad317d4f3e6186423eed09814b7ec10d9b53486b54f
O/hand1_o_top_seg_4_cropped.jpeg,O,no_hand,No hand detected at the current thresholds.,,400,400,0,,915a1265a5ca4f8b4374eb3af40a2b2951a00dbf785174cccced347dc3bf4fff
O/hand1_o_top_seg_5_cropped.jpeg,O,no_hand,No hand detected at the current thresholds.,,400,400,0,,19036e7221add3c8cf0e713b37f0d88b0b5565a6fecf36f62a3a863f6bb71e10
O/hand2_o_bot_seg_1_cropped.jpeg,O,no_hand,No hand detected at the current thresholds.,,400,400,0,,8eaa5b9dc6c60504568b4a0885c9c4a7f2406f08e1d3a5225f8398e070ef64b6
O/hand2_o_bot_seg_4_cropped.jpeg,O,no_hand,No hand detected at the current thresholds.,,400,400,0,,09b669f982acac5757ac9447ae3699d30f36f4896176d27da9b5b4f79f92d795
O/hand2_o_bot_seg_5_cropped.jpeg,O,no_hand,No hand detected at the current thresholds.,,400,400,0,,4c31f8a0d636aeea19df9738c95e976f75c55e66472114925fb45b329580d2ae
O/hand2_o_dif_seg_1_cropped.jpeg,O,no_hand,No hand detected at the current thresholds.,,400,400,0,,26697c4503238f9c27f3fe0f284c43213af5209307a0fe17c7cf64b93f2ddeea
O/hand2_o_dif_seg_2_cropped.jpeg,O,no_hand,No hand detected at the current thresholds.,,400,400,0,,6baf055c06aa37719242383bbf07168b288715a8335bf66fce88404b77096c97
O/hand2_o_dif_seg_3_cropped.jpeg,O,no_hand,No hand detected at the current thresholds.,,400,400,0,,2fb74c8c6b791a858280457e68ac9e7ffed7066953abed0374ed4d1227b84790
O/hand2_o_dif_seg_4_cropped.jpeg,O,no_hand,No hand detected at the current thresholds.,,400,400,0,,04dd4587dbdf69e8f86f6b613b8bee927c298f20515c36480419bfd9f5ce1628
O/hand2_o_dif_seg_5_cropped.jpeg,O,no_hand,No hand detected at the current thresholds.,,400,400,0,,5f0d69ef0d2ffe636b6b28c34beb6b1fe7ef48b4df2b5d7825fb40a9b9388122
O/hand2_o_left_seg_1_cropped.jpeg,O,no_hand,No hand detected at the current thresholds.,,400,400,0,,b00a27fcb84d3d5fca758a83a2a6916bafeaa4d1859e2f532f5ccd6d16025d7f
O/hand2_o_left_seg_2_cropped.jpeg,O,no_hand,No hand detected at the current thresholds.,,400,400,0,,68a910865d0e24f85fc245ada788b2df6cdc492603d5b7e81ee057323167dec5
O/hand2_o_left_seg_5_cropped.jpeg,O,no_hand,No hand detected at the current thresholds.,,400,400,0,,376db8009d00286ed6963c975b2a8e963c3fa7ee5795416d4d09a0d3fd9cbab1
O/hand2_o_right_seg_1_cropped.jpeg,O,no_hand,No hand detected at the current thresholds.,,400,400,0,,155c7445046accc638b67ff4f3fb79ad0cad4fedea0e0943235bc1f576786a67
O/hand2_o_right_seg_2_cropped.jpeg,O,no_hand,No hand detected at the current thresholds.,,400,400,0,,a5ad936505d51df0a6be5457c46ca1f8726feb68f986d2943f04373e87c5ea89
O/hand2_o_right_seg_3_cropped.jpeg,O,no_hand,No hand detected at the current thresholds.,,400,400,0,,1fbe3d391d367c3c8c887135502bd6dc099d08967ce5dde754ca5f606321ab24
O/hand2_o_right_seg_4_cropped.jpeg,O,no_hand,No hand detected at the current thresholds.,,400,400,0,,ea33218ae16b17ceda664f7d0d7c16feee857eed1deffb722e1769906ae0cf6f
O/hand2_o_right_seg_5_cropped.jpeg,O,no_hand,No hand detected at the current thresholds.,,400,400,0,,f404b750f6e3b066b34100f8562a5b2260d0251dbf87b45b124dd76f29183ddd
O/hand2_o_top_seg_1_cropped.jpeg,O,no_hand,No hand detected at the current thresholds.,,400,400,0,,f449e2b5a9290dc96f35678b270b636e3b589957bca700e06fcfb2eca3a93128
O/hand2_o_top_seg_2_cropped.jpeg,O,no_hand,No hand detected at the current thresholds.,,400,400,0,,90d8933cb89f4d54a04fa023857c0b0da64d2e3e580b565a7973e8d595cc7e4a
O/hand2_o_top_seg_3_cropped.jpeg,O,no_hand,No hand detected at the current thresholds.,,400,400,0,,e16442a94292a00a34a669180c592f236aaa21132a3aa83b72307537237e1bef
O/hand2_o_top_seg_4_cropped.jpeg,O,no_hand,No hand detected at the current thresholds.,,400,400,0,,169cd0a82d4fe22442ee7bdb81c782dcf91a04261ec018a46e2dafe3e45f7baf
O/hand3_o_dif_seg_1_cropped.jpeg,O,no_hand,No hand detected at the current thresholds.,,400,400,0,,2ec673837b187cc895c8cdbfb68913dcf8cf22482fce97c768ab3cdead80f50d
O/hand3_o_dif_seg_2_cropped.jpeg,O,no_hand,No hand detected at the current thresholds.,,400,400,0,,b41bc95ee3d18fcd943ca19fcd456b28ab1b29d76761683d3fb83200dbebd42e
O/hand3_o_dif_seg_3_cropped.jpeg,O,no_hand,No hand detected at the current thresholds.,,400,400,0,,0264d7d2b661b8e8d8390870d78a5b6b725f69288c876f59fdd7c699864cd277
O/hand3_o_dif_seg_4_cropped.jpeg,O,no_hand,No hand detected at the current thresholds.,,400,400,0,,c153d23e7502197d00d98653e30ffe4ef05c9dde19352229a9fb9a0791007e70
O/hand3_o_dif_seg_5_cropped.jpeg,O,no_hand,No hand detected at the current thresholds.,,400,400,0,,bcb3ab203f31ce825f16d0a700d24531daceeef5d3364741a03b3793ef24a79f
O/hand4_o_bot_seg_1_cropped.jpeg,O,no_hand,No hand detected at the current thresholds.,,400,400,0,,e9e973c32660f0bb75f17b782b36b363ee36d6254f73c0e899d883e57457b5c6
O/hand4_o_bot_seg_2_cropped.jpeg,O,no_hand,No hand detected at the current thresholds.,,400,400,0,,edf5a6ac57e856dc37a2b0c5f82ddd0bda4bbb950afe7cddad53f91a171e26a6
O/hand4_o_bot_seg_3_cropped.jpeg,O,no_hand,No hand detected at the current thresholds.,,400,400,0,,667f4fd67c510f32aee95722500e7383fdca06ea753028bb7b34731f4f896316
O/hand4_o_bot_seg_4_cropped.jpeg,O,no_hand,No hand detected at the current thresholds.,,400,400,0,,93eb1e48d979a6af8197e76c7733b21ede5f226595590703c0efd8bf3330ac98
O/hand4_o_bot_seg_5_cropped.jpeg,O,no_hand,No hand detected at the current thresholds.,,400,400,0,,c2966d367a4f78ed37a52b6354ff500c2721f9a5451b6728b1d7b4345d4accd6
O/hand5_o_bot_seg_2_cropped.jpeg,O,no_hand,No hand detected at the current thresholds.,,400,400,0,,4fcf430277ccdccd7cead5abcf416bbaa9e36d825dd9a6d6210c4c4f10dbf271
O/hand5_o_bot_seg_3_cropped.jpeg,O,no_hand,No hand detected at the current thresholds.,,400,400,0,,68a378566ffe889728efaac9c9c77eb5fa4278fffe1acf7b07246cd63c925bbf
O/hand5_o_dif_seg_1_cropped.jpeg,O,no_hand,No hand detected at the current thresholds.,,400,400,0,,6f227687a85de022a841287c4f9420af0edef96739d8501b5782f10ff0c4fbac
O/hand5_o_dif_seg_2_cropped.jpeg,O,no_hand,No hand detected at the current thresholds.,,400,400,0,,9adac86b7a08122e37585021db4726e8efa99540b9ae07bf8614ada76fe4c2db
O/hand5_o_dif_seg_4_cropped.jpeg,O,no_hand,No hand detected at the current thresholds.,,400,400,0,,5225df98517bbdf602b24f9f308f136c2e1133ed5c7c0785bb8018c19dfbc709
O/hand5_o_dif_seg_5_cropped.jpeg,O,no_hand,No hand detected at the current thresholds.,,400,400,0,,22107f9d9740452981114b9b01fd816c2455df70cdd32658f32fbf03ba9fa6c0
O/IMG_20210605_173218.jpg,O,no_hand,No hand detected at the current thresholds.,,1836,3264,0,,48fa8adac1cf73175b04f33a8976baa6dd7c176de3c00129b89777cae4611b82
P/0090EF66-A2C5-4FE3-9284-78680F0E9F0A.jpg,P,no_hand,No hand detected at the current thresholds.,,750,1334,0,,db11c7cfea55d693faff135309015c9c5e9088f28b54fcf3bd852ab1cda30e35
P/8BF8221D-34CB-4BC4-A540-84B7C844CC4A.jpg,P,no_hand,No hand detected at the current thresholds.,,750,1334,0,,7e0d0ec17c9813e21c0a343bafdd8efb0c5ce33e0543bdc3de35208794f05132
P/hand1_p_bot_seg_1_cropped.jpeg,P,no_hand,No hand detected at the current thresholds.,,400,400,0,,afcd54379e51669f57b903a78ecab5bed6588043a0a30f7084818afeaa872865
P/hand1_p_bot_seg_2_cropped.jpeg,P,no_hand,No hand detected at the current thresholds.,,400,400,0,,27b125c4f0dfaa5137654e60fed573d2bb6b778f70ab67195a6f4ef31aed4019
P/hand1_p_bot_seg_3_cropped.jpeg,P,no_hand,No hand detected at the current thresholds.,,400,400,0,,71852aa6183ef8a23db65962c057dde518e9e85bdc396507ddd18594f5fe2cd0
P/hand1_p_bot_seg_4_cropped.jpeg,P,no_hand,No hand detected at the current thresholds.,,400,400,0,,8dfc86023b5889892350ee2adc854ee46af4cac07d602b126a331ecbb928fe60
P/hand1_p_bot_seg_5_cropped.jpeg,P,no_hand,No hand detected at the current thresholds.,,400,400,0,,08fcc620b5dde4b6f907c42711ce5b520aa4015382f05e2b9221f22747b27d51
P/hand2_p_bot_seg_4_cropped.jpeg,P,no_hand,No hand detected at the current thresholds.,,400,400,0,,f4c1e7ae702276bad1a7421dba3794c4b75c1e566d12d1b556455cf651ad246e
P/hand2_p_bot_seg_5_cropped.jpeg,P,no_hand,No hand detected at the current thresholds.,,400,400,0,,3eb5d8f12315ea65a39c5c0c8850e9a6b05c92820dcf628c3f6ce78c505944cf
P/hand2_p_left_seg_1_cropped.jpeg,P,no_hand,No hand detected at the current thresholds.,,400,400,0,,8bb4283b51e327e75245d7b332243a86ee88d06c0a45d71864d6f63b9998836d
P/hand2_p_left_seg_2_cropped.jpeg,P,no_hand,No hand detected at the current thresholds.,,400,400,0,,d35f8c2d372d904312a6ec76e1488ce6d4eb173eba80c26dc4096312748b9be7
P/hand2_p_left_seg_3_cropped.jpeg,P,no_hand,No hand detected at the current thresholds.,,400,400,0,,96e798cb84bfa98d2bdb0de2fd93dd66f66d82bdc7190021421d10c4777de58f
P/hand2_p_left_seg_4_cropped.jpeg,P,no_hand,No hand detected at the current thresholds.,,400,400,0,,242f61517b31f86d384f9126209644c85a9ba129e6dcd0ef891822a507352286
P/hand2_p_left_seg_5_cropped.jpeg,P,no_hand,No hand detected at the current thresholds.,,400,400,0,,3397fecd256790c149fb454e6fba14aee57d94e9d6b1855c067554cd3fac2755
P/hand4_p_bot_seg_1_cropped.jpeg,P,no_hand,No hand detected at the current thresholds.,,400,400,0,,0febed314f7cc18f41b15bd63f792d355e365cf9cd5f033bd30e4f112ef6dbf4
P/hand4_p_bot_seg_2_cropped.jpeg,P,no_hand,No hand detected at the current thresholds.,,400,400,0,,60c1e155b7487c1b4c59ae93aa75ba34e4f5a3c2bd0a1d229f9c7b1ad88c6cdc
P/hand4_p_bot_seg_3_cropped.jpeg,P,no_hand,No hand detected at the current thresholds.,,400,400,0,,dacbc6119aeba13ae165ee83cc16a70a529cadf0a5426bde57086f19578f408c
P/hand4_p_bot_seg_4_cropped.jpeg,P,no_hand,No hand detected at the current thresholds.,,400,400,0,,d1f09c9c01d9cd5ff122c71cfaf8f38d2c282a01259ee764c7cb3b7b0b12c182
P/hand4_p_bot_seg_5_cropped.jpeg,P,no_hand,No hand detected at the current thresholds.,,400,400,0,,7410c6938ee26b6a9c17eaaf6137c19e146ca3277d6ca503508a2c59ab66e5cf
P/hand5_p_bot_seg_1_cropped.jpeg,P,no_hand,No hand detected at the current thresholds.,,400,400,0,,79613b1fe0c6d9c305cbfbb6afb471d07de70d5a971376f29b0b358fbb848554
P/hand5_p_bot_seg_2_cropped.jpeg,P,no_hand,No hand detected at the current thresholds.,,400,400,0,,92ae77e98284863cde89e6c79dc19ce54c2c23dc9b64d5d0f4606d4b222620ca
P/hand5_p_bot_seg_3_cropped.jpeg,P,no_hand,No hand detected at the current thresholds.,,400,400,0,,08af89dcec956222b0ed35ecd226149a231e73ddda5231ad62b512cf83c890bc
P/hand5_p_bot_seg_4_cropped.jpeg,P,no_hand,No hand detected at the current thresholds.,,400,400,0,,af8e942fbecb78f96e34a861f2a522af8a017423f064dc1f0ba4c94ca7a0eaba
P/hand5_p_dif_seg_3_cropped.jpeg,P,no_hand,No hand detected at the current thresholds.,,400,400,0,,798c3d495aedfcaedd60288c9d2e7a11bef178e799052160f6b1a05feeecbebf
P/IMG_20210605_173402.jpg,P,no_hand,No hand detected at the current thresholds.,,1836,3264,0,,a16a3948bde859774dc493a70112370224f9ba9e3dcd555bf1ea3efb28ec389b
P/IMG_20210605_173441.jpg,P,no_hand,No hand detected at the current thresholds.,,1836,3264,0,,ed0aa82537b7c2eb6dd068696e57858363e94cfb1728d2728175c065ffcadec3
P/P_3.jpg,P,no_hand,No hand detected at the current thresholds.,,2000,2000,0,,1c3f819300dfdff8e883659ff8932be9d5c9631a213d15af5c0c5f7bee078b65
P/P_6.jpg,P,no_hand,No hand detected at the current thresholds.,,2000,2000,0,,6a4629adc8550665b4bd894c77f0705008f15e88c8b6cf7200a95c40108d25aa
Q/20210607_173955.jpg,Q,no_hand,No hand detected at the current thresholds.,,1932,2576,0,,cebf3347cfa52a1d0d28d9cfcf261364f8c749fd83785c294e97d24f94373851
Q/hand1_q_bot_seg_1_cropped.jpeg,Q,no_hand,No hand detected at the current thresholds.,,400,400,0,,f3bebb9b63023ad86d0ad1accc11134143acf147329507ff5f228cb412b2c91d
Q/hand1_q_bot_seg_2_cropped.jpeg,Q,no_hand,No hand detected at the current thresholds.,,400,400,0,,c45b73df9b84335841e9f16336865349edaba3eced6604333510a88159a7396a
Q/hand1_q_bot_seg_3_cropped.jpeg,Q,no_hand,No hand detected at the current thresholds.,,400,400,0,,fd35cdd86f8b4b6e8294032aaedff1d2246dd2496094654c59dcd4a3314681c8
Q/hand1_q_bot_seg_4_cropped.jpeg,Q,no_hand,No hand detected at the current thresholds.,,400,400,0,,defefff291500c04a170de16ed98c7829ae402cc8bdc54bb14e2d6f6ad126c61
Q/hand1_q_bot_seg_5_cropped.jpeg,Q,no_hand,No hand detected at the current thresholds.,,400,400,0,,5dfa1f3a00b6ce3a950cc88d2d1f214145d597dd2d722bbf478fb83454b12ae8
Q/hand1_q_dif_seg_1_cropped.jpeg,Q,no_hand,No hand detected at the current thresholds.,,400,400,0,,3e2e3f5930b417e9140ddd980f71f189a255671ef5611628f08cf3e5565548c8
Q/hand1_q_dif_seg_2_cropped.jpeg,Q,no_hand,No hand detected at the current thresholds.,,400,400,0,,593597c5247a641b7e019a190dc6ae968f5859417c17813ec00a63ab6e0cb3d2
Q/hand1_q_dif_seg_3_cropped.jpeg,Q,no_hand,No hand detected at the current thresholds.,,400,400,0,,5316552bb95f4293c34b005f5e8751bcc66bc3184bd5d5e08641aad95628b8a8
Q/hand1_q_dif_seg_4_cropped.jpeg,Q,no_hand,No hand detected at the current thresholds.,,400,400,0,,8fa85dddc4846735c8c89de6326706685315ba3f2a0acdd50d2f3353a58ca3f7
Q/hand1_q_dif_seg_5_cropped.jpeg,Q,no_hand,No hand detected at the current thresholds.,,400,400,0,,c41144507e3c6251f334973b4182f4de552d320b3685e8dd4f2442a310559995
Q/hand1_q_left_seg_1_cropped.jpeg,Q,no_hand,No hand detected at the current thresholds.,,400,400,0,,18556d7935583e297400041b2420c83f95d3db1d208bba2ea7a1b9e2a10a0df1
Q/hand1_q_left_seg_2_cropped.jpeg,Q,no_hand,No hand detected at the current thresholds.,,400,400,0,,39b6989422cd2755c5830172c076a1026fb4595de5af7981b1c224895ea417f5
Q/hand1_q_left_seg_3_cropped.jpeg,Q,no_hand,No hand detected at the current thresholds.,,400,400,0,,02b9e982d175171985616fe5829bef9bff0c9e0247df095c7456f1ec0228129e
Q/hand1_q_left_seg_4_cropped.jpeg,Q,no_hand,No hand detected at the current thresholds.,,400,400,0,,5a44fa9e5e3faedfc064d62a6e5f4e709d7475f72473bee635f33c37a45ee6d2
Q/hand1_q_left_seg_5_cropped.jpeg,Q,no_hand,No hand detected at the current thresholds.,,400,400,0,,9917871eaa6c8b117b320fba3b99ffae1aa4636395a342fc755d14354133e9aa
Q/hand1_q_right_seg_1_cropped.jpeg,Q,no_hand,No hand detected at the current thresholds.,,400,400,0,,4f22bc98fe50ab32ce9f761aa6f79422fb0a0aca5326a5f4b6d88f1a8a5c153d
Q/hand1_q_right_seg_2_cropped.jpeg,Q,no_hand,No hand detected at the current thresholds.,,400,400,0,,3159394098759c7c62d7005e94e63a380eadba390e428d1add31d3dfc6d99fad
Q/hand1_q_right_seg_3_cropped.jpeg,Q,no_hand,No hand detected at the current thresholds.,,400,400,0,,889442865515027d92b89cc8dfbc84cac4cb1539e47380a65932853f9a74150e
Q/hand1_q_right_seg_4_cropped.jpeg,Q,no_hand,No hand detected at the current thresholds.,,400,400,0,,91759eaee570a4fb610704372853ba5abf17993d9c07dc6a85979ca0d8562307
Q/hand1_q_right_seg_5_cropped.jpeg,Q,no_hand,No hand detected at the current thresholds.,,400,400,0,,31df4a17957dfc3ad7ebba1b8b95ccef723662a3428ca6ea47a5e37bd006975f
Q/hand1_q_top_seg_1_cropped.jpeg,Q,no_hand,No hand detected at the current thresholds.,,400,400,0,,e4c802ac0eea6538d6618888e7f17d96d2adae2b7edaaa8e482a57a77b31e9ed
Q/hand1_q_top_seg_2_cropped.jpeg,Q,no_hand,No hand detected at the current thresholds.,,400,400,0,,a41904e2383636298113b27984295eefb036088f96a0446efc7052b1d104c943
Q/hand1_q_top_seg_3_cropped.jpeg,Q,no_hand,No hand detected at the current thresholds.,,400,400,0,,00adfc09fa9587a96c79a36a325ae310de5205feed7d17898fef56f984f9f26f
Q/hand1_q_top_seg_4_cropped.jpeg,Q,no_hand,No hand detected at the current thresholds.,,400,400,0,,51f5e30e422167d84717109a42adf0e1d0d7e90b28d1a4faa42e55477c453111
Q/hand1_q_top_seg_5_cropped.jpeg,Q,no_hand,No hand detected at the current thresholds.,,400,400,0,,06103fac1bbd7789e95feb9006e33622cb51beb872eecd1bb3fb4cc92ae4a4e0
Q/hand2_q_bot_seg_5_cropped.jpeg,Q,no_hand,No hand detected at the current thresholds.,,400,400,0,,ebfc6b313c45c98bfb5fb2ed2ce487bfc788e1856b8c938d4ae730bf6e6b451e
Q/hand2_q_left_seg_3_cropped.jpeg,Q,no_hand,No hand detected at the current thresholds.,,400,400,0,,5de56722ce43f165e1dd3628ce5594ac93b9ac3f0d4e16192a90c0d4cde5ee27
Q/hand2_q_left_seg_4_cropped.jpeg,Q,no_hand,No hand detected at the current thresholds.,,400,400,0,,aac1c26f7db06e7bd8cce32f4bb9f69343e9f09045f9cf07b1d062ff9ff7adfa
Q/hand2_q_left_seg_5_cropped.jpeg,Q,no_hand,No hand detected at the current thresholds.,,400,400,0,,dac286d5c4c231aac48d1a116952f65c6fb7ea4724975678f5b3c0bea95f6f92
Q/hand2_q_right_seg_1_cropped.jpeg,Q,no_hand,No hand detected at the current thresholds.,,400,400,0,,ca4411d30243fb07f4a0d47c047ea7430fb4532c29931419df71bcbff30183fc
Q/hand2_q_right_seg_2_cropped.jpeg,Q,no_hand,No hand detected at the current thresholds.,,400,400,0,,d9b4e31ebc9f455ddc80f86167551d06e638efb546711b210fc4d16ebb729e04
Q/hand2_q_right_seg_3_cropped.jpeg,Q,no_hand,No hand detected at the current thresholds.,,400,400,0,,15421902b39d37dd4a83bb55025eda2eb75e438801cc3774b90b036f374c0790
Q/hand2_q_right_seg_4_cropped.jpeg,Q,no_hand,No hand detected at the current thresholds.,,400,400,0,,220966d3e23c546cbc0468747a81b3ae85bccf65529f9eef23b57d0fcd68d503
Q/hand2_q_right_seg_5_cropped.jpeg,Q,no_hand,No hand detected at the current thresholds.,,400,400,0,,9c9190c9b05d3541af260dc0f631021d6a0ea08574217bccf1f59f820add5475
Q/hand2_q_top_seg_2_cropped.jpeg,Q,no_hand,No hand detected at the current thresholds.,,400,400,0,,8e5f9b9914b8c6da61084ccb2fbad54bd3f802232cf210fd73fa90da4ddca89f
Q/hand2_q_top_seg_5_cropped.jpeg,Q,no_hand,No hand detected at the current thresholds.,,400,400,0,,1e798bfc10748051944f8859dfe4d141930e903b5596211987e4207d787638e0
Q/hand3_q_dif_seg_1_cropped.jpeg,Q,no_hand,No hand detected at the current thresholds.,,400,400,0,,f1410c6bdb91a0cbdc78df2b0ce39a747180d85898f2abedaa565d8d014d6ad5
Q/hand3_q_dif_seg_2_cropped.jpeg,Q,no_hand,No hand detected at the current thresholds.,,400,400,0,,bdae584ab5ad4c93b7d3801b71222f22a55fa876413efa3076f12f0931872a80
Q/hand3_q_dif_seg_3_cropped.jpeg,Q,no_hand,No hand detected at the current thresholds.,,400,400,0,,47b25374748f26ded3cc2145cda2e57b4a957f75ff5b698cc19b375f45d41adf
Q/hand3_q_dif_seg_4_cropped.jpeg,Q,no_hand,No hand detected at the current thresholds.,,400,400,0,,64bbb347b926b55d62e9af897b4c03d9b40e765b396047d7285aaab26c46ec97
Q/hand3_q_dif_seg_5_cropped.jpeg,Q,no_hand,No hand detected at the current thresholds.,,400,400,0,,1f0407c31f8ccdee5391294cbec2218f00ac050630c5a98bc32c968b8d68103b
Q/hand4_q_bot_seg_1_cropped.jpeg,Q,no_hand,No hand detected at the current thresholds.,,400,400,0,,8e744b597dae2fde7e7d2c829df343bd2afd50edde473aa1355fdc6c35fbf715
Q/hand4_q_bot_seg_2_cropped.jpeg,Q,no_hand,No hand detected at the current thresholds.,,400,400,0,,43ceaa9c63103e56e2e7ff8a5c0f5f2953ca03ff33bbf2400fe76effee5e74b4
Q/hand4_q_bot_seg_3_cropped.jpeg,Q,no_hand,No hand detected at the current thresholds.,,400,400,0,,c15be3041353660bf08bf49344c764c12827ece402a82e9496649ae5c2c90c25
Q/hand4_q_bot_seg_4_cropped.jpeg,Q,no_hand,No hand detected at the current thresholds.,,400,400,0,,1070b15e120dacee051451d048725054f7f5313478ea5439e70677b0854f5c15
Q/hand4_q_bot_seg_5_cropped.jpeg,Q,no_hand,No hand detected at the current thresholds.,,400,400,0,,dd3b13165d0958cafa154965be28b1f4a2518274a74ef02142eed0a4f664124d
Q/hand5_q_bot_seg_1_cropped.jpeg,Q,no_hand,No hand detected at the current thresholds.,,400,400,0,,d7f35ea6822e4a57dd3e43750cd8d02e1876b013e6812aa55a620ded8e96935e
Q/hand5_q_bot_seg_2_cropped.jpeg,Q,no_hand,No hand detected at the current thresholds.,,400,400,0,,6afb0382e1415a59c775b3cd2032840797345e6a7784f55631af894d767e8b06
Q/hand5_q_bot_seg_3_cropped.jpeg,Q,no_hand,No hand detected at the current thresholds.,,400,400,0,,4dad3ceab04d1a2dc86d6f2dc355fab43b4c10ab2c0f6ee95f01cdb31227f9d4
Q/hand5_q_bot_seg_4_cropped.jpeg,Q,no_hand,No hand detected at the current thresholds.,,400,400,0,,136ccb7e6b61eb8aad466c354b526b2fb9e43097a2151a45311c9be6c7232d04
Q/hand5_q_bot_seg_5_cropped.jpeg,Q,no_hand,No hand detected at the current thresholds.,,400,400,0,,5be9318b905229d512c705e4d5c7bcc88cb20641ca5bc7f10b20f50d675c2ee5
Q/hand5_q_dif_seg_1_cropped.jpeg,Q,no_hand,No hand detected at the current thresholds.,,400,400,0,,f52a4cb81b4dbb049ab4650e1ea498ffaed903484b2d2dc4e56eaf6e3352b8a4
Q/hand5_q_dif_seg_2_cropped.jpeg,Q,no_hand,No hand detected at the current thresholds.,,400,400,0,,390e5684d94cdba2f2c36e57dfef5d865ede86ba2a956f5e0717417b3b1c1919
Q/hand5_q_dif_seg_3_cropped.jpeg,Q,no_hand,No hand detected at the current thresholds.,,400,400,0,,721685469d66feeb0850909591c66f5a489b928a1603f68f6034c8fc7678db1d
Q/hand5_q_dif_seg_4_cropped.jpeg,Q,no_hand,No hand detected at the current thresholds.,,400,400,0,,4b3a477348ab78b7c9bcf9bae8641228bc086afc333233377b3e403def2fd4ce
Q/hand5_q_dif_seg_5_cropped.jpeg,Q,no_hand,No hand detected at the current thresholds.,,400,400,0,,91b2c2717a9bb9f18f9317b6edaec0d71ab1d1db148f37e5e49eb4f47ba2f4a9
Q/IMG_20210605_173522.jpg,Q,no_hand,No hand detected at the current thresholds.,,1836,3264,0,,fa40e6ff8bb5c8cc86329e87c780afe74f99df601f57c7d9ddde3496d526b662
Q/IMG_20210605_173553.jpg,Q,no_hand,No hand detected at the current thresholds.,,1836,3264,0,,5dc631957fc6ee17d788c3cdfa05297a39dd5e03cc75045f4010856e9aeb754f
Q/Q_3.jpg,Q,no_hand,No hand detected at the current thresholds.,,2000,2000,0,,3e21e4fd872a732742cd447c26592255cf0ba51ed6d85fb0c4ac481119cc0aef
R/hand1_r_left_seg_1_cropped.jpeg,R,no_hand,No hand detected at the current thresholds.,,400,400,0,,5d4b7925a719e8e450bbdd9b5c268e3c237000b5ff13fd8c98bee938f86da902
R/hand1_r_left_seg_2_cropped.jpeg,R,no_hand,No hand detected at the current thresholds.,,400,400,0,,f90fd158a1153309feaa7902094e5508490e71b72f84cd8ba18c67d060c9317f
R/hand1_r_left_seg_3_cropped.jpeg,R,no_hand,No hand detected at the current thresholds.,,400,400,0,,c4398eaad61202ae28a0f660eee60d59f6550f1902520929eb6e1e8e5b658feb
R/hand1_r_left_seg_4_cropped.jpeg,R,no_hand,No hand detected at the current thresholds.,,400,400,0,,3f52490930203baace24de5146aa3895e6098bc077563cc67a450cf223cc19be
R/hand1_r_left_seg_5_cropped.jpeg,R,no_hand,No hand detected at the current thresholds.,,400,400,0,,3ffbaa75e29055f327a5815fdba8a8b5d5cd7942f483dd22696268bfcd8cee6d
R/hand1_r_right_seg_1_cropped.jpeg,R,no_hand,No hand detected at the current thresholds.,,400,400,0,,0b9fed28da934fdd380b781e76bc5e706592db9a0c935660652aec7f0a3bce73
R/hand1_r_right_seg_2_cropped.jpeg,R,no_hand,No hand detected at the current thresholds.,,400,400,0,,ea37edfd66f2de90f14cf88bd9063639a4c67ee93425803df5a1f9cc7ac40e90
R/hand1_r_right_seg_3_cropped.jpeg,R,no_hand,No hand detected at the current thresholds.,,400,400,0,,57c54cbf3fb3f883a95f252063b1ac8ed06a5b83108d5e80ba36c462323cb17f
R/hand1_r_right_seg_4_cropped.jpeg,R,no_hand,No hand detected at the current thresholds.,,400,400,0,,b987bd31e55d9d7362c90e3e3c2b730e895a255630bea6dc202baf4ade5688fd
R/hand1_r_right_seg_5_cropped.jpeg,R,no_hand,No hand detected at the current thresholds.,,400,400,0,,50aeedbe5df0f95a1f2013d502eb736ac5b2679e13701e4b6060108ec136d497
R/hand2_r_right_seg_1_cropped.jpeg,R,no_hand,No hand detected at the current thresholds.,,400,400,0,,5c68e407a1fbdb6cda3dfaebf8d007f0f12e620e16340eeb70589f62af292e6d
R/hand2_r_right_seg_2_cropped.jpeg,R,no_hand,No hand detected at the current thresholds.,,400,400,0,,f48bee6f1c6cf5763606a4d73b4fd406c968504c1a5ca2a766689ad79c165e14
R/hand2_r_right_seg_3_cropped.jpeg,R,no_hand,No hand detected at the current thresholds.,,400,400,0,,b12e741868723a62a25ff9061d9ca832afa4c736e427883f5c6477365341b448
R/hand2_r_right_seg_4_cropped.jpeg,R,no_hand,No hand detected at the current thresholds.,,400,400,0,,de09b4c93c691faae3803fa9e7aa6a48b7a07b5f972cb47e307a24b84be73c05
R/hand5_r_bot_seg_3_cropped.jpeg,R,no_hand,No hand detected at the current thresholds.,,400,400,0,,43d5c9832ca9d2d6f984fe5e41149166c3aa05e95519d8abc06882386011c054
R/hand5_r_bot_seg_4_cropped.jpeg,R,no_hand,No hand detected at the current thresholds.,,400,400,0,,096eed870a132894f38d38951762324decf1b29a6c234a2ac411572f800c72b1
R/hand5_r_dif_seg_3_cropped.jpeg,R,no_hand,No hand detected at the current thresholds.,,400,400,0,,c0d7761fe7f3afed3ed98fc60e5e872d31eb9e447d6d827a23c0de11fbf46a03
R/hand5_r_dif_seg_5_cropped.jpeg,R,no_hand,No hand detected at the current thresholds.,,400,400,0,,62beea0ee7801f9a3ea229a157a1968c49511dd9d5eacd0ab582b72ece452fd3
R/IMG_20210605_173738.jpg,R,no_hand,No hand detected at the current thresholds.,,1836,3264,0,,72b86d4c85b972eda70bb3af44997fa0e4315b660e4f3a1682a8dddc8007a2d6
R/IMG_20210605_173746.jpg,R,no_hand,No hand detected at the current thresholds.,,1836,3264,0,,ae9f033bc1279bf3f98758d7dd431c634687dfae6cb52d95a0f8bb7aa8a75d0d
R/IMG_20210605_173752.jpg,R,no_hand,No hand detected at the current thresholds.,,1836,3264,0,,813fe09bef6733f2c815f275e7f3a7db48609ad3025021063a2e843ee559e5e4
S/hand1_s_bot_seg_1_cropped.jpeg,S,no_hand,No hand detected at the current thresholds.,,400,400,0,,7ff01cbfe9a417cc082700d2c50b782f6ee4f06a1b24cb66711d843c8f48f7d9
S/hand1_s_bot_seg_2_cropped.jpeg,S,no_hand,No hand detected at the current thresholds.,,400,400,0,,9a0394c48d1aa1068f029972697d2b8bc6bc21698d702a7565306e3c6155a1b1
S/hand1_s_bot_seg_3_cropped.jpeg,S,no_hand,No hand detected at the current thresholds.,,400,400,0,,db867028c1d100b71d6f1d7de1a8badd2bbe15a823978e75463d1c77d76bf802
S/hand1_s_bot_seg_4_cropped.jpeg,S,no_hand,No hand detected at the current thresholds.,,400,400,0,,d2295c9c94eb64981ab10d8d3ebfa6e682300058eb96fec0803580327787db50
S/hand1_s_bot_seg_5_cropped.jpeg,S,no_hand,No hand detected at the current thresholds.,,400,400,0,,afd9d751292e02d97929381ae4e7458a01dc11dd553366f3da5fa748e3c8f6c7
S/hand1_s_dif_seg_1_cropped.jpeg,S,no_hand,No hand detected at the current thresholds.,,400,400,0,,4f65eab48d18bfa996bdcdcbb19f42e38841fcee8d60980d755deb664b0c801a
S/hand1_s_dif_seg_2_cropped.jpeg,S,no_hand,No hand detected at the current thresholds.,,400,400,0,,20edeb652848acad6bb61aaf1dbbb638be0041aff03a1df15b1765a4688e1863
S/hand1_s_dif_seg_3_cropped.jpeg,S,no_hand,No hand detected at the current thresholds.,,400,400,0,,2c6e8e722d9d41f243bdf59d5f01b74ad73911a676528634fe02b40b2171d2bf
S/hand1_s_dif_seg_4_cropped.jpeg,S,no_hand,No hand detected at the current thresholds.,,400,400,0,,390717c26c25459fd44fc1106cc9c3bf66ddde6479dfbaddfa660dca532c9fb1
S/hand1_s_dif_seg_5_cropped.jpeg,S,no_hand,No hand detected at the current thresholds.,,400,400,0,,f47543ea0ea77f80b831da7223026f23d62dd91c978f4d4baf6cf5d73e44cb5c
S/hand1_s_left_seg_1_cropped.jpeg,S,no_hand,No hand detected at the current thresholds.,,400,400,0,,15f583fb4f1aaa7e42feb53963c1cf0db7926fedf6628631e741a342cafde8b6
S/hand1_s_left_seg_2_cropped.jpeg,S,no_hand,No hand detected at the current thresholds.,,400,400,0,,01633d9cba1fd4ff0ff7083a88898e1ccddd63de83b1617bfeafb52650aff91f
S/hand1_s_left_seg_3_cropped.jpeg,S,no_hand,No hand detected at the current thresholds.,,400,400,0,,03625ecca9407d8d41e32e80e84d5ce0a67ce6de9d64c4529a1191b2be1f524c
S/hand1_s_left_seg_4_cropped.jpeg,S,no_hand,No hand detected at the current thresholds.,,400,400,0,,56cbd5cfef0cc5db5f61cf6753cf79c86dcb02d7fd4ee0f37fc0851b6f81502d
S/hand1_s_left_seg_5_cropped.jpeg,S,no_hand,No hand detected at the current thresholds.,,400,400,0,,508127d272f38e5de51095a77d9ae33133a35575aa371443b5dc44fdfd2b8f44
S/hand1_s_right_seg_1_cropped.jpeg,S,no_hand,No hand detected at the current thresholds.,,400,400,0,,e569bf54547b1e679d2e0f6d599d574c0558d38ccd2491138d81179541ac3cba
S/hand1_s_right_seg_2_cropped.jpeg,S,no_hand,No hand detected at the current thresholds.,,400,400,0,,17801b5d5463273682f8d362a9c274f5dff6f15373b7ccc07e207f8e34236d65
S/hand1_s_right_seg_3_cropped.jpeg,S,no_hand,No hand detected at the current thresholds.,,400,400,0,,169f4bcd2ceec1c68dd8e9e4deb55fd6cdda8ccbc3fa96374fcf35e1afa02a12
S/hand1_s_right_seg_4_cropped.jpeg,S,no_hand,No hand detected at the current thresholds.,,400,400,0,,7ec7bded7d3eff9409d78c76812e4410873482dc680e4b95db08aa1cef1903a6
S/hand1_s_right_seg_5_cropped.jpeg,S,no_hand,No hand detected at the current thresholds.,,400,400,0,,8086a9a11a6457bd953adf24ba97d21abcf3509b2d5c8f59c1f69b9bf10e47c2
S/hand2_s_dif_seg_2_cropped.jpeg,S,no_hand,No hand detected at the current thresholds.,,400,400,0,,a2425409fcb298cceadf3d46f65fa8251f0bba3ef25e90c5d512444ab03e9cf7
S/hand2_s_dif_seg_3_cropped.jpeg,S,no_hand,No hand detected at the current thresholds.,,400,400,0,,b27d01f398c02c9f3602363c4b83b071244cbf47df8a881bad6618124bb344c8
S/hand2_s_dif_seg_4_cropped.jpeg,S,no_hand,No hand detected at the current thresholds.,,400,400,0,,f33119987682e2df114e78c9ae8615a253cf6f6d1c0cb944bf21a726e25138fc
S/hand2_s_dif_seg_5_cropped.jpeg,S,no_hand,No hand detected at the current thresholds.,,400,400,0,,4f9d3acf9b3f5d47babc6ca6a292c440c29b523af0e80cd86ea32c8d06f16b99
S/hand2_s_left_seg_1_cropped.jpeg,S,no_hand,No hand detected at the current thresholds.,,400,400,0,,a5c36833842dca85e041eefda55cdc9139284489bda3f9010de7716751b3d146
S/hand2_s_left_seg_2_cropped.jpeg,S,no_hand,No hand detected at the current thresholds.,,400,400,0,,cf9af80b0fcb7bb9144dcf55df9abd0a981b2a1c00ff694f6d53c13ad1168a78
S/hand2_s_left_seg_3_cropped.jpeg,S,no_hand,No hand detected at the current thresholds.,,400,400,0,,32c10233d09429967445299f987101d0d65197f88c1c6b10ce3e776cc4403681
S/hand2_s_left_seg_4_cropped.jpeg,S,no_hand,No hand detected at the current thresholds.,,400,400,0,,d7592bcc0a31e9bb6de06385ca36cc50547308e74170fc3dc0978a58dcf8d506
S/hand2_s_left_seg_5_cropped.jpeg,S,no_hand,No hand detected at the current thresholds.,,400,400,0,,ac6d485e14104226baa340ac0c02a4efefb90bcf0a2012377d6612119ac920ba
S/hand2_s_right_seg_1_cropped.jpeg,S,no_hand,No hand detected at the current thresholds.,,400,400,0,,5ec40a0b954a9f267c9862b80b14ec6279dc797c0ebac57be4fed43b64b1d4f7
S/hand2_s_right_seg_2_cropped.jpeg,S,no_hand,No hand detected at the current thresholds.,,400,400,0,,ada0241c737efe3f99db2560c54dba4f536a485b657141f0d15aa35b8b8b1695
S/hand2_s_right_seg_3_cropped.jpeg,S,no_hand,No hand detected at the current thresholds.,,400,400,0,,207ddb7e6de183eeb025f930087687cccb97f218ad2729f50573fe2cf6316302
S/hand2_s_right_seg_4_cropped.jpeg,S,no_hand,No hand detected at the current thresholds.,,400,400,0,,239ea2605ea9969fa1fa9efdf3146cd364a498fb48773b36793ad31be07f317f
S/hand2_s_right_seg_5_cropped.jpeg,S,no_hand,No hand detected at the current thresholds.,,400,400,0,,6c15b207499543ac0311a1632626f1bb0ab12a4b0ec2c877860d8b25b301de3d
S/hand2_s_top_seg_1_cropped.jpeg,S,no_hand,No hand detected at the current thresholds.,,400,400,0,,2f72efc70d4334ede2d46da5d64bf8f70a33c3699513946cc1e373aa106875d9
S/hand2_s_top_seg_2_cropped.jpeg,S,no_hand,No hand detected at the current thresholds.,,400,400,0,,74de4435068476ad81c4ef118854869d4cf057411d487e6579762e6a676916e0
S/hand2_s_top_seg_3_cropped.jpeg,S,no_hand,No hand detected at the current thresholds.,,400,400,0,,e5eaaedee9a695ba9c28653f48df8ddfea81346f0607423d6da1d0573d3d648c
S/hand2_s_top_seg_4_cropped.jpeg,S,no_hand,No hand detected at the current thresholds.,,400,400,0,,cc12f71013a4fdcc12268aada0608bf5ab92ca9507da93ee24392609a4ac9f35
S/hand3_s_dif_seg_1_cropped.jpeg,S,no_hand,No hand detected at the current thresholds.,,400,400,0,,0b9acccc94e9b69258d2f772125b69dbb271b80b19fedf935afa7ea11aabb87b
S/hand3_s_dif_seg_2_cropped.jpeg,S,no_hand,No hand detected at the current thresholds.,,400,400,0,,600b97193b84aa10eaed395d9017f44638d0e6535faeb452d7650ae77da7ed80
S/hand3_s_dif_seg_3_cropped.jpeg,S,no_hand,No hand detected at the current thresholds.,,400,400,0,,db2966cf5fcf0f709258688eca487030ed7cb5a5604d1a6cbceb3c35c5b0ab63
S/hand3_s_dif_seg_4_cropped.jpeg,S,no_hand,No hand detected at the current thresholds.,,400,400,0,,89aac651dc6d08b1089821bd678575b204beb5d2c7ee74c41cafe74ed7943183
S/hand3_s_dif_seg_5_cropped.jpeg,S,no_hand,No hand detected at the current thresholds.,,400,400,0,,a35e9fe2739eb8898b391be1dbe493e93c788cf2f8c1855875967bd7f3eaec6c
S/hand4_s_bot_seg_1_cropped.jpeg,S,no_hand,No hand detected at the current thresholds.,,400,400,0,,944d5044e8779457167e3f88385095eb2d5c583d6b098ec6dea5cdca490fefa6
S/hand4_s_bot_seg_2_cropped.jpeg,S,no_hand,No hand detected at the current thresholds.,,400,400,0,,ffd63e5eaa61572dc7d8569357180cb8d41488081b9cc16824a765bb9df175d5
S/hand4_s_bot_seg_3_cropped.jpeg,S,no_hand,No hand detected at the current thresholds.,,400,400,0,,7360e2f3bab381719825f9156d84112d1b014cf57374acf2e9e8512d78ccba7d
S/hand4_s_bot_seg_4_cropped.jpeg,S,no_hand,No hand detected at the current thresholds.,,400,400,0,,3b34dafd7edd5ac28d65c958a5b4d897cbe3e07eafbd330495ca7503cd3b2398
S/hand4_s_bot_seg_5_cropped.jpeg,S,no_hand,No hand detected at the current thresholds.,,400,400,0,,c62eb3541de79ae20d707c177f1ecc84b66c301974ad3a05738109bd0ba3a094
S/hand5_s_bot_seg_1_cropped.jpeg,S,no_hand,No hand detected at the current thresholds.,,400,400,0,,365fc59da87c10602f867fc9c967f5e5ce2cf72713195478742c92528d0825a3
S/hand5_s_bot_seg_2_cropped.jpeg,S,no_hand,No hand detected at the current thresholds.,,400,400,0,,c818ff50e93d95290730b541cd3825b1729049d036acfd795c2470ce3e242030
S/hand5_s_bot_seg_3_cropped.jpeg,S,no_hand,No hand detected at the current thresholds.,,400,400,0,,3249ff3776bf8c6e65aa19cea42f1b33caa433951878971ae4bf2b0986f2b160
S/hand5_s_bot_seg_4_cropped.jpeg,S,no_hand,No hand detected at the current thresholds.,,400,400,0,,122752291baef9930031092de1d0c2326b25bcbbe7189740880ae9dd21baf001
S/hand5_s_bot_seg_5_cropped.jpeg,S,no_hand,No hand detected at the current thresholds.,,400,400,0,,7c0ec016032aed4809c1ab4afe7b3c2db1bf3e1025f47ca29cad36418266e1ae
S/hand5_s_dif_seg_1_cropped.jpeg,S,no_hand,No hand detected at the current thresholds.,,400,400,0,,65fd24c4010ebbe74664dd1d542455f24161d39f636cbe70134d5c5b4bad4aa1
S/hand5_s_dif_seg_2_cropped.jpeg,S,no_hand,No hand detected at the current thresholds.,,400,400,0,,7eeec972cfdf4df03eec10fa4676f25f2a2f39d64fe5b1cb0516e28254e02237
S/hand5_s_dif_seg_3_cropped.jpeg,S,no_hand,No hand detected at the current thresholds.,,400,400,0,,bcb50c4a3ac922074e58cb6c52db3fecad51f0d079f806d5914c9078d5619023
S/hand5_s_dif_seg_4_cropped.jpeg,S,no_hand,No hand detected at the current thresholds.,,400,400,0,,7958204d1daf3270d9b72837690de63352b50f70a2d5d47a9923de63d4476f61
S/hand5_s_dif_seg_5_cropped.jpeg,S,no_hand,No hand detected at the current thresholds.,,400,400,0,,c1b71de0fa467daeba787423fdebd8eb563f02e8cec029445cdbea41a74b8acb
S/IMG_20210605_173826.jpg,S,no_hand,No hand detected at the current thresholds.,,1836,3264,0,,d1facb4e84bf971798852ae2224efd328fe96148c9b297179b6476bddaa7b785
S/IMG_20210605_173835.jpg,S,no_hand,No hand detected at the current thresholds.,,1836,3264,0,,27a5fd74d850b9f22cb8396666fab81ad6fcd7b3661e9c187e7ac08610a3ba0d
S/S_03.jpg,S,no_hand,No hand detected at the current thresholds.,,2000,2000,0,,78629bea9e5b9d438e78fc12edb806b81973aff9c7ff7122725dacbfe2a0b418
T/hand1_t_bot_seg_1_cropped.jpeg,T,no_hand,No hand detected at the current thresholds.,,400,400,0,,72e55e474b206ad17c6865b5c1e1ca4619c89f076748b9a1f787fc78ba4609bb
T/hand1_t_bot_seg_2_cropped.jpeg,T,no_hand,No hand detected at the current thresholds.,,400,400,0,,240a9a36daaa08891acc4dc94f09c72ad2823b8177e892263e046640cd6b10b7
T/hand1_t_bot_seg_3_cropped.jpeg,T,no_hand,No hand detected at the current thresholds.,,400,400,0,,a0c4bef882fcb3aa19061cd60abf65eca0d126656251d81851ff25a3f00b2a67
T/hand1_t_bot_seg_4_cropped.jpeg,T,no_hand,No hand detected at the current thresholds.,,400,400,0,,4b59193240b48cf36fbfc0c3b363109b59d489888dfe5212b286c3f8e9429bea
T/hand1_t_bot_seg_5_cropped.jpeg,T,no_hand,No hand detected at the current thresholds.,,400,400,0,,400e5d6aaef669454d7d920294cd94ec6cc3b2012e9865fcd4c303ad3e0a65b0
T/hand1_t_dif_seg_1_cropped.jpeg,T,no_hand,No hand detected at the current thresholds.,,400,400,0,,f6c106511b11694c90e3c0b9753958b879386f38e6b6815310da15dd66e01c0d
T/hand1_t_dif_seg_2_cropped.jpeg,T,no_hand,No hand detected at the current thresholds.,,400,400,0,,34ecbc8a3fc83fd8e257a105c8fc863f2f1230c0799a40bb73bfcb0f5432bb37
T/hand1_t_dif_seg_3_cropped.jpeg,T,no_hand,No hand detected at the current thresholds.,,400,400,0,,f59d18f2e6a43c5c351f261732dcc9f6d52dde7d31c503a4514e68a8c7b87a9a
T/hand1_t_dif_seg_4_cropped.jpeg,T,no_hand,No hand detected at the current thresholds.,,400,400,0,,17919a11537c8cad03d48265c99e39a18f577f5db8acd3cd1f02636d9579d511
T/hand1_t_dif_seg_5_cropped.jpeg,T,no_hand,No hand detected at the current thresholds.,,400,400,0,,752f5f3c95ef5a7ed3ca87b0f82e71a89a8246b3af36ce191b0bf4ba3227d963
T/hand1_t_left_seg_1_cropped.jpeg,T,no_hand,No hand detected at the current thresholds.,,400,400,0,,806315811988376a7be334267ffa785bcd73daa9241076c20028722a58e8dab8
T/hand1_t_left_seg_2_cropped.jpeg,T,no_hand,No hand detected at the current thresholds.,,400,400,0,,6401703efff2b259986fca79595be6ddc87691f87cf0c41ea7d52ba420255e3d
T/hand1_t_left_seg_3_cropped.jpeg,T,no_hand,No hand detected at the current thresholds.,,400,400,0,,58ca96fd2316842dd7913aef457ca5adbe3dadb92ddac6f93fe56c06575463f1
T/hand1_t_left_seg_4_cropped.jpeg,T,no_hand,No hand detected at the current thresholds.,,400,400,0,,745a9ca456714856f9265ce72e10bd18ebd2581f8da022662c6ac05556465a83
T/hand1_t_left_seg_5_cropped.jpeg,T,no_hand,No hand detected at the current thresholds.,,400,400,0,,76f1488f69d1d8cfe9c35ddba238433346444955d483e29a6efcafeed92e08f7
T/hand1_t_right_seg_2_cropped.jpeg,T,no_hand,No hand detected at the current thresholds.,,400,400,0,,02dfd94b94389fdff931c96aec1f5c1c98ae1484941cebaeb03cca52a50c4d4a
T/hand1_t_right_seg_4_cropped.jpeg,T,no_hand,No hand detected at the current thresholds.,,400,400,0,,67b681abbc11d50ab8234ce7b745b47634ad42552b32a9a89ae976635dbdd9de
T/hand1_t_right_seg_5_cropped.jpeg,T,no_hand,No hand detected at the current thresholds.,,400,400,0,,811eff71280964437cb9387dc7a653082c2f6fbc68f08b8fb367367593a80598
T/hand1_t_top_seg_1_cropped.jpeg,T,no_hand,No hand detected at the current thresholds.,,400,400,0,,2cdde03efaa76a2e399f1e3bacb1d87bc7249227fddc205441aae3d08cde39f3
T/hand1_t_top_seg_2_cropped.jpeg,T,no_hand,No hand detected at the current thresholds.,,400,400,0,,dcb0ae82807f7c457d983c207eb08317c7ce35f483164e12d13ebd395d333d76
T/hand1_t_top_seg_3_cropped.jpeg,T,no_hand,No hand detected at the current thresholds.,,400,400,0,,32725f339ff0bf2bbc8e2a8ca631fd0e56f26f4e3f2aa8e75ba6710bb6b55c95
T/hand1_t_top_seg_4_cropped.jpeg,T,no_hand,No hand detected at the current thresholds.,,400,400,0,,ece9f74c7d58a9b6090c07d0a2e963d71ab04714e9be0722af1a86e9ed3b4f02
T/hand1_t_top_seg_5_cropped.jpeg,T,no_hand,No hand detected at the current thresholds.,,400,400,0,,2f95095ce0dad9d4d2cdc5e6be242e830dcace22a444d830a902a02cc8f23967
T/hand2_t_bot_seg_1_cropped.jpeg,T,no_hand,No hand detected at the current thresholds.,,400,400,0,,c9fdef2d3860b14cc46673e44cd16e1664d90de6b3f750f8cd2ab0cc18e30ccf
T/hand2_t_bot_seg_2_cropped.jpeg,T,no_hand,No hand detected at the current thresholds.,,400,400,0,,28e3c27d038bf22a0d67f3386e6710836cc7823e3bae2ba75b7e2a5ebb645c71
T/hand2_t_bot_seg_3_cropped.jpeg,T,no_hand,No hand detected at the current thresholds.,,400,400,0,,6ff6e5606d4abed518c94085bae900ced5819f8a2ab0a067432e81c4624a707d
T/hand2_t_bot_seg_4_cropped.jpeg,T,no_hand,No hand detected at the current thresholds.,,400,400,0,,f0852f87df33daa4f3dc678ceb3c268dddb133200a59f82b8a0de9df9377df4d
T/hand2_t_bot_seg_5_cropped.jpeg,T,no_hand,No hand detected at the current thresholds.,,400,400,0,,94a2633b01e05f952d8b83e55a28226f76f88b7114562fae5208d1022431c72e
T/hand2_t_left_seg_1_cropped.jpeg,T,no_hand,No hand detected at the current thresholds.,,400,400,0,,f8309a27a056879e57a1e43f751569fc7b1dda8bc9378cb38498d0cf784f7610
T/hand2_t_left_seg_2_cropped.jpeg,T,no_hand,No hand detected at the current thresholds.,,400,400,0,,b4e6d5455b45edf04188367f6a8b4df8c154a082c45bbf73a537e404e22505ad
T/hand2_t_left_seg_3_cropped.jpeg,T,no_hand,No hand detected at the current thresholds.,,400,400,0,,1cbfa41ebc02e6cf7f882e948cc885c8aac57ffd6774a9d82ceb64b6791ec41a
T/hand2_t_left_seg_4_cropped.jpeg,T,no_hand,No hand detected at the current thresholds.,,400,400,0,,6c4c7c66dba54aa76165d50edf4ecce782afd07d9bab5a7401a1f040856df189
T/hand2_t_left_seg_5_cropped.jpeg,T,no_hand,No hand detected at the current thresholds.,,400,400,0,,6846724b81244bc2d81a688dc40073362735e9e40d62d0b9b637ebf5f37dc2dc
T/hand2_t_right_seg_1_cropped.jpeg,T,no_hand,No hand detected at the current thresholds.,,400,400,0,,64320250e7e71d7a12627fe129fcff9670ae57b3387c497a57ee38d61b82f7c4
T/hand2_t_right_seg_2_cropped.jpeg,T,no_hand,No hand detected at the current thresholds.,,400,400,0,,ab6cf7dbf16c679da3134621497c42e4f82d22e03053ae2ec24fbfbee88319da
T/hand2_t_right_seg_3_cropped.jpeg,T,no_hand,No hand detected at the current thresholds.,,400,400,0,,d4bd5839ecffb0e23e9cfa4f2ea66cad3b5db2dc692964439648fd4e79392338
T/hand2_t_right_seg_4_cropped.jpeg,T,no_hand,No hand detected at the current thresholds.,,400,400,0,,d986972a83d4dc01c707a05dffc0f645721f5db20603eb1121f71fb73c43d8f5
T/hand2_t_right_seg_5_cropped.jpeg,T,no_hand,No hand detected at the current thresholds.,,400,400,0,,a91baa85903eac9fbc956a9a4ef3f495a6cb24a5f65f1876e9f2177250407b6b
T/hand2_t_top_seg_1_cropped.jpeg,T,no_hand,No hand detected at the current thresholds.,,400,400,0,,3eb9ced455ab2d04a63ee09e3d63b1f77b074d6e041e4972c6f044a943f1c351
T/hand2_t_top_seg_2_cropped.jpeg,T,no_hand,No hand detected at the current thresholds.,,400,400,0,,dddde9ed91190bbb278b2ea3e44a2565f2f7f5351403f60bcfd404e467b5aee4
T/hand2_t_top_seg_3_cropped.jpeg,T,no_hand,No hand detected at the current thresholds.,,400,400,0,,62bc5068874ebc6fd3ddc020cb4f62a38f31f6441b913c0f03746378c24c0355
T/hand2_t_top_seg_4_cropped.jpeg,T,no_hand,No hand detected at the current thresholds.,,400,400,0,,798eff42a103a3c706cc2ebe36fdcca5b324cca9b9fd802735be1ec4a9e93256
T/hand2_t_top_seg_5_cropped.jpeg,T,no_hand,No hand detected at the current thresholds.,,400,400,0,,7072dfeb9a9d4af52e4de8929bc25e8d6f9a2588bf6dcf1943f192457c1df1d6
T/hand3_t_dif_seg_1_cropped.jpeg,T,no_hand,No hand detected at the current thresholds.,,400,400,0,,d06c33ccbd93d597a7e196ac9c285699f77f2e88a848643aba10325b542dc73f
T/hand3_t_dif_seg_2_cropped.jpeg,T,no_hand,No hand detected at the current thresholds.,,400,400,0,,e6e65ee553bee94687e47cddd2235296483b57ac453a44dee9e4497eaa3203ea
T/hand3_t_dif_seg_3_cropped.jpeg,T,no_hand,No hand detected at the current thresholds.,,400,400,0,,37c2e7a446afb243baaa7861b741c19f517ad43938024916141bcdfee5becbb7
T/hand3_t_dif_seg_4_cropped.jpeg,T,no_hand,No hand detected at the current thresholds.,,400,400,0,,ecbb1d666f56b96cd2ed81d4582f18228e51ce604dd53487cc65e22f810c6c0a
T/hand3_t_dif_seg_5_cropped.jpeg,T,no_hand,No hand detected at the current thresholds.,,400,400,0,,b52aa0746654f511969ce1834c91136cb7841de1d29e439a8c18bfbb936ca57e
T/hand4_t_bot_seg_1_cropped.jpeg,T,no_hand,No hand detected at the current thresholds.,,400,400,0,,c70ecc7b15b5458a3bb507146800bfd5438698edd7bff93daa14c4e15cd51dc9
T/hand4_t_bot_seg_2_cropped.jpeg,T,no_hand,No hand detected at the current thresholds.,,400,400,0,,da4d19875ad1b7d1da04cb2518179d7b078233e79e83e3f4aff7ad311883f861
T/hand4_t_bot_seg_3_cropped.jpeg,T,no_hand,No hand detected at the current thresholds.,,400,400,0,,42312cfd32de7b9d24218c72349b003b3c36fe498fa8dab36a386b64170da489
T/hand4_t_bot_seg_5_cropped.jpeg,T,no_hand,No hand detected at the current thresholds.,,400,400,0,,a7320cb94413224a3827d29c892b3302fcdd494dfdcbc7b2072e6cb708acefb2
T/hand5_t_bot_seg_1_cropped.jpeg,T,no_hand,No hand detected at the current thresholds.,,400,400,0,,d268139b53cd924a742d801ea2ef4521f965f7547f3b315caf6581c16e366cc8
T/hand5_t_bot_seg_2_cropped.jpeg,T,no_hand,No hand detected at the current thresholds.,,400,400,0,,97e044156b9de8f69c6c6b38d0e8b489e2e9ec201f55178755b252a109941e30
T/hand5_t_bot_seg_3_cropped.jpeg,T,no_hand,No hand detected at the current thresholds.,,400,400,0,,e8af40f9dc75536104c9f757032c8a24fb1770e9a3cec32fd93f29ebe1dc1a46
T/hand5_t_bot_seg_4_cropped.jpeg,T,no_hand,No hand detected at the current thresholds.,,400,400,0,,f106624d021e9ef438049feaa05b0174ad64d71f4d5a6d27a96a88ce1a9ab0a6
T/hand5_t_bot_seg_5_cropped.jpeg,T,no_hand,No hand detected at the current thresholds.,,400,400,0,,28f609ae73342f2afd4c833802a2f924e2e42f19e56909d4f47ede8e781a0a2f
T/hand5_t_dif_seg_1_cropped.jpeg,T,no_hand,No hand detected at the current thresholds.,,400,400,0,,95f13fd4f8a9cadc8d67b3917f489f4f8742c414edb1d91a4de378eeb0af6843
T/hand5_t_dif_seg_2_cropped.jpeg,T,no_hand,No hand detected at the current thresholds.,,400,400,0,,670a0ccc70415917ea8123fc62fe140b946d5c4af4e0261a36ea39ec03b129f6
T/hand5_t_dif_seg_3_cropped.jpeg,T,no_hand,No hand detected at the current thresholds.,,400,400,0,,03332b57fd46169ac5dd91583ed27094c05f29a1d56b080f0f232d6ebb00d1a9
T/hand5_t_dif_seg_4_cropped.jpeg,T,no_hand,No hand detected at the current thresholds.,,400,400,0,,6f8436be08a4412431f3d4efa6b1f8ddceed03306bdd1de72c5b84980d0775c6
T/hand5_t_dif_seg_5_cropped.jpeg,T,no_hand,No hand detected at the current thresholds.,,400,400,0,,c8a6a8319165add504214d822d2c44b84d5df0c2e6fab9058d785667db4b05d6
T/IMG20210607184054.jpg,T,multiple_hands,More than one hand detected; needs review.,,2128,4608,2,,aad7587364c9450f099bce0d2437f0d0ea67f2c76cc5ea5cfd9603805c18668f
T/IMG20210607184055.jpg,T,multiple_hands,More than one hand detected; needs review.,,2128,4608,2,,17dd5ef2aca16b92115358feccb8afe788c82a199007467641835540f1a106b6
T/IMG20210607184055_01.jpg,T,multiple_hands,More than one hand detected; needs review.,,2128,4608,2,,336b302593cac28f05b7946fdfa1e3dd2184e8c366d6e8b29b990e9d5eee9372
T/IMG_20210605_173956.jpg,T,no_hand,No hand detected at the current thresholds.,,1836,3264,0,,76171911288708906c99cfd803e7796e846cd79180b9dc20115d53d226578ddf
T/IMG_20210605_174001.jpg,T,no_hand,No hand detected at the current thresholds.,,1836,3264,0,,8e43984aa7514826b38e675fab28684351b9a519f80d19b262d18f87b2b78d4f
T/IMG_20210605_174008.jpg,T,no_hand,No hand detected at the current thresholds.,,1836,3264,0,,fff3cf298275441dd3a1990f16f9a12cea7055d3269a972b86ba349362b0e831
U/hand1_u_left_seg_5_cropped.jpeg,U,no_hand,No hand detected at the current thresholds.,,400,400,0,,f98654d48f5b4aa9e2c1bebbb156d945267608541a188ca911bc95668138a519
U/hand1_u_right_seg_1_cropped.jpeg,U,no_hand,No hand detected at the current thresholds.,,400,400,0,,3df251e1036e51ae13d173a2ece291ea6ed91decfb819dd9f3026b60811d5504
U/hand1_u_right_seg_2_cropped.jpeg,U,no_hand,No hand detected at the current thresholds.,,400,400,0,,6dd34ae801c4a19815654ef7e0a0d46de8033d9e7aa265325faea0fbe729ca0c
U/hand1_u_right_seg_3_cropped.jpeg,U,no_hand,No hand detected at the current thresholds.,,400,400,0,,9e38aaa9a30085b9a63182fd32b58a755b1b29e745bec3d5d6ef63532cda0160
U/hand1_u_right_seg_4_cropped.jpeg,U,no_hand,No hand detected at the current thresholds.,,400,400,0,,c71b20bf3617cfde671a2597b13e01d636a3eadbad8edd1728108fb9b5d5c7d5
U/hand1_u_right_seg_5_cropped.jpeg,U,no_hand,No hand detected at the current thresholds.,,400,400,0,,4d5b8a6b2c29c50dd6eb7f9c3dd007b884a35924f4fc4c90de5181ec882bce21
U/hand5_u_dif_seg_4_cropped.jpeg,U,no_hand,No hand detected at the current thresholds.,,400,400,0,,66dbec3097fa708260a6ac0dad185b5687abaaec7dfd1c7bd23ef27853cf5094
U/IMG_20210605_174050.jpg,U,no_hand,No hand detected at the current thresholds.,,1836,3264,0,,8c0993f300dc15f4b64ae7852a9aea1426c455ec1bbc1746841fbd7ae0af52c3
U/IMG_20210605_174059.jpg,U,no_hand,No hand detected at the current thresholds.,,1836,3264,0,,65e69972276373186291c0f3c4fccac585e777b81873ac86031294add36f564c
U/IMG_20210605_174103.jpg,U,no_hand,No hand detected at the current thresholds.,,1836,3264,0,,6d06eeb3c675d136c3e796f2ddc584d56a2d00746ef5951ab87a590c6f7bb196
V/hand1_v_dif_seg_1_cropped.jpeg,V,no_hand,No hand detected at the current thresholds.,,400,400,0,,1b83ed3e9252a87338551b7d4393829a2c2a4e81177d7e2d92c8c32dfd9f9b25
V/hand1_v_left_seg_1_cropped.jpeg,V,no_hand,No hand detected at the current thresholds.,,400,400,0,,9f945c1f2882f4e0b4a6fab433eac3868b687c80c27c6c6cc9b075770046b8ad
V/hand1_v_left_seg_2_cropped.jpeg,V,no_hand,No hand detected at the current thresholds.,,400,400,0,,939555500aa88e63216c68ad24d3f292860ee826113a35f26840e66fee157c94
V/hand1_v_left_seg_5_cropped.jpeg,V,no_hand,No hand detected at the current thresholds.,,400,400,0,,6c81a90442b55b46d8307aca2404b99f6844bb04d0cf04be60cbe6ebe8490a8c
V/hand1_v_right_seg_1_cropped.jpeg,V,no_hand,No hand detected at the current thresholds.,,400,400,0,,388650a06361508843ac662ef43aaba9aa4d62ed7c97639c1ad49c83104077bc
V/hand1_v_right_seg_2_cropped.jpeg,V,no_hand,No hand detected at the current thresholds.,,400,400,0,,001ee545bbc5b23a00e8ad96529481ece85e6a570477b03f33b6250672fb408f
V/hand1_v_right_seg_4_cropped.jpeg,V,no_hand,No hand detected at the current thresholds.,,400,400,0,,2d8d31fca72733155a738a34fbf8bf4eae25eb2cec1ccaf19d7e62de248def91
V/hand1_v_right_seg_5_cropped.jpeg,V,no_hand,No hand detected at the current thresholds.,,400,400,0,,e36f279152503d9dd6c8f1595141abbbcac1311eceb9287fb5b4c3cb5427c44a
V/hand1_v_top_seg_3_cropped.jpeg,V,no_hand,No hand detected at the current thresholds.,,400,400,0,,0768e626f9ac1bba8087fad2573dc21e285c476d07439bf4265e28e50bc8cec4
V/hand1_v_top_seg_4_cropped.jpeg,V,no_hand,No hand detected at the current thresholds.,,400,400,0,,8467dbe859f7bf9b83d00a9c0e529058aaf34542ba62ca41d0b6c431bc11a6f4
V/hand2_v_right_seg_5_cropped.jpeg,V,no_hand,No hand detected at the current thresholds.,,400,400,0,,9aabdae5b12de3128fd34e54c285829b937e2086267eca4e3271b84f62b1bbbb
V/hand5_v_bot_seg_1_cropped.jpeg,V,no_hand,No hand detected at the current thresholds.,,400,400,0,,42c02c2679dd69b707d6cc634d79563337d5c2af9b3bf868a62181b2b3fc04ba
V/hand5_v_bot_seg_2_cropped.jpeg,V,no_hand,No hand detected at the current thresholds.,,400,400,0,,1142214e48463d41bc78cf7dc02a6f69491bfde13ff6383b457448cd6909fbcb
V/hand5_v_bot_seg_4_cropped.jpeg,V,no_hand,No hand detected at the current thresholds.,,400,400,0,,84bf9acb68a688bc0695162771754e46a9345b5e0f6dc7fa85bfb4e4aa461225
V/hand5_v_bot_seg_5_cropped.jpeg,V,no_hand,No hand detected at the current thresholds.,,400,400,0,,b3fc86ace89aca1b8b9f92b7446675ab53eda1610ccb3ad299d7253078e1a608
V/hand5_v_dif_seg_1_cropped.jpeg,V,no_hand,No hand detected at the current thresholds.,,400,400,0,,05fff966154f4bbb7a0b1b35c0960d85ba4282db72f542e9d6eb528508d498a1
V/hand5_v_dif_seg_3_cropped.jpeg,V,no_hand,No hand detected at the current thresholds.,,400,400,0,,97096a7007660b016415ae5a38bfbe56ab0ddd3fa10ae4c29e57cf3030f2937a
V/hand5_v_dif_seg_4_cropped.jpeg,V,no_hand,No hand detected at the current thresholds.,,400,400,0,,445272a6688e15e16faf1c0bb3cb7a8e9b9fe128418d406a9fbddc665ff38a85
V/IMG_20210605_174146.jpg,V,no_hand,No hand detected at the current thresholds.,,1836,3264,0,,e81153e03cb4d271ffb0be5a283cf255bd365ebb67d7fb911177b4e725bc58a2
W/hand1_w_bot_seg_2_cropped.jpeg,W,no_hand,No hand detected at the current thresholds.,,400,400,0,,9fa6f5ce884eebb79a6cc1c91bff9f133938aaaf084e5fd727cde9c90fc5e670
W/hand1_w_dif_seg_2_cropped.jpeg,W,no_hand,No hand detected at the current thresholds.,,400,400,0,,c16d928eff22df13ccaa980798a0b56bf137bef21bda86185f0a49e90c11d997
W/hand1_w_dif_seg_4_cropped.jpeg,W,no_hand,No hand detected at the current thresholds.,,400,400,0,,450e792b5336452d603979d308bb3d475e5414c62df3a3d832a956928a7c0b74
W/hand1_w_left_seg_1_cropped.jpeg,W,no_hand,No hand detected at the current thresholds.,,400,400,0,,ecc9c17534a07a55eeaf1685b1b2de5113c1c921668716c00d4705cfc2402bef
W/hand1_w_right_seg_1_cropped.jpeg,W,no_hand,No hand detected at the current thresholds.,,400,400,0,,b2b398d54ad0c77fe0e4c21c07f49b59539e9acb18d071ec3b66f379df09f795
W/hand1_w_right_seg_2_cropped.jpeg,W,no_hand,No hand detected at the current thresholds.,,400,400,0,,951d39e4f266d27618ad1b9376788d07cedf76c6723cb0b5f25822ce4b351d9c
W/hand1_w_right_seg_3_cropped.jpeg,W,no_hand,No hand detected at the current thresholds.,,400,400,0,,5f68131c86ca9308854564126609ef0531e85027876506e3f74d35611825c689
W/hand1_w_right_seg_4_cropped.jpeg,W,no_hand,No hand detected at the current thresholds.,,400,400,0,,ce8c212f86af190550a1de3268fc18a4c2154f82d24cbdabe0c92b96892ae5cd
W/hand1_w_right_seg_5_cropped.jpeg,W,no_hand,No hand detected at the current thresholds.,,400,400,0,,5c4006237265399f3a1687c9d873799769178e285759cca091ad8397e581ade7
W/hand1_w_top_seg_1_cropped.jpeg,W,no_hand,No hand detected at the current thresholds.,,400,400,0,,1b8fb68057f8e46e3c43937d60d1f25bea37315d5ae76094c9f7828dd6d77d4c
W/hand2_w_left_seg_3_cropped.jpeg,W,no_hand,No hand detected at the current thresholds.,,400,400,0,,eb40f27bffab72a682a16b1f9fdf36eb96d1f725bb55e09615cfa8bdf9d87a5a
W/hand2_w_right_seg_1_cropped.jpeg,W,no_hand,No hand detected at the current thresholds.,,400,400,0,,dfcf8a1e7d21071dece729dd777f13eacdd0db298e6c5d7d91b1d955064e2f80
W/hand2_w_right_seg_2_cropped.jpeg,W,no_hand,No hand detected at the current thresholds.,,400,400,0,,7e968a477a5f8bd79c029c4786a31a3b27f4d75b72251545fdc311d37e0a27b5
W/hand2_w_right_seg_3_cropped.jpeg,W,no_hand,No hand detected at the current thresholds.,,400,400,0,,a7860a6d2db4b8015212bac120d62625fea10c583955a120ef7ca45459754bda
W/hand2_w_right_seg_4_cropped.jpeg,W,no_hand,No hand detected at the current thresholds.,,400,400,0,,70c70db7d8834d8468374bfef95ac641136f827bb79dcca5dba9b24daf49a882
W/hand2_w_right_seg_5_cropped.jpeg,W,no_hand,No hand detected at the current thresholds.,,400,400,0,,90403558ec02517a21b146158c34b59d65096108607f410cdc145c07fbc4fc9d
W/hand5_w_bot_seg_4_cropped.jpeg,W,no_hand,No hand detected at the current thresholds.,,400,400,0,,ba563d8288969774091f6d52d625a98a3ea216a4e5908d07a2510ad6946e7ed8
W/hand5_w_bot_seg_5_cropped.jpeg,W,no_hand,No hand detected at the current thresholds.,,400,400,0,,895ac1cbb459770d35605c9497859ddb97296ce56a92c75a41327ab71e9603a7
W/hand5_w_dif_seg_2_cropped.jpeg,W,no_hand,No hand detected at the current thresholds.,,400,400,0,,c5511a2cc64f08490b4642f05e10d11d75fff5d83519d537bd59b1ef3e075fb3
W/hand5_w_dif_seg_4_cropped.jpeg,W,no_hand,No hand detected at the current thresholds.,,400,400,0,,166c8e2cae71bb5b84793ebc5875da20612f3b69d0247fcc792c186c28ce637b
W/hand5_w_dif_seg_5_cropped.jpeg,W,no_hand,No hand detected at the current thresholds.,,400,400,0,,0fe4fb19a19e05500a17355ba9c2bbf445fcc43423d87c5d7d9c4b7295ee3b72
X/1243756F-A4C6-4419-8773-4503E0B0A7D6.jpg,X,no_hand,No hand detected at the current thresholds.,,750,1334,0,,c9901fe57bca9cb833a4b44bc5d9cc97e009ac27eed2e0864ae37a5cb7c6f4de
X/A5E3251E-E429-4487-8EAD-55B7198884CD.jpg,X,no_hand,No hand detected at the current thresholds.,,750,1334,0,,7999b73aee92df05b78d82db68972022c07562e9db6d8e2895c818783b60076a
X/B012C360-2B48-4F35-98D6-ADF107F6508F.jpg,X,no_hand,No hand detected at the current thresholds.,,750,1334,0,,89ce0b9f4a838cef226f8299e08ea321f4b30d804b32dc3f3947218bfddd9ec6
X/hand1_x_left_seg_1_cropped.jpeg,X,no_hand,No hand detected at the current thresholds.,,400,400,0,,7b863c57944adee59bc7464963601ce3ab133fb1c0d34f38c73a4d6587d1b2d7
X/hand1_x_left_seg_2_cropped.jpeg,X,no_hand,No hand detected at the current thresholds.,,400,400,0,,e87707bbe3681ebbc3d98b89722559d5ceecc97e51c102ac5249386366822703
X/hand1_x_left_seg_3_cropped.jpeg,X,no_hand,No hand detected at the current thresholds.,,400,400,0,,45ce74182bde367137a233fd199a626bf7b33ce2fb663e49fca86088ca4e17c0
X/hand1_x_left_seg_4_cropped.jpeg,X,no_hand,No hand detected at the current thresholds.,,400,400,0,,6cb165324e1ae70398544150301e71c57eab1339b184e0d409f0490be1de2373
X/hand1_x_left_seg_5_cropped.jpeg,X,no_hand,No hand detected at the current thresholds.,,400,400,0,,01f69ca99d257ee9dfadbd7f455d8df5e8a82e7ec2ebb87f2d268b39038c17ae
X/hand1_x_right_seg_1_cropped.jpeg,X,no_hand,No hand detected at the current thresholds.,,400,400,0,,4557b61ee52639b42b8e051b7b012e8989ff9f6701b03958b1a1a342c071483b
X/hand1_x_right_seg_2_cropped.jpeg,X,no_hand,No hand detected at the current thresholds.,,400,400,0,,5c5571eae13efb870ae171f2aee8b61f28e7ce42fb2529a2cafb220a4840955b
X/hand1_x_right_seg_3_cropped.jpeg,X,no_hand,No hand detected at the current thresholds.,,400,400,0,,843ceee7223a4cb2b31f584ce30d42ef8c0e3ed8493b121a04c9d77b5f8599ec
X/hand1_x_right_seg_4_cropped.jpeg,X,no_hand,No hand detected at the current thresholds.,,400,400,0,,fce739ea72b1088840bdc7798e6b3abb6af11270e99fe3550e6ac22672a8782e
X/hand1_x_right_seg_5_cropped.jpeg,X,no_hand,No hand detected at the current thresholds.,,400,400,0,,b26388112a4d5bfc6e17ab27dacd23b35383f24481df1c80d9d3816194d95be0
X/hand1_x_top_seg_1_cropped.jpeg,X,no_hand,No hand detected at the current thresholds.,,400,400,0,,8db9a04184c0075530ec75c0c0fce072aee645defc6c6dfa2790854c4143b653
X/hand1_x_top_seg_2_cropped.jpeg,X,no_hand,No hand detected at the current thresholds.,,400,400,0,,8d023f9e6ae031320f7afbf89856972cf856dbb77d53f5d36848dc280f2f0cc1
X/hand1_x_top_seg_3_cropped.jpeg,X,no_hand,No hand detected at the current thresholds.,,400,400,0,,9dbd36cdd28e4dba4b8ea0b432544dcd2e987412d6fbae8cc855e1a2c05f5759
X/hand1_x_top_seg_4_cropped.jpeg,X,no_hand,No hand detected at the current thresholds.,,400,400,0,,0908482fca402d0c5f5256bf8f437f2aefa371d058c2d75640a2ab080ba39abb
X/hand1_x_top_seg_5_cropped.jpeg,X,no_hand,No hand detected at the current thresholds.,,400,400,0,,63fc7b6220c9ab7e41d8bac2b200f015b8cb88ff14a9858640bb2a6dc024aa06
X/hand2_x_top_seg_1_cropped.jpeg,X,no_hand,No hand detected at the current thresholds.,,400,400,0,,8e532feab599f6cee98e8280351c22eb6bfce9b0d56c39d0c9fe4dfbf25250b2
X/hand2_x_top_seg_2_cropped.jpeg,X,no_hand,No hand detected at the current thresholds.,,400,400,0,,4fc8ace97109700e54db85e753affadc7076d9fd0c964ca91cb6970dbd1397ef
X/hand2_x_top_seg_3_cropped.jpeg,X,no_hand,No hand detected at the current thresholds.,,400,400,0,,1f2f2fb02dfecdb9e9aebcb5259aece53a096fc9b852235406dcf269addae759
X/hand2_x_top_seg_4_cropped.jpeg,X,no_hand,No hand detected at the current thresholds.,,400,400,0,,ca0c4d9b9836e0f9c7142c74a42975d0eb9488362015e989004f5cf6dfdf9ec9
X/hand2_x_top_seg_5_cropped.jpeg,X,no_hand,No hand detected at the current thresholds.,,400,400,0,,02ac1b53ca5ad1caeea554fa8c06c8bfeb73277225d6e8a30b0ef403d9fe2d82
X/hand5_x_bot_seg_5_cropped.jpeg,X,no_hand,No hand detected at the current thresholds.,,400,400,0,,53003b6bc673f5dab612de78b6f3b59c4cfafbc5c699a6e168ccc5da1523fbeb
X/hand5_x_dif_seg_3_cropped.jpeg,X,no_hand,No hand detected at the current thresholds.,,400,400,0,,b6f88410b24fcabed6069556958d4efdab8b63195e4c75f233b4da03e17507a0
X/IMG_20210605_174251.jpg,X,no_hand,No hand detected at the current thresholds.,,1836,3264,0,,70d0da004502528b9dc5b2f55e1695fe9347c1e4d3aaddc96d8f87090873f68f
X/IMG_20210605_174300.jpg,X,no_hand,No hand detected at the current thresholds.,,1836,3264,0,,5dfcd5094a756b944b219a768b049ee99b1210b33b9c87fc38f0525bc53b687c
X/IMG_20210605_174305.jpg,X,no_hand,No hand detected at the current thresholds.,,1836,3264,0,,51f6f3d85bc25c8be31a6f97addc9f617aa5ba260b5dd43d8dd5eab67c18f108
X/IMG_20210606_203352.jpg,X,no_hand,No hand detected at the current thresholds.,,3120,4208,0,,5378ed9d00384088444085e180b7911df207659875efb4af0b5bba97bde8f1d6
X/IMG_20210606_203400.jpg,X,no_hand,No hand detected at the current thresholds.,,3120,4208,0,,edaab8b2f6a2806dc7a2713418df91a322254d825c5900e61fb78e7d49d36f72
Y/hand1_y_dif_seg_1_cropped.jpeg,Y,no_hand,No hand detected at the current thresholds.,,400,400,0,,58af10d8c286cca259190f646fdbb818dee14b629ce91883f86424349b586cdf
Y/hand1_y_dif_seg_2_cropped.jpeg,Y,no_hand,No hand detected at the current thresholds.,,400,400,0,,c6e7ba3844a3d663cb8d0ff04a00773b3e51057c250e98bc934e9c59c0cc3cf0
Y/hand1_y_left_seg_1_cropped.jpeg,Y,no_hand,No hand detected at the current thresholds.,,400,400,0,,df95781465b5607524d17b75898719533f1d078e29eb54ead76f0d08c5bacaa2
Y/hand1_y_left_seg_2_cropped.jpeg,Y,no_hand,No hand detected at the current thresholds.,,400,400,0,,e7fef5bd6b45ddca07b662433885dfdbac6c9226338d42a0f421f5afa2361d42
Y/hand1_y_left_seg_3_cropped.jpeg,Y,no_hand,No hand detected at the current thresholds.,,400,400,0,,8880e7a0e153ce234e069280a2caea0e2b6cc61fbbb5695bcd62e42e7a85686b
Y/hand1_y_left_seg_4_cropped.jpeg,Y,no_hand,No hand detected at the current thresholds.,,400,400,0,,a9a8668ec74f49884283e0acc0e4a4b98c086782e66cb79017bc5d7e2a197728
Y/hand1_y_left_seg_5_cropped.jpeg,Y,no_hand,No hand detected at the current thresholds.,,400,400,0,,a0f7f100d001dd7a02a9cbf0f35df51022db54dc8d45cbe0213e4f8e273d9a84
Y/hand1_y_right_seg_1_cropped.jpeg,Y,no_hand,No hand detected at the current thresholds.,,400,400,0,,1cba2705101d1dc38e88ca5be9ff56a5423e9ce2a7e6b4136472a1ba61ab5b4a
Y/hand1_y_top_seg_1_cropped.jpeg,Y,no_hand,No hand detected at the current thresholds.,,400,400,0,,19cf2e684eb74afc40fd8c9850a3eea86c96fa69499563cb322c62533089a07f
Y/hand1_y_top_seg_3_cropped.jpeg,Y,no_hand,No hand detected at the current thresholds.,,400,400,0,,71985dc52547d2bcac49e1b39b3a8dede079ea0fcd72c4cb6e84b347cbf80d65
Y/hand2_y_bot_seg_4_cropped.jpeg,Y,no_hand,No hand detected at the current thresholds.,,400,400,0,,14d8a4affa64ce3ef86564b52c5dc2c6e55e3f2ba6c957958d17870c7964f8dc
Y/hand2_y_bot_seg_5_cropped.jpeg,Y,no_hand,No hand detected at the current thresholds.,,400,400,0,,2e986b6aafdd6a9c45c429ed5cb73dc69d2e09e4e37b4ea3f7f6e64aa9ca505a
Y/hand2_y_left_seg_1_cropped.jpeg,Y,no_hand,No hand detected at the current thresholds.,,400,400,0,,199dfcd6d9c5fd7cd894949a66f6eff1671a4d1e71baec5577ef85c7906f5658
Y/hand2_y_left_seg_2_cropped.jpeg,Y,no_hand,No hand detected at the current thresholds.,,400,400,0,,b7c5f9a78e4a67d17a58e6113cccb98d1020fd8602da86354f26c4fcf0d11909
Y/hand2_y_left_seg_3_cropped.jpeg,Y,no_hand,No hand detected at the current thresholds.,,400,400,0,,242298801fe044a5ed066b9be1c388a746dbb4c6f52b4ab591609bdf11de5780
Y/hand2_y_left_seg_4_cropped.jpeg,Y,no_hand,No hand detected at the current thresholds.,,400,400,0,,f2a157f7ffcabe196167f4d3b2889508e76fad784e0febb1d0cb7881afe29fb0
Y/hand2_y_left_seg_5_cropped.jpeg,Y,no_hand,No hand detected at the current thresholds.,,400,400,0,,8ea1fc26ce8cf762f2c5b2cb590d736101e6f3bd334b0a796c8dd08d57d65ff7
Y/hand2_y_right_seg_1_cropped.jpeg,Y,no_hand,No hand detected at the current thresholds.,,400,400,0,,8b0e3952085d01aa6e918ac30e062120f7d7bc1d01f9fe1fe0eced46859162b4
Y/hand2_y_right_seg_2_cropped.jpeg,Y,no_hand,No hand detected at the current thresholds.,,400,400,0,,2bc43535b23aefce8e1a0879271bddfa2f50002ce7bbca8a803b6e7a5303fe98
Y/hand2_y_right_seg_3_cropped.jpeg,Y,no_hand,No hand detected at the current thresholds.,,400,400,0,,e80f336b2f4e9b32c15a4a60db7073923d9e426ecf76ed859297e786bda9d418
Y/hand2_y_right_seg_4_cropped.jpeg,Y,no_hand,No hand detected at the current thresholds.,,400,400,0,,0e1c8f8f1ae43b3728cd00055ee94522e51ffcf2d94022cffd9d439f15a6e5d7
Y/hand2_y_right_seg_5_cropped.jpeg,Y,no_hand,No hand detected at the current thresholds.,,400,400,0,,19a2844db110b1731d82ce1f2a1cfad8c89297425d07f4d12ac13dd5e45d079d
Y/hand4_y_bot_seg_2_cropped.jpeg,Y,no_hand,No hand detected at the current thresholds.,,400,400,0,,59f77a73e74470a31d9f92e1ee84724ee3977e9ac8998eafe26d470883557baf
Y/hand4_y_bot_seg_4_cropped.jpeg,Y,no_hand,No hand detected at the current thresholds.,,400,400,0,,c675672da1de0c96c7bcf5d87b814a542b248f4285d3b440b36a9a84b451e006
Y/hand5_y_bot_seg_1_cropped.jpeg,Y,no_hand,No hand detected at the current thresholds.,,400,400,0,,71dc6dc6846ef55895dd1d3511918b9444142d5f1393d4d5bd9599dd9770837b
Y/hand5_y_bot_seg_2_cropped.jpeg,Y,no_hand,No hand detected at the current thresholds.,,400,400,0,,c88b6b946ddb4c9ab080fb8a99e808106c7cc6c7e6303dcecd1c89bc0a3f5a54
Y/hand5_y_bot_seg_3_cropped.jpeg,Y,no_hand,No hand detected at the current thresholds.,,400,400,0,,43d4cfa76f68cd9ad5e4c89c944d69717deb63464e287d171387158142de50a5
Y/hand5_y_bot_seg_4_cropped.jpeg,Y,no_hand,No hand detected at the current thresholds.,,400,400,0,,30004d41db289b593fac1aee2c103025cfc0bd956e121d614b380968aff3f6cf
Y/hand5_y_bot_seg_5_cropped.jpeg,Y,no_hand,No hand detected at the current thresholds.,,400,400,0,,2b76f2f8519c1a3e2b733cd51defd296d46269b47ba2f8fe1895bf17082ec2eb
Y/hand5_y_dif_seg_2_cropped.jpeg,Y,no_hand,No hand detected at the current thresholds.,,400,400,0,,17927c4c4eb7a1c347da8e850fe466ddb7f68d3a475413b04fd185548aa79344
Y/hand5_y_dif_seg_3_cropped.jpeg,Y,no_hand,No hand detected at the current thresholds.,,400,400,0,,8489c631d9d3c3f18ce511d59e9a25aea692e038e0174ddb07337c917393129e
Y/hand5_y_dif_seg_4_cropped.jpeg,Y,no_hand,No hand detected at the current thresholds.,,400,400,0,,eeb9f07c2647ec4869f729a773275e0a28addbc36c8f98d0ccd3fcd3d10b9f64
Y/hand5_y_dif_seg_5_cropped.jpeg,Y,no_hand,No hand detected at the current thresholds.,,400,400,0,,2f6f476294398e0a5531cf8fd1b5e1b592a89b51097626fa2627977de2785e79
Z/hand1_z_left_seg_1_cropped.jpeg,Z,no_hand,No hand detected at the current thresholds.,,400,400,0,,82a2f14c11d4cda4d2b9d10042a2efe22a82f7e8873929daa97074a05f64ac08
Z/hand1_z_left_seg_2_cropped.jpeg,Z,no_hand,No hand detected at the current thresholds.,,400,400,0,,5829b17495c15c5b16d18c37aa935bf04b6001430e5e44fa787d3afda2e89550
Z/hand1_z_left_seg_3_cropped.jpeg,Z,no_hand,No hand detected at the current thresholds.,,400,400,0,,3646a6d7b5a4bec2883b5dcf353c79cbe610421c6480d6986e1d7855596e7804
Z/hand1_z_left_seg_4_cropped.jpeg,Z,no_hand,No hand detected at the current thresholds.,,400,400,0,,f39d63b91fa01b442a5e3cd30a17876f4c8609707649be194d5340a8459eb7c3
Z/hand1_z_left_seg_5_cropped.jpeg,Z,no_hand,No hand detected at the current thresholds.,,400,400,0,,92395b942fab433fe40aa53ef88714acc57fe0f5df585edee479af804a3d0f70
Z/hand1_z_right_seg_1_cropped.jpeg,Z,no_hand,No hand detected at the current thresholds.,,400,400,0,,8dbf1cdd5bf57b48704cf15188270eac2a9ea55ef5129377ae342fa2f84427ed
Z/hand1_z_right_seg_2_cropped.jpeg,Z,no_hand,No hand detected at the current thresholds.,,400,400,0,,255972d99c6df829ec87f973ea91ce3d80ffe8f9c22d861f115bfc745378543b
Z/hand1_z_right_seg_3_cropped.jpeg,Z,no_hand,No hand detected at the current thresholds.,,400,400,0,,bd9f76c1c16c99a50d0c1cdcd24f4d43b21d29b5d18db24a802d61fda9dd673b
Z/hand1_z_right_seg_4_cropped.jpeg,Z,no_hand,No hand detected at the current thresholds.,,400,400,0,,e9fcf96c270832770c31577108d0344e1fe25bc21c2a26a1c3d171347e46a715
Z/hand1_z_right_seg_5_cropped.jpeg,Z,no_hand,No hand detected at the current thresholds.,,400,400,0,,202d4c13368ac96a310fe1e97f5791f6828c064af6bf7c974c518056eeedded5
Z/hand2_z_bot_seg_3_cropped.jpeg,Z,no_hand,No hand detected at the current thresholds.,,400,400,0,,ddf2c70f00207ef972957a5ab77ef7ef9b7947a459fcabb06f529511b4eb0079
Z/hand5_z_bot_seg_1_cropped.jpeg,Z,no_hand,No hand detected at the current thresholds.,,400,400,0,,ea46b09b277499a3cdfff3a209b7014a9b8acc5f0e70668980f9659ca787ff34
Z/hand5_z_bot_seg_2_cropped.jpeg,Z,no_hand,No hand detected at the current thresholds.,,400,400,0,,dec312efad4873d7fa7294a14d79de746336ff194621621ce1cf4278f6cc022e
Z/hand5_z_bot_seg_3_cropped.jpeg,Z,no_hand,No hand detected at the current thresholds.,,400,400,0,,038a4299a39838cfe701bdb8eb1e1e47d9ec8175fd95423c86ac29207cc7700a
Z/hand5_z_bot_seg_4_cropped.jpeg,Z,no_hand,No hand detected at the current thresholds.,,400,400,0,,c47fada89452da1ad196eb4344f3b2640d7556a630b76c25642c8c51493619d9
Z/hand5_z_bot_seg_5_cropped.jpeg,Z,no_hand,No hand detected at the current thresholds.,,400,400,0,,f0b88fe7276c361098591d3ef6487540cae753add8f20f7a44d5b1332d676d94
Z/IMG_20210605_174454.jpg,Z,no_hand,No hand detected at the current thresholds.,,1836,3264,0,,3d42ce9e6ffb75ddecce071a4b6b4211c56ac805dcd1f12bc62e06989c642b05
