source_image,label,feature_row,clean_row,source_group,split,split_row,image_sha256
0/hand1_0_bot_seg_1_cropped.jpeg,0,0,0,hand1,train,0,9bc81b792d9c33982dff136d6492f49621418f5b2102bc334148c4f9564ae836
0/hand1_0_bot_seg_2_cropped.jpeg,0,1,1,hand1,train,1,db92ef1a9de01a402fef9fa59d68a626b92d51fef73c1f321e37b27278251d8b
0/hand1_0_bot_seg_4_cropped.jpeg,0,2,2,hand1,train,2,b3a0e9cedf8ac996aac7bc556b5a226f036f53791cbfae13329b1737bdc7784d
0/hand1_0_bot_seg_5_cropped.jpeg,0,3,3,hand1,train,3,dcc1b5ecfbf3da23b8fb93d30d76a1b569db634a296397f21c6d0816d34b1c2e
0/hand1_0_dif_seg_1_cropped.jpeg,0,4,4,hand1,train,4,8928e94632a516c12037ff5b0e75375b5318a03cf65d267564a2c6e3b229347e
0/hand1_0_dif_seg_2_cropped.jpeg,0,5,5,hand1,train,5,7a893ae78768abb6961b601f4c8c8c64869f22d9093a40bb2a4c9439ab5091e8
0/hand1_0_dif_seg_3_cropped.jpeg,0,6,6,hand1,train,6,dbf28ba5c8285607e14b5eaeba07b34ddc3d08d110271a5387670057c40f2e56
0/hand1_0_dif_seg_4_cropped.jpeg,0,7,7,hand1,train,7,fd5147ab88c433677382084fff8365c385b91a90aae6fdadcc2b0e7110b7d21a
0/hand1_0_dif_seg_5_cropped.jpeg,0,8,8,hand1,train,8,0eaed7b400898c4e603b203c44b05269bf07b9579dd480bb324035a633b6ef9a
0/hand1_0_left_seg_1_cropped.jpeg,0,9,9,hand1,train,9,62ebba059e0259485c9e35d70ab98c8d6b6497305a91a2f506c461bf4e049b80
0/hand1_0_left_seg_2_cropped.jpeg,0,10,10,hand1,train,10,00bef6aa34a34baba61cb1fdcc53c9888b8a1a851522acab6e40bc7c9a79b12a
0/hand1_0_left_seg_3_cropped.jpeg,0,11,11,hand1,train,11,8842570f075d9b50e0d182a5c68616ef0f477c5b40b950665e5d240a73bb15c8
0/hand1_0_left_seg_4_cropped.jpeg,0,12,12,hand1,train,12,7d4853ac45fa218602082ec579c38ed8a1a530be50ccddb39604fdc68ed5ad97
0/hand1_0_left_seg_5_cropped.jpeg,0,13,13,hand1,train,13,a19313310c337c83edb8bdf54f90b6b78865560e154868882d3b5ec144e97ba9
0/hand1_0_top_seg_1_cropped.jpeg,0,14,14,hand1,train,14,0baedf28bb02d208e0226800ec9f9c2d1087eda8f253dfeb7e11f118ed5c8494
0/hand1_0_top_seg_2_cropped.jpeg,0,15,15,hand1,train,15,ab2fc2e53b3e1e37ea03238bad2b0c3908d12b52c8423c458b3ae4e651bfdc9d
0/hand1_0_top_seg_3_cropped.jpeg,0,16,16,hand1,train,16,b73490dab516323879ab36e40af6c8ecab439de3f6fdfdc7477bd22e3beee736
0/hand1_0_top_seg_4_cropped.jpeg,0,17,17,hand1,train,17,b5db3b69b1717776bb3bc466a89c517a57d2dee5fe0dfb865eb1dc90aacec38a
0/hand1_0_top_seg_5_cropped.jpeg,0,18,18,hand1,train,18,6c8a22421a7162d9122c300864451d73615e081d3045bf24a8e1e7f59ed63507
0/hand2_0_bot_seg_1_cropped.jpeg,0,19,19,hand2,train,19,897a2a9756235ec43475723d46b9e846e5934b5e08b517e9a429c0141ff9f4b4
0/hand2_0_bot_seg_2_cropped.jpeg,0,20,20,hand2,train,20,d998dac57625942d848ee7e1209f08792ec9ac654a8930546172563a0ab7d8b9
0/hand2_0_bot_seg_3_cropped.jpeg,0,21,21,hand2,train,21,0d2cc368da5db922628510596ce545580f43cbb1bfc75160752530f73a269bd8
0/hand2_0_bot_seg_4_cropped.jpeg,0,22,22,hand2,train,22,ed017f176c8d635a29bb92429406f80bd84078fbfc4f37ef8c73f36827c7f4cf
0/hand2_0_bot_seg_5_cropped.jpeg,0,23,23,hand2,train,23,55ed460461c0c31e62e313ffa5b84bf6dc1ef325be37210364fad85bd473a084
0/hand2_0_dif_seg_1_cropped.jpeg,0,24,24,hand2,train,24,ed0ed4fa497f9b262074e1cb298c9b3c55858ad6ad4fbd2433b6de24b7530d87
0/hand2_0_dif_seg_2_cropped.jpeg,0,25,25,hand2,train,25,a19fc187bc7ca41ecee21da4f4012f61ea19cb36e2ee2427bb774892027437c8
0/hand2_0_dif_seg_3_cropped.jpeg,0,26,26,hand2,train,26,ca4db5bb5311f64fb762ebb81fe2b888ca16bcfb853e1844790160f196ae3aa9
0/hand2_0_dif_seg_4_cropped.jpeg,0,27,27,hand2,train,27,16a40d8a560114e28bbff30c174765e2e2fec65edd3ea2d9c7dc373347c6c81b
0/hand2_0_dif_seg_5_cropped.jpeg,0,28,28,hand2,train,28,9a574238a596bfb60ca542c889717ea20240cb0d0c2f06abea7c8ef1295f555c
0/hand2_0_left_seg_1_cropped.jpeg,0,29,29,hand2,train,29,46ce530494cc02ae4f0d80f1851287d97b7f7efdd441262dee62887bc287d9b0
0/hand2_0_left_seg_2_cropped.jpeg,0,30,30,hand2,train,30,d5edc7786c7c6bcf008463f663f5db12d2f6e925cc82b44b0d07548c2d9b924d
0/hand2_0_left_seg_3_cropped.jpeg,0,31,31,hand2,train,31,ace5ed21a2bf5bf0a912aedc104fc3f5ed98c3e7ba79a1f0c1ae56a177212912
0/hand2_0_left_seg_4_cropped.jpeg,0,32,32,hand2,train,32,c8b23121d22a8c8c624908fbe616397e663ff3daf53a4631f49758a91e714921
0/hand2_0_left_seg_5_cropped.jpeg,0,33,33,hand2,train,33,e1e749c85c5c54d773ad6507b36179b1ec524ee96bee84047342909df389157b
0/hand2_0_right_seg_1_cropped.jpeg,0,34,34,hand2,train,34,2e823af2daf7519ca2af5427a4f352f0abd3ffa2a2540cefa9d150d108463c86
0/hand2_0_right_seg_2_cropped.jpeg,0,35,35,hand2,train,35,404725a456767739a09874650ab53509e4b4802d8b83bf50159b9d8e7bdd7a57
0/hand2_0_top_seg_1_cropped.jpeg,0,36,36,hand2,train,36,7f15dc45b0bb6cfb4fe8644f231750d4c13147dbd8f0a095697bcc8140214993
0/hand2_0_top_seg_2_cropped.jpeg,0,37,37,hand2,train,37,fdb2afb70dba0cb0bd408b16a0de40fa5e48ffa395f84ac0a42b47d0b0e9e371
0/hand2_0_top_seg_3_cropped.jpeg,0,38,38,hand2,train,38,06ba76dc4312257cfb74c16d7a3e3352bf4d634d3918f0b0f1929e7769b2799a
0/hand2_0_top_seg_4_cropped.jpeg,0,39,39,hand2,train,39,63e452e31c838d4950487cb85ae2f1a60e34368528006cebc87243ba78e14ddd
0/hand2_0_top_seg_5_cropped.jpeg,0,40,40,hand2,train,40,e849c18c95369b3b045c424654ae03cb319eba5ca805e1ce4a116d8219bcc203
0/hand3_0_dif_seg_1_cropped.jpeg,0,41,41,hand3,validation,0,8ead982bf3f66165521d9a9cef7987282cae78f19bd026d9bb6e231a43d11f47
0/hand3_0_dif_seg_2_cropped.jpeg,0,42,42,hand3,validation,1,9abb7d7205c8652fb9de83be090dfa76bf14e41db4ee6991291bb2877a69f4a7
0/hand3_0_dif_seg_3_cropped.jpeg,0,43,43,hand3,validation,2,407a574940bf52957882029c86536f30e586d549e7927dc23b7849f372201e04
0/hand3_0_dif_seg_4_cropped.jpeg,0,44,44,hand3,validation,3,274932bb7867fa676e18f1daa153be716a64c63629f7101f339957ec16848f5d
0/hand3_0_dif_seg_5_cropped.jpeg,0,45,45,hand3,validation,4,514a69f1cb2660249a1818614329b50021f09bc23c2229b0f5dead7bfb39dfd2
0/hand4_0_bot_seg_1_cropped.jpeg,0,46,46,hand4,validation,5,a534417547ebf8146464c14fb6abe712fd887e6a401647c211cbdd1b13ce6323
0/hand4_0_bot_seg_2_cropped.jpeg,0,47,47,hand4,validation,6,3ea5c942bdccc2fad219fe7ab1f963dfb1cb40afaf5d500d91c40dd1e2023856
0/hand4_0_bot_seg_3_cropped.jpeg,0,48,48,hand4,validation,7,2a6d401018602a0f8c7f1ce5dddcd0dbe12281da34136bf395cf08fa104bfb0b
0/hand4_0_bot_seg_4_cropped.jpeg,0,49,49,hand4,validation,8,f03c4f4fde3c3f988378394e992b0de17ab29c3acf9b9127665a752ac6dddf14
0/hand4_0_bot_seg_5_cropped.jpeg,0,50,50,hand4,validation,9,abe717886e2ed8d87d8363e54a6f7fc84d478d4608b604616bc41ca479c3653f
0/hand5_0_bot_seg_1_cropped.jpeg,0,51,51,hand5,test,0,3ac924205db4ae68a05ad43796d164b1168cbee8f6df06fae19bdfe43ce00979
0/hand5_0_bot_seg_2_cropped.jpeg,0,52,52,hand5,test,1,ab88d6f56db8c8919aaee2d7ebf1bad1dad6e69f6b125f29fc0107abd456d19a
0/hand5_0_bot_seg_3_cropped.jpeg,0,53,53,hand5,test,2,3effe3a0b1c85a32a36bdd2441a507f64e01456b90e1d6f0ab31a5f4fd94a070
0/hand5_0_bot_seg_4_cropped.jpeg,0,54,54,hand5,test,3,591d10afa42a562535f31dd4f254c3ab4534de1507ff9d6fff553987bb622300
0/hand5_0_bot_seg_5_cropped.jpeg,0,55,55,hand5,test,4,6876a05070980773602d9620df8114982addcc718adeeca9daaff6215a1d634c
0/hand5_0_dif_seg_1_cropped.jpeg,0,56,56,hand5,test,5,8a5aa06f5226ab46e05345ae0bfc582b805dcdebf18861fba40141410df82d58
0/hand5_0_dif_seg_2_cropped.jpeg,0,57,57,hand5,test,6,a9ab0177537e47645bb01435876a6467c153f5eb0cdf62e0b61a8ec6d7909461
0/hand5_0_dif_seg_3_cropped.jpeg,0,58,58,hand5,test,7,89910cad3a9cf84ab70730ef573b1fb0f73a2fc61a54850856f8bdb849d797d2
0/hand5_0_dif_seg_4_cropped.jpeg,0,59,59,hand5,test,8,179b5169d23396ff755cf96b9316789f9b4e4ab35283751838abc0328e62f23d
0/hand5_0_dif_seg_5_cropped.jpeg,0,60,60,hand5,test,9,7d1731d0739fc45637965ce7c03a148acc260efe04ac3f7674639e69b9b3954d
1/hand1_1_bot_seg_1_cropped.jpeg,1,61,61,hand1,train,41,5aa7ab8752928c3ce26d65a16bd54d180ab943a71b385cc763e01fcc5e9df131
1/hand1_1_bot_seg_2_cropped.jpeg,1,62,62,hand1,train,42,d31ca62df860091f5b26d0009630c0e917e3f3eca3adaac5f9ec4b5eedc83301
1/hand1_1_bot_seg_3_cropped.jpeg,1,63,63,hand1,train,43,140d1c01b30ecf7c53405719e1ece17a4517b44e2aaf7e7a9df6164d2bd261cc
1/hand1_1_dif_seg_1_cropped.jpeg,1,64,64,hand1,train,44,244b30fa24175eb82798b16006ebf4801797e8c539195790bf7d8af8f047b0ac
1/hand1_1_dif_seg_2_cropped.jpeg,1,65,65,hand1,train,45,b49bffe598c79055225c0acd566bd0f152fe06c599442235d58f8201acdaad79
1/hand1_1_dif_seg_3_cropped.jpeg,1,66,66,hand1,train,46,faee5c6155e7c668b93b082ba2ee3ee98495adaa337b68e34d39b5aa051a26fc
1/hand1_1_dif_seg_4_cropped.jpeg,1,67,67,hand1,train,47,b01388de19e5fc8bad4da033ae86605265a812af3735aed8300c3a595605bf66
1/hand1_1_dif_seg_5_cropped.jpeg,1,68,68,hand1,train,48,ead0443666cdff8de6a8e499b95e33375fb73d596b08bc0d3d9c9c5b27ce71dc
1/hand1_1_left_seg_1_cropped.jpeg,1,69,69,hand1,train,49,ba674390e9f6830fa3f4ab99ab7e241861bccdd856f6345bfa248216276d65e8
1/hand1_1_left_seg_2_cropped.jpeg,1,70,70,hand1,train,50,ffc851e3d226a3f08082a73b53ae1cb63d95bbc3ccbf4f64430d2d7750efb9c9
1/hand1_1_left_seg_3_cropped.jpeg,1,71,71,hand1,train,51,846a88f71f391ffd277c592ed1f7f1c101e4d2944a1b6f62af333e98753ecc20
1/hand1_1_left_seg_4_cropped.jpeg,1,72,72,hand1,train,52,8f795ad70c2ffa72576c161d508cf385ab9eea95729ce73fe2d734483e287f28
1/hand1_1_left_seg_5_cropped.jpeg,1,73,73,hand1,train,53,9c0c1dc10dac917ab3570d9ce93af077040867415ed54ca14251fa4349b3858a
1/hand1_1_right_seg_1_cropped.jpeg,1,74,74,hand1,train,54,b8d2a5a4916ce75764c8db91441cee3dd5030ed1ab4a6509e7ffc6aad640b1c1
1/hand1_1_right_seg_2_cropped.jpeg,1,75,75,hand1,train,55,aef6baa4b16f70526abe33553b36bb1f7d7058d0e18585a0ce0cd7eaec10a18e
1/hand1_1_right_seg_3_cropped.jpeg,1,76,76,hand1,train,56,e2176de86d9f26d7322332eaee28605367869b71ef8a5a449c1dd3244ea7704b
1/hand1_1_right_seg_4_cropped.jpeg,1,77,77,hand1,train,57,836c6e563863391b6d16f77f1ecc9da16f3b0be4e8440184d2eb8cdce85e1cec
1/hand1_1_right_seg_5_cropped.jpeg,1,78,78,hand1,train,58,751cabdbd4db2857d61227c6ac3b1b010ac081b6437970e1ed3b2ed2e9990d4a
1/hand1_1_top_seg_1_cropped.jpeg,1,79,79,hand1,train,59,a30a49d2042409fdb68b6d9557109edf9985ffd9c8132e6e800b3ee870ffe9a9
1/hand1_1_top_seg_2_cropped.jpeg,1,80,80,hand1,train,60,32d8f9fc4e7fc5d9c0001ae8a032fa2169079f457f34484a947839683bc02386
1/hand1_1_top_seg_3_cropped.jpeg,1,81,81,hand1,train,61,802efa7c992250e934e15d8be1c50f35b0c62271cb1d0a3f1461c59dcfd219ee
1/hand1_1_top_seg_4_cropped.jpeg,1,82,82,hand1,train,62,2862d69699140d6bcceed22b3d043e299c1329bc9c6c7e8f0c825aea1323dfb8
1/hand1_1_top_seg_5_cropped.jpeg,1,83,83,hand1,train,63,3d5d57d6a382dd00d07c50e4075dcdd3af94df57aeb1098bdd47b8cfa2007ac7
1/hand2_1_bot_seg_1_cropped.jpeg,1,84,84,hand2,train,64,9b964869a4e94b93168746056e5b051916b558af3ce4b9c614402e8775c41eb5
1/hand2_1_bot_seg_2_cropped.jpeg,1,85,85,hand2,train,65,699b420bc6d276bf254921473f850d85caee88fb31d088841d524617c217d376
1/hand2_1_bot_seg_3_cropped.jpeg,1,86,86,hand2,train,66,7f2c3e79e7cd1bcac413700a91f9f81a42d2bec1530385925ec093972275e34d
1/hand2_1_bot_seg_4_cropped.jpeg,1,87,87,hand2,train,67,dd0644137c641f677c08e7e9abb2d9d343fc9a80362d1755b1288920b6471bb1
1/hand2_1_bot_seg_5_cropped.jpeg,1,88,88,hand2,train,68,c7f607da4361f460515ab24361feb6d74470e196a9a55fe842f9902b5da26e27
1/hand2_1_dif_seg_1_cropped.jpeg,1,89,89,hand2,train,69,78176b0585a5d9d6c187d88f9a9c4df9757020018cafa8b71bdd32edc76fb0f6
1/hand2_1_dif_seg_2_cropped.jpeg,1,90,90,hand2,train,70,a605561082a8da6e81fce654bad5701153d4cd296a0156d62c7a58e1ec38749d
1/hand2_1_dif_seg_3_cropped.jpeg,1,91,91,hand2,train,71,68f8816cc58ffae7afed166dab227f2afdd7defb0ea86d0c2937363e7713f58d
1/hand2_1_dif_seg_4_cropped.jpeg,1,92,92,hand2,train,72,b4b90a9ab900ecf67904211cbe5f12c32cbbd9f4f3886de7ef1bcbf9df449e09
1/hand2_1_dif_seg_5_cropped.jpeg,1,93,93,hand2,train,73,393bc509578f606195defa6874a3b06416dafcbdb49119d8963c7e9c7fed3efc
1/hand2_1_left_seg_1_cropped.jpeg,1,94,94,hand2,train,74,bcfcb278f7c703caf22dc5199383c5400dfea8c21959b36ed0dc25f8331b0784
1/hand2_1_left_seg_2_cropped.jpeg,1,95,95,hand2,train,75,97701c194d867350a4868e9a885239e8f68c7339abb7ebd5dba811744330c5fe
1/hand2_1_left_seg_3_cropped.jpeg,1,96,96,hand2,train,76,f9a44d1a3b78143c802e2acdd94c0bdc9ed5dacd4e7ac740f8526708b77bc186
1/hand2_1_left_seg_4_cropped.jpeg,1,97,97,hand2,train,77,a0bfc01aa2837585695e2b10ebe36f6e98b85702b97af7288e6f9b82cf5fc9f5
1/hand2_1_left_seg_5_cropped.jpeg,1,98,98,hand2,train,78,25a65c2f3f1b85d74ba3d2916e3ffb3e4f16ea3ca00fcca382540e875fad2e56
1/hand2_1_right_seg_1_cropped.jpeg,1,99,99,hand2,train,79,685604bea116f5ece37a3afa2abb82de56fcbe2fdaa6cb0c5a80098b288c84fb
1/hand2_1_right_seg_2_cropped.jpeg,1,100,100,hand2,train,80,1bd524f3604d4fd9c6de5b6c0b2e0a3a20e77b92a547103308903546cba0e84d
1/hand2_1_right_seg_3_cropped.jpeg,1,101,101,hand2,train,81,4332f39844c8a968f004bd70852df5e482041fd3b1d42651458c839963979a60
1/hand2_1_right_seg_4_cropped.jpeg,1,102,102,hand2,train,82,e5c66e9e090df6b394815c507473f425377591e146a7993deae7b3cb50cb252b
1/hand2_1_right_seg_5_cropped.jpeg,1,103,103,hand2,train,83,8c8ffcfe99ef03cebd27ccb5d0f6a7aa75e5de67ab1c1afd3ab80a961b1cda44
1/hand2_1_top_seg_1_cropped.jpeg,1,104,104,hand2,train,84,d00fa2c4fe037cb0534d72921e71600c01177a4a6e14ed27b9d75d9d2b9d231c
1/hand2_1_top_seg_2_cropped.jpeg,1,105,105,hand2,train,85,5c709daba3993dab268a9fcddcb6a8edcd23af8f6eaab125d06d49f623c204a8
1/hand2_1_top_seg_3_cropped.jpeg,1,106,106,hand2,train,86,ab7a32ea1f63001c5d5e94d0bbaf313edf81e732f18fa1723d66eeef99a5e055
1/hand2_1_top_seg_4_cropped.jpeg,1,107,107,hand2,train,87,196aecb9d30b1eac60291dde4530ffa7be998788d5ff2b111cb4370c8ac5497f
1/hand2_1_top_seg_5_cropped.jpeg,1,108,108,hand2,train,88,805911d2c1d3ab5362dc5c78e31ea043006351842bf3b213fb6abc4b0aa5976c
1/hand3_1_dif_seg_1_cropped.jpeg,1,109,109,hand3,validation,10,4d545f2704b630f3e533f0e9113883bb4a19c14684a9b6a088f6a2f0e87fb608
1/hand3_1_dif_seg_2_cropped.jpeg,1,110,110,hand3,validation,11,a46ce1d3fb8f429172b0c11e7a01395e879226f1835b4899cff139f6c439cceb
1/hand3_1_dif_seg_3_cropped.jpeg,1,111,111,hand3,validation,12,47be4260b178d90641d906d16611dd47fb9cb7cdd6e629f64ec6e227e5543022
1/hand3_1_dif_seg_4_cropped.jpeg,1,112,112,hand3,validation,13,dcf251db1714fecda7e3e21762e9f525defe1618760b2cf474fb17f24c519eff
1/hand3_1_dif_seg_5_cropped.jpeg,1,113,113,hand3,validation,14,9e53f23931a6b9854c3ae9eff10163e5c0b3d7e65d697b1a29d56a1c0648a067
1/hand4_1_bot_seg_1_cropped.jpeg,1,114,114,hand4,validation,15,b4b126009407892be0fbab93a70b5ef796b8b390c0dae89b4f5b2b663208c51a
1/hand4_1_bot_seg_2_cropped.jpeg,1,115,115,hand4,validation,16,98e6025c5a0c2880f330a252b9aca03e0e2655b262329b293bacd876f98e07df
1/hand4_1_bot_seg_3_cropped.jpeg,1,116,116,hand4,validation,17,5b580567732efdc66aca55b9839f253f5fd1764cc43e44fbcd2e5a97c05f6083
1/hand4_1_bot_seg_4_cropped.jpeg,1,117,117,hand4,validation,18,de8b9a83f9224a575bef9f4767edd90b0ae2889f0e4490e2b28ca429aa0a2d54
1/hand4_1_bot_seg_5_cropped.jpeg,1,118,118,hand4,validation,19,94af4ee56990d90d7aedc35e0d7bdf3cc2d57efdda441eb7a65b7e320793cd4f
1/hand5_1_bot_seg_1_cropped.jpeg,1,119,119,hand5,test,10,c6b0462c4090235913f42d589fd1a1a01a74f8019ca559c4de75e33cebc6cc84
1/hand5_1_bot_seg_2_cropped.jpeg,1,120,120,hand5,test,11,fa033bbfc5601037d6998d83901186ca320d9616fe1d2bc79a0ee23631143f99
1/hand5_1_bot_seg_3_cropped.jpeg,1,121,121,hand5,test,12,7217a09c6ed1afc6f0a1e94aa33745206a8c10051350c634220c647b0213eb1a
1/hand5_1_bot_seg_4_cropped.jpeg,1,122,122,hand5,test,13,3f80743ad1e5ba06ca1f2e333d5ae5dc75fd87c7906c92a708bc6277a49afbb1
1/hand5_1_dif_seg_1_cropped.jpeg,1,123,123,hand5,test,14,75c3e8f0e7ca657fd18ab5b15f40e06bee67898475dfe88ba43e05e7a961c21b
1/hand5_1_dif_seg_2_cropped.jpeg,1,124,124,hand5,test,15,550a3b2490a8514ba032cbd483952522c30bf2832d697e6e1836dc31285315ea
1/hand5_1_dif_seg_3_cropped.jpeg,1,125,125,hand5,test,16,58baed9881b0689713090d87f451e6df2f7a3cff563c2715feb93c761f6b5c17
1/hand5_1_dif_seg_4_cropped.jpeg,1,126,126,hand5,test,17,91fb897140b7cbb3f71734b623eb683d87878ef6ba0273c11e634065004c4487
1/hand5_1_dif_seg_5_cropped.jpeg,1,127,127,hand5,test,18,659efd96d59473f9a4c71f714c9c508ce5b9287279d16b8efac4c19b63322919
2/hand1_2_bot_seg_1_cropped.jpeg,2,128,128,hand1,train,89,f645faff2056a7f061b1c5d69a3153d72c15568910eb7c49161641124dd2405e
2/hand1_2_bot_seg_2_cropped.jpeg,2,129,129,hand1,train,90,f4ff7e3d6000bc9fb782ef4c4c57cbef6a79804078340e50cd35754d0178e4a9
2/hand1_2_bot_seg_3_cropped.jpeg,2,130,130,hand1,train,91,9a22e855cb4174b11ab726947695c6d20f214c0042972cef5e6a06702dace1b0
2/hand1_2_bot_seg_4_cropped.jpeg,2,131,131,hand1,train,92,3d05c01e7824ce3a2a33e799b82c644755a6e071c1b9962384cf360a8ba46287
2/hand1_2_bot_seg_5_cropped.jpeg,2,132,132,hand1,train,93,17a6c4446aecf98b808493a2f03d3b8dcf2a63757d620a541b2e399591d11103
2/hand1_2_dif_seg_1_cropped.jpeg,2,133,133,hand1,train,94,42cf7937e03b567ebe0b18c196cc4aad637491c90d7bafefcc63c6a211b23221
2/hand1_2_dif_seg_2_cropped.jpeg,2,134,134,hand1,train,95,956b0f5e6d5a95e95a078b3a905c64625e471a5deb96d77fc79206b24ff76e2e
2/hand1_2_dif_seg_3_cropped.jpeg,2,135,135,hand1,train,96,0a2ebbba0b1d42dcec914a5ce8289ac0e6b1fb641bb51f283b664d286926aba0
2/hand1_2_dif_seg_4_cropped.jpeg,2,136,136,hand1,train,97,f28fa5f9128fa5e11c25f7015bf27b63cffd5bb267b1040026fe954485f52e2a
2/hand1_2_dif_seg_5_cropped.jpeg,2,137,137,hand1,train,98,7424b05934cce7cb4975a72d80aba3d39ba63cc0a9a4a09366825170debfcf0d
2/hand1_2_left_seg_1_cropped.jpeg,2,138,138,hand1,train,99,ae3a2c70bc15dc1cf6f3002965ec354e2dffa047791acffb73cbd5865666e0a8
2/hand1_2_left_seg_2_cropped.jpeg,2,139,139,hand1,train,100,c71121a3f356a7a1f834d80b5935ead8cb2c5884abdccd962bc65a615e0d87d8
2/hand1_2_left_seg_3_cropped.jpeg,2,140,140,hand1,train,101,d4ee58406cc71108ce7e657755e8dc4bc53452f0c79d33b6c89b90bf31eebb4e
2/hand1_2_left_seg_4_cropped.jpeg,2,141,141,hand1,train,102,3611c8e3e9079c0a5f41e8ee0b0d8bef1b2152f46e386811913c55bc082fee84
2/hand1_2_left_seg_5_cropped.jpeg,2,142,142,hand1,train,103,d6d86b7a0319078d40d98d2e483225b302ae1cef006c7d069e2a996ec8655b13
2/hand1_2_right_seg_1_cropped.jpeg,2,143,143,hand1,train,104,3ade53c9b9923e3857b8979211fbcb217e9cc6d67822f21afec0424bf13eae91
2/hand1_2_right_seg_2_cropped.jpeg,2,144,144,hand1,train,105,88cf7df93e5f47c38e071eab234f7485547e3e427bb9305089e16f1b763df8be
2/hand1_2_right_seg_3_cropped.jpeg,2,145,145,hand1,train,106,48314915ca4ef3fdfd07e64ea89c5cfe7902849c37f45d546af47c413ddc2489
2/hand1_2_right_seg_4_cropped.jpeg,2,146,146,hand1,train,107,e62fd3f3bd3272f72064470a4b74f07c4b532b78b98b3a2f1670398d88cce95a
2/hand1_2_right_seg_5_cropped.jpeg,2,147,147,hand1,train,108,f2a68ad34f75204bb8fc3f67b134d48811b4f80e3f00d35970106e92b553d345
2/hand1_2_top_seg_1_cropped.jpeg,2,148,148,hand1,train,109,3ed3ec5d7e33705fc288eec9dc1d0edca82fba2ec3480ae131eb09c233c7a71e
2/hand1_2_top_seg_2_cropped.jpeg,2,149,149,hand1,train,110,5d67a6a33f4a1eaa62a1f016546e2051f511c31750c8bb82b8855e63539c862e
2/hand1_2_top_seg_3_cropped.jpeg,2,150,150,hand1,train,111,6d94d3be809f6c300a93dfa7434d695d8ea30466a1f0ea2945cd9af254a3dee7
2/hand1_2_top_seg_4_cropped.jpeg,2,151,151,hand1,train,112,68fff7210d262ddc69ad33a4683e49f133c88fafe84575c213dba3a48241fdb6
2/hand1_2_top_seg_5_cropped.jpeg,2,152,152,hand1,train,113,8dc137b2ca561dd1c87ac7e49dafdfd74d1f9147c98ade6803496e8bd8e25786
2/hand2_2_bot_seg_1_cropped.jpeg,2,153,153,hand2,train,114,bfd7338bd3086f9e55a706f879b855d52a3cba4539bc9c18739384b4bd3bf811
2/hand2_2_bot_seg_2_cropped.jpeg,2,154,154,hand2,train,115,19d889fcdf4d9dc36f45af6a53edea99d29e1faa0d6dc13a75f0e4d2dd93c5cc
2/hand2_2_bot_seg_3_cropped.jpeg,2,155,155,hand2,train,116,5408a2c573d2ba2f699dde6a0dcfefeb04925d0e0981f03b08482f21cf18452f
2/hand2_2_bot_seg_4_cropped.jpeg,2,156,156,hand2,train,117,86e811c0d257324f7b8dab16b7e0017e85185605f3f79613798d8b23f0b73ef6
2/hand2_2_bot_seg_5_cropped.jpeg,2,157,157,hand2,train,118,8ee1da5e0ce9a7f819995ee059742b63a0af5ae6d1556e43b6ffe4fe5f73b1f5
2/hand2_2_dif_seg_1_cropped.jpeg,2,158,158,hand2,train,119,e94f1cf1850eb09045d59d670472d8fc8d55c0934c7eafc30dbbe3a43cc2be75
2/hand2_2_dif_seg_2_cropped.jpeg,2,159,159,hand2,train,120,f84ff0f75b4712d8aafeea868b6a9b740754d41625cf32ddd461a158be8350e2
2/hand2_2_dif_seg_3_cropped.jpeg,2,160,160,hand2,train,121,6c03c80c3bb55fab10ee5712b80b46361cd8abd5d194f42105c7167ebb5a4ae9
2/hand2_2_dif_seg_4_cropped.jpeg,2,161,161,hand2,train,122,cf780a6fda85ab5418fedcb88294fdda11665861d530f101142e7aff8eaa2a8e
2/hand2_2_dif_seg_5_cropped.jpeg,2,162,162,hand2,train,123,66c45afa5f98aec264a51bc377ee43d4397725a9131f13b0c99a4b0536ddda2e
2/hand2_2_left_seg_1_cropped.jpeg,2,163,163,hand2,train,124,e8ffc0331db809d22173ba3f59bb31546ef48edcb14f861f299c335b1c4ab269
2/hand2_2_left_seg_2_cropped.jpeg,2,164,164,hand2,train,125,4280a0b6434d106110d5fa0a42187dc8e9fa7b2e6194a0c4ca7a54353d6dd938
2/hand2_2_left_seg_3_cropped.jpeg,2,165,165,hand2,train,126,b1cd4d2704ee94005c5f3bbe116a1cf082853aa3c056cd25da28dcf1ed127bc3
2/hand2_2_left_seg_4_cropped.jpeg,2,166,166,hand2,train,127,431a83ffb61004bafa7e3dfe8704bc892f564460d758cc1a5ee9a5cdc30332af
2/hand2_2_left_seg_5_cropped.jpeg,2,167,167,hand2,train,128,b0fc3b46b8d4b869f37fa07af6f5dd0f5f00cfc930b173153bf51f0c202a6ddc
2/hand2_2_right_seg_1_cropped.jpeg,2,168,168,hand2,train,129,7fb5a2fb71b1a06be07cadc58cc62ce0413b67a1f5617fb87a4af1dd314c8965
2/hand2_2_right_seg_2_cropped.jpeg,2,169,169,hand2,train,130,ca9545d822c28e6265faaadbec140a8a130ad57f7c1b5c693f5eb94baa37693e
2/hand2_2_right_seg_3_cropped.jpeg,2,170,170,hand2,train,131,93527a3026eb13608ee8b94261d696d3ea70b2b21dabcd7bbd7eeac090043af1
2/hand2_2_right_seg_4_cropped.jpeg,2,171,171,hand2,train,132,fe5dae534d5e4763d4c4eb518edf29cd8ca2fcc113d1da1d166f179ade94afab
2/hand2_2_right_seg_5_cropped.jpeg,2,172,172,hand2,train,133,b65ad5bd6c75d61ad64c5eaf58b824b4d882a9826754b3c4f0bb658915284f4a
2/hand2_2_top_seg_1_cropped.jpeg,2,173,173,hand2,train,134,cd2b2a25e2aab1785111c8939f3336440921c1b6d9e7b9728292aebdb9eae263
2/hand2_2_top_seg_2_cropped.jpeg,2,174,174,hand2,train,135,5d224e6e965d8fe946a12049d22b4fadbc8899eec3b06e05be92d6d80ba8f68f
2/hand2_2_top_seg_3_cropped.jpeg,2,175,175,hand2,train,136,65837f478d8be1a6487360acc8de907054ee9f1bb32065b12171d3f53c18ee7e
2/hand2_2_top_seg_4_cropped.jpeg,2,176,176,hand2,train,137,94678980d7c94cfedb51681848c7f9fb07d683b9b8cad6c6d89186d671ee7848
2/hand2_2_top_seg_5_cropped.jpeg,2,177,177,hand2,train,138,4c5207fe5952ea0ebd141f1ec47190e9eb3e6e6580178f1fcbc396f352dbc6ee
2/hand3_2_dif_seg_1_cropped.jpeg,2,178,178,hand3,validation,20,97cac32862918f1924f51e281adcfb7da64d402855f7d4cdd16962b9b524cd98
2/hand3_2_dif_seg_2_cropped.jpeg,2,179,179,hand3,validation,21,e0e24ec1e2ebc660ae86fe69e1dac63c05b68b11950e9d28d15341373d4aed33
2/hand3_2_dif_seg_3_cropped.jpeg,2,180,180,hand3,validation,22,9bb661fab28dd95a71846c8beba16dde3300050eb9746fee1e93210abf808831
2/hand3_2_dif_seg_4_cropped.jpeg,2,181,181,hand3,validation,23,d89a80af3bd92122bfc9fe6dd855820c3fceec3f603fb6164d3a20ce02d1dc31
2/hand3_2_dif_seg_5_cropped.jpeg,2,182,182,hand3,validation,24,27b5fdcfab7393d34bc7484a662cef0c4f738c1904eef7801b8bc644b0ce6977
2/hand4_2_bot_seg_1_cropped.jpeg,2,183,183,hand4,validation,25,509d0092bb74986eeddaffe6c3a10fdd4796dd7c291bd1db8017b4ce1836da44
2/hand4_2_bot_seg_2_cropped.jpeg,2,184,184,hand4,validation,26,77240d85367fb8337fd3c52b90c325e13b1c04d37bcb9375012374eb5b5276e9
2/hand4_2_bot_seg_3_cropped.jpeg,2,185,185,hand4,validation,27,32afaa9263a72b54e386c14398105d9228adff83a35808ae868d00d7b04b1971
2/hand4_2_bot_seg_4_cropped.jpeg,2,186,186,hand4,validation,28,7c7e8419adf75a14013c5e7b982169e746c86679bd1102f59b2d940c528f2797
2/hand4_2_bot_seg_5_cropped.jpeg,2,187,187,hand4,validation,29,e0190991e7ebd4b4537dbdb7e4ce5435357f5dfb11ad8d6e6827988dacd6a595
2/hand5_2_bot_seg_1_cropped.jpeg,2,188,188,hand5,test,19,b15dc0601d8e116bee4317e0eb7bd67d539204aa842da8802642f95d5d3c7fed
2/hand5_2_bot_seg_2_cropped.jpeg,2,189,189,hand5,test,20,a42c8d44146dc129ec40f1fdecc47760f8df4a67b08c0bd5900c8584462db575
2/hand5_2_bot_seg_3_cropped.jpeg,2,190,190,hand5,test,21,9c274d98dcbdfe8a63d4730532d8a415be66b5ac576e9c4461a0383216d1b050
2/hand5_2_bot_seg_4_cropped.jpeg,2,191,191,hand5,test,22,95cf45c0ce53c3544950e8ee4a2ad6a9301537ea08a402ba6a34fe2b22abebe9
2/hand5_2_bot_seg_5_cropped.jpeg,2,192,192,hand5,test,23,024a1445df6d604108c211adccf96498d39cf75d72a4256bc52f59056406a798
2/hand5_2_dif_seg_1_cropped.jpeg,2,193,193,hand5,test,24,82a6a5b42a70827fbfd0648d554f9cb2a3ea6474d2a4c3729d602969748365e8
2/hand5_2_dif_seg_2_cropped.jpeg,2,194,194,hand5,test,25,fe3f16a72a53dcbf705f5d44175c8cd8e93e0deb82d0399073ec23926b727c23
2/hand5_2_dif_seg_3_cropped.jpeg,2,195,195,hand5,test,26,813ac78f4e1ffa8c86a3a9935571f933aeaad3b2342a120fdea14db73a8c49b9
2/hand5_2_dif_seg_4_cropped.jpeg,2,196,196,hand5,test,27,434e4d803286eab300ad989a45e5a2fb183f6b728cb3dbe186152eb9367a00cb
2/hand5_2_dif_seg_5_cropped.jpeg,2,197,197,hand5,test,28,8bf6c7c189c83dfbeb33a9d527e0d186be6c2d097f46bb19617833b7eff1eb5c
3/hand1_3_bot_seg_1_cropped.jpeg,3,198,198,hand1,train,139,adfde1b7868b8abadd1ddabfa6461b9593309d36d509199e41d11a7c95460f87
3/hand1_3_bot_seg_2_cropped.jpeg,3,199,199,hand1,train,140,2a911ea916b530b26ca16d75c00256ce6f36f4db1b88107cc233bb9908d0be9d
3/hand1_3_bot_seg_3_cropped.jpeg,3,200,200,hand1,train,141,2ceb72f37270861e2a9ff7bf0a43b6913dc49ad2702410551c39a48128b10fe9
3/hand1_3_bot_seg_4_cropped.jpeg,3,201,201,hand1,train,142,c70160f6a8af3587f628fd38be2e027005d68d7fce4af3ef0b2f10668eb1118c
3/hand1_3_bot_seg_5_cropped.jpeg,3,202,202,hand1,train,143,0dcf6155914fa57a6039434c82a9e4f2e3b727ce691cc013b14831fcaa0e6827
3/hand1_3_dif_seg_1_cropped.jpeg,3,203,203,hand1,train,144,3e40cbaf5afc252926766c3d2246e5bb0630b1e6233ad645f49ef9b95304f174
3/hand1_3_dif_seg_2_cropped.jpeg,3,204,204,hand1,train,145,29c992ea0f17d04f3f0bd385923fabf36fac7b04a1e4dfc8da4d829327ec79cd
3/hand1_3_dif_seg_3_cropped.jpeg,3,205,205,hand1,train,146,9f1f805001026d6ef18525f44009c2521f9451c8bd066e0f10927ba1b1b4441a
3/hand1_3_dif_seg_4_cropped.jpeg,3,206,206,hand1,train,147,8acb445ba46e64a4e602cb6ff36b69aa814791a2532948a108b0ae6f8eb6411d
3/hand1_3_dif_seg_5_cropped.jpeg,3,207,207,hand1,train,148,b9429a1095c16bd0a88bed1929a2c6d4d0eaf830a0aac2f3c504ba6f4ffdd3cd
3/hand1_3_left_seg_1_cropped.jpeg,3,208,208,hand1,train,149,a7462bd5dd0eb539d925a0a14bcb17c1e31278cfe3308732b59cd07d07460591
3/hand1_3_left_seg_2_cropped.jpeg,3,209,209,hand1,train,150,a0806de291b294d27a2c2ee34153215d99e6545e23e22d15027c4bbc44120a10
3/hand1_3_left_seg_3_cropped.jpeg,3,210,210,hand1,train,151,fe53adf2fcfe50d40ec974b9608b4e414d17f82cdd2f377f0070b3d08f6e7b99
3/hand1_3_left_seg_4_cropped.jpeg,3,211,211,hand1,train,152,7799dc8429257cd1aca32cdd0d7fe0426df3a96f4fbed0e6e41527f4588c8b0d
3/hand1_3_left_seg_5_cropped.jpeg,3,212,212,hand1,train,153,9dd1a676afc51f248c7a4f51f89677e1282016de8063a628d8c8f9c1b47b4623
3/hand1_3_right_seg_1_cropped.jpeg,3,213,213,hand1,train,154,f238ad5517e1c4a3d3f433aec3487b08efa81f7af9de39fdece9be6e8e5b1f5c
3/hand1_3_right_seg_2_cropped.jpeg,3,214,214,hand1,train,155,6355b77299afab6b0f00a37b2ba05b5ad945a13ba72a8eaa097d1972cb59d666
3/hand1_3_right_seg_3_cropped.jpeg,3,215,215,hand1,train,156,ce67aa9719c3381e90b348c956b704e9a599ff8c90b2d7c022426e29283237eb
3/hand1_3_right_seg_4_cropped.jpeg,3,216,216,hand1,train,157,481fde9564a8dd7a99d397a4abbbc77ffca83ddb1442ca9724efd16055121787
3/hand1_3_right_seg_5_cropped.jpeg,3,217,217,hand1,train,158,dc2309fd3be577a325b93e415c7d6a560f4ae0364184e09354c37db7c59a1e2a
3/hand1_3_top_seg_1_cropped.jpeg,3,218,218,hand1,train,159,0691aacb0b0d8d1a211fbb5b75a929035896df7e1a4555f962efbe1b36cc1764
3/hand1_3_top_seg_2_cropped.jpeg,3,219,219,hand1,train,160,8b963c16680cb1c68f632067ff6a74948c3202876355b8778dec81bcdee81142
3/hand1_3_top_seg_3_cropped.jpeg,3,220,220,hand1,train,161,aee964aaf6f3d265037e3c960c99a81da038e0a3cacc1a943e3b5b4b2215bb29
3/hand1_3_top_seg_4_cropped.jpeg,3,221,221,hand1,train,162,5cc6165efcf2e5f42c1c88d68b02d2ab8b805f5772fcf8fbd8b5ca421be941c8
3/hand1_3_top_seg_5_cropped.jpeg,3,222,222,hand1,train,163,5efb2cb653b6a9810fe53a1c5508d787e7b23e9ea63d59ed243fd4d66dafff0c
3/hand2_3_bot_seg_1_cropped.jpeg,3,223,223,hand2,train,164,cd4b030b605239317e3904cc0021f4dc2ddb42cab4086a21c609aed8df53ef22
3/hand2_3_bot_seg_2_cropped.jpeg,3,224,224,hand2,train,165,856f467c33e3f92314769f70a05031043cf868bc2b25066b2209f2b309465463
3/hand2_3_bot_seg_3_cropped.jpeg,3,225,225,hand2,train,166,4c7d5fe6b0b9a7aeeb3955da1c46fce10e067391876b11cd17dd5dbdcb0b3cf3
3/hand2_3_bot_seg_4_cropped.jpeg,3,226,226,hand2,train,167,5ae2bc91ffe6abc5bb5303f44eeffb494b7d808545d4bad1e3918ae66cbe9e22
3/hand2_3_bot_seg_5_cropped.jpeg,3,227,227,hand2,train,168,1d80cdba00e88a801d97a43e2e850cb7cc534e48943d7903e835730d7e92383e
3/hand2_3_dif_seg_1_cropped.jpeg,3,228,228,hand2,train,169,f1086a828fa4c707ae74acc30aae649caca96b13264b9c95d0de69970c2bc42f
3/hand2_3_dif_seg_2_cropped.jpeg,3,229,229,hand2,train,170,b28b8e46133438c68ad286c9193dfed5e1a6dbef7d8c6b793d9300c12194c718
3/hand2_3_dif_seg_3_cropped.jpeg,3,230,230,hand2,train,171,fb3d057b410bbd1faebb2746b3bbb72a1ade100592047b16c2d81d36035a7942
3/hand2_3_dif_seg_4_cropped.jpeg,3,231,231,hand2,train,172,5dc06ac7c017be50d2521b179f561f1b8529099c74a187aa300436ef0b89a8e4
3/hand2_3_dif_seg_5_cropped.jpeg,3,232,232,hand2,train,173,d1136ef72be137f9e2b614601b26a2eca68325a526b269f044b28bfff70a5474
3/hand2_3_left_seg_1_cropped.jpeg,3,233,233,hand2,train,174,c98233656895e94cf9e89941d50e24a754c14b777edd433212efb0b41eaf92b5
3/hand2_3_left_seg_2_cropped.jpeg,3,234,234,hand2,train,175,9a9941131e8fea62bcb1d6703e25c70bb1e624083365fd4ab216ae439d65223f
3/hand2_3_left_seg_3_cropped.jpeg,3,235,235,hand2,train,176,26bf09518f688f589d90e3ade5b41f8c2447416ddb76e83d7ff76a37b044a301
3/hand2_3_left_seg_4_cropped.jpeg,3,236,236,hand2,train,177,752d9be49111beedb83d20702036093a90cf21ed684bb901b5053c64fee99206
3/hand2_3_left_seg_5_cropped.jpeg,3,237,237,hand2,train,178,77049b82c8af6bd15b61b145d705e18d0f451d125e8613a81c34cc541e0fa0cd
3/hand2_3_right_seg_1_cropped.jpeg,3,238,238,hand2,train,179,4cea1abb765a6d518a9328666d756b96a3c45389f686f5f55a96ec7c7fad2f1b
3/hand2_3_right_seg_2_cropped.jpeg,3,239,239,hand2,train,180,598465a8f7567b879733c5e7ee47d24354c6331c204a6b91e881a0043cdb2c6e
3/hand2_3_right_seg_3_cropped.jpeg,3,240,240,hand2,train,181,b74d5ca4e07fa89360740f36dd83775d19eb5594790d2192fb74318f6e0c82be
3/hand2_3_right_seg_4_cropped.jpeg,3,241,241,hand2,train,182,9a4e689c2bc3b442e30f3ece37cc641414386668d70c7a14c8baa4259863747f
3/hand2_3_right_seg_5_cropped.jpeg,3,242,242,hand2,train,183,aeab407582ecace50da9fed08d5d83c6c4ff49873f9fed9a5dbe9f71cf2e4c81
3/hand2_3_top_seg_1_cropped.jpeg,3,243,243,hand2,train,184,65d78a7a32d714edb3a046b4c7488103ed5981b0e784d7b94e5e57dca669d37d
3/hand2_3_top_seg_2_cropped.jpeg,3,244,244,hand2,train,185,6c57d5e78448cfa8deba700bb9191b712d62d1b2dc871c3a5db1b6c996de8709
3/hand2_3_top_seg_3_cropped.jpeg,3,245,245,hand2,train,186,a26b9107d09bf12f93962d2ecf963107820c8a7fc5469f933e46310a809d2a47
3/hand2_3_top_seg_4_cropped.jpeg,3,246,246,hand2,train,187,b04458fba94db3095f6db762b78e5dfaabf2c4a0655c987b33077467c4af23f0
3/hand2_3_top_seg_5_cropped.jpeg,3,247,247,hand2,train,188,6c8abcf14b70b79b7aadbdf82304e7f2fe55208ddcf4b7afc3da8bbe56cc64c1
3/hand3_3_dif_seg_1_cropped.jpeg,3,248,248,hand3,validation,30,869bc97d79150707799a06adc692ef38f351c37fb0655c1a7394e8bb14402444
3/hand3_3_dif_seg_2_cropped.jpeg,3,249,249,hand3,validation,31,f65b4e2a5cdef6f4d48af2114133375eca9c25250bdfef9ff13eba592403c076
3/hand3_3_dif_seg_3_cropped.jpeg,3,250,250,hand3,validation,32,ef08282cb2db349852d5584c03c86b50f3aa1f295a27ded63262a9b5fc0fc6e3
3/hand3_3_dif_seg_4_cropped.jpeg,3,251,251,hand3,validation,33,fef9d2d6a88ad76b9944164f2df74af14a300d1d81686d8410f3085b30d06c31
3/hand3_3_dif_seg_5_cropped.jpeg,3,252,252,hand3,validation,34,2480254a4a4d3fb021820b63d0f98bbfe94e593854f97630f36cb19632dc4fd3
3/hand4_3_bot_seg_1_cropped.jpeg,3,253,253,hand4,validation,35,ad598f27186fb9c914585f807b86c64af6df302a0f33ca35fbcfe25ce5c2ef58
3/hand4_3_bot_seg_2_cropped.jpeg,3,254,254,hand4,validation,36,1231b5b44152e8434803b5223bf3f0ef95e201551f62caf97428064ddd24b1ce
3/hand4_3_bot_seg_3_cropped.jpeg,3,255,255,hand4,validation,37,eb3b2da5827ef2c5b937313fdcc2506c53530d44b331d4d6ed474e3410b8b515
3/hand4_3_bot_seg_4_cropped.jpeg,3,256,256,hand4,validation,38,2984fe18326f3ce97c6e599b1bafc2eea3bee1d84688bfda74453c311017a5ce
3/hand4_3_bot_seg_5_cropped.jpeg,3,257,257,hand4,validation,39,3dde4aeb6ecf4530864b8adcefae051ffd72d8c78eba0758851d7e32f59ccdb5
3/hand5_3_bot_seg_1_cropped.jpeg,3,258,258,hand5,test,29,ec2068852168da67bcb66bdb8c3c7231c3321dc91a2801d2b396cbc854c83572
3/hand5_3_bot_seg_2_cropped.jpeg,3,259,259,hand5,test,30,01e8cd8e35a7ced319a3099258a973f9bbdc057e28eef48d367b78d0704c5d61
3/hand5_3_bot_seg_3_cropped.jpeg,3,260,260,hand5,test,31,9e767df78ffabf2d6b5847b7c6d9b93251110b91e3684a9ff997f16a547101da
3/hand5_3_bot_seg_4_cropped.jpeg,3,261,261,hand5,test,32,4f68236cb9d1435e1ef39a2f6dddc26b28d8a5ff430d143c02e4725013437817
3/hand5_3_bot_seg_5_cropped.jpeg,3,262,262,hand5,test,33,5ebc23289148aa2eacb32d5b4bee77422a8bafbcd870d1cf248625d91837bb07
3/hand5_3_dif_seg_1_cropped.jpeg,3,263,263,hand5,test,34,1acb78474ea8bee25e8bb23b97fd2dc33ddb7ac4dfc72846122c167f71ad406f
3/hand5_3_dif_seg_2_cropped.jpeg,3,264,264,hand5,test,35,a3170a43d47e2a44dabcd6fd09d24a3a71802ccda0f6d396a21d0d61438b3c56
3/hand5_3_dif_seg_3_cropped.jpeg,3,265,265,hand5,test,36,c1ee2cafb93e67a6825b552d8e2be6316b240551d7d6f0b55fb60380899b5643
3/hand5_3_dif_seg_4_cropped.jpeg,3,266,266,hand5,test,37,44475e30078a33ff42f3762f6e32ad638a129ca517bb13a23fac89a14ee18954
3/hand5_3_dif_seg_5_cropped.jpeg,3,267,267,hand5,test,38,c9c14bddd32f5332d6648f39d556bba0d9942650af4858643701d877ab9694ce
4/hand1_4_bot_seg_1_cropped.jpeg,4,268,268,hand1,train,189,188124e6973dcb11142ccdb8fe6fdea2d78b2147ff8999b1f881042207092449
4/hand1_4_bot_seg_2_cropped.jpeg,4,269,269,hand1,train,190,632c49fc455d88390064f4415ba6f66888f50d72df1cc2c26f4d5ae4e5330eb6
4/hand1_4_bot_seg_3_cropped.jpeg,4,270,270,hand1,train,191,1c09031eabbb8e3d015328880fdd3a9dfe2496a92e2643e986127ba673a83515
4/hand1_4_bot_seg_4_cropped.jpeg,4,271,271,hand1,train,192,135c9773b673715a6fe035e7ac64b78255aeb5c451f2b02ae59b8969fb0a41ad
4/hand1_4_bot_seg_5_cropped.jpeg,4,272,272,hand1,train,193,f1b34cf0a5f9a10d2fbb2600c8db1655b2784b572c7ce414085f83e976276aa1
4/hand1_4_dif_seg_1_cropped.jpeg,4,273,273,hand1,train,194,a50a20fe88856e52a29b80ef0ad9b0d55ae03a719770ca41cddec9edda9340cc
4/hand1_4_dif_seg_2_cropped.jpeg,4,274,274,hand1,train,195,86b21d6ba77d7e844b0e94f693ec56520ea066d4c7968d884c1256b637d0b11b
4/hand1_4_dif_seg_3_cropped.jpeg,4,275,275,hand1,train,196,6922a1c3e0a6089b65d9d88d501204dda3d3063af7fce0e8d0be4cbdc4fa763c
4/hand1_4_dif_seg_4_cropped.jpeg,4,276,276,hand1,train,197,84516ff8c8e230cb1b0e80d45d4f8911a1a00cd001ba5b650a0d1d4d6d75e302
4/hand1_4_dif_seg_5_cropped.jpeg,4,277,277,hand1,train,198,15413c1f6c416805965c7f58c964b3c4e2497ee1447795a0fdc51ab75122e220
4/hand1_4_left_seg_1_cropped.jpeg,4,278,278,hand1,train,199,763e7e2b96ecfe9a22df4587f0fc4fc14184ced6e04aad4bef9a21bd942f3c94
4/hand1_4_left_seg_2_cropped.jpeg,4,279,279,hand1,train,200,0e57fa154723eb9e6d0318ba695cc3940024e9d95567bbbed8d698fbabe94a6c
4/hand1_4_left_seg_3_cropped.jpeg,4,280,280,hand1,train,201,f6009d7fbc5188b8032fdeef57c417581bc86714e435c755684a535ff2759900
4/hand1_4_left_seg_4_cropped.jpeg,4,281,281,hand1,train,202,9807010b3762b28b6ce2c41d02d09d6f055f72dc31d51b277e5a0657cac8d6cf
4/hand1_4_left_seg_5_cropped.jpeg,4,282,282,hand1,train,203,9425ab95425d18ab0bc491c5b0fab40cb9ccd5c303da93e3b370ef3bfdc50040
4/hand1_4_right_seg_4_cropped.jpeg,4,283,283,hand1,train,204,702b04d32d42b3f223af39e538c1ad6c843ef55e529f9c5811dfb103269041bb
4/hand1_4_right_seg_5_cropped.jpeg,4,284,284,hand1,train,205,51534c930ef733a550d32a5110b720f96a855e2c4a3ffade87cfc24b9ddc3672
4/hand1_4_top_seg_1_cropped.jpeg,4,285,285,hand1,train,206,c322c8bb4def5d1eb7ef54bcd3d19bf35de46915b6e629ad2adb885c4e088227
4/hand1_4_top_seg_2_cropped.jpeg,4,286,286,hand1,train,207,d2ad174ee42cde8b85dbfda1562e24567a9a9b04c1b6d0200218231b8bd4a307
4/hand1_4_top_seg_3_cropped.jpeg,4,287,287,hand1,train,208,da904a2dc38c49ac76abcff4a09a7468af811c16bfdb47c39cf8e38e97053ed7
4/hand1_4_top_seg_4_cropped.jpeg,4,288,288,hand1,train,209,f12a95db0f218f4715586a1cd6a09cf4ff84a01c58ea566e02af8cb3a657af4d
4/hand1_4_top_seg_5_cropped.jpeg,4,289,289,hand1,train,210,2ad3735151faaf134f0ccb577eb9c1565223a8caaf331bc1105888c98a1caf5f
4/hand2_4_bot_seg_1_cropped.jpeg,4,290,290,hand2,train,211,7640162e6a71578181dc57a488a6b601ca3ee79a625260a9cf4a10b2aa50f2c2
4/hand2_4_bot_seg_2_cropped.jpeg,4,291,291,hand2,train,212,30da2a7d323ba8f2f6a7331f2e83a84d53971b3b0eaf2f100f22ebd1eaa9e6fd
4/hand2_4_bot_seg_3_cropped.jpeg,4,292,292,hand2,train,213,53dc22df995f18c44159e013999546a1cf633ae6ff86eeef2bd34acd8c8665af
4/hand2_4_bot_seg_4_cropped.jpeg,4,293,293,hand2,train,214,169db841da72f4bf19116e6e1fdea55acb086582396dfe7cdb14dc4ebfde8df8
4/hand2_4_bot_seg_5_cropped.jpeg,4,294,294,hand2,train,215,2e7e68c237d0c25baa3c04b961812528f5bce0936261cba994d409ad0b2ace0a
4/hand2_4_dif_seg_1_cropped.jpeg,4,295,295,hand2,train,216,9a7d4ea7a3a6ab02f4909c68cb54fc28da9094ce67c48f24e75cafb290fa0849
4/hand2_4_dif_seg_2_cropped.jpeg,4,296,296,hand2,train,217,62686a1a2463c884fd1309de04c27f24bf501219b2851ff4e6a91eb33ebf015a
4/hand2_4_dif_seg_3_cropped.jpeg,4,297,297,hand2,train,218,5ed071fc0e5c1381905363b638bfcfb7bb6aaddbaf5052ffa6cf41afd4973d58
4/hand2_4_dif_seg_4_cropped.jpeg,4,298,298,hand2,train,219,e31fb982023dfd0a7cb54787d188b0ccdaad007eb1f28a882639a17ea3f0e69e
4/hand2_4_dif_seg_5_cropped.jpeg,4,299,299,hand2,train,220,b6d9ee255cd447e6189d4421d56ba5256769f9f7de3750f83de5ae31fbadd892
4/hand2_4_left_seg_1_cropped.jpeg,4,300,300,hand2,train,221,2ee97e59f34909d9b01ed80db079d2715fec25c68cb3d5ad2e0d471f7284ad4f
4/hand2_4_left_seg_2_cropped.jpeg,4,301,301,hand2,train,222,76a299f61d149933742686a64932cfe1c5c3b3a8a4c40ebe53a793eaa3fdb22e
4/hand2_4_left_seg_3_cropped.jpeg,4,302,302,hand2,train,223,f0d7f5906224042635bca4823779e8d34fd61a48620f3150b5a4fa8fd70775d1
4/hand2_4_left_seg_4_cropped.jpeg,4,303,303,hand2,train,224,a4476d937fdd05d056e3bb76eaa7bd6d40b83407aa8dbec5401898c1ccca1ffd
4/hand2_4_left_seg_5_cropped.jpeg,4,304,304,hand2,train,225,4d383096634a6b0fe43215851e20b24181cf46c5d4763f6a75881cac3d4d2eca
4/hand2_4_right_seg_1_cropped.jpeg,4,305,305,hand2,train,226,1b777a2c3249bc4a1b8ad81dc9e980990a6362f1d246bfbfeb4f5f27fe110c72
4/hand2_4_right_seg_2_cropped.jpeg,4,306,306,hand2,train,227,7c17bf863798e7ee720cbf9479dea745cac0bf3cfd87e7391eb71fbdecff2e00
4/hand2_4_right_seg_3_cropped.jpeg,4,307,307,hand2,train,228,452191d4afee2fe7a47a4fbdf037b9344410c60d7968b54d0dbb770c32609924
4/hand2_4_right_seg_4_cropped.jpeg,4,308,308,hand2,train,229,1b68ad6fe8c26507ae538bf0ab465f60ab43c519470a07fe0770576235925e68
4/hand2_4_right_seg_5_cropped.jpeg,4,309,309,hand2,train,230,957dcf457db53a8cb814e1836b11996f51f33a7ea78c5fc9351483a9cce87049
4/hand2_4_top_seg_1_cropped.jpeg,4,310,310,hand2,train,231,cd770348da6332bdc824e07ad587557ec98239e2f1aa17bda1af113c7d811f81
4/hand2_4_top_seg_2_cropped.jpeg,4,311,311,hand2,train,232,ebfd14562956a9bfb035597864539d016bd22b642009f0158899fa548ca0d56b
4/hand2_4_top_seg_3_cropped.jpeg,4,312,312,hand2,train,233,7309a67091c509109f7bea0b8d4e5014e5d3821d985204fb59902bbefabb3d17
4/hand2_4_top_seg_4_cropped.jpeg,4,313,313,hand2,train,234,d74ef834c85b559f0bee3bad3ecdef47babf4bed6a4bb5a8957b30711d64834a
4/hand2_4_top_seg_5_cropped.jpeg,4,314,314,hand2,train,235,098e41af3a2a4746250552342b2eef495f53b7268ba95db6b1c27d8b444ede9f
4/hand3_4_dif_seg_1_cropped.jpeg,4,315,315,hand3,validation,40,10a66bc5e8264b3625fa6c40c470412ad02a25b74adbd8b97dd85fb503ea093b
4/hand3_4_dif_seg_2_cropped.jpeg,4,316,316,hand3,validation,41,a6e0850f97c5643df7943244c5d214e730daff50714a4be37c583a1362374d1e
4/hand3_4_dif_seg_3_cropped.jpeg,4,317,317,hand3,validation,42,f99f226d9e39bc64cef74b4d7b8b34279ddd5a92f876f237240b44b4cc61f373
4/hand3_4_dif_seg_4_cropped.jpeg,4,318,318,hand3,validation,43,44d253ff56608404228f78bc333c7e38a6c77d89f17d6dedba52a19fe0eaa1b3
4/hand3_4_dif_seg_5_cropped.jpeg,4,319,319,hand3,validation,44,2602014058be64eb6a55ef9776eb05ca20b4b3e38085a65572230c1218259a44
4/hand4_4_bot_seg_1_cropped.jpeg,4,320,320,hand4,validation,45,db6095cf95418a43a3225bacc9db12f0b0af1dae56c1abe57943e0123cd24952
4/hand4_4_bot_seg_2_cropped.jpeg,4,321,321,hand4,validation,46,ec8c967a1853e9b5c205b7fad785e830148f83e5a8211b1f79d10b81a1d703a7
4/hand4_4_bot_seg_3_cropped.jpeg,4,322,322,hand4,validation,47,96f0d16e21e7e4ee8d7f8504dc50fa02806269d87fcc5447a6113cb8d139dffc
4/hand4_4_bot_seg_4_cropped.jpeg,4,323,323,hand4,validation,48,18bec659c44b895eeafc34d1fc6096c5f878e1164d7ca5e850a438d05508fa0c
4/hand4_4_bot_seg_5_cropped.jpeg,4,324,324,hand4,validation,49,e50d983a36874ce228eca8e46bb436d203ce5ce9bc230b15d5cfdbd3af2ba605
4/hand5_4_bot_seg_1_cropped.jpeg,4,325,325,hand5,test,39,59b24d4a5c246dbefbb2e2a57699283a414984f6b32265bf455dc36a5e347703
4/hand5_4_bot_seg_2_cropped.jpeg,4,326,326,hand5,test,40,c1b1da46f48ba396558498220aceb7b47a9dce93c0f1e309fc528b6de7f3541f
4/hand5_4_bot_seg_3_cropped.jpeg,4,327,327,hand5,test,41,5dc9ce2ce99bf984937b0b2df9cf270032f02e6db6439f5a461663d2198bfaaa
4/hand5_4_bot_seg_4_cropped.jpeg,4,328,328,hand5,test,42,0f38de5a6eb7d3cbbf46c1a8be467de2b760817f8a26d8a1f4087d6a7e6671ef
4/hand5_4_bot_seg_5_cropped.jpeg,4,329,329,hand5,test,43,b7f2b3665be2240986de86efda558624991d579838732c015e6ccb1af29d265e
4/hand5_4_dif_seg_1_cropped.jpeg,4,330,330,hand5,test,44,21a855bdd25f3c116ddaae38e8a555aa266be17134d6a622e542030e066c7831
4/hand5_4_dif_seg_2_cropped.jpeg,4,331,331,hand5,test,45,6ef94e55562b8cf4064bddb84b108a97db4898771247e2fe60168cff3f506440
4/hand5_4_dif_seg_3_cropped.jpeg,4,332,332,hand5,test,46,f4e00e9d6c53ea7a4acea0b43b54fe8cc2ee582b97f1fe3c25dc2bb3ddd1c88b
4/hand5_4_dif_seg_4_cropped.jpeg,4,333,333,hand5,test,47,ff790ccbdc444d7f0f47d54d47289442e148572ae97f1b6b5107d015a781ba8f
4/hand5_4_dif_seg_5_cropped.jpeg,4,334,334,hand5,test,48,e8f50e4590da681546ef338c907b919444ef46b49e289db7ed13ab829ddef976
5/hand1_5_bot_seg_1_cropped.jpeg,5,335,335,hand1,train,236,323d5daccaccaba316555a08b3d3bd6bd7eb06c7e7c8ff0b138f0d0b6008831a
5/hand1_5_bot_seg_2_cropped.jpeg,5,336,336,hand1,train,237,89a26ea1a20d7141d7ad279572098b4ce85c2d525e472f5f862bfbd621cbd861
5/hand1_5_bot_seg_3_cropped.jpeg,5,337,337,hand1,train,238,84445b9c4ddb01241a1c887518083d42ff40f879b665c936c3f012f6f7a536f8
5/hand1_5_bot_seg_4_cropped.jpeg,5,338,338,hand1,train,239,5d04e112d4cf1a7c16aef7c3167dd29518756cbe5abeb39715f185b752d94e63
5/hand1_5_bot_seg_5_cropped.jpeg,5,339,339,hand1,train,240,dc0b6208603e42330c55190a53fda8ed8a3ccaee96cf9d2654aa8dcc36938a33
5/hand1_5_dif_seg_1_cropped.jpeg,5,340,340,hand1,train,241,e33462b12d5b041885a9b6d873cdb4da34370c9e2e2e6ea73f06b390a370b02e
5/hand1_5_dif_seg_2_cropped.jpeg,5,341,341,hand1,train,242,eb245304be59c535c22d7e127aaf3788719d9d6d38c021f6f4d63578ae09b8b5
5/hand1_5_dif_seg_3_cropped.jpeg,5,342,342,hand1,train,243,1dc5278ca953f9e42617c580c23d8a64a6ce11f60e3456c4ac5e84e3e69d58c3
5/hand1_5_dif_seg_4_cropped.jpeg,5,343,343,hand1,train,244,4b02e467d5b0a60b76b990c6bb0e7020c22371f9d337bcd95421ddd271e71e53
5/hand1_5_dif_seg_5_cropped.jpeg,5,344,344,hand1,train,245,5511c87786ee7a12ab8637381d20933561ad34ff3500e9c10ce7e5b6768f901a
5/hand1_5_left_seg_1_cropped.jpeg,5,345,345,hand1,train,246,a8cc1734a9d6b71ef9ffe2f035179c7f7ed765eba7713c5fab7d72547d738265
5/hand1_5_left_seg_2_cropped.jpeg,5,346,346,hand1,train,247,db63ceceffb97509a3ccc6ce9587afc9727cbf8c981c56dc07f00767490f47ae
5/hand1_5_left_seg_3_cropped.jpeg,5,347,347,hand1,train,248,b8d35b61aaf8e6022012eb1c2f94a4ba4a93e97a23e50e69ad9ebc88cd2ca7da
5/hand1_5_left_seg_4_cropped.jpeg,5,348,348,hand1,train,249,b9a73dcf648e66b26388ca026e5d88006256b6e607cae4be92bb5f2a58f61ff1
5/hand1_5_left_seg_5_cropped.jpeg,5,349,349,hand1,train,250,1ffb3bf087cf22be737c3e5cbf6e9715113684e64902dc5c6208fc6d875463bd
5/hand1_5_right_seg_1_cropped.jpeg,5,350,350,hand1,train,251,f1b15019268bc75ba29416b3b3abbfbd799ebe0e0c40d20bdc080f5d843c6cf3
5/hand1_5_right_seg_2_cropped.jpeg,5,351,351,hand1,train,252,d1f43fb4ae6e047f02ad498abc1b8a771ae5d581d65796a8fe95f7b4aa73b752
5/hand1_5_right_seg_3_cropped.jpeg,5,352,352,hand1,train,253,f199ff8597ccfd6d48c6e91e15c1967de56df14e1ba6ad4a581aa4550ec49d36
5/hand1_5_right_seg_4_cropped.jpeg,5,353,353,hand1,train,254,1de72c8e8493c8ae02f6e136af9288a31409ed33dde49435aa3bae12ee454b9b
5/hand1_5_right_seg_5_cropped.jpeg,5,354,354,hand1,train,255,8fb9f4711f3a80a71546e39c438b233690e61fce0aca817f08370b4659ecdb22
5/hand1_5_top_seg_1_cropped.jpeg,5,355,355,hand1,train,256,e60f3a408cd170ad7118c2ee068a549e3f5b8207c9c94a1d34611144fcec5034
5/hand1_5_top_seg_2_cropped.jpeg,5,356,356,hand1,train,257,2a75cb684768cdc50ca19f3cf14a019d22c804167d12cc75351ece7e94bc856d
5/hand1_5_top_seg_3_cropped.jpeg,5,357,357,hand1,train,258,8bb1ea17c04b62678e7a44de4819f3f0f257982d3549edab87b8e0a69614d637
5/hand1_5_top_seg_4_cropped.jpeg,5,358,358,hand1,train,259,9bb4574c101b9cbf87425917e71697467442f94c46f382e2209ce73be7e481a5
5/hand1_5_top_seg_5_cropped.jpeg,5,359,359,hand1,train,260,f9f820fc794892206747e48c2cbae6e794ab59b77f735ab3dc9bfabf40271c9a
5/hand2_5_bot_seg_1_cropped.jpeg,5,360,360,hand2,train,261,888b7a15d5cfbd2c9ca5a0d53aa3abf0ac9e5147ae919c5b9ff4fe93b5547b40
5/hand2_5_bot_seg_2_cropped.jpeg,5,361,361,hand2,train,262,08bef1d20d2792a48c0414fb6c5fd5e2aa8e4abaa4d7073d5582ef80b99f15fd
5/hand2_5_bot_seg_3_cropped.jpeg,5,362,362,hand2,train,263,59b7e3fa21c051a97c77bfce28b6ee785d895c65ec54de0d0d0e5284a5ee93af
5/hand2_5_bot_seg_4_cropped.jpeg,5,363,363,hand2,train,264,478ecefaed90a5d7cdf7c89e9f274e4d1fe3104ef28d78afb06c0f1ea9cf3486
5/hand2_5_bot_seg_5_cropped.jpeg,5,364,364,hand2,train,265,50f110696a02ff514acc9a26643926a60a5ab4f4c751d1ac688108036e74cb6f
5/hand2_5_dif_seg_1_cropped.jpeg,5,365,365,hand2,train,266,1bb176198ef352f0125b2d6afb39d9d1b6cbce1352f6b0254ce2e01c9e9d1e35
5/hand2_5_dif_seg_2_cropped.jpeg,5,366,366,hand2,train,267,c79c6c14073d865410daf14d165a20e1829b3b75c7ee316b7f96c32aeb028cae
5/hand2_5_dif_seg_3_cropped.jpeg,5,367,367,hand2,train,268,9523c3fd2b4b46dbf719ecafbb520daff99d95f3b0c5fa3b0bc38a0c8c24651b
5/hand2_5_dif_seg_4_cropped.jpeg,5,368,368,hand2,train,269,026d08973b2455e8aabeb5e298cbffb0e99fc73b9f7226250bea606a36408d2b
5/hand2_5_dif_seg_5_cropped.jpeg,5,369,369,hand2,train,270,e2aa1b39a49c2e9945ec746fe44365e5fe2c2dd233e916e75c395c7fbd771f79
5/hand2_5_left_seg_1_cropped.jpeg,5,370,370,hand2,train,271,d65d0cd626710b5ca9a314a2d6b060173959eebd554b055f00b4b9e56ddb73bf
5/hand2_5_left_seg_2_cropped.jpeg,5,371,371,hand2,train,272,901c70a7b87a55b2e4c61e7916416226b9ca93665246eec0c852e9b4efcad18c
5/hand2_5_left_seg_3_cropped.jpeg,5,372,372,hand2,train,273,b2a73ea80ef1ef1926fb94777146f93562a8cd2aee402e4ec22a1691d5d51f1b
5/hand2_5_left_seg_4_cropped.jpeg,5,373,373,hand2,train,274,a3b40f734a55ac263bdaa0d38911025e81f81291b4b4d77d5445a01449cb4391
5/hand2_5_left_seg_5_cropped.jpeg,5,374,374,hand2,train,275,2b204c1c28fc05a237d45b59d825737c537c4d6faf81b07b3d3c871532050490
5/hand2_5_right_seg_1_cropped.jpeg,5,375,375,hand2,train,276,a590f754d9640f9d8b9231b536a481ade9adfd887aea060c378e3137501ca7c2
5/hand2_5_right_seg_2_cropped.jpeg,5,376,376,hand2,train,277,3f8eabb21894eb06620a71f02feb7eae58a68f9e2c476dfe5e36ef15b94450ca
5/hand2_5_right_seg_3_cropped.jpeg,5,377,377,hand2,train,278,c513287a3d79cede15aaaa28ce2c0ce2f48e2c5f381b554937293b8bd6e78427
5/hand2_5_right_seg_4_cropped.jpeg,5,378,378,hand2,train,279,f20461f265397f830ab70f10579fd54d5a5e92969882b3805977a8f85530f00b
5/hand2_5_right_seg_5_cropped.jpeg,5,379,379,hand2,train,280,a8411041cd4ceed9413c832550e6a5eb09ceabb24453939cfe2ca2ad475ec0a5
5/hand2_5_top_seg_1_cropped.jpeg,5,380,380,hand2,train,281,7ce3bce01609ddf49b89a4fee2779616c1d020851e0c05a33b69edad62f2aaf1
5/hand2_5_top_seg_2_cropped.jpeg,5,381,381,hand2,train,282,0ffd59b6741c9b7d66e88e75ac3a7fca1b0dc7ff4d46aed26b9ccbbd7c383f13
5/hand2_5_top_seg_3_cropped.jpeg,5,382,382,hand2,train,283,f52983b56faad540d8f7b343b3bf83c5c6475c35c594f758bad56e38fb2fc69b
5/hand2_5_top_seg_4_cropped.jpeg,5,383,383,hand2,train,284,71388557ab6088e08942f37c431a850324d6fea8e2ec68a52dbb6b6f549c92d2
5/hand2_5_top_seg_5_cropped.jpeg,5,384,384,hand2,train,285,5ef68d9600d67be45a40edc2a732f29e555ba326db5ad0b2cf5fe9d6df3a00e9
5/hand3_5_dif_seg_1_cropped.jpeg,5,385,385,hand3,validation,50,0f94f0e63febbbbfb5d819d0d37b6a3c9b97fe02f9e598e369cbedc98ff43211
5/hand3_5_dif_seg_2_cropped.jpeg,5,386,386,hand3,validation,51,e765e94c1ae4dec2955d5291ff0316d80db9914ce0d3591b0f6257c766055c30
5/hand3_5_dif_seg_3_cropped.jpeg,5,387,387,hand3,validation,52,781cab2396763d2f025ac3457a29c1ee860beeb8c8d66033e6e0ba8ae1fb3d52
5/hand3_5_dif_seg_4_cropped.jpeg,5,388,388,hand3,validation,53,2179d003cf25fcb0fd53e2191b7638c3ade07d2b5686043cd6747d03fefc5f35
5/hand3_5_dif_seg_5_cropped.jpeg,5,389,389,hand3,validation,54,b150d7df5c46c2d346fa73c7c93ec2807e5621c51a901d2f402197b97635efe7
5/hand4_5_bot_seg_1_cropped.jpeg,5,390,390,hand4,validation,55,4f8610931102ba74492f2a7d79de1dc6c38035a173d2a440f589da48ee22f7d8
5/hand4_5_bot_seg_2_cropped.jpeg,5,391,391,hand4,validation,56,777de6404f1870442d39f4f6d46e9cd4f60d055bee467b98c3934c27def49da5
5/hand4_5_bot_seg_3_cropped.jpeg,5,392,392,hand4,validation,57,ee4f666d2317bf1a98770d80eda09f5acd70882c813e22107160e5b7b39b5af3
5/hand4_5_bot_seg_4_cropped.jpeg,5,393,393,hand4,validation,58,cb6891d0bb4e56b742e950a5be52463cc19ad56c337d74496695c8d9e063ed05
5/hand4_5_bot_seg_5_cropped.jpeg,5,394,394,hand4,validation,59,d2f3c40b18dfd52452cf9930f0481cab947d9cd6e6fb0d0a4618cbe0511c8b33
5/hand5_5_bot_seg_1_cropped.jpeg,5,395,395,hand5,test,49,72611dd28d0228c2ccfab6de4d67930e7de29301606610234e9948a6ab4a7376
5/hand5_5_bot_seg_2_cropped.jpeg,5,396,396,hand5,test,50,21fafbb952b5e6bcdef57037fcb8072fc54bc6e3238feb7b25dd5673bc9990e8
5/hand5_5_bot_seg_3_cropped.jpeg,5,397,397,hand5,test,51,dd29ca62594565cf42b03c7916871d830d4c95b9a87498022de953d45d3658aa
5/hand5_5_bot_seg_4_cropped.jpeg,5,398,398,hand5,test,52,a9440f2b943008996b6bedb59f5f15add28069d12129f1e6c2ed4b13e8285e7e
5/hand5_5_bot_seg_5_cropped.jpeg,5,399,399,hand5,test,53,011715da9c9baaa20ad2f91b9f48a2415c15dd726e8b24589178205e1679c48d
5/hand5_5_dif_seg_1_cropped.jpeg,5,400,400,hand5,test,54,24f0dc2be7c3469fa6a94255ca5fbf9676f434d0866e3f6a5cc9be07df76c4ba
5/hand5_5_dif_seg_2_cropped.jpeg,5,401,401,hand5,test,55,6974d3ca49e9918178f47fb1ba12a240abba2c6aafa2a633330a83428bb676d5
5/hand5_5_dif_seg_3_cropped.jpeg,5,402,402,hand5,test,56,30181980ce4da271979dc2a9e627d69cc93f44bbc561b041028b48c081121bf5
5/hand5_5_dif_seg_4_cropped.jpeg,5,403,403,hand5,test,57,5c7c348d3bce2c6622cd10a4902ff55ffdf91d180000d05249b88a680f2122c3
5/hand5_5_dif_seg_5_cropped.jpeg,5,404,404,hand5,test,58,52f04459506727fff9ade8b0ef573afeb8f17c29c020363cce01cf4db07cfc11
6/hand1_6_dif_seg_1_cropped.jpeg,6,405,405,hand1,train,286,5615711be3e08b365a00719416c82352ee254370b07e87ed3bcab3a28c89ed23
6/hand1_6_dif_seg_2_cropped.jpeg,6,406,406,hand1,train,287,61b399724ce0e7f87b180e438a360ed952824b217948def82e56d0c4e325f80a
6/hand1_6_dif_seg_3_cropped.jpeg,6,407,407,hand1,train,288,1313ad9bf31cc4c81b1e890ed0d54be86ee417bf221b1c183111e6e3b4e6ed5b
6/hand1_6_dif_seg_4_cropped.jpeg,6,408,408,hand1,train,289,6a44da67dd1afcc8cc5c816dd53b09559bbb53b58e388bc692ede351daba5ccf
6/hand1_6_dif_seg_5_cropped.jpeg,6,409,409,hand1,train,290,9bc70424dd1a57471b02945af6953a2f21c8c43a9d5d93253690e48a34b16ad7
6/hand1_6_left_seg_1_cropped.jpeg,6,410,410,hand1,train,291,33fda63997d9b3e6d4f4dfac7974af079e0dbf22e406609f4694c15aa0781937
6/hand1_6_left_seg_2_cropped.jpeg,6,411,411,hand1,train,292,a4de26031e1159b10403b7a49a11886456856c251f18e703f3a6bd6ee86d9401
6/hand1_6_left_seg_3_cropped.jpeg,6,412,412,hand1,train,293,24bbdc79d751958456e7d27d4e55e2071058c2056d96d10f05f3b781dc81ba0d
6/hand1_6_left_seg_4_cropped.jpeg,6,413,413,hand1,train,294,6bd2164b910c1775fd078a44adbaa94f93627b3a6f39a1f58a536cb7746c77ab
6/hand1_6_left_seg_5_cropped.jpeg,6,414,414,hand1,train,295,512d99b9004f241931f449d3c0b28282b401cc2ae9398d46d6055c5e50049573
6/hand1_6_right_seg_1_cropped.jpeg,6,415,415,hand1,train,296,0525e82c5b6d01e6c17848c6017ae4d0b8f83fdfc3d2757e2910add5160a3d2a
6/hand1_6_right_seg_2_cropped.jpeg,6,416,416,hand1,train,297,1ea870d3b75017199fda88a24317407db4d5ac06e982054c4701de859a58f6b4
6/hand1_6_right_seg_3_cropped.jpeg,6,417,417,hand1,train,298,19f7bafd18f001599052b1fa151346bab0ed2493373292ec4ef63f0888d2436c
6/hand1_6_right_seg_4_cropped.jpeg,6,418,418,hand1,train,299,8e1021cd3cf71d558ab43e01934c3f445fe9bdad9eec53e2e617362da265146c
6/hand1_6_right_seg_5_cropped.jpeg,6,419,419,hand1,train,300,9fdcd570d7df9677bf8a5d27e909d00df882abdc1d3a9278332771ee2d678582
6/hand1_6_top_seg_1_cropped.jpeg,6,420,420,hand1,train,301,746e4bc9d6195191f1b44d2abea0dc1394196d798a9116ca3809015cc4cf3a1e
6/hand1_6_top_seg_2_cropped.jpeg,6,421,421,hand1,train,302,ee8496b09c291c7ef8e5b688b460529d8fc3f64ae250461fbe628c4d62bacea6
6/hand1_6_top_seg_3_cropped.jpeg,6,422,422,hand1,train,303,5a5df08fbb704fb57b0b74f5bd69bc2ec6e8c948bd47d8157a1618df8703c61e
6/hand1_6_top_seg_4_cropped.jpeg,6,423,423,hand1,train,304,b06b5babd91cc9e158e1e98d44d178b8cb6dd0453bc4c7e75d4c1239c1cb2446
6/hand1_6_top_seg_5_cropped.jpeg,6,424,424,hand1,train,305,f0bf0f279d12396a5d12bcf5200ee298bfbab97f5952eaf5b19e8a1fa8ab530f
6/hand2_6_bot_seg_2_cropped.jpeg,6,425,425,hand2,train,306,41aedde65815592b7dae2d058f0c06910b15b152442b888a886c5cafe6159e6e
6/hand2_6_bot_seg_3_cropped.jpeg,6,426,426,hand2,train,307,5ce0f44c2d5e1f4f9c058e9ca25842c815e4ba73bb69ae32c4261d9e73732f94
6/hand2_6_bot_seg_4_cropped.jpeg,6,427,427,hand2,train,308,12c1d20163ab2d690cf9be8371a2445917e15a241b6bd2653d21df2fc206b47b
6/hand2_6_bot_seg_5_cropped.jpeg,6,428,428,hand2,train,309,dbec9b99ea3cc0840b045e07aa7e9f070408bf9c183f0c6f8695dc6d6f0fb055
6/hand2_6_dif_seg_1_cropped.jpeg,6,429,429,hand2,train,310,32f111214c96c436137df15c56fec478cb149196e69bae2a55d782606f4e6f0c
6/hand2_6_dif_seg_2_cropped.jpeg,6,430,430,hand2,train,311,ef6dc9f5ef8b4458a6b055914ab24b85b208210650bef32583ce17d825589878
6/hand2_6_dif_seg_3_cropped.jpeg,6,431,431,hand2,train,312,1bc6e28c15d3ce6b415a2a16326bbb724712bc3318209b910901513c58c288fe
6/hand2_6_dif_seg_4_cropped.jpeg,6,432,432,hand2,train,313,8ad5c22a6e1c900d62ca042dd6f1767947f6539461da1cfd6d880f0ceeb575ee
6/hand2_6_dif_seg_5_cropped.jpeg,6,433,433,hand2,train,314,c3ed37a8821eb91f77e2c7f4e54f4bd319844cc7241f1754d35259fe4cffdad5
6/hand2_6_left_seg_1_cropped.jpeg,6,434,434,hand2,train,315,47f873d4072e50a74d235f697e2a64feccc0fc6fd05b9f5238c054596454b5ec
6/hand2_6_left_seg_2_cropped.jpeg,6,435,435,hand2,train,316,3ccda4f17ee897b2a8fe4ab7a0903761ddb306b9a0daff09058b9b383ec9635c
6/hand2_6_left_seg_3_cropped.jpeg,6,436,436,hand2,train,317,c10c89545e0894f7b3386781e5eae8c18c9dbec077ca88be33585a8d4099e684
6/hand2_6_left_seg_4_cropped.jpeg,6,437,437,hand2,train,318,4597ea5800f992af01d43976ab084643581cf4df28e858526804416e25d0dbe3
6/hand2_6_left_seg_5_cropped.jpeg,6,438,438,hand2,train,319,4a8d46e975803762f0bfb319774c9393df6de3d2464972b7de979e01e73effff
6/hand2_6_right_seg_1_cropped.jpeg,6,439,439,hand2,train,320,41697b11454ea89c809250a7ff4d96e4e3a59db909daded888680ec6461f9211
6/hand2_6_right_seg_2_cropped.jpeg,6,440,440,hand2,train,321,f67efc769300e1abbfa152c4f9e1a7e48077586291087f1a35ece76a3f18bece
6/hand2_6_right_seg_3_cropped.jpeg,6,441,441,hand2,train,322,d4bc47e879ca6c0d8c3a8ffca6373149f4a01317443fbf4041283e6f6177c002
6/hand2_6_right_seg_4_cropped.jpeg,6,442,442,hand2,train,323,a4a11cfb429c1772c73d6b12fd4ae5df77c494c964b015c426e93e48e6813ffd
6/hand2_6_right_seg_5_cropped.jpeg,6,443,443,hand2,train,324,111abc0e8e4bac08a29803e0aa58b43a54a37501d95a56f33989ba3c6fd815de
6/hand2_6_top_seg_1_cropped.jpeg,6,444,444,hand2,train,325,279e1836f589fc240521947669a08f4c2c240ec93007d0a89c745060071b12e5
6/hand2_6_top_seg_2_cropped.jpeg,6,445,445,hand2,train,326,464f5b0cecbe1047a654987ecd8d9e497144805ca8638f2d1d0fc3ef905926fd
6/hand2_6_top_seg_3_cropped.jpeg,6,446,446,hand2,train,327,0d9d3a0736fee26603989d89f6fd3daeafc67513af85a525f59ecb3a9d4e4c7a
6/hand2_6_top_seg_4_cropped.jpeg,6,447,447,hand2,train,328,29e17cc29c0dc00050dd97e51e9f85fdc026823b7efcf6d01a9959befa98c753
6/hand2_6_top_seg_5_cropped.jpeg,6,448,448,hand2,train,329,b7e2cf417e92074ac3c762e9eb2b74539a6b8fcdf16d112d7827180120444c30
6/hand3_6_dif_seg_1_cropped.jpeg,6,449,449,hand3,validation,60,063aebc92f1aee21da580fdcc13e11552bf8dea3c101c46181fba99969df5e90
6/hand3_6_dif_seg_2_cropped.jpeg,6,450,450,hand3,validation,61,8bbedffe20728486465a333adc9f60c998bc661615c1598334c4b869128dabd8
6/hand3_6_dif_seg_3_cropped.jpeg,6,451,451,hand3,validation,62,df2137f34f5d43a006451c22b9dbfc47ef84801536acb69705322bd853d3c83c
6/hand3_6_dif_seg_4_cropped.jpeg,6,452,452,hand3,validation,63,91f8cb15ee6352d24a3422b28034b085c13de5ed3f4571530d2dcdb8ef26b023
6/hand3_6_dif_seg_5_cropped.jpeg,6,453,453,hand3,validation,64,7795f798dee81226ee9288d92a6924718ab8a7da858166a2877010d560fb7f42
6/hand4_6_bot_seg_1_cropped.jpeg,6,454,454,hand4,validation,65,f87507475bd477d26873f12112ef19ea97967f76870b1ffdbdcab984a9bed7c7
6/hand4_6_bot_seg_2_cropped.jpeg,6,455,455,hand4,validation,66,465656f31c4df9d978b717405a3a671d572603e0349ae693eb7ecd8228e86ece
6/hand4_6_bot_seg_3_cropped.jpeg,6,456,456,hand4,validation,67,637d9d9db9d6cf5e4e5d3b65cb2bbb7b6be763ca7480beb462c056e91d33b768
6/hand4_6_bot_seg_4_cropped.jpeg,6,457,457,hand4,validation,68,4c2d37926c1e7cbbe8d9f3e9e1dfb2da02ceb7582bb2c28c7b1a22a31873306c
6/hand4_6_bot_seg_5_cropped.jpeg,6,458,458,hand4,validation,69,729c516da6a31d61dd4f1a1ad1b6d0e8c15639a5286b7d879ca0283d568c5647
6/hand5_6_bot_seg_1_cropped.jpeg,6,459,459,hand5,test,59,abcabd861c2f894c182d9ae2da0424e068a4c7f9abfca4018ce0efa6b999d169
6/hand5_6_bot_seg_3_cropped.jpeg,6,460,460,hand5,test,60,647ab7e43c7ba59c6414c87ae8e16e8e9041e27b1a7175c180338a1131d37e4e
6/hand5_6_bot_seg_4_cropped.jpeg,6,461,461,hand5,test,61,4e107a639917d09065d2a2c68731c6884ac43741ce3bc5facaf3046d1b225c48
6/hand5_6_dif_seg_1_cropped.jpeg,6,462,462,hand5,test,62,5b36bd5af657c9bba8a44ed2beea95c66309d64406aa7d698dcab34a9e332261
6/hand5_6_dif_seg_2_cropped.jpeg,6,463,463,hand5,test,63,33155b4198aafb279fc8b73bd4bf44d0fb3998b312e14c15ac3ef069db65323f
6/hand5_6_dif_seg_4_cropped.jpeg,6,464,464,hand5,test,64,b5b7fbfcf32fa3770215312ff67120c49d6e29b236ce1172359f7723595a577f
7/hand1_7_bot_seg_1_cropped.jpeg,7,465,465,hand1,train,330,96c62790ae2391a8d30d207a16859c7d957250d069387653ee7f092c8157202f
7/hand1_7_bot_seg_2_cropped.jpeg,7,466,466,hand1,train,331,180c9765ce58885fecef5f77eb33ffebfc3a8742a2998f619372ff06689c54cb
7/hand1_7_bot_seg_3_cropped.jpeg,7,467,467,hand1,train,332,7c55bf221d5b6203a9c2dcfdacba82160c1baa27c769b05cf8342a080ffd0007
7/hand1_7_bot_seg_4_cropped.jpeg,7,468,468,hand1,train,333,83ee108d39aa62e18ddc8ea60a060d19ec001222954a1f21861b173712e62e6d
7/hand1_7_bot_seg_5_cropped.jpeg,7,469,469,hand1,train,334,daf385627355f38d9cc9fb7aba8bc2509787c61d13b468ca3d6c15ebc928ead0
7/hand1_7_dif_seg_1_cropped.jpeg,7,470,470,hand1,train,335,feaddf290e52db60b295e3f3a301a9982843f92f5de5df166d7496b1fc416ec1
7/hand1_7_dif_seg_2_cropped.jpeg,7,471,471,hand1,train,336,01529d8d9e80fd115a0721930b06bd40deb55638191dee378286a78407f9ba64
7/hand1_7_dif_seg_3_cropped.jpeg,7,472,472,hand1,train,337,8c29a4e1137a285ccc851faec6d5bd9febab0afca51318bbbbe49b4a2427cac1
7/hand1_7_dif_seg_4_cropped.jpeg,7,473,473,hand1,train,338,f84a88198849beb3bc7671391ff5e9d12c2e501ca4186dfd9a88fa687621e8d5
7/hand1_7_dif_seg_5_cropped.jpeg,7,474,474,hand1,train,339,debca97fd7ebe50c90df1da22fd041127368cf15f4ef81724aa66f7e5ae4e080
7/hand1_7_left_seg_3_cropped.jpeg,7,475,475,hand1,train,340,82bea58d40095005fff9a5077a4dd4553fe17959f3c430d8d7992d602b6ae38d
7/hand1_7_left_seg_4_cropped.jpeg,7,476,476,hand1,train,341,ecf5e620d7005a533d4de7c703b442ce4b972382861e5aca9fc27ec4b8656fc7
7/hand1_7_left_seg_5_cropped.jpeg,7,477,477,hand1,train,342,6fa775a80a5df9622c0f9629ac9c239625772466201b3c4fd8e0341c7eca5f95
7/hand1_7_top_seg_1_cropped.jpeg,7,478,478,hand1,train,343,d5288cceb5e72a0becc6bb8824abc24bf6c8425793dde918d50f93603793acb2
7/hand1_7_top_seg_2_cropped.jpeg,7,479,479,hand1,train,344,9ad5bcdc5be6f0c9481cb4b9b20629f28a18cfeda9f54686c510d75a9388fce8
7/hand1_7_top_seg_3_cropped.jpeg,7,480,480,hand1,train,345,ef247b1c61500bd93b6ac3641c23b9d9606ba0654548fd33d8dbd4e8e47ab9e3
7/hand1_7_top_seg_4_cropped.jpeg,7,481,481,hand1,train,346,1afe6732708e39f93da9e3e7bb3ed47c0acd2edd2b74aa1ca075dbc1caa779e4
7/hand1_7_top_seg_5_cropped.jpeg,7,482,482,hand1,train,347,8934875f16c86eae7b3128ac5964312eb0a68c96ddb6b772c85358bd0a0aca36
7/hand2_7_bot_seg_1_cropped.jpeg,7,483,483,hand2,train,348,b90941f3c711716d4bdc573412ab835a723276b4e3329af98fc0e90db013fe22
7/hand2_7_bot_seg_2_cropped.jpeg,7,484,484,hand2,train,349,b0c131576f3c042c9949e8579690e4bec1c31f0333d1b82586792bfe64ba2ea1
7/hand2_7_bot_seg_3_cropped.jpeg,7,485,485,hand2,train,350,bdc37aad2fa35b2d95b0abb5edd6b84f8694fae1ee7c9d048010ec023c8895f8
7/hand2_7_bot_seg_4_cropped.jpeg,7,486,486,hand2,train,351,840410c3fbf41757115625fcbeda037a7c48119fba2c389f0663b153b4aea4f5
7/hand2_7_bot_seg_5_cropped.jpeg,7,487,487,hand2,train,352,fb47bac622e38a2351f1f63162a442ede55f61af60b7f9db2f12a84ee992e9db
7/hand2_7_dif_seg_1_cropped.jpeg,7,488,488,hand2,train,353,2d88dc7f267ba441a03bf49cfc382a4d4bca2ac66afed3fe8780046201de2fd9
7/hand2_7_dif_seg_2_cropped.jpeg,7,489,489,hand2,train,354,0ee958175a1da78b123d014e1e510fef551e66c281932067c8bb4ebf21fb08cf
7/hand2_7_dif_seg_3_cropped.jpeg,7,490,490,hand2,train,355,83a450c027b7bf6cfc213953cbd539d31301c28b9d25cba1c2ce8760c49c8f11
7/hand2_7_dif_seg_4_cropped.jpeg,7,491,491,hand2,train,356,263eacba2d3e7142a26f70b2c7e263a693768e9b7586397645a4df71b95fb61e
7/hand2_7_dif_seg_5_cropped.jpeg,7,492,492,hand2,train,357,9ebb38648c3adb63c85829c4aa66eb24336bcbb2ad3c3337a0aebcfec166dc14
7/hand2_7_left_seg_1_cropped.jpeg,7,493,493,hand2,train,358,8e54bc8c22ce296509fa2f4cfb89a5eb90e4d94b9eab0f2fbe16f3e382b6689a
7/hand2_7_left_seg_2_cropped.jpeg,7,494,494,hand2,train,359,e45138ca537d40424d270e57f1918b1f0df150ec70193f8fb095d38610309f99
7/hand2_7_left_seg_3_cropped.jpeg,7,495,495,hand2,train,360,30d069caf962f4f0c7d1b234d9b352838b836136f4786df9fea91534640b10e4
7/hand2_7_left_seg_4_cropped.jpeg,7,496,496,hand2,train,361,c29a30b4f74a49ed81ce09914c501029618dac6fb0668b9170854411b01d0b96
7/hand2_7_left_seg_5_cropped.jpeg,7,497,497,hand2,train,362,4fc3e99d1d00fa97589ed98c34e83bbadfcbc1a45d44dedc270e75b4556b9df1
7/hand2_7_right_seg_1_cropped.jpeg,7,498,498,hand2,train,363,7640bf70fdab2eee25e0ee3f0dbe47dbe9dcbe912fbcc5f2d6e7dc97d8936a03
7/hand2_7_right_seg_2_cropped.jpeg,7,499,499,hand2,train,364,06de37d47d380c586785ff574b3f27c76686571bcfd9bcc7c404959b581b9e46
7/hand2_7_right_seg_3_cropped.jpeg,7,500,500,hand2,train,365,84bf62d7e5380e76162e9dfbde6a24fd4590d7bb038df746729396b32ee020d6
7/hand2_7_right_seg_4_cropped.jpeg,7,501,501,hand2,train,366,fa6c77fa97936f72f0271e2fe1d2df19dfa2bb3d7f66a3db15c9c75ceea0b996
7/hand2_7_right_seg_5_cropped.jpeg,7,502,502,hand2,train,367,f99d5aaa2e04de56e9e17f4df14b85536808e18f7562d5ebe83794d18a4c13ec
7/hand2_7_top_seg_1_cropped.jpeg,7,503,503,hand2,train,368,832e22f3e12d080e082800a1e1f96e91045d0e7d49c3e801ea78ec3b45774a5d
7/hand2_7_top_seg_2_cropped.jpeg,7,504,504,hand2,train,369,3bc98f34c7e64746363cc5e6326e63d94d8b4733ea8ee1f26b93a2b1771c0f4f
7/hand2_7_top_seg_3_cropped.jpeg,7,505,505,hand2,train,370,721d0abc620cd2286557ec050a4e39ea0793dd7def7a6fdd4ae4c5dbfbb07d91
7/hand2_7_top_seg_4_cropped.jpeg,7,506,506,hand2,train,371,6da7fd787a648c490759b45f6f7c0df97abeff4cc7efb24d1552402fd4f4e911
7/hand2_7_top_seg_5_cropped.jpeg,7,507,507,hand2,train,372,3ff6dcfda93ace20687a90fd87b8df889bdf649af8369a5abdcbebbd8e91ebe1
7/hand3_7_dif_seg_1_cropped.jpeg,7,508,508,hand3,validation,70,6507dc9be3a22c7e6e65833b0952f19b0b230f62077db7c3e2f4d52c8201274e
7/hand3_7_dif_seg_2_cropped.jpeg,7,509,509,hand3,validation,71,ae1d52d06ebf23413dc5307a172a08ff20584fdef6c811f1962bdc288f126be4
7/hand3_7_dif_seg_3_cropped.jpeg,7,510,510,hand3,validation,72,cff629843a5520720a58d9a40ed9329753999054349e0879268bd1b1d2a3d051
7/hand3_7_dif_seg_4_cropped.jpeg,7,511,511,hand3,validation,73,9e4667716d52c62ff410ffc0c64f6f602995c30628345dc3ff16ed6c1ad2dbf3
7/hand3_7_dif_seg_5_cropped.jpeg,7,512,512,hand3,validation,74,327a5c54199b7427c6774a2e363117404bb5ac7f9d5471ee814dde1897fd66ed
7/hand4_7_bot_seg_1_cropped.jpeg,7,513,513,hand4,validation,75,64f18510f7880957a318f381eaeb8759ffc5e3490f3287babddaffe7041a289f
7/hand4_7_bot_seg_2_cropped.jpeg,7,514,514,hand4,validation,76,edba9c3d18180fc1dcb1c32816e4e990a277bb9c4b0784af8215b317a2165fcc
7/hand4_7_bot_seg_3_cropped.jpeg,7,515,515,hand4,validation,77,a3dfd41d46438675a08174a6a4017b3cc17ec0a663f5a72b47ec4904ba5eaf12
7/hand4_7_bot_seg_4_cropped.jpeg,7,516,516,hand4,validation,78,4863cb27273c2c3d86e7a22672c014d08b2e556b43ae8f6582402e6bce87abb0
7/hand4_7_bot_seg_5_cropped.jpeg,7,517,517,hand4,validation,79,36876bc73254703020b4cb802a7c4d9dc47060620ba5d13c35d4572ec0985007
7/hand5_7_bot_seg_1_cropped.jpeg,7,518,518,hand5,test,65,0a2011ce09c90fe8fdfabdd11b72fba86b00a201fa7cc4e3af942c966db60ab0
7/hand5_7_bot_seg_2_cropped.jpeg,7,519,519,hand5,test,66,2fa3491cb0662af0fe081278c82de6912b8453da39e9c6f0adf703d4f5c541b9
7/hand5_7_bot_seg_3_cropped.jpeg,7,520,520,hand5,test,67,17ca9fa3cb585cd2dec33b4f05e8055c1ce03f34f2ed3d7acf5f5b0f69f0b64f
7/hand5_7_bot_seg_4_cropped.jpeg,7,521,521,hand5,test,68,13273b0c55fe53132b4a73abe96b89a4b9e8c44b7f77f1033c2ad04f706ecf34
7/hand5_7_bot_seg_5_cropped.jpeg,7,522,522,hand5,test,69,d55b959eabb8f684838da1580cc265aba1ec082a25bfe7a2fb4b562e863b2cb9
7/hand5_7_dif_seg_1_cropped.jpeg,7,523,523,hand5,test,70,8dcf23d71578ad5b68c4329adea7173b1bbdf442eae96bca2cd83d3a85a7e299
7/hand5_7_dif_seg_2_cropped.jpeg,7,524,524,hand5,test,71,ebbd04aa46f7d0136036b9eafc516d46dcc1d6b1cbbee938beb34bdee2d4f33b
7/hand5_7_dif_seg_3_cropped.jpeg,7,525,525,hand5,test,72,8e1ff49913841d8180e319e0e8708870810666503da0e7654a2153d528cf1086
7/hand5_7_dif_seg_4_cropped.jpeg,7,526,526,hand5,test,73,8f6b6a2135c18a18bac64c35524874769770debc6036456e01953fe5f2f121c7
7/hand5_7_dif_seg_5_cropped.jpeg,7,527,527,hand5,test,74,6ca5df9770288bbdf0901396fb9e17d3377006a51db452be9ea609aa1003d41a
8/hand1_8_bot_seg_1_cropped.jpeg,8,528,528,hand1,train,373,978cbff93ccb1e81fae08d542ccabcfdd48bb7956257b8818cf2fd7a61dd2a66
8/hand1_8_bot_seg_2_cropped.jpeg,8,529,529,hand1,train,374,b09b47f057464b0892be1a48fcc49479adf6aa49c6b07ea4ac2506527c60a1c1
8/hand1_8_bot_seg_3_cropped.jpeg,8,530,530,hand1,train,375,25e1e45348e7bf716bab8a3141b5a6dfa64103f9c81df04cd4a53df50bc03ea5
8/hand1_8_bot_seg_4_cropped.jpeg,8,531,531,hand1,train,376,7b1f61148e3c9fc2c3be704690aecb258250299d5bddaa794fc42e7db6d5efa9
8/hand1_8_bot_seg_5_cropped.jpeg,8,532,532,hand1,train,377,734d4bcf7ef1977a8d477a0a2660dfc5f83bcf50b60187d029b5df70d3adfd8f
8/hand1_8_dif_seg_1_cropped.jpeg,8,533,533,hand1,train,378,ca73b5abe33e22af4cd6b628caaab3c4308ab9b4f1ed80e794ded6b4ed038858
8/hand1_8_dif_seg_2_cropped.jpeg,8,534,534,hand1,train,379,4ae1445f21af6996e05f062f224d0657c649338d898429406acd9be8d5c067d9
8/hand1_8_dif_seg_3_cropped.jpeg,8,535,535,hand1,train,380,460a06c32dec40e6fcdd073ed4d85690e523d5ad11f8f77a9fe5d6a80d835551
8/hand1_8_dif_seg_4_cropped.jpeg,8,536,536,hand1,train,381,b78746bab03789854c5d53a5856e19e224aeeae0a884b84f0600ed0b950ff95b
8/hand1_8_dif_seg_5_cropped.jpeg,8,537,537,hand1,train,382,1a286d2b652da85466e94670cdd60593ef77ab0fa6437a39f52f7384d279a02f
8/hand1_8_left_seg_1_cropped.jpeg,8,538,538,hand1,train,383,78746f7293abdaa147e51f0ca0586bfdea6a0bdfbb636bb65cbc8ff4bdb71787
8/hand1_8_left_seg_2_cropped.jpeg,8,539,539,hand1,train,384,161a0772ba23b0f95ba2381c0c17bb41f91171b74c4613285eb8c0687f1a978e
8/hand1_8_left_seg_3_cropped.jpeg,8,540,540,hand1,train,385,19388c615ce9b2af5f2b811a3273e0826df8931a441b2f53ab957a52055652bc
8/hand1_8_left_seg_4_cropped.jpeg,8,541,541,hand1,train,386,51b4062e6c8ce2185eabebe6fcb5e404f048891318b22a69f9874bacb0fdd0e8
8/hand1_8_left_seg_5_cropped.jpeg,8,542,542,hand1,train,387,52ba82c5ee58be2905902260c124ccce288d116fb806f340f9b18eb4e1050887
8/hand1_8_top_seg_1_cropped.jpeg,8,543,543,hand1,train,388,73b7b1f5d370ad854a4996b671f84214cab6010c75fc91a55a7cb3d20acca955
8/hand1_8_top_seg_2_cropped.jpeg,8,544,544,hand1,train,389,3b592b48232c46bc6252bedc2d9de3e73d60d95ca3d5f879a0a4095946f1131f
8/hand1_8_top_seg_3_cropped.jpeg,8,545,545,hand1,train,390,fe6eba72fc91f4817cecd327265f8c68f97aeabee03cb60f605b8f72f0deaf82
8/hand1_8_top_seg_4_cropped.jpeg,8,546,546,hand1,train,391,03c0f32e7331b726712243665661576a41af562f55d9336bfeb270f7b5aa3ce2
8/hand1_8_top_seg_5_cropped.jpeg,8,547,547,hand1,train,392,8a25559de0836ca685b094aba9adc222d5e15c539794ae1292bfc0ec7eb2fbb5
8/hand2_8_bot_seg_1_cropped.jpeg,8,548,548,hand2,train,393,43da51acbdb8c6d4a246e1680cc75a3f70f16cf67ade972c46713da99aba5f47
8/hand2_8_bot_seg_2_cropped.jpeg,8,549,549,hand2,train,394,3acb5bfa742894ede73951d5460fc87282a17fd5104c3f291953e43a697fdc0e
8/hand2_8_bot_seg_3_cropped.jpeg,8,550,550,hand2,train,395,722bdf611c2926e28116a971e0b238809f222643f6b23c77c1da5d57543e866a
8/hand2_8_bot_seg_4_cropped.jpeg,8,551,551,hand2,train,396,1be4f6545dfe03c7a0b50c9a579b25920f83861f364766764e41cb15b372f4ef
8/hand2_8_bot_seg_5_cropped.jpeg,8,552,552,hand2,train,397,d32b301f6b8689887a806d594160720545fddc928257528ca12fdb0bcd0cb870
8/hand2_8_dif_seg_1_cropped.jpeg,8,553,553,hand2,train,398,31def48ed10a76026c23643f252722bb6f1c7de4421ed9e7904296e8d0306e3d
8/hand2_8_dif_seg_2_cropped.jpeg,8,554,554,hand2,train,399,24a88657e89ad67f01f1fb600d1764d838a6f3d1e30eaf53d6c7b210c7994625
8/hand2_8_dif_seg_3_cropped.jpeg,8,555,555,hand2,train,400,bf632479f7a2b76526054af3854f396e8507d5509126ceb0baab1dc3ae043039
8/hand2_8_dif_seg_4_cropped.jpeg,8,556,556,hand2,train,401,fecbdbc2e7026823253ccf8bd693e54163e3c54010025cc7dc7ab9228ccedf45
8/hand2_8_dif_seg_5_cropped.jpeg,8,557,557,hand2,train,402,0968d07af8e4c4f2d87dc4eb561fcac51e27c278fa6542cc297e62ce4e1edbdb
8/hand2_8_left_seg_1_cropped.jpeg,8,558,558,hand2,train,403,e16574c6d4517e83d425224196845fb54377a8c8a6639c80425b940634f3d984
8/hand2_8_left_seg_2_cropped.jpeg,8,559,559,hand2,train,404,b18dd03f4bb9d96f8cf22cce1f49562c8da2d34bd71e1c4e58a4446779f2e5eb
8/hand2_8_left_seg_3_cropped.jpeg,8,560,560,hand2,train,405,c3ce9018666b25b1b9d1f0d27978cb996db0bd05237cba1db7d93c0c993886d1
8/hand2_8_left_seg_4_cropped.jpeg,8,561,561,hand2,train,406,f8cfe544a2573a2d74bd801de0dc3e6f503701b5d987e712e7bca3c03c4064dc
8/hand2_8_left_seg_5_cropped.jpeg,8,562,562,hand2,train,407,dd42bd9c2258f932e031c691c49e2e44adb6d04e2b881af5f2b807a2934bfe8e
8/hand2_8_right_seg_1_cropped.jpeg,8,563,563,hand2,train,408,303405827300e287f54d38d6557de357f09fd78ca26c657830768a343652bf24
8/hand2_8_right_seg_2_cropped.jpeg,8,564,564,hand2,train,409,36c47e32bca74704c94feb57e797065245e032a26bdb2e5db918925e176eab0b
8/hand2_8_right_seg_3_cropped.jpeg,8,565,565,hand2,train,410,bbd968072ee5117009dee3d2bf022e00901d33e64feee9ab247a3a8fd53e7a8b
8/hand2_8_right_seg_4_cropped.jpeg,8,566,566,hand2,train,411,6f2f66d471bbe84d93bbe7888c2d0e993f1057cecccc44005ba0068c456570d4
8/hand2_8_right_seg_5_cropped.jpeg,8,567,567,hand2,train,412,a541f3e2c2b2ac4231cae8cced3951ea8f21910de5f5dfed9c5418731c65f444
8/hand2_8_top_seg_1_cropped.jpeg,8,568,568,hand2,train,413,a05efdf4d349d6104249c61c6212578214ab050c19bbb72a9c1b298e54e52f48
8/hand2_8_top_seg_2_cropped.jpeg,8,569,569,hand2,train,414,46aa6ad6d99039e1aef546916b7122383c61e1d61e39ca6bb7e029f3e8598e15
8/hand2_8_top_seg_3_cropped.jpeg,8,570,570,hand2,train,415,b1ad061614c3153fc7d1df86282d7a19903d149a16badefd208e59a4d3ed2aca
8/hand2_8_top_seg_4_cropped.jpeg,8,571,571,hand2,train,416,5568e8de7aec13a81dc89c18433815a8340d84fe2b408b487a6f6a7d02a87e79
8/hand2_8_top_seg_5_cropped.jpeg,8,572,572,hand2,train,417,df03614e2488f55c04b64b3a09a6d80ae9e9379f95a17a7d5bbb9a7b60d2d4ee
8/hand3_8_dif_seg_1_cropped.jpeg,8,573,573,hand3,validation,80,a085ad4edad8e1c2f0db30d19015289de583e6c3fd5e6bb8ed12b30f5464388f
8/hand3_8_dif_seg_2_cropped.jpeg,8,574,574,hand3,validation,81,adad0af319afb8de96857d621303f34db6bc2dd91c5efea867bfb16e6d37c4ef
8/hand3_8_dif_seg_3_cropped.jpeg,8,575,575,hand3,validation,82,c8874d1ddad385c1e3ac7bef6cada571117f538938078f31b9f3c8488653cbb7
8/hand3_8_dif_seg_4_cropped.jpeg,8,576,576,hand3,validation,83,3a5a9e186d60e4815c0a54729a5adb3c9b3d5728889d5aac24178e84ce014b29
8/hand3_8_dif_seg_5_cropped.jpeg,8,577,577,hand3,validation,84,ade2d712444dd35bff9c349630625d23d73b94d22e12d715f1ebe217be8a1447
8/hand4_8_bot_seg_1_cropped.jpeg,8,578,578,hand4,validation,85,bf44413800f39d5f45d54538166f7d3ff95b2846c10e92d28e96819384bac2c4
8/hand4_8_bot_seg_2_cropped.jpeg,8,579,579,hand4,validation,86,5fdef0bd148deac21c65a71aa949e722a5f909285a869c25a3b0508e39f408b6
8/hand4_8_bot_seg_3_cropped.jpeg,8,580,580,hand4,validation,87,698f67380e21a4aea7e0e88746649b9f40549676b85c451b7804167a582cad3d
8/hand4_8_bot_seg_4_cropped.jpeg,8,581,581,hand4,validation,88,4f33ebc1a81403922d9e31f252d9620f1f38f6176173e07c502a67bb7d27acef
8/hand4_8_bot_seg_5_cropped.jpeg,8,582,582,hand4,validation,89,8f1df2018050c4d9f5e800c10321343031a40abd3922c85d1616216de2b37ea8
8/hand5_8_bot_seg_1_cropped.jpeg,8,583,583,hand5,test,75,a127f1feadc048f71bc156e5d50e3edcff768983cb0780c72630d300bbeddc86
8/hand5_8_bot_seg_2_cropped.jpeg,8,584,584,hand5,test,76,75233bb6e0f39ff6dd48c49486a13144d7366e1b026af9d8ec99ff98d165d720
8/hand5_8_bot_seg_4_cropped.jpeg,8,585,585,hand5,test,77,9d6079c0dbd7a56fb69591e6658f3b01220e93b126af43bc7d2cc09ab12987c4
8/hand5_8_bot_seg_5_cropped.jpeg,8,586,586,hand5,test,78,2d7c365e686a1e115510ef865f63e02215e525959079dc6d5304c24b50d13f98
8/hand5_8_dif_seg_1_cropped.jpeg,8,587,587,hand5,test,79,f59baf918c6b65f7b74a3eec3eb00a74a5ef60b61ffd93f338a8cae575e446df
8/hand5_8_dif_seg_2_cropped.jpeg,8,588,588,hand5,test,80,f3c7e9bf1fdaa2f7ae31f344e70f99d96e032f28cda2f04c2eeeeeafa1c51d36
8/hand5_8_dif_seg_3_cropped.jpeg,8,589,589,hand5,test,81,5b4a7b131deefc6285a558c59add4826bc22daac19e1c5745de1d43b033854f2
8/hand5_8_dif_seg_4_cropped.jpeg,8,590,590,hand5,test,82,ae04ed991e4c4f28ef12b289cbf969c58f511611fbf8c7471622aea705cb9c3c
8/hand5_8_dif_seg_5_cropped.jpeg,8,591,591,hand5,test,83,a85c952c0fa7867dc094e3cb5cc0fa28f4c5fc80deb60685e2527222f3edb1d7
9/hand1_9_bot_seg_1_cropped.jpeg,9,592,592,hand1,train,418,64351395c6932e9827988c96713c86c777b402fc63812da87c51e6b9c8e9f622
9/hand1_9_bot_seg_2_cropped.jpeg,9,593,593,hand1,train,419,d4b7f258702786042b26f6544d8eb728f9e33b4f6d4daec49157b0724965b304
9/hand1_9_bot_seg_3_cropped.jpeg,9,594,594,hand1,train,420,51d5c27e0bf83ca3305ccf6f5c337747ac47fc1919d6d1f898833c5fe2a490f6
9/hand1_9_bot_seg_4_cropped.jpeg,9,595,595,hand1,train,421,bf5ff93340f7609f06b9e940a6014b6fa495ae9284f555131a8418b161e9de5a
9/hand1_9_bot_seg_5_cropped.jpeg,9,596,596,hand1,train,422,47a67c5ce713a493b9da403f348ab1ffb456a834d2b7e75966f1e0a05b92459d
9/hand1_9_dif_seg_1_cropped.jpeg,9,597,597,hand1,train,423,136b1bd5295b788f1001fdfa7c15a9529519cbf3643bbb8184487bce300fa65b
9/hand1_9_dif_seg_2_cropped.jpeg,9,598,598,hand1,train,424,cfce965249d1d35f2a4ca5f3e27069afc7c6646e3b5ccf129411acba662d328c
9/hand1_9_dif_seg_3_cropped.jpeg,9,599,599,hand1,train,425,1bdb1468509d1075e911bcc274b8eefbd2e676acb520e46255ef30b4897c5316
9/hand1_9_dif_seg_4_cropped.jpeg,9,600,600,hand1,train,426,349884f42c9da9b3cdbf995dd0d65798008f0c0ef8b287a4755302e4a8eb6ef3
9/hand1_9_dif_seg_5_cropped.jpeg,9,601,601,hand1,train,427,61c93a42d5e3a1d44364606186f16cba719681b7fd76e3de86a084ef9255be44
9/hand1_9_left_seg_1_cropped.jpeg,9,602,602,hand1,train,428,b7149b878ef04cd702eecb8ce34cf3c351c07d882825f73aa877dd0a68e467f9
9/hand1_9_left_seg_2_cropped.jpeg,9,603,603,hand1,train,429,59ad6994848411573538847fa046931cebd4e46ae422b38458e4fa6155aa4847
9/hand1_9_left_seg_3_cropped.jpeg,9,604,604,hand1,train,430,2901e52b92a46ea7a71def0b544cc3aab2400570f62b70647578696a62108d0c
9/hand1_9_left_seg_4_cropped.jpeg,9,605,605,hand1,train,431,2b95226d8c91759472408cb7304ec8dd2caa36f4a3d0ff556dffa49ebc0839a0
9/hand1_9_left_seg_5_cropped.jpeg,9,606,606,hand1,train,432,19fea35a7c01d2b80dc40061d67b4ff6e48501d36a611a3ee50ee8955d7743d4
9/hand1_9_right_seg_1_cropped.jpeg,9,607,607,hand1,train,433,0f411e458a849ff62bc7005c26273aa9af5d64acba4ce24f2fdb1400eed691bd
9/hand1_9_right_seg_2_cropped.jpeg,9,608,608,hand1,train,434,0b9efb3fc18efaec44d504a54f82222c200b443ddfa20c274980771b1216eafb
9/hand1_9_right_seg_3_cropped.jpeg,9,609,609,hand1,train,435,05bc764c907fb4e947a81d939ebae0af8974645db4c88adef1b0fdcf14d21fe3
9/hand1_9_top_seg_1_cropped.jpeg,9,610,610,hand1,train,436,9161a0d094867118aabbc929ba19088532fb466b53dfc733000fb6e51f2e1722
9/hand1_9_top_seg_2_cropped.jpeg,9,611,611,hand1,train,437,6c22a5c77df7595b868fc1e176b9de52c3ec90d96de0b751790e9cf53ed9e208
9/hand1_9_top_seg_3_cropped.jpeg,9,612,612,hand1,train,438,9217c28ce4a2f652245b5ff95aae827f88cfdc02e001ae297b2ce138c76f4263
9/hand1_9_top_seg_4_cropped.jpeg,9,613,613,hand1,train,439,ac49292f501c75a63d7ad78ebbdd891424faa899c45ea07e8e89f35c80d65a34
9/hand1_9_top_seg_5_cropped.jpeg,9,614,614,hand1,train,440,787c2a8578238db1eb472fd09ad0048a3cc43585184f76e54ee011712ce38378
9/hand2_9_bot_seg_1_cropped.jpeg,9,615,615,hand2,train,441,d94bdb6ec1576d886e66bbf4d49c377d5dc994e8583dcca028a425ed4e1f8ccd
9/hand2_9_bot_seg_2_cropped.jpeg,9,616,616,hand2,train,442,d664a6979649be73af1ece89468515fbbdb6da1eefd92414337a479138bcf1e4
9/hand2_9_bot_seg_3_cropped.jpeg,9,617,617,hand2,train,443,d11eab34bb3bbcc6870231430f61d2cc719845b89bbe589ed45cc7542ab27553
9/hand2_9_bot_seg_4_cropped.jpeg,9,618,618,hand2,train,444,3e7e151ddcaad90815e4c56e9eda91b960adeb9b92340dcbd569a754f315d176
9/hand2_9_bot_seg_5_cropped.jpeg,9,619,619,hand2,train,445,9f167a19cb3e6fac920585d0a2f98831f6cedfdf056218f5ca8644cf67b57c84
9/hand2_9_dif_seg_1_cropped.jpeg,9,620,620,hand2,train,446,a0a2b2b2f084ce7d4771012a9eaf3c52bd134c6ad8d97c6c20a043e7c020933e
9/hand2_9_dif_seg_2_cropped.jpeg,9,621,621,hand2,train,447,f6035d6d9a8473956d8bfd2f08b94ade9b3640bc73e6dfd9e0f5b8fbadc71479
9/hand2_9_dif_seg_3_cropped.jpeg,9,622,622,hand2,train,448,a9b4b55258cafee1269b2d662ad668007c383a5aa76b338605855791d13c38d6
9/hand2_9_dif_seg_4_cropped.jpeg,9,623,623,hand2,train,449,66046cb0e927d5f01a1d33741038eebda08f335eb9239d0c26445a53d9fc0e5d
9/hand2_9_dif_seg_5_cropped.jpeg,9,624,624,hand2,train,450,b7e3acc4b673f0b6b44b8d3629e5728839cbad5a2120791674ec06797b7024bd
9/hand2_9_left_seg_1_cropped.jpeg,9,625,625,hand2,train,451,602ac37b9565f165f2272a2dfccc249140ef0f040c6212405c8587268ce77051
9/hand2_9_left_seg_2_cropped.jpeg,9,626,626,hand2,train,452,21344d116c83594085fea089a1dc7ffc5ba0848a5d1680c6fc66624abf5884e1
9/hand2_9_left_seg_3_cropped.jpeg,9,627,627,hand2,train,453,fa99725dc85b77383adeee109d0313821613d55243c65ddc4a302d7c3db9d2ef
9/hand2_9_left_seg_4_cropped.jpeg,9,628,628,hand2,train,454,ab6b5d8a0e4f7f03daf77280b9db0d3f146d4271884a7c74dfecea4ee5239c79
9/hand2_9_left_seg_5_cropped.jpeg,9,629,629,hand2,train,455,0cf0987e2f4f3abe1129a344b8a0bcb3c53d2e52bbd531e411375f48f6b3eabf
9/hand2_9_right_seg_1_cropped.jpeg,9,630,630,hand2,train,456,6b0ee979ff12ac32c1ed77d552813106da50d16729d629ff56a18a2487ed41f9
9/hand2_9_right_seg_2_cropped.jpeg,9,631,631,hand2,train,457,ab67fc279d8a119c069c1adb1e7d85c095c944d2b5ae1ff56dce7b9787ffe714
9/hand2_9_right_seg_3_cropped.jpeg,9,632,632,hand2,train,458,9d391cf17936263a33f5635c5336897d6b504bb96e0039a9ba66e8b6462654b3
9/hand2_9_right_seg_4_cropped.jpeg,9,633,633,hand2,train,459,8efac64e80c6fbe8788d5228d68913c815220ecd88e9d35ee84a81744f5c75cd
9/hand2_9_right_seg_5_cropped.jpeg,9,634,634,hand2,train,460,cfaa5904b07dfb94d66df73b80300fd7e1658fc0679a9b0c1b34e6b6afae7f4e
9/hand2_9_top_seg_1_cropped.jpeg,9,635,635,hand2,train,461,9f585ff13ffbaeeeae954bf238debbb0b240dd2a1bd662dead4eee70cb9be02e
9/hand2_9_top_seg_2_cropped.jpeg,9,636,636,hand2,train,462,674c7cd2274e8cb2dee1772761d41d02185cfd9c9e5f726b882f3343a2e0197e
9/hand2_9_top_seg_3_cropped.jpeg,9,637,637,hand2,train,463,c82a7b87cae3f1b55c3ef851bbdeb42af78f6d67032b6ed7eaad88fd0cc68e42
9/hand2_9_top_seg_4_cropped.jpeg,9,638,638,hand2,train,464,8a16520ac038c86ad5e62a4479dcc8e2f82f10dae0de6d443b8724c7dc488573
9/hand2_9_top_seg_5_cropped.jpeg,9,639,639,hand2,train,465,b0778b097a1123e2f4eecd4640dcd91ace30678d8c2d3a58f70cffc1b7ad9274
9/hand3_9_dif_seg_1_cropped.jpeg,9,640,640,hand3,validation,90,e3ae89b33c8cc8d54e0587e7b92ddf91bf6816fd6e4bfab4e9feafa647377366
9/hand3_9_dif_seg_2_cropped.jpeg,9,641,641,hand3,validation,91,2a1eb5e18b068925dc66cec0f62c7690075a662e2dcf54da4e44d5b84afc73a8
9/hand3_9_dif_seg_3_cropped.jpeg,9,642,642,hand3,validation,92,0e050c3c91e59eb5ab7e53b54f274ffe3202b7cb5faeb613541a15c9eea8eae5
9/hand3_9_dif_seg_4_cropped.jpeg,9,643,643,hand3,validation,93,105783a55c7b7368f093145e533d0d0a8ed15ac5b44b49d3765dfcd2a0438561
9/hand3_9_dif_seg_5_cropped.jpeg,9,644,644,hand3,validation,94,4b929cbdb947a7b8a93997d60b23417407405f1b612489d50d1ae92fc126c44f
9/hand4_9_bot_seg_1_cropped.jpeg,9,645,645,hand4,validation,95,5b820fb36c9c37bdbfe8369187f06bbf86fddcb2348f19082eec8ae2104c4d5c
9/hand4_9_bot_seg_2_cropped.jpeg,9,646,646,hand4,validation,96,6dd894ece2943ba639d9e15302393576af577c003e4fa7a6b3a8dfad34ad0178
9/hand4_9_bot_seg_3_cropped.jpeg,9,647,647,hand4,validation,97,0209280363fd68c4751f62c992de634c6258718e4231bd9057414204370d7961
9/hand4_9_bot_seg_4_cropped.jpeg,9,648,648,hand4,validation,98,cc5773eef5708e1147a2f45e5c549f301fd19de61656da4fd221fa13eeed6838
9/hand4_9_bot_seg_5_cropped.jpeg,9,649,649,hand4,validation,99,0facf823879741d75f106fca7d0f99b04f9cd196bb9828893af2d3ddd3f10a82
9/hand5_9_bot_seg_1_cropped.jpeg,9,650,650,hand5,test,84,00414cd198db65ee2bbf48cd309fffa4c290a65e1986ceb505b62b2649c37a6a
9/hand5_9_bot_seg_2_cropped.jpeg,9,651,651,hand5,test,85,1952ed1b9e92227ade211830d84983ba765c8996b00b2a5113c045d50fd0af9d
9/hand5_9_bot_seg_3_cropped.jpeg,9,652,652,hand5,test,86,2295b66a717826df54c99dee63b9620c2e666ecad7f8597bf9bde1731ec49713
9/hand5_9_bot_seg_4_cropped.jpeg,9,653,653,hand5,test,87,d6adf938735ab880e1882f956fbfa6bcd106d8d3078a9faa0c93c550abf809e5
9/hand5_9_bot_seg_5_cropped.jpeg,9,654,654,hand5,test,88,213a373a1a78d386d138b0e3d1128cc243e72c16532d259d1e7a716c8acf0b6f
9/hand5_9_dif_seg_1_cropped.jpeg,9,655,655,hand5,test,89,71bf002d37b49e3ba3fca6ceda355bfdf0f5d6daa479fabb15e45cd03e5aec57
9/hand5_9_dif_seg_2_cropped.jpeg,9,656,656,hand5,test,90,4ee51088549df9c9811d0ac99a1b0316f2b40883afa3e25773c4ce142667dca1
9/hand5_9_dif_seg_3_cropped.jpeg,9,657,657,hand5,test,91,b369b96c17f6a7c8f0801c79ca62df99eaf93a6ab068d18d2d4bd2d1b33c9381
9/hand5_9_dif_seg_4_cropped.jpeg,9,658,658,hand5,test,92,004bba5e738d9ff908263c066034219b0222a1751342991cd22a4122847c615d
9/hand5_9_dif_seg_5_cropped.jpeg,9,659,659,hand5,test,93,3d41dfc84bcd8b9d0699202c635ac6b744f7d2ddb7c13222d054a6f096e7c544
A/19BD9D4B-8035-4186-8CE1-546DFA9D3369.jpg,A,660,660,photo_uuid,train,466,427c6b7080c55f2b7fdc8d3dafbcedc126aabfbeabbd14d16d3edf6f6677220a
A/20210607_165156.jpg,A,661,661,photo_date,train,467,b341c64a3a55b440d80780e64f326a9207f976c5229a6dea368418ac31cdd266
A/20210607_165158.jpg,A,662,662,photo_date,train,468,24ab6437ebd6879cec03c99042963f5d7dd7a9163256ec6c4f5911aeb6e68bc6
A/20210607_165200.jpg,A,663,663,photo_date,train,469,35b44280580fdf3b375b887a312ff65792683894c51cc4699530e4d12540793a
A/20210607_165203.jpg,A,664,664,photo_date,train,470,2dd8d6c7aa5ba155bc711624631a41d2093f36d29be852c3c87a9be0f38cee48
A/3023CE07-DCB2-4111-A803-A1EC6D6E8524.jpg,A,665,665,photo_uuid,train,471,7936268412c7a039b4969e8e7fe94743a1dae9231be6aeaa67c7c96a734db080
A/A (1).jpg,A,666,666,photo_letter_parentheses,train,472,5ece5d6ce0cc00f8bda2f0ac8b17b0aed93880f92615647cd1002bf98a32cf95
A/A (10).jpg,A,667,667,photo_letter_parentheses,train,473,503e4b86078874972ded3288bd22ba54310841c6c09fea2aab1a8f7a760349ca
A/A (11).jpg,A,668,668,photo_letter_parentheses,train,474,3216d5bf0ee9bd2fa352ee5dd05394a712cb5e43adb3970624be965490f371d6
A/A (12).jpg,A,669,669,photo_letter_parentheses,train,475,dc67ee3eaeb82fd6761f24d92c62c54ed9c657f09f5db6f5bd7fe4c33f44e9cd
A/A (13).jpg,A,670,670,photo_letter_parentheses,train,476,42a639b31712308ada987851fb028be66cb1c8d64c27f8c6b503b31989ddde87
A/A (14).jpg,A,671,671,photo_letter_parentheses,train,477,f61a9a63b41829fef7387adb5187ce26a9a13b534ae8626555e2d90854f30642
A/A (15).jpg,A,672,672,photo_letter_parentheses,train,478,91b2bd4e65e50cc34446f6d9d200caf3776d4b8c82ec091268d0ac582f44907a
A/A (16).jpg,A,673,673,photo_letter_parentheses,train,479,6fdc2884e61daee8920c103542c86ed89ac1120709ba8ef2e65dfc5682aacbef
A/A (17).jpg,A,674,674,photo_letter_parentheses,train,480,3d948c0c2f40140b8bc57f7150d75dbb94584a7a141e52d789e2ffab3080f3e0
A/A (3).jpg,A,675,675,photo_letter_parentheses,train,481,77bbe726270034361e7ecd1d95e8d8642dec2d93ec1cde15455d2c62681f9429
A/A (4).jpg,A,676,676,photo_letter_parentheses,train,482,cb689a64ea82e3ec6eeb6af40554c1c0992a7477eb8a8f579850bf0c5e00bcb2
A/A (5).jpg,A,677,677,photo_letter_parentheses,train,483,87920b98bfdbacc9e3452c30f05181113745809dc8910af79ccf5917c2e71403
A/A_1.jpg,A,678,678,photo_letter_underscore,validation,100,bd5b9f2ffb8d1c1d1afeb7e8839314a5bb28b655a776b0db8a5090d86d21959d
A/A_2.jpg,A,679,679,photo_letter_underscore,validation,101,c2a14576bfd38e53653131bfdd95c82fdec74972cb887c2224e68319b776f82a
A/A_3.jpg,A,680,680,photo_letter_underscore,validation,102,0341db3150984c721af14c6c2a5e2d6b6accbad3c349465665ff5996a63c9e62
A/A_4.jpg,A,681,681,photo_letter_underscore,validation,103,0f0294e0ba828df2692ed13b4c0bf6fad95b01137aa858ff3837898b8b73c031
A/A_5.jpg,A,682,682,photo_letter_underscore,validation,104,111897448e6fad98ab822bbaeb9af5f0dc02698752dcdbcb73b9e949a0cd47fe
A/A_6.jpg,A,683,683,photo_letter_underscore,validation,105,aa8ab7d8ff6debd52ba7c79af0575b9ae9f7f4aa65f2e486e98c75f39e0a646e
A/BE89BDAF-3A73-4FE1-A451-516A99AB649A.jpg,A,684,684,photo_uuid,train,484,0243fe26b0bf8457f133d746cb859fa9854351b869f63ad4ddd61f456b96959c
A/CA017B74-791C-424C-B121-C8B486B4CCC2.jpg,A,685,685,photo_uuid,train,485,125a525ef60d742fe1585c9ebc55256c3e68a02aa8c9cd1512f57ad204ac7eeb
A/hand1_a_bot_seg_1_cropped.jpeg,A,686,686,hand1,train,486,f3803a5da7415c2dce8bf3063cb611347cb87cd021749d31943d9e2d19db42c9
A/hand1_a_bot_seg_2_cropped.jpeg,A,687,687,hand1,train,487,cf92a59251b04f1dabb2031f793506a14a707854b389df3e5000b2b0e3ff6a4c
A/hand1_a_bot_seg_3_cropped.jpeg,A,688,688,hand1,train,488,dc3b266a8da4238fae0cef493fb955b41e7dbfba25377408e96ee3d03adaf8f9
A/hand1_a_bot_seg_4_cropped.jpeg,A,689,689,hand1,train,489,b15ed3e3aad89fda42b085318050fc68c0c2bed87e697c24f2729a759edb2127
A/hand1_a_bot_seg_5_cropped.jpeg,A,690,690,hand1,train,490,94caacd6af8c6ed8c83a865131997e674947cab3a4dbf4f7d5f0a63d0f246c9b
A/hand1_a_dif_seg_1_cropped.jpeg,A,691,691,hand1,train,491,c4501c8c060f45d964bc762e64aad04c9a5166665e87d5ce912cfc6480b5ad84
A/hand1_a_dif_seg_2_cropped.jpeg,A,692,692,hand1,train,492,cc845117d5020bf4e365e9f09149b9fbbae1b436a0e972d7b9689e8f2a660a00
A/hand1_a_dif_seg_3_cropped.jpeg,A,693,693,hand1,train,493,bae8c874a652c06e4ef8223f1f04d9a7c044892dc883b89bfe29a7e6056dab03
A/hand1_a_dif_seg_4_cropped.jpeg,A,694,694,hand1,train,494,341b2be341e36d3b4b2aeb840dba2a104c19f005076144675368e16cad91e051
A/hand1_a_dif_seg_5_cropped.jpeg,A,695,695,hand1,train,495,62d86589440db732605ce96d9e46706e49789e1fa82190c65220924c6713eddb
A/hand1_a_left_seg_1_cropped.jpeg,A,696,696,hand1,train,496,4a7d414495164a97fc843d48338248a2628bc006f40e79e28a9c3e54dfab04f6
A/hand1_a_left_seg_2_cropped.jpeg,A,697,697,hand1,train,497,a37f7ab76e4437869af1605aec20cd774d8868d35451921761768d36d9af7730
A/hand1_a_left_seg_3_cropped.jpeg,A,698,698,hand1,train,498,8e9593a73eadc56d3f2beeb027641d8d9cf6d1877bd94706aae54d276571ffaf
A/hand1_a_left_seg_4_cropped.jpeg,A,699,699,hand1,train,499,75ca48151f4f9cf9ea1be04887077cccfb68fbcf8f3fc1c10f4f8290eb066de2
A/hand1_a_left_seg_5_cropped.jpeg,A,700,700,hand1,train,500,aac16751d8feedd474f9f44b54e90434ef751de8d530e1033d037c27cfaa7e3e
A/hand1_a_right_seg_1_cropped.jpeg,A,701,701,hand1,train,501,fe2957bdb220bae85aa8e3f67e842e8241a4cc14ef4d5fed293c2ea9e3a94d8f
A/hand1_a_right_seg_2_cropped.jpeg,A,702,702,hand1,train,502,fabac305fe82bc47ca2298ebf8d508e18fb300d1b83603e4d1e9a35dd999664c
A/hand1_a_right_seg_3_cropped.jpeg,A,703,703,hand1,train,503,3a3614c2fa369c1170f7728d38c6725bf9ea870861f4521bd1d2a674db1f7c17
A/hand1_a_right_seg_4_cropped.jpeg,A,704,704,hand1,train,504,c3d095f63d2adc2064d7568f3f25021e800323645fb5ea0b4fb953fd455eddf4
A/hand1_a_right_seg_5_cropped.jpeg,A,705,705,hand1,train,505,9098eb3f90577a475f734d4540512f6d7407688fababdb04d59e4c5b7e3dd09b
A/hand1_a_top_seg_1_cropped.jpeg,A,706,706,hand1,train,506,41cef65e6f6fd2b7e1f6ace1ba06bb15cb329082602b10ba59735624104d9491
A/hand1_a_top_seg_2_cropped.jpeg,A,707,707,hand1,train,507,495c431e3fac956c14dd4cc58608920925b8378683180abf913d0a24d8909f78
A/hand1_a_top_seg_3_cropped.jpeg,A,708,708,hand1,train,508,4304d4b3b1a6dedc0dac80e2478a31fc45b1409503af10be57a8c8ab854a0c5e
A/hand1_a_top_seg_4_cropped.jpeg,A,709,709,hand1,train,509,244370142045febf574227c7c983397cad532a066854baa6566c8d7222a1b5f2
A/hand1_a_top_seg_5_cropped.jpeg,A,710,710,hand1,train,510,b206af29cd4a8485fa0a3d65885b252df5a5fb15e79fd7224034a4352212e4a4
A/hand2_a_bot_seg_1_cropped.jpeg,A,711,711,hand2,train,511,0c4a46591bcfdbaa6ba238ad1dae2df4963455db805970ab5f4a8dc10af9ee4c
A/hand2_a_bot_seg_2_cropped.jpeg,A,712,712,hand2,train,512,03de42ab0777a325371b7e036f1ae60bc00de38572b310e178d12ea4ce045295
A/hand2_a_bot_seg_3_cropped.jpeg,A,713,713,hand2,train,513,ead04308d422cd8425c08ba19458a079582058983cb57a46506970484e141601
A/hand2_a_bot_seg_4_cropped.jpeg,A,714,714,hand2,train,514,03a37e4705b9e58884294c42f42535b83e84b025683567709168922448a3ab91
A/hand2_a_bot_seg_5_cropped.jpeg,A,715,715,hand2,train,515,680aa820837bece2f4651247e6d7468b27b06c7fbacaf04f774ce2a0bb33b0b4
A/hand2_a_dif_seg_1_cropped.jpeg,A,716,716,hand2,train,516,e91123a44f053888d2338d394d8f506385de0230b658fcfbbe0c0796ea315c93
A/hand2_a_dif_seg_2_cropped.jpeg,A,717,717,hand2,train,517,485196c89a5ca54cc49bc6fc042f17486daa94057422544193bfd1da0b27457c
A/hand2_a_dif_seg_3_cropped.jpeg,A,718,718,hand2,train,518,cce68c1ada1c7f04a545253744231ae3a34235d6503ded1c451e7c2ad8849c04
A/hand2_a_dif_seg_4_cropped.jpeg,A,719,719,hand2,train,519,c999b90770ca3855e4e8f648d24eaa2c4e40b2c7b3588e2422013df2683eb56a
A/hand2_a_dif_seg_5_cropped.jpeg,A,720,720,hand2,train,520,37e53bd192c9357cbdfbf62da9b1ab3030f7895347c121be52c9a31e14374167
A/hand2_a_left_seg_1_cropped.jpeg,A,721,721,hand2,train,521,9bc32b896d55cafcfa314033e869d3164f602f60ffbc1a2fc74c8212dc1919af
A/hand2_a_left_seg_2_cropped.jpeg,A,722,722,hand2,train,522,ddfa3cb2abcdc22cacd40fc8ff1923e73cc1c2224db4dd4343f27ba554fb6c91
A/hand2_a_left_seg_3_cropped.jpeg,A,723,723,hand2,train,523,9d0afe4d90d1b1e065ba0b13de210ad6a6e48617a3ab8f9719730749b6c62bd1
A/hand2_a_left_seg_4_cropped.jpeg,A,724,724,hand2,train,524,d2d5dea12d8922256955a011d8bbfa24a01e09171db3c72120749602fb1c8166
A/hand2_a_left_seg_5_cropped.jpeg,A,725,725,hand2,train,525,1586b04b88d3ad8f58feac93ac74182ae0f310b5742f49a99b60df3215bf675b
A/hand2_a_right_seg_1_cropped.jpeg,A,726,726,hand2,train,526,3f41ccc08b7d4185cf97d6d178d257234f8057152d78fc936f0a69d39d160045
A/hand2_a_right_seg_2_cropped.jpeg,A,727,727,hand2,train,527,1bcdeae9e3f894784708dad393fb0b689c649c0bec1fc5c289001ae4ada1e25b
A/hand2_a_right_seg_3_cropped.jpeg,A,728,728,hand2,train,528,4932eba05ff8ed2b36cb9614450e493e213401a854fa68e7aeefc11076baa429
A/hand2_a_right_seg_4_cropped.jpeg,A,729,729,hand2,train,529,e577922ecdccabd8e6a6e5f5945e342f37000d6089fee0f89c023fe0c77e140c
A/hand2_a_right_seg_5_cropped.jpeg,A,730,730,hand2,train,530,629876ab5df8c42f5a222dbdc821c485c69c83d67a05b9d62ae848d35679947d
A/hand2_a_top_seg_1_cropped.jpeg,A,731,731,hand2,train,531,565e364701d1654302209ff905be70981cdf42d91479945a18a3edc7f3ae6c74
A/hand2_a_top_seg_2_cropped.jpeg,A,732,732,hand2,train,532,0a35a926a545f21195cee1996713f53a64e6cff224a768312a2ad31f9664c1cd
A/hand2_a_top_seg_3_cropped.jpeg,A,733,733,hand2,train,533,783ca4d18e600556fe79e1cc9367220df2493cda3590f610f5192b685f194311
A/hand2_a_top_seg_4_cropped.jpeg,A,734,734,hand2,train,534,fd8c0c2d5bca9e0fe789331ce42a6da20f9718fd0790a110e76b178ecf91f53a
A/hand2_a_top_seg_5_cropped.jpeg,A,735,735,hand2,train,535,1642cf2191afa7aa12dfd9f3bcb2390f594131994fae1514f5148707640b38e1
A/hand3_a_dif_seg_1_cropped.jpeg,A,736,736,hand3,validation,106,9f1fe687bf95a149fa58197fbbfabaab46530a63c59d93b6b218139f8b3b49fc
A/hand3_a_dif_seg_2_cropped.jpeg,A,737,737,hand3,validation,107,cff882b6f5a066e8a753d41dd43afbfb54b397ea7cc9404447d198db3c156313
A/hand3_a_dif_seg_3_cropped.jpeg,A,738,738,hand3,validation,108,7526de9bfc295e5c3de6ba0e0e4095873adbc177e0622768ce14dcf4b06d4a6f
A/hand3_a_dif_seg_4_cropped.jpeg,A,739,739,hand3,validation,109,a050bdeb554d13c83b0c71c853bf4c3fe5a134cffca4f378c60ac313787b3be6
A/hand3_a_dif_seg_5_cropped.jpeg,A,740,740,hand3,validation,110,b665267bf5199881fac7e55ba13500fae35d2ecbfbc8c5f0a4c67056dd13b867
A/hand4_a_bot_seg_1_cropped.jpeg,A,741,741,hand4,validation,111,bf7a587101242d222c41387133e5cfd929b7dce0b45907614ddc80e040e54ed1
A/hand4_a_bot_seg_2_cropped.jpeg,A,742,742,hand4,validation,112,6d33fcd563efd7c3837a19c4fb0ba268d25bdf012a79c52c69308bf6471d13f1
A/hand4_a_bot_seg_3_cropped.jpeg,A,743,743,hand4,validation,113,39331ecfbe1911f77f0b3b3f5cc7aec4908cd3dc1477ae533e0f04da225d837c
A/hand4_a_bot_seg_4_cropped.jpeg,A,744,744,hand4,validation,114,fafca32b705b09739b372e52f96f469418cc2bbe56bd9b989f320df2152832b0
A/hand4_a_bot_seg_5_cropped.jpeg,A,745,745,hand4,validation,115,f7c84512df9d1ea39eff4a9110cf6379ddb218a8c4842ea20430e9888085ac9a
A/hand5_a_bot_seg_1_cropped.jpeg,A,746,746,hand5,test,94,31ef1458e8787ab0e56d31ecf221388e854cc042215a2b3551f554e52c68cab4
A/hand5_a_bot_seg_2_cropped.jpeg,A,747,747,hand5,test,95,848fdc566d3173410ec1d83af62c81966e8fdeec6a6978a09715213e68cb90dd
A/hand5_a_bot_seg_3_cropped.jpeg,A,748,748,hand5,test,96,4c0fc13d50715f2e0262c775eeb96f29b8e18f19d0e12e487e7360a65538d474
A/hand5_a_bot_seg_4_cropped.jpeg,A,749,749,hand5,test,97,e9e2b4b5a6bdb78d7fa8aa19e90a6dd2ef930aaa892b9247d740a4e5f997b857
A/hand5_a_bot_seg_5_cropped.jpeg,A,750,750,hand5,test,98,229913fd146354faa926e2ca6d034e01405459e70be2fe8c74ce91420f5f1086
A/hand5_a_dif_seg_1_cropped.jpeg,A,751,751,hand5,test,99,457d8151a5abc44c894b9ade3add993b0dd0bc5b10ed6abbcd727292924701e6
A/hand5_a_dif_seg_2_cropped.jpeg,A,752,752,hand5,test,100,0921124168c276429578fc97b1d7ca95ed8f32766276420a4b79f3cc59b8d3bf
A/hand5_a_dif_seg_3_cropped.jpeg,A,753,753,hand5,test,101,b48d3843c199f31bfff457666d8dc4bc62234fa2060ea77b4de5ab54f723f181
A/hand5_a_dif_seg_4_cropped.jpeg,A,754,754,hand5,test,102,3ea4f702d48cff901853dc402259c8b2e0d967b0719b5d7ff4da6dd3715fc41b
A/hand5_a_dif_seg_5_cropped.jpeg,A,755,755,hand5,test,103,5c22266822c133fb4a8bf3a08d24d301aa227dd928ae8d7c264083078b3b11d9
A/IMG20210607183114.jpg,A,756,756,photo_IMG_date,test,104,b207097787efe10106e17304d8f5c93dd2c1b6ffcadbaa7803bcb7830c1469d6
A/IMG_0208[1].JPG,A,757,757,photo_IMG_counter,test,105,50fb022e3a6c24c439f033dc9ac070acdd8378742c7460dd6ef4df73f1d47f8a
A/IMG_0209.JPG,A,758,758,photo_IMG_counter,test,106,8b4d0c4045ac656813d19120fb50d793350d98dd123b84d20e02a1346d3aaba8
A/IMG_0210.JPG,A,759,759,photo_IMG_counter,test,107,353bbc6001cf889f1f59b6775853f474872271c5e37bbaf808abc4debae693a5
A/IMG_0211.JPG,A,760,760,photo_IMG_counter,test,108,f45fff478a785d9026ba374bf6726adda5d6ba9ae70e6a91ce704386dd9ec342
A/IMG_20210605_174823.jpg,A,761,761,photo_IMG_date_underscore,train,536,0e74c608befe957b0bf5e5beda56856c6c2c5f15c23b7f7eb482c0e361540d73
A/IMG_20210605_174828.jpg,A,762,762,photo_IMG_date_underscore,train,537,270f9b1d65d46417f0ec530fc157e3bcd344e95ffaba8df5c043ac8a2e4f58c7
A/IMG_20210605_174833.jpg,A,763,763,photo_IMG_date_underscore,train,538,39f0eeaf157846a8eae51fc7ca481ffc4b5b78601d9e821099e13cf5d2901525
A/IMG_20210605_174837.jpg,A,764,764,photo_IMG_date_underscore,train,539,8ba30e6f0cbffc410af5d7f52d28072abff8f9b3f6fe86b6af7c06914301b36a
A/IMG_20210606_200552.jpg,A,765,765,photo_IMG_date_underscore,train,540,700b14f509e57ddeb94b4fb9b90d84435414cf3935dcf9450a3d106369789283
A/IMG_20210606_201908.jpg,A,766,766,photo_IMG_date_underscore,train,541,684949605a4bfdd5d4b9fdda186ae25df2d9803a4935bdd2be7221f14c8a2166
A/IMG_20210606_201915.jpg,A,767,767,photo_IMG_date_underscore,train,542,c4f23dce446625f762a83701dff11da902f8a0490debe5dc07a0e9a3c36b1373
A/IMG_20210606_201918.jpg,A,768,768,photo_IMG_date_underscore,train,543,32507f89d185667bd3664f949160dd2c7e110db394add108233dc2f928e61127
B/076E11F8-4504-4BF5-A7F7-C5CEBC660D8D.jpg,B,769,769,photo_uuid,train,544,88990b998539e155c753f84262f917a90245ed8208d0bcf0fff325ad8edc65b4
B/10B2B689-AE10-4285-BBB4-6A195083C444.jpg,B,770,770,photo_uuid,train,545,52e14b6bcbf8708c9663ca8f7789a7531209807220fbd4a2f823bb2c4953c110
B/20210607_165539.jpg,B,771,771,photo_date,train,546,8beb8a391074520165768cb766e2c1e78b671563e05c2a16584ac748ba55cd7d
B/20210607_165541.jpg,B,772,772,photo_date,train,547,98d3935f4032f826e381e218a51546cb2389a20b3b01e2cc89b6a32cf47e51ff
B/20210607_165543.jpg,B,773,773,photo_date,train,548,9fe5865f466e6728e69d07c7b681f17b519e9cb66cd706043aa490ca1a177a32
B/20210607_165546.jpg,B,774,774,photo_date,train,549,0fc06f4bc6ad1c6c25dbc5d02f1deafc967472ab33fb28fe0bdefa463f20d959
B/3A45B038-66B8-4FD6-B06A-FFB6A14DC470.jpg,B,775,775,photo_uuid,train,550,e5bdfa8823fef85d6fe132863a3e803d414b58ffd53f17d15ec0b132c3f1ee8c
B/913FF11B-2F90-4ABE-8297-B8B27FF0B5BB.jpg,B,776,776,photo_uuid,train,551,b18f8672c8abbc32ec812c1e905c29c2af172a1cdf3dda76c3ee98e934470d48
B/B (1).jpg,B,777,777,photo_letter_parentheses,train,552,e110a074f84161e511139f145ae7558076f781c05e06c97ce97bd2b500ffcefc
B/B (10).jpg,B,778,778,photo_letter_parentheses,train,553,5d05f584dfd5a6b4cd9f89c2994c1b71c8ee1e972d4fbadb744bb834806f32d9
B/B (11).jpg,B,779,779,photo_letter_parentheses,train,554,1886c0e97ad8f1d90ffcd3defecc6e8d4b5c5eeff52df2ff5d2469782f3486a3
B/B (12).jpg,B,780,780,photo_letter_parentheses,train,555,dde143450af99befd85865a4a91d39b007a38d9f84f97259d403b78c1719f9f2
B/B (13).jpg,B,781,781,photo_letter_parentheses,train,556,799d689d1f506b622a3fde66b22a91290f020a3efa1af309c8da3affc9d2dda0
B/B (14).jpg,B,782,782,photo_letter_parentheses,train,557,77dabd8ae2c7ea6c19b9d90234b7c463d8917a2d76c59251af0493f5146d52d2
B/B (15).jpg,B,783,783,photo_letter_parentheses,train,558,5192e22559ae695be4e9cf7e515421595b5e902c76b4dad59c26cd157fdaf31c
B/B (3).jpg,B,784,784,photo_letter_parentheses,train,559,90b2d951f0eb0e8d8ef8b311698c65d7f1d5c2e505db212630431b63bcd60d6d
B/B (4).jpg,B,785,785,photo_letter_parentheses,train,560,f88cb41e54602f7dfe561ac4aadefbaf2a6c68bb8ce32b2c47f650a8cece054f
B/B (5).jpg,B,786,786,photo_letter_parentheses,train,561,566d64fec2b1d97706372bb6aeb1be450a58140c82961f27060f2c72ac548d1c
B/B (8).jpg,B,787,787,photo_letter_parentheses,train,562,ae0df94f990924bb07b9d6ce971629ad6b08ce36bb657d0f3072396cd74bf9c5
B/B (9).jpg,B,788,788,photo_letter_parentheses,train,563,654455bddb7071cd50dd982fc70c7cc72930371676e77ded8ea50091efe4f0d9
B/B_1.jpg,B,789,789,photo_letter_underscore,validation,116,7669ece6599bf98b18ac45567ac0977503349a11d8f418efed52f91765fb77cf
B/B_2.jpg,B,790,790,photo_letter_underscore,validation,117,963b6fa0218d3e28435b531d7297a2ae9d6263c4eaef519c621e253bad44d4f9
B/B_3.jpg,B,791,791,photo_letter_underscore,validation,118,10619fe150308d13e48358748f704ac90b19787a42c93a029d7d8fc8939aef72
B/B_4.jpg,B,792,792,photo_letter_underscore,validation,119,f24fe9e9b765eafe68630da625485a98d70278f4f704f81cb3eb9e6de995dcd1
B/B_5.jpg,B,793,793,photo_letter_underscore,validation,120,5bc4f8d12116ad193002ec1262ccf0c9daa4ddc9b78f623ad2af443b91691d31
B/B_6.jpg,B,794,794,photo_letter_underscore,validation,121,27049c1c2a4c78fe11ca1eba4e2926789d317a810cb385bec5a49b88419ad237
B/hand1_b_bot_seg_1_cropped.jpeg,B,795,795,hand1,train,564,84b54e87f0cbea7f39c5242adaf38542db9afbcf868210d0d92e0a396630c082
B/hand1_b_bot_seg_2_cropped.jpeg,B,796,796,hand1,train,565,d073c105cdf930b74ab64f837bc26996ded7f852666f3c46e98b115e158c0754
B/hand1_b_bot_seg_3_cropped.jpeg,B,797,797,hand1,train,566,159ea692a01bcecfbd7cd0593f2596121c4e6e5415bb7492a9f9652aac0a7931
B/hand1_b_bot_seg_4_cropped.jpeg,B,798,798,hand1,train,567,0a625adc803679c3cd442db4a98ec83072bfea418b191b73819c71b2f84de2ff
B/hand1_b_bot_seg_5_cropped.jpeg,B,799,799,hand1,train,568,a838c995b25ebe2c5a8808554e7ffc61883457f3db4a4c83cf98b247636e7109
B/hand1_b_dif_seg_1_cropped.jpeg,B,800,800,hand1,train,569,366f9bb43c8bd0fcf09607281b58b00c21083c5e2ab7edab1f5bdda255c60d59
B/hand1_b_dif_seg_2_cropped.jpeg,B,801,801,hand1,train,570,b896a062a42ec098691ad2b45e0541e732e4c7045528ee9b68ffb58f617b1e5a
B/hand1_b_dif_seg_3_cropped.jpeg,B,802,802,hand1,train,571,69a88f0f230687f5645d5da54488c7cdcacdc24081183b97d31b437093d36835
B/hand1_b_dif_seg_4_cropped.jpeg,B,803,803,hand1,train,572,7978b669afa309fb0a83d2dcb70622728108af5ffeee6e27434a079b2d06aea2
B/hand1_b_dif_seg_5_cropped.jpeg,B,804,804,hand1,train,573,12c95dfbbf19a114f694002740b648d647674dd904148f2802d6be84619fb00d
B/hand1_b_left_seg_1_cropped.jpeg,B,805,805,hand1,train,574,1d12fe1effd482b0596e134e5cf8adc771ad1273b05de82c1be3346a5a072fb2
B/hand1_b_left_seg_2_cropped.jpeg,B,806,806,hand1,train,575,5cecdcd5022340ceb2899e01e4d122ab81b4bec264cfe4088530b75f1a68336d
B/hand1_b_left_seg_3_cropped.jpeg,B,807,807,hand1,train,576,97e8bf7357efeec7b99c5a60191209c7e01538cb953907f329f6d419e46c0b98
B/hand1_b_left_seg_4_cropped.jpeg,B,808,808,hand1,train,577,4292e9bbf4c8d509bd464bfc80482f009f1bb4629b2802497628db24c50d45cb
B/hand1_b_left_seg_5_cropped.jpeg,B,809,809,hand1,train,578,632b15db6d97d17e11ba68cb3f6f0b5e01262e469c2c42d3a60024c5d1cc11a1
B/hand1_b_right_seg_1_cropped.jpeg,B,810,810,hand1,train,579,18f1488a14b39ddd6099b6913bda7ff405fca1b42a476d3e2dc16851e54985bd
B/hand1_b_right_seg_2_cropped.jpeg,B,811,811,hand1,train,580,e4314552c3df7390c2a1367d02413aad43dea53660f74d2e44ee767b7e6d4704
B/hand1_b_right_seg_3_cropped.jpeg,B,812,812,hand1,train,581,48ba975c8fd3b27aab62b6ac22c875ff747f9641a9dabf6279766311531a9c87
B/hand1_b_right_seg_4_cropped.jpeg,B,813,813,hand1,train,582,c57ef55e4645b4ad4f2497b0d7a95e7502dc9642007f365d4424fdca92d93071
B/hand1_b_right_seg_5_cropped.jpeg,B,814,814,hand1,train,583,8f1a05911afb400b2e34ff3ae85660e78b73e2244312b7155b847bdae56c7018
B/hand1_b_top_seg_1_cropped.jpeg,B,815,815,hand1,train,584,b3d38601fbff1a6f75c53b97912cf9ba951519ebae9ae8b5fbe4ae172c47d942
B/hand1_b_top_seg_2_cropped.jpeg,B,816,816,hand1,train,585,edb6c0dc4f0aaa0eea63875a00fdf96c438976785429ccb02c566844aaf8bc6e
B/hand1_b_top_seg_3_cropped.jpeg,B,817,817,hand1,train,586,a995535b8ef7ba75d84e8142f8589d1dc739c87f6abc5501c33705c2a0edfb79
B/hand1_b_top_seg_4_cropped.jpeg,B,818,818,hand1,train,587,895317a2061d3ae2be8f5063a8575bd155d762bbd9972701162ea33dfae69011
B/hand1_b_top_seg_5_cropped.jpeg,B,819,819,hand1,train,588,88fa14b2380e6b1a9fe520020165ddef0bbed3eb55781628e09606b50b5a75fe
B/hand2_b_bot_seg_1_cropped.jpeg,B,820,820,hand2,train,589,b78355aed5d584dc3745f0c311ecc06406667c31ce33e3b201d31ada22384994
B/hand2_b_bot_seg_2_cropped.jpeg,B,821,821,hand2,train,590,10949a2df236d85549bcc952589436093a272b7dccbcf071ead3d2c7f9d3549f
B/hand2_b_bot_seg_3_cropped.jpeg,B,822,822,hand2,train,591,f73040f1cdba732acd48a6ae648fa85fb45299f0273edbde2009b8fd1a9644e2
B/hand2_b_bot_seg_4_cropped.jpeg,B,823,823,hand2,train,592,07a744cf55d77b7f96143562f4417db30ea9065eb84876b438cf3ba6af666a03
B/hand2_b_bot_seg_5_cropped.jpeg,B,824,824,hand2,train,593,cf981f147d979fb8ecefd91b644b0d974d73652b1b3ca6fc20ffe100a325585f
B/hand2_b_dif_seg_1_cropped.jpeg,B,825,825,hand2,train,594,d04759656059b63a0fac05da7811517bcdc1e3efeba71186b30657f0a8abdc44
B/hand2_b_dif_seg_2_cropped.jpeg,B,826,826,hand2,train,595,a2b26c39a916920f28149d081492eb1fcee33e5b3bcab1ff26c83329bcd81a9b
B/hand2_b_dif_seg_3_cropped.jpeg,B,827,827,hand2,train,596,8a1ec7a83bae479e65e09967ffe07ee586a35125baa7271273e702f6db95e482
B/hand2_b_dif_seg_4_cropped.jpeg,B,828,828,hand2,train,597,6421d66b7192b77252e94d960e0627e8b9be2cfc223f655b0ada9c54f9961d89
B/hand2_b_dif_seg_5_cropped.jpeg,B,829,829,hand2,train,598,261a8da46177ed57143413ff51d312d7e13b67ffe406a7e0148135dd50d46c77
B/hand2_b_left_seg_1_cropped.jpeg,B,830,830,hand2,train,599,5168701d7630da32c0631036288620c33da1aa58d8c13c9423be296e477ed291
B/hand2_b_left_seg_2_cropped.jpeg,B,831,831,hand2,train,600,e282e0e4258289c53cfadee8778364fbe2474921350a1c92c47f853f42e793b2
B/hand2_b_left_seg_3_cropped.jpeg,B,832,832,hand2,train,601,1906bf9028dfa12f04904a2da2f19bd58d32640f87df04367503c6b8754f5518
B/hand2_b_left_seg_4_cropped.jpeg,B,833,833,hand2,train,602,f803ad14ea0f12bf6b96b53e243334b23fead8696e25ae516b7e5489b3ba5139
B/hand2_b_left_seg_5_cropped.jpeg,B,834,834,hand2,train,603,78b4d7019403085288f3665a816ea2df8592f1f3be7c799d0b74c45d3abac094
B/hand2_b_right_seg_1_cropped.jpeg,B,835,835,hand2,train,604,f8fe4e74f882008c29d9b48caa06ea144dc81ca5ab854f375079daf6e08a78d9
B/hand2_b_right_seg_2_cropped.jpeg,B,836,836,hand2,train,605,40101b2b0926857e15c13ca6c0a79c77c3501f42200013cc3f96eb1b43b57082
B/hand2_b_right_seg_3_cropped.jpeg,B,837,837,hand2,train,606,47d34543ca45a33e781a3359a2a86611f42e0de607a9b9c2d5bc03b6ba27cc5e
B/hand2_b_right_seg_4_cropped.jpeg,B,838,838,hand2,train,607,c7379e57f5c294e26ee337ef50c17d9cce702387dc794278736f18a9d2f7cba3
B/hand2_b_right_seg_5_cropped.jpeg,B,839,839,hand2,train,608,c0a84de289a58e959de35c52f14a476c248cd3f772ad1f2ed9dc060f2c6d438d
B/hand2_b_top_seg_1_cropped.jpeg,B,840,840,hand2,train,609,315ee8b013df5e084d95b24323045b612076ffab8a9f8530a1f8705f73bee154
B/hand2_b_top_seg_2_cropped.jpeg,B,841,841,hand2,train,610,5253e9b2208c54601b01d2af3eee900421a9de02b340cbd96114b064b82caf48
B/hand2_b_top_seg_3_cropped.jpeg,B,842,842,hand2,train,611,288a1a9cadcaf13c871cb6afb9b6ee94e5bc78614e48b178121454b8bdea2029
B/hand2_b_top_seg_4_cropped.jpeg,B,843,843,hand2,train,612,1aecffee9f3abc2f0da62d49908d99584e388c8539ac208badd19f4a9df51cbe
B/hand2_b_top_seg_5_cropped.jpeg,B,844,844,hand2,train,613,db2e14c58f3c14e2ff4881b80388d30323928c852706e3889006b9116fc40541
B/hand3_b_dif_seg_1_cropped.jpeg,B,845,845,hand3,validation,122,1cf6cbb145be6faa63712f72cc7890b868ac4a7ef73c72518b43cffbff15b92b
B/hand3_b_dif_seg_2_cropped.jpeg,B,846,846,hand3,validation,123,a101a1a38acc3f548fe366e4e219df807bfaed9de5b86e35b6459ec0f2a94b35
B/hand3_b_dif_seg_3_cropped.jpeg,B,847,847,hand3,validation,124,a14ee22622bf51d44c2d82299f248ff35e83c1e34c1369b13d1be68ee0464e94
B/hand3_b_dif_seg_4_cropped.jpeg,B,848,848,hand3,validation,125,32aba8e66e26d1cc4718e03c4ec07959b236fdc480a1d6581e35fe5c45370146
B/hand3_b_dif_seg_5_cropped.jpeg,B,849,849,hand3,validation,126,1e5ebb846981874e54bb48f511894290d4f4e0586d05fbc64c5aafaf54eeb0b2
B/hand4_b_bot_seg_1_cropped.jpeg,B,850,850,hand4,validation,127,928bdd5e7494a409901a764124d9e8eb64c894c8c75700e9f3a40786b547795f
B/hand4_b_bot_seg_2_cropped.jpeg,B,851,851,hand4,validation,128,c1850b63646fdedab7890b4b72f1327da0c9cc4087ac7c8c3aec2518271c2f2d
B/hand4_b_bot_seg_3_cropped.jpeg,B,852,852,hand4,validation,129,3dcc2a53c613e49554224403882c33c8d80492d3e1bad9e2d9a944e6d6cef624
B/hand4_b_bot_seg_4_cropped.jpeg,B,853,853,hand4,validation,130,e6d548d02c0e0c49d642db0bea4765c755993b28d90418f81d7c38db7bc062a7
B/hand4_b_bot_seg_5_cropped.jpeg,B,854,854,hand4,validation,131,408ce7dc1731d5d91bedca5c53e32522ae142799e6f4aeaa63a1ebb157138758
B/hand5_b_bot_seg_1_cropped.jpeg,B,855,855,hand5,test,109,e05a4c3a6ce41c78086fea153088fd597ddceab6a95bcfb228c0cdd248497272
B/hand5_b_bot_seg_2_cropped.jpeg,B,856,856,hand5,test,110,a0f9732d4254982df1c549a972e294d480d86e4faf0bda50cc009486bc5d7e47
B/hand5_b_bot_seg_3_cropped.jpeg,B,857,857,hand5,test,111,02c7deca5f6955c903f46d441922788b831ad0178f2647ee5ec88ba5a9bd5ccc
B/hand5_b_bot_seg_4_cropped.jpeg,B,858,858,hand5,test,112,a649923dbcced6fc3a527bec9b051922ff65acff1e0ffa2023a40b267f72442c
B/hand5_b_bot_seg_5_cropped.jpeg,B,859,859,hand5,test,113,d301d5b54649d71626782b0f325a4c2c4cedf275b098c70584c157b414b38594
B/hand5_b_dif_seg_1_cropped.jpeg,B,860,860,hand5,test,114,ab4a43ec61dc40f1a2584b2d4ad6b26705ca8be7fbcd64cdd5adce02e6379285
B/hand5_b_dif_seg_2_cropped.jpeg,B,861,861,hand5,test,115,79ef01125cc9e321d8fbc0532b627011490a98f2feb931844c40986b987a9e40
B/hand5_b_dif_seg_3_cropped.jpeg,B,862,862,hand5,test,116,2e62c5ff249e9d3aed552c4448639571df1e5913028bb87e46a5f391efda059d
B/hand5_b_dif_seg_4_cropped.jpeg,B,863,863,hand5,test,117,5f88a4b0e37670410a53e2628a947fe5a35f9f5e572c9099c598ab959b8a148c
B/hand5_b_dif_seg_5_cropped.jpeg,B,864,864,hand5,test,118,ce789b4b7d51a63655e286d7f6e9755ea89e88f25e8ba127a7c50dadbde6276f
B/IMG20210607183148.jpg,B,865,865,photo_IMG_date,test,119,eac7710a1d9b54fbcaf8e1fe9f6ba62cfd1fee4f4b63c2a57d86c7ec8e7ade44
B/IMG20210607183149.jpg,B,866,866,photo_IMG_date,test,120,80f1e006908c74bebfb03c652cfa259272c75b3724ef0f2fcba3974cad8572c6
B/IMG20210607183150.jpg,B,867,867,photo_IMG_date,test,121,bbf5947449493954360218accb8dc0f39bdaad8af367e950d76185488d34e10f
B/IMG20210607183151.jpg,B,868,868,photo_IMG_date,test,122,dd9e61a12281a3f06525d5dc98a1f84f1ff9d3d3c806032044971f9e264aa4f1
B/IMG_0213.JPG,B,869,869,photo_IMG_counter,test,123,742380d43fbd955a960d045856b9ca29b386ae0fa2b5101a8a12fd02ec265daa
B/IMG_0214.JPG,B,870,870,photo_IMG_counter,test,124,5568ecd09f448ddcf820e01205cf6ffd5b5e0ef4e72cb29c5fd0243b2fc7bec7
B/IMG_0215.JPG,B,871,871,photo_IMG_counter,test,125,130b7ca14f39151567d4131649fb0b9307744698562745aad36f46cd897e5ab5
B/IMG_0216.JPG,B,872,872,photo_IMG_counter,test,126,f0273f13b77777f9223453c4ed3f98fb8055c54c491bdffd36f5e37c938209ff
B/IMG_20210605_174903.jpg,B,873,873,photo_IMG_date_underscore,train,614,975df477d6afb40b11e919e36b9d8f7cf9f370497280ce746421721d288bf7a9
B/IMG_20210605_174914.jpg,B,874,874,photo_IMG_date_underscore,train,615,3419349618a484a5cf138c3063b5438cb3c70340ac5a3d77e84ad228400ce9a1
B/IMG_20210606_202004.jpg,B,875,875,photo_IMG_date_underscore,train,616,70c98bfec403c956f2434dff9709eab5ffeedc0b168d1cac9381eacf690ab1ca
B/IMG_20210606_202008.jpg,B,876,876,photo_IMG_date_underscore,train,617,f9d001cb32d82fa3bb148e1473999858ad8d38b33af0b716002b15f38d3eb15d
B/IMG_20210606_202011.jpg,B,877,877,photo_IMG_date_underscore,train,618,b5338089a48da08112336c5ce6f0e91cc6fbba82532a3fe778a07ab614fbee28
B/IMG_20210606_202014.jpg,B,878,878,photo_IMG_date_underscore,train,619,41724be9b9f4472e4dd3b8d21b52659065e346cbef65cd0f0bfc84956cf68302
C/0AE36F80-8C43-4CAE-8F27-EBEAFA99944A.jpg,C,879,879,photo_uuid,train,620,0e65433965d7e76809df9d282354f87e2136c296c0be75b09f89cd4009718856
C/20210607_165612.jpg,C,880,880,photo_date,train,621,735c9e21f91ee5d6a2212da1129fd00a8640b070f00000d8bfd7e876ef2fc476
C/20210607_165616.jpg,C,881,881,photo_date,train,622,947401ae5bd6acbb698ac30acc7101c692db2302e5c6e24b863366327d0cedd7
C/20210607_165621.jpg,C,882,882,photo_date,train,623,2da0564736eddb7e8c8533aacb359c685c31bc0bfe21f28247759919318e1fec
C/20210607_165625.jpg,C,883,883,photo_date,train,624,919fc6df1d1886281b0af5a1695845ed7f9080ced48af852e04192407609f59e
C/4A915D21-499C-493F-960A-C146C46CA4FB.jpg,C,884,884,photo_uuid,train,625,426501d1ff22fd9e85106d6d8ce75cfbc795abce7fb35e13a3e73dd0fc90e9e0
C/AF608FA9-569C-4CCF-9C9C-54D68DEC7FA7.jpg,C,885,885,photo_uuid,train,626,4bc27af3bc20362c7c9987c53bdaeea7ba18c07573191c1b6f6fd05383ac98c8
C/C (1).jpg,C,886,886,photo_letter_parentheses,train,627,ec4f3f58bb1317aa7ef1a00894aae24a123b8889f174be2f22a52503b52c7fba
C/C (10).jpg,C,887,887,photo_letter_parentheses,train,628,a2fd490162280a77eb4bc8e5ba15b591d840f7bf91c8ac9dcd44c6d4851fa81e
C/C (11).jpg,C,888,888,photo_letter_parentheses,train,629,59257f37df69aa942a7744397f3b9dea02ba12bf7bc96c975d4d4d7c1cd1aa1e
C/C (12).jpg,C,889,889,photo_letter_parentheses,train,630,1ebe098e929d487eb70abcde6f02fb5d6e8b0437b5e41d145562902f7e937c1a
C/C (13).jpg,C,890,890,photo_letter_parentheses,train,631,6044f01d8c90335ca6a0fe8a9d2b4e4b7c2fef6f0950debb7cbc554700a2d1c9
C/C (14).jpg,C,891,891,photo_letter_parentheses,train,632,381d0907df7986cdbf4b26eb3471679a56031cfcbf2e3c3f6e040b0126ade7cf
C/C (15).jpg,C,892,892,photo_letter_parentheses,train,633,413df46bb9a0e732e70f0df77de57c00046d088eedcb64c795163f4f0199a05c
C/C (3).jpg,C,893,893,photo_letter_parentheses,train,634,9f49f3f1a5d948b3e92a9e6a00761e5e35a4e9b5e2a33bf93be16b124145c685
C/C (4).jpg,C,894,894,photo_letter_parentheses,train,635,ad501662150b606c9bf18fe18da6d4924ab8f6c3421282e14e16486dd965ec07
C/C (5).jpg,C,895,895,photo_letter_parentheses,train,636,36434054ec3551a52b6913ed9f4ab04a68a2e67600bf24175464d2cb514ab371
C/C (8).jpg,C,896,896,photo_letter_parentheses,train,637,524a23c25de543016aea10045dd107f2178bae44e348ebfc4f05302d798a5355
C/C (9).jpg,C,897,897,photo_letter_parentheses,train,638,03b8ce8f9ca48618d4fdc05d6d4a25fb89a728e0135032126a3ca5dccea79304
C/C_1.jpg,C,898,898,photo_letter_underscore,validation,132,4430d116636cf81ec0d3dc7403664149f1b712cff73418a43efc2881ad3c9dc9
C/C_2.jpg,C,899,899,photo_letter_underscore,validation,133,ec8d35dac475f57d7e369dde6a8d68ef012841077e928480a7fa01b64641a776
C/C_3.jpg,C,900,900,photo_letter_underscore,validation,134,52a400662e1624e32f5bd611ce08825418dbbf50473299b56eb2a59aec0c217b
C/C_4.jpg,C,901,901,photo_letter_underscore,validation,135,bf027aa94e3b0764c641233d4bbe3d6b50ccafe655aebfed9b3df1042294b7df
C/C_5.jpg,C,902,902,photo_letter_underscore,validation,136,19ba85eff10217f4c87477a91bc202e77b4e04b5858b1e493493ec11f0914b35
C/C_6.jpg,C,903,903,photo_letter_underscore,validation,137,0f92f38a136eedb7c4d8546c0d1c4299527e7a7476864895e9b8fe589f5646bf
C/hand1_c_bot_seg_1_cropped.jpeg,C,904,904,hand1,train,639,83fcd24600c18277bddf65d45c329d426cbbf1bc5df8f9649675cdd711fdb0c0
C/hand1_c_bot_seg_2_cropped.jpeg,C,905,905,hand1,train,640,26e221e78e42b359ca9f232142ac3b840138779b13e4cfc44e2fa05e968f653d
C/hand1_c_bot_seg_3_cropped.jpeg,C,906,906,hand1,train,641,2155fad4c2a572f4e5817be78a0988aa9e4487aba7e6dcd6944756d69aa22046
C/hand1_c_bot_seg_4_cropped.jpeg,C,907,907,hand1,train,642,c293886bfee81eaca485a1b3aedb6e77623d75b011fb58aec007d6023a4ca00a
C/hand1_c_bot_seg_5_cropped.jpeg,C,908,908,hand1,train,643,7111388146471140051441329c6d5bdeb5afa1c8a71c725b38d54cda906f6182
C/hand1_c_dif_seg_1_cropped.jpeg,C,909,909,hand1,train,644,5b84f7afd569f94790f557ba0d990bcaf91f5e21530adefb307ed66c42aaeab7
C/hand1_c_dif_seg_2_cropped.jpeg,C,910,910,hand1,train,645,43112947544ff2a2810166fdd3debed8b912d9c3c226822b26475806787585df
C/hand1_c_dif_seg_3_cropped.jpeg,C,911,911,hand1,train,646,a2a54e22ff4a76937cad130cf583148d6cb6a97351446e7858180199858f24dd
C/hand1_c_dif_seg_4_cropped.jpeg,C,912,912,hand1,train,647,7df4edcd88fafdb0a76f3b2e72841bfa5c0ec82a3f21c99d345973154891a1d9
C/hand1_c_dif_seg_5_cropped.jpeg,C,913,913,hand1,train,648,0e5f1b7b416cd50de74103de8a8541f6ac740c92cdb1244e9caa82f2bb47ba8d
C/hand1_c_left_seg_1_cropped.jpeg,C,914,914,hand1,train,649,a2077c6d15976947d4bab76b017fb9981003a6571f474e35ccc813ced8e0d924
C/hand1_c_left_seg_2_cropped.jpeg,C,915,915,hand1,train,650,69f87273a2d88319f457ed7f0e0194a800a937f1fe444ad27afe13bb0ecf982f
C/hand1_c_left_seg_3_cropped.jpeg,C,916,916,hand1,train,651,1455fab2f70ca677a6251166fb407c03ea37eb23f302c5272b50d8992d6386a2
C/hand1_c_left_seg_4_cropped.jpeg,C,917,917,hand1,train,652,7caaa11d1123dfd7fbbfd398316d41791b36fe24efadbdf2d243b8eb7aa1baef
C/hand1_c_left_seg_5_cropped.jpeg,C,918,918,hand1,train,653,e9e6992f4eaf263749e95724343145b0d6b15d5b4bbcc5ac403c6970c85af8c0
C/hand1_c_top_seg_1_cropped.jpeg,C,919,919,hand1,train,654,416d68bcef6a664a42c4c2d43afbb61ae1dc7410b0bf56eb60f3351c6c5f983d
C/hand1_c_top_seg_2_cropped.jpeg,C,920,920,hand1,train,655,0c9e686ab7da949cdf10e4ab5ea0cdb3e5dda7564c62f08a196b3c250810aa2a
C/hand1_c_top_seg_3_cropped.jpeg,C,921,921,hand1,train,656,77beddea28f14109eea1d6f902851a1e2ca838e2e65b804b0679877553d2a25f
C/hand1_c_top_seg_4_cropped.jpeg,C,922,922,hand1,train,657,3d348408eef71b386e6950e36e03302ecd085dd6d6f825e8c323b463e9928dd1
C/hand1_c_top_seg_5_cropped.jpeg,C,923,923,hand1,train,658,a0ec6e7c9f77f64676b59755994a01f4ea47881351e1b40005ba11ad84b3a231
C/hand2_c_bot_seg_1_cropped.jpeg,C,924,924,hand2,train,659,b17260ae1d0d3334bd45f18196db882198f0c4e7c405ccdbc510e20564c0d165
C/hand2_c_bot_seg_2_cropped.jpeg,C,925,925,hand2,train,660,5972a83f0458db91b62a04ebb3452c49e8c4a9cd9bdc3f10e9b21c812098dcd7
C/hand2_c_bot_seg_3_cropped.jpeg,C,926,926,hand2,train,661,278deea1df6eaed9fc6810b2cd62a71a79a14dd0e518d19525872a1bd7220fcf
C/hand2_c_bot_seg_4_cropped.jpeg,C,927,927,hand2,train,662,f22aa0f10c2116a1e2afa62347d3d3f4cb2f63a249e499e7361be48d04fb18a1
C/hand2_c_bot_seg_5_cropped.jpeg,C,928,928,hand2,train,663,8882bb514836551b38e68d836222573d1d8a4af0478bb5eb63940765f9aac237
C/hand2_c_dif_seg_1_cropped.jpeg,C,929,929,hand2,train,664,0df9c471412cda55a811816c4fdc82cf9873d45cf64d86bcfafe7fb4f0b5b7aa
C/hand2_c_dif_seg_2_cropped.jpeg,C,930,930,hand2,train,665,b5f267827842f5fcbab612b1cc827df447ebb81be8890c0a961bb80f1d40c624
C/hand2_c_dif_seg_3_cropped.jpeg,C,931,931,hand2,train,666,557176f9788eda4d00270f81ff9fc63fc30542400bffcd96cd0337a42c01f196
C/hand2_c_dif_seg_4_cropped.jpeg,C,932,932,hand2,train,667,498ec7acb7755da6d78137087f3c922d40033f8b19fc8b268b8e789f5a694879
C/hand2_c_dif_seg_5_cropped.jpeg,C,933,933,hand2,train,668,cfa21411a95715b23076dbf0a4b86b83c83a8fb46742a101c9cc5fb47b0f00b5
C/hand2_c_left_seg_1_cropped.jpeg,C,934,934,hand2,train,669,12ebb0782e35f7c5b3378018dd26ec2e58853bda24ff8e9ad3751c6f31da4504
C/hand2_c_left_seg_2_cropped.jpeg,C,935,935,hand2,train,670,c1f6fab378d837891b38afc4cfe35fc7b4a778b5f23bb7c05b1b936e33b01d3e
C/hand2_c_left_seg_3_cropped.jpeg,C,936,936,hand2,train,671,b7f460faf311f0748b8bbd950792a8ee55d5dc5af5adec28029f15b5a7851c13
C/hand2_c_left_seg_4_cropped.jpeg,C,937,937,hand2,train,672,f4ac2a0fbbd5ccabe9a1ba061674eff7b75ebd2aa7365c04125f114040319691
C/hand2_c_left_seg_5_cropped.jpeg,C,938,938,hand2,train,673,98a920cb199a6c6d540bb9d18582ad4cc54c384862853b67b737793649f4fd69
C/hand2_c_right_seg_3_cropped.jpeg,C,939,939,hand2,train,674,2e192f9ed364190b3a90df1a9123232e00767f6d7bf07eb4871f2154adcad8a8
C/hand2_c_right_seg_4_cropped.jpeg,C,940,940,hand2,train,675,0b5bd4b23d0277355170d1757c55c132eddae00ca576eadde03b9e130ee68335
C/hand2_c_top_seg_1_cropped.jpeg,C,941,941,hand2,train,676,740f78eb3b09c07218a3b6bc2364e14a5ae7411a9889f543818aef0d529da3f3
C/hand2_c_top_seg_2_cropped.jpeg,C,942,942,hand2,train,677,4d23b661507c183ccbbc1fd6c6ce3373ab0523d7ad20d0b8dee989673c8597a7
C/hand2_c_top_seg_3_cropped.jpeg,C,943,943,hand2,train,678,160711e57a8082fb190f7b364aab505201efb62c0ea131e6bdc3682553019a44
C/hand2_c_top_seg_4_cropped.jpeg,C,944,944,hand2,train,679,00b22c504f90d402aad7f4b48afd6be290ed1d098b8640e0f515cb57dbcc3f16
C/hand2_c_top_seg_5_cropped.jpeg,C,945,945,hand2,train,680,2c382ce395c8c16f7f18b1d89bf14bc3aae87298dd9e24de34e26cfee7c73df3
C/hand3_c_dif_seg_1_cropped.jpeg,C,946,946,hand3,validation,138,2a0fb5e682d3d30c59a7c7d3df6d0b158474e4ae885454f579d11010a1aa1886
C/hand3_c_dif_seg_2_cropped.jpeg,C,947,947,hand3,validation,139,ce3d649b19ca5705bac1f53fc72f30620141ca71e4f5612ddf807a1d3efab1bd
C/hand3_c_dif_seg_3_cropped.jpeg,C,948,948,hand3,validation,140,6d0db42b107637aab0b15128f570d4361a220c5c4b937c21177fd9c31ced7761
C/hand3_c_dif_seg_4_cropped.jpeg,C,949,949,hand3,validation,141,97fa7687543fc39af992edb6105e8ad9540f1f1bea824e782bb2bdb5b0fbfa3d
C/hand3_c_dif_seg_5_cropped.jpeg,C,950,950,hand3,validation,142,888e08b0a0b80a1dfe2fd34f13d4c1a725f2317acc55c596922d23e6289cfafd
C/hand4_c_bot_seg_1_cropped.jpeg,C,951,951,hand4,validation,143,31c0b3263d7ca720fa2e822a3d0c8ca8d800179de44b7ae3af0085f0d6f2479d
C/hand4_c_bot_seg_2_cropped.jpeg,C,952,952,hand4,validation,144,a9cb11847254ee01e16490875800210ceb3e9bba2c4c42a2466cd8778dd414d7
C/hand4_c_bot_seg_4_cropped.jpeg,C,953,953,hand4,validation,145,7830ecae9d7b46358f411ee699ef82b6d130a8ab722e90fced7a950c7be75e18
C/hand4_c_bot_seg_5_cropped.jpeg,C,954,954,hand4,validation,146,37da9f32db33a59d14021b0ba7949f68ee7261385b90cebd7c1121766737a69e
C/hand5_c_bot_seg_1_cropped.jpeg,C,955,955,hand5,test,127,28817ca52260eca4d6db2b6e827c6ffdc61c608784aa1f60a32f0febde6d85a1
C/hand5_c_bot_seg_2_cropped.jpeg,C,956,956,hand5,test,128,da7dc77516234fbb28f6f307bf4df9f925073e7c94b9997ad9cc2ea166aaa7cf
C/hand5_c_bot_seg_3_cropped.jpeg,C,957,957,hand5,test,129,bd6263efc44e80311860b1f744e1f8372e2c84f064a589783cabb6c415e70075
C/hand5_c_bot_seg_4_cropped.jpeg,C,958,958,hand5,test,130,5869e0fa55ac9dde73ad66724e123348295ed01b5fea4526e109630964eab03a
C/hand5_c_bot_seg_5_cropped.jpeg,C,959,959,hand5,test,131,3f2a13b0a8e09f8fac0ac42c0af252506998226118538e6cbc2d87453fff1821
C/hand5_c_dif_seg_1_cropped.jpeg,C,960,960,hand5,test,132,f70e2393a11ac0c68a1a2d69546d5e696bdcc336bc3f9ddf4cefd71e29a98e7b
C/hand5_c_dif_seg_2_cropped.jpeg,C,961,961,hand5,test,133,33284b0d2fed2dbe4b558fd31e3d59b62c1b289e3c2d1fab3dd821a9bab4f748
C/hand5_c_dif_seg_3_cropped.jpeg,C,962,962,hand5,test,134,0a0ca7516bde02022c26196a9b7f45d4622be77733335ee807db516eea2ff8e6
C/hand5_c_dif_seg_5_cropped.jpeg,C,963,963,hand5,test,135,a0d8335e8abadf95da08c7f2f444c410c505af8ecf43073f484decda26c919b8
C/IMG_0218.JPG,C,964,964,photo_IMG_counter,test,136,740d4fad0cff6a9195cd04b713634532fee7bafb536c1f93e31a3105f9572fc8
C/IMG_0219.JPG,C,965,965,photo_IMG_counter,test,137,1063138baa6422117eec471d37a6592a147ba614172a8b9d4d21ad4f8f6b9289
C/IMG_0220.JPG,C,966,966,photo_IMG_counter,test,138,49a78bf168da755082b6b388259fce1f441e50c2b0e5fbd9fc4918d7f1ba4073
C/IMG_0221.JPG,C,967,967,photo_IMG_counter,test,139,9c948998c9c0d64757fe0e95139a15a038570b2e8e4c48b40bdc87917fb5eaf0
C/IMG_20210605_174952.jpg,C,968,968,photo_IMG_date_underscore,train,681,7362f6519dd180e3953e6d7c32dfc8e7845ffe82c17969400806885b27345fef
C/IMG_20210605_174955.jpg,C,969,969,photo_IMG_date_underscore,train,682,d0ea824fefcc25a0e5b19db97eb9020063b497e272a56e5768ecde9f2a651478
C/IMG_20210605_175000.jpg,C,970,970,photo_IMG_date_underscore,train,683,3b4fd9ec818c554946a84e17066164956c5958504459a4de2d8b01890f71695c
C/IMG_20210605_175006.jpg,C,971,971,photo_IMG_date_underscore,train,684,a4885a1c12794bb67bf7c3a0d5b2c5f8a1a83ac5c64f7a8603936ed0248da27f
C/IMG_20210606_202033.jpg,C,972,972,photo_IMG_date_underscore,train,685,3b585ca31db779efcd954827891e28213880404df89c58b0eae82b6e3767c8c7
C/IMG_20210606_202036.jpg,C,973,973,photo_IMG_date_underscore,train,686,9a14ee501e310187ba352d314611fc1ac06e98ea9fff09df84b805f9be17085b
C/IMG_20210606_202045.jpg,C,974,974,photo_IMG_date_underscore,train,687,9e2ff3a80f662953a467805f8d614cbc2e1e8d3b9f811c04e5eefafff3f3f8f3
C/IMG_20210606_202048.jpg,C,975,975,photo_IMG_date_underscore,train,688,6c524b14073b7db538f5a4e1d9d46ce80847f1c56a47c6b707352d586368555f
D/20210607_170239.jpg,D,976,976,photo_date,train,689,8fd3ad73c45ef6a7e0da5095459e99c4903aac043024ed544f47efb9a1536a3f
D/20210607_170242.jpg,D,977,977,photo_date,train,690,a3462f81698ddd6409d0d43628604d0b4fdcba94390b90333298df554f394e39
D/20210607_170246.jpg,D,978,978,photo_date,train,691,653675f062db2ad1bae010c2b7f70b535f179207cb537e1fe43082d3beea6d40
D/20210607_170249.jpg,D,979,979,photo_date,train,692,eb3ff69116f22c94752bc6fc57fcc2ff81ee149597682d5f7a0249a0fab07375
D/885F0A9F-2A47-47C6-B443-FF812B972D2F.jpg,D,980,980,photo_uuid,train,693,a149d425933c04f1cb61afbadc6f1a1e7ae401f3a38b26849b43ec8001181432
D/ACAA89A5-FB92-47A2-95DA-242702144527.jpg,D,981,981,photo_uuid,train,694,5cf9e72273f5854dd44b81605b4fff83f7180e43f1f682648030c4012a08a8a5
D/C2A82467-D5D3-4501-834B-19BF442C9DE3.jpg,D,982,982,photo_uuid,train,695,1793b3673ef8976eeffae821b9de4140f5c8d18a84b045b58756a729ccf96a76
D/D (1).jpg,D,983,983,photo_letter_parentheses,train,696,292a7cda8c38ad6b16cc6ee5b3ddf6c45776124abe1dd44b1f20e163c4c27ec1
D/D (10).jpg,D,984,984,photo_letter_parentheses,train,697,1dc79c295f971dd90c11d9401297ceaaca96d8649e680d1fde6c1b0aa0223913
D/D (11).jpg,D,985,985,photo_letter_parentheses,train,698,0ff7c3a9e0bfd3f4f54cef947528e3fd562edd7ae6bf77b3652cedb1bf89df47
D/D (12).jpg,D,986,986,photo_letter_parentheses,train,699,2c7efccf2bf80e76a03fde5e7fb8884d846e9e4ea5ba54ad1ac1d548318bc32b
D/D (13).jpg,D,987,987,photo_letter_parentheses,train,700,59517ac1afd4208954026069585ec5493c0baee5586999feca6cccb670da03ab
D/D (14).jpg,D,988,988,photo_letter_parentheses,train,701,6e6d467ae602da5b414a41a474e2ac5baa467c392bc0a86ce12878dbfb45f969
D/D (15).jpg,D,989,989,photo_letter_parentheses,train,702,cfb407296430db53a0efff7ddc079ec4cccfdba1a5fab6c84801ea886b8c724c
D/D (3).jpg,D,990,990,photo_letter_parentheses,train,703,adde9c0f92f1394d50ec81f7d349da51fd5ca8f53e05c1487d3b9b6b9054cda7
D/D (4).jpg,D,991,991,photo_letter_parentheses,train,704,115203bc1f3b7168b27b056bed51131f3ae30ffe9dae982d4ec848b4a97b6b01
D/D (5).jpg,D,992,992,photo_letter_parentheses,train,705,b0e6ffab48bcad0cc21437c2516223cd20995bbe94ad26e24aa1507178c3fc83
D/D (8).jpg,D,993,993,photo_letter_parentheses,train,706,b81542dae91dc264b616b1d2b534316eecfa7a5b3cc33652020733dcd437ec7f
D/D (9).jpg,D,994,994,photo_letter_parentheses,train,707,bd00c6f4ec2f1d3474947e682baa60b21ed971929a77e8a163926a72e7fa15d6
D/D37B3F85-1542-4682-954D-DE6CBEEA6B1B.jpg,D,995,995,photo_uuid,train,708,4111e8dfff8f9a96ef1f4e6afd9fa229a8a1e8f5e3ed109de47b9f2cf667fdc8
D/D_1.jpg,D,996,996,photo_letter_underscore,validation,147,b7badd179209a4d8f03182f893183b90cfa39ba1b02ed51e54b6b62562458657
D/D_2.jpg,D,997,997,photo_letter_underscore,validation,148,c95a1d52d41fd783b03b37993354188abdcbf7f76c78751790fbbdce4b355257
D/D_3.jpg,D,998,998,photo_letter_underscore,validation,149,84647e6b62952726a03c919ab1652144d77cbc504d0120d3f51e8db8eb02bf97
D/D_4.jpg,D,999,999,photo_letter_underscore,validation,150,c6de940387bff3a3817b4df9026afd568aea8101238d03936942858ef90634f9
D/D_5.jpg,D,1000,1000,photo_letter_underscore,validation,151,ecc4cac9dcb51238cec2ff06a51111542aabd9b44efb989882adae950a27f093
D/D_6.jpg,D,1001,1001,photo_letter_underscore,validation,152,ac31a0bd9144fe6894e1beb8bbe45fa8654d821d476133a633beac45941f90cd
D/hand1_d_bot_seg_1_cropped.jpeg,D,1002,1002,hand1,train,709,97097b6e8e4ccd696e4ad7f2a5ee6a02a5ef97b47d358e5993ddf4d5427b03ee
D/hand1_d_bot_seg_2_cropped.jpeg,D,1003,1003,hand1,train,710,bfc4338517bb94ac045b3be87840eba8e571804c4fac386d1f302aee7b6126c8
D/hand1_d_bot_seg_3_cropped.jpeg,D,1004,1004,hand1,train,711,dfce2e23069c72c375a2125ccf072f7e568fe83edcdbd121ec080b3cf45a7275
D/hand1_d_bot_seg_4_cropped.jpeg,D,1005,1005,hand1,train,712,0a61f06414ee53a75349602f98dc38437ebc6a277ccc0b07de7f29ceabec124f
D/hand1_d_bot_seg_5_cropped.jpeg,D,1006,1006,hand1,train,713,b1aa076be771e31f31f85c2ec191517202df0b9446a0066c0ac8be08b243028a
D/hand1_d_dif_seg_1_cropped.jpeg,D,1007,1007,hand1,train,714,afd5688da2ece74af3e9fc6b2c15cb759360193eaf293b215eba0bde884a93f6
D/hand1_d_dif_seg_2_cropped.jpeg,D,1008,1008,hand1,train,715,6ad161c8fb3c26c42f1f055ed5e259d210387ae6219d28cffb2d3ee189e91f33
D/hand1_d_dif_seg_3_cropped.jpeg,D,1009,1009,hand1,train,716,ea2f7cd1f59bbbd00c224b97509f0593d7e396cd1d15af942aba6b014e042336
D/hand1_d_dif_seg_4_cropped.jpeg,D,1010,1010,hand1,train,717,b32dfbcd26a3f950004871d9e8f0824be383ee0b1245bb7728c46f3913d1639b
D/hand1_d_dif_seg_5_cropped.jpeg,D,1011,1011,hand1,train,718,2324e12547a2561331b9843836f4e240c6d0aa6dc3ce005334a30bc702c8ad1b
D/hand1_d_left_seg_1_cropped.jpeg,D,1012,1012,hand1,train,719,c109732272d6b668d0726b2e2a042447e347dd81cb76a4a63c457c3269a70490
D/hand1_d_left_seg_2_cropped.jpeg,D,1013,1013,hand1,train,720,67ddbe1468ff286bb5febaafc482aee575626c0708b0b2b81dc921ec662a301b
D/hand1_d_left_seg_3_cropped.jpeg,D,1014,1014,hand1,train,721,f537602e4f28e1ec13b56b74b92552c725228fc6c32a2f987bd9a87705d0b3c4
D/hand1_d_left_seg_4_cropped.jpeg,D,1015,1015,hand1,train,722,526286e016137372818400e559f7cdcc258f9474ec43f3346a45a0fe340f1838
D/hand1_d_left_seg_5_cropped.jpeg,D,1016,1016,hand1,train,723,36c1614b1665b59c56a2ed93cd27c24bb31e20a6fb11829a9460e0ca3054abed
D/hand1_d_right_seg_1_cropped.jpeg,D,1017,1017,hand1,train,724,3b7388d2c0b2a92daa7daac4c0d5ae93c5775e63aa7696ff81721ae00cc28f8d
D/hand1_d_right_seg_2_cropped.jpeg,D,1018,1018,hand1,train,725,245c6fa10908a4469b8170b2dec352367b07967e933bf696d9131d0648f86961
D/hand1_d_right_seg_3_cropped.jpeg,D,1019,1019,hand1,train,726,129d21d2ea8ffd1d9c06ce519e4d2ac9fe97a2c541b445eafdec9684d21ceae0
D/hand1_d_right_seg_4_cropped.jpeg,D,1020,1020,hand1,train,727,de893dc70b8f795489a8c1effc20cfca13b1e70e021a0fee576bbbb2cbb97b89
D/hand1_d_right_seg_5_cropped.jpeg,D,1021,1021,hand1,train,728,8ccc6dccfb69481173796da1e2d6efd60c5f902ffc7c3b832122be8c1f395856
D/hand1_d_top_seg_1_cropped.jpeg,D,1022,1022,hand1,train,729,8dcad04d64225df9e7232b7f8f91e54e198b3d1485a623a663601c56b455bad7
D/hand1_d_top_seg_2_cropped.jpeg,D,1023,1023,hand1,train,730,907cdae71ef08e1bd914aa84a0d4aff69f34313f3b7397140b186af3d8326b88
D/hand1_d_top_seg_3_cropped.jpeg,D,1024,1024,hand1,train,731,56ca16aa9a9c63db8f575d01253b966c311a8cf856bceed9053b221f65762710
D/hand1_d_top_seg_4_cropped.jpeg,D,1025,1025,hand1,train,732,7e2b23c494bf0386785dd537f028d7e1805e81b8daaa333b9dc50c9c7ad4ccbb
D/hand1_d_top_seg_5_cropped.jpeg,D,1026,1026,hand1,train,733,ed2f44392d7d2b5dc0ce98d509b58b64b4d3785dc5ceb5c3a6c2844d01092bf1
D/hand2_d_bot_seg_1_cropped.jpeg,D,1027,1027,hand2,train,734,08e65f137f1b1a4faf8fb75414055671ebb553359934954a35be2ac86412bdcf
D/hand2_d_bot_seg_2_cropped.jpeg,D,1028,1028,hand2,train,735,44291a5b862482c5d8508b5a459fc00ced645dd4b577729a9f9f5828ebac0cf5
D/hand2_d_bot_seg_3_cropped.jpeg,D,1029,1029,hand2,train,736,d308ad4a58e586814a491701b5d64c75851685894b99035ff8de4c6332a4b0ee
D/hand2_d_bot_seg_4_cropped.jpeg,D,1030,1030,hand2,train,737,708a2b27ca2fd7a9f058ee91709d06248e6120f065e21dd25deb1e8b80900689
D/hand2_d_bot_seg_5_cropped.jpeg,D,1031,1031,hand2,train,738,00395d2e41fc9f9736fe4af5445dfc67724458cc31ec7b408f46757e436313bf
D/hand2_d_dif_seg_1_cropped.jpeg,D,1032,1032,hand2,train,739,6e308be172b1cfb810724ead7dcfeb17808bfe6c7e76a9f44d2ff1d4014c0cee
D/hand2_d_dif_seg_2_cropped.jpeg,D,1033,1033,hand2,train,740,fb6e305993c5253c07e1d71d3607c4f985f1f215096876d0460f399d395d03b1
D/hand2_d_dif_seg_3_cropped.jpeg,D,1034,1034,hand2,train,741,f51bf2d38c2edea538942ad60648bcec3fbfea85cd3a3f66428f2a10f8430c6f
D/hand2_d_dif_seg_4_cropped.jpeg,D,1035,1035,hand2,train,742,6cea0f4aee4e34f17c386545a2a9227b3c0f988ec136219e18933a68e6bc4cb4
D/hand2_d_dif_seg_5_cropped.jpeg,D,1036,1036,hand2,train,743,1abd0f061d8931effce97e186b2eceb1c1f173ebf82900356cd5175e7034ea49
D/hand2_d_left_seg_1_cropped.jpeg,D,1037,1037,hand2,train,744,be6957745ec3a116cd38daaf32c1852e07808dcd0e10e3abc9027b774fe79168
D/hand2_d_left_seg_2_cropped.jpeg,D,1038,1038,hand2,train,745,24a87747206ff9d037fe4122d83a61a81acd205817caafcae83e8eff0a0b9623
D/hand2_d_left_seg_3_cropped.jpeg,D,1039,1039,hand2,train,746,79a6254c9345a45d3b85c83914ee6482287c2f64a054b8c96f6a7aba05c4f613
D/hand2_d_left_seg_4_cropped.jpeg,D,1040,1040,hand2,train,747,24589bebc28ad55e124f72128efb9084269c56dd223196c3e91f68eb63b156d8
D/hand2_d_left_seg_5_cropped.jpeg,D,1041,1041,hand2,train,748,1687bd327c391e2376447ee61417f4893608273b8391430be20ade7a57b14a4f
D/hand2_d_right_seg_1_cropped.jpeg,D,1042,1042,hand2,train,749,2ef3661502f8a854a73eacb71560e2c86b61c3b09bfa60af69496826d9bb7682
D/hand2_d_right_seg_2_cropped.jpeg,D,1043,1043,hand2,train,750,e77534d65ebaa266cd4132d496b4a4502e4c5d2fea3be571abd1c16b554cd74f
D/hand2_d_right_seg_3_cropped.jpeg,D,1044,1044,hand2,train,751,301759526be84837084cce5eed25ab9c308b58bb21068ba9403160718bd661aa
D/hand2_d_right_seg_4_cropped.jpeg,D,1045,1045,hand2,train,752,1de5fff6e35e8816a1726d377caed85f118ad80ff922d9e1bb7d82958d14ddce
D/hand2_d_right_seg_5_cropped.jpeg,D,1046,1046,hand2,train,753,15c5bb5a4bfd38d8f3f4b3ba75a1bcffb8d4f44e58063f76b8042a7f47286f37
D/hand2_d_top_seg_1_cropped.jpeg,D,1047,1047,hand2,train,754,aa88a22d7867120abff3f629c5eb9293e862fd976affc3b42eaf32f112be3ee6
D/hand2_d_top_seg_2_cropped.jpeg,D,1048,1048,hand2,train,755,7d0559c227292d0da8b99d34b3aedd87ad12b74bdef51f45400ecea603def609
D/hand2_d_top_seg_3_cropped.jpeg,D,1049,1049,hand2,train,756,2d2fc71385079e44973e7c57eb4aab0d1991e7649771642e0e462a4974ac0b0d
D/hand2_d_top_seg_4_cropped.jpeg,D,1050,1050,hand2,train,757,8ff17a35a33e759aebf2c3f2a87891fb77d357abf0ca9f8605bd66b7ed4ce5df
D/hand2_d_top_seg_5_cropped.jpeg,D,1051,1051,hand2,train,758,ef1bfc018765a8db501e22873f23a4167d14245385a3e470339eabc71c7e7f43
D/hand3_d_dif_seg_1_cropped.jpeg,D,1052,1052,hand3,validation,153,d5e5885d1297319d0ba15ab257e3e2587bf1c6f988a1dad2786abb5c6153005c
D/hand3_d_dif_seg_2_cropped.jpeg,D,1053,1053,hand3,validation,154,e9ca8ff6f5cc8f886b74caea64ef0dc9b3cbb3862b6d7f874e88a91b795889e3
D/hand3_d_dif_seg_3_cropped.jpeg,D,1054,1054,hand3,validation,155,cc88c401d799281a850b0a0460ea839f25c18d74c887cfd2d0f7488846698234
D/hand3_d_dif_seg_4_cropped.jpeg,D,1055,1055,hand3,validation,156,ff8125c79a097d83333efe36af6936431799deb5a05e5b36dcf23bbd0c2cbd4f
D/hand3_d_dif_seg_5_cropped.jpeg,D,1056,1056,hand3,validation,157,f28b066f04a7521e53606b31e77ae16081def6f64812b09242a23a633b00adf5
D/hand4_d_bot_seg_1_cropped.jpeg,D,1057,1057,hand4,validation,158,1332997cfe05d41b684a5f309659970b8a43a2fcd086dd13bbcd8f851f757a23
D/hand4_d_bot_seg_2_cropped.jpeg,D,1058,1058,hand4,validation,159,4a872e563d95d9bdf93acc484494c47b33f3cc7d977de3e8e2ab64dcf2e062ff
D/hand4_d_bot_seg_3_cropped.jpeg,D,1059,1059,hand4,validation,160,451ddefbd19e663076a9bd2bae5bd39f7aa830fd58a34cac32bd16fc4c5aaab6
D/hand4_d_bot_seg_4_cropped.jpeg,D,1060,1060,hand4,validation,161,057cc00bbbe864e5b1f36d3c3328a15a1dcffb552508a4002271811296b1016c
D/hand4_d_bot_seg_5_cropped.jpeg,D,1061,1061,hand4,validation,162,a4048f59a5a66077a7c557308153e72fd7d150ce9418ab4fa5bd4f79b942e98b
D/hand5_d_bot_seg_1_cropped.jpeg,D,1062,1062,hand5,test,140,e5b3c8c225d2f53a0b613631c090ce1abcc0b8b2a305e4b6d05b17cb901080f0
D/hand5_d_bot_seg_2_cropped.jpeg,D,1063,1063,hand5,test,141,185b82276ed5ef2a21eeb8ee21eff11dbb17da4a08bb999b39590f9e67cfb3da
D/hand5_d_bot_seg_3_cropped.jpeg,D,1064,1064,hand5,test,142,c305d2fbabbc45b649efe57a6be09f6b828047b9c80616dbd9032e4369b10d02
D/hand5_d_bot_seg_4_cropped.jpeg,D,1065,1065,hand5,test,143,89dde3ee0f8f1d3113fcf7419088bc875e7a6351e115b9de67c450e874a7a25a
D/hand5_d_bot_seg_5_cropped.jpeg,D,1066,1066,hand5,test,144,5ec7711907aef536383c767bf83f80c3273e581b047f6c34ffba235bc4ebce21
D/hand5_d_dif_seg_1_cropped.jpeg,D,1067,1067,hand5,test,145,70d5c46d74a9636e13af710d1805dad47f4d2c6613a1bfe38ae49c0cf2729954
D/hand5_d_dif_seg_2_cropped.jpeg,D,1068,1068,hand5,test,146,6980082ad62f0d70d9030a53423ea39e1358f0bbba4f5a426be8d82b8a2f0d7e
D/hand5_d_dif_seg_3_cropped.jpeg,D,1069,1069,hand5,test,147,aa6bfe621c303168b2b07d4cae41278201efbf8a5611cd6e4b795ec27b894268
D/hand5_d_dif_seg_4_cropped.jpeg,D,1070,1070,hand5,test,148,ca5ec78fd4bb0b7c7b97bca44f6572218ecefdec3746cdad8618a81dec1ac6d0
D/hand5_d_dif_seg_5_cropped.jpeg,D,1071,1071,hand5,test,149,dc792381a3f71d0538c9150ed044211fe83eff6c94e3b77be6e9aab93cead18f
D/IMG_0223 (1).JPG,D,1072,1072,photo_IMG_counter,test,150,3d46c71d33fb5784437a81a4169d89333bf0e1851a62d4b99c6932bd29cc1f47
D/IMG_0224.JPG,D,1073,1073,photo_IMG_counter,test,151,634734cf93888caa9244ab4e7e7b48462412c6abb6c0ded19bdd7e158c30ed94
D/IMG_0225.JPG,D,1074,1074,photo_IMG_counter,test,152,91c8bf06247a57a2047c0db3d227f1e8bfd712b41a9d39b5b01b44c4285440c9
D/IMG_0226.JPG,D,1075,1075,photo_IMG_counter,test,153,8ba402bae1e08517af8cdf91c87560797ed79b5108027f36ed2f4aaeef83a925
D/IMG_20210605_175052.jpg,D,1076,1076,photo_IMG_date_underscore,train,759,1178fef2fb689a8f1e0b2e73a8ea5b6bf55980c0e476bc0e88e918ce4fde145c
D/IMG_20210605_175058.jpg,D,1077,1077,photo_IMG_date_underscore,train,760,65ef4e01d9a64c6755dc3ac4ed0b3ea361f778e775ae923c722849eeb7d7f0d4
D/IMG_20210605_175106.jpg,D,1078,1078,photo_IMG_date_underscore,train,761,58ebba845cfe6ad1dd910e33bc5b8e74f3f4978ff36c245f0f3ecf95c8f3543d
D/IMG_20210606_202108.jpg,D,1079,1079,photo_IMG_date_underscore,train,762,a20f0be13b24695486ef399c34054c8f0b04bf1a5bce914d1fbc3f75de897e70
D/IMG_20210606_202110.jpg,D,1080,1080,photo_IMG_date_underscore,train,763,289246cce6251e315e6be03d2706dbb4f25deee3ecee5fa27ca86d7c979a4bef
D/IMG_20210606_202114.jpg,D,1081,1081,photo_IMG_date_underscore,train,764,df8c978be9cc6f14f99e6faec7d181a38a81d7045ae34bf4b49f518b12a50a44
D/IMG_20210606_202117.jpg,D,1082,1082,photo_IMG_date_underscore,train,765,b86ae9a94d29574cf0a3a15506f98ff0340ce0fdfa616abd07548290f5f2e2ff
E/15159576-5F66-4E29-B461-149DFD23035A.jpg,E,1083,1083,photo_uuid,train,766,35a7fa0ce404bc4957d38046cda5e89373ef91a9b1df866cdfe7194f99972894
E/20210607_170023.jpg,E,1084,1084,photo_date,train,767,fc0f9db89122fb84e42b892f12845110999e5960c461f0e4109e32d7856f034b
E/20210607_170027.jpg,E,1085,1085,photo_date,train,768,a8bca9276921d54ff2de08434220269cb20b9d64109993554ad19b652affdaa9
E/20210607_170029.jpg,E,1086,1086,photo_date,train,769,f9b1640f75f83a4ca672c2c631c73139a6e67042d284f1b32332601554fb7958
E/20210607_170031.jpg,E,1087,1087,photo_date,train,770,175fb547dabcf1d32110348fc513939e5e317dccc4fe7cc239a9992509c7f52a
E/4FD29883-2167-4958-834A-A3AFD5261184.jpg,E,1088,1088,photo_uuid,train,771,46ec09065a56ce2ec75a0773b47d8d919c6f6160ae815bc3f0eec95d74a8685f
E/6FCBFCD3-B177-4B0E-B62C-1593FD686275.jpg,E,1089,1089,photo_uuid,train,772,9c2efb21b0fae99c2473ced3e521f9a595f8914c932d0cb9dc265431783b6a8d
E/90601C97-0194-4EAB-BDE1-E7F8006C855C.jpg,E,1090,1090,photo_uuid,train,773,0f6cb6fafb8a82101e0e6053aae679f8e5342ec99d6db0b51ef2e16c0673f50a
E/E (1).jpg,E,1091,1091,photo_letter_parentheses,train,774,ebe6368094b0179b7c94fa3ed86836fb8d8de30562fb5b77601e163c8d544c7f
E/E (10).jpg,E,1092,1092,photo_letter_parentheses,train,775,b5f88c47e846433c8bed55ec268dc34f27f35b49a9713921f02f1f3d53ef7563
E/E (11).jpg,E,1093,1093,photo_letter_parentheses,train,776,ce5217b03a9be215cc23eea895187c1077e7428902d57ed5ce6c63e6d7962212
E/E (12).jpg,E,1094,1094,photo_letter_parentheses,train,777,1201a93effb8d0745670186912ab8fd9bbfdb1b195d79d0da9ab2cb2cf6e6aff
E/E (13).jpg,E,1095,1095,photo_letter_parentheses,train,778,08ec9fd571c81e2e341d9e00163a86ab965e7eeedf2c6a007a42f6c74ee73b46
E/E (14).jpg,E,1096,1096,photo_letter_parentheses,train,779,24e79c66aca14b383ed158c3345cb6e7f3e789ad6ae7c64fe4eebc07d8fd7dea
E/E (15).jpg,E,1097,1097,photo_letter_parentheses,train,780,dff6628b066230d3797f34afec7ea777ac7ead30a441033f37a07c6b17fcf95a
E/E (3).jpg,E,1098,1098,photo_letter_parentheses,train,781,33ef5d85c353d9f741b14edbe181100a98c23432b6ba31777d75d0727aa423c8
E/E (4).jpg,E,1099,1099,photo_letter_parentheses,train,782,ca191d79ed0bc32d06cfb8a9b8d29d0631626adc69ffd5c3de12be5cd2673a46
E/E (5).jpg,E,1100,1100,photo_letter_parentheses,train,783,c7211457b9fd71fb2c0e2cc5015ba99edbd1ecf03d7d010bd3bc49a127d78fb7
E/E (8).jpg,E,1101,1101,photo_letter_parentheses,train,784,8342bff63e547e92d882628518e3dafbae13c25192d4a479814e68e440a42472
E/E (9).jpg,E,1102,1102,photo_letter_parentheses,train,785,7a29252fb6cad1aad0bb4e843175e27eb0ebcbe46022f63338b01260ff38e383
E/E_1.jpg,E,1103,1103,photo_letter_underscore,validation,163,57ee8df73e384755534e2e489692d62a5d5c8d00a025d11e25840e7a21b6dc79
E/E_2.jpg,E,1104,1104,photo_letter_underscore,validation,164,90f93d22149f3110b771ddc54ca23201196ea365b89d66f59b0f5110a359855f
E/E_3.jpg,E,1105,1105,photo_letter_underscore,validation,165,c5ef5c66cc67d4ec7634608107664a299b6b1138a2f12b87e5ca40df91e8f415
E/E_4.jpg,E,1106,1106,photo_letter_underscore,validation,166,7d11c37af4599e297e86a024867382fb2dea347f8a8514e2a3f6fe32f63b2d3a
E/E_5.jpg,E,1107,1107,photo_letter_underscore,validation,167,1e06de74c5846af2f5d354a907999fe51ad39e406d8734ee1c032832421c6453
E/E_6.jpg,E,1108,1108,photo_letter_underscore,validation,168,1454b73619e06ed147ff14dd49bfd03db1eb6f1a23ad9a591f8eaf0fc6963dee
E/hand1_e_bot_seg_1_cropped.jpeg,E,1109,1109,hand1,train,786,2dfa218a364e67e7877bb6387f7238e7895c5adb630645a8a411a25edfae7028
E/hand1_e_bot_seg_2_cropped.jpeg,E,1110,1110,hand1,train,787,251f2348b050837a18f7990ea8ba2796a35c5b9569102a4cd5b01e1951bfcb85
E/hand1_e_bot_seg_3_cropped.jpeg,E,1111,1111,hand1,train,788,2eff40924ba65aeb453d0952c0925123661f79573548f64b1e076db4eacb9e36
E/hand1_e_bot_seg_4_cropped.jpeg,E,1112,1112,hand1,train,789,9cef4a9bd162120b239f8516f683ac4b97a6c8f67f9e10243eb4f3e4520d2e15
E/hand1_e_bot_seg_5_cropped.jpeg,E,1113,1113,hand1,train,790,4482002d870e002f958b8677f79f57d47a5fa69722fbed653e0b5c420e316e95
E/hand1_e_dif_seg_1_cropped.jpeg,E,1114,1114,hand1,train,791,34864ea061d044a6e8e6f57b1e385d1a5f1c3ef909e073f21d0d72a478f6650b
E/hand1_e_dif_seg_2_cropped.jpeg,E,1115,1115,hand1,train,792,ddb02d953478b673d6fe4309adb7a0a1fbaafcf5ea164976292debc46b284c9a
E/hand1_e_dif_seg_3_cropped.jpeg,E,1116,1116,hand1,train,793,1aff9176491f13f97815bea0a392eaa60a05662a9a0c6178ffeb418dbcd24404
E/hand1_e_dif_seg_4_cropped.jpeg,E,1117,1117,hand1,train,794,3eb2c4b4c29ce36c489524d829c4d1b3978bb81904055d626b8547a6c70bc66f
E/hand1_e_dif_seg_5_cropped.jpeg,E,1118,1118,hand1,train,795,9d7ca29af335cd8b49ebf87bcaeca1e5fe1da55dc78de7d07d18d9c4e8debe5b
E/hand1_e_right_seg_1_cropped.jpeg,E,1119,1119,hand1,train,796,6923dfdc3f3c35e4967026a7a96f95b9120bea8f893fe66e037b677524ffa967
E/hand1_e_right_seg_2_cropped.jpeg,E,1120,1120,hand1,train,797,1f708ac27aca9e8f5322d94026b97dc64dd6b1b2e1d41b07038307ce51131d8f
E/hand1_e_right_seg_3_cropped.jpeg,E,1121,1121,hand1,train,798,2aa9a9c2f5f1214b0d715fa9d0d8fdb765cb90b03a41c83cf981a3e0cd91cf97
E/hand1_e_right_seg_4_cropped.jpeg,E,1122,1122,hand1,train,799,3d670ea45c148160377c28f27550482188dc18569b87c1677f334a470dbef5b6
E/hand1_e_right_seg_5_cropped.jpeg,E,1123,1123,hand1,train,800,7f0e511b611b451ded90fbaf7d415d1bf8d67d3657bb2d832a3654e9a87762ca
E/hand1_e_top_seg_1_cropped.jpeg,E,1124,1124,hand1,train,801,d4639f69de66fde80ca4a0851cdd5bc3eba42e927eeb7f5bdbec4d80bf2ac7af
E/hand1_e_top_seg_2_cropped.jpeg,E,1125,1125,hand1,train,802,312bf60adfeedc2e31b0cfe9a41460d2530042acbc1c4964be49b29e4ac1701b
E/hand1_e_top_seg_3_cropped.jpeg,E,1126,1126,hand1,train,803,0ecd90ef72d041aa2bdd34058bb1fe5ec81ab25ad8e73ec2883776642f3602c8
E/hand1_e_top_seg_4_cropped.jpeg,E,1127,1127,hand1,train,804,acaaefcd323ca84d8b38ab9c763b73ac21b918c4fcc09eb18320881cc61c9a9f
E/hand1_e_top_seg_5_cropped.jpeg,E,1128,1128,hand1,train,805,e676a074b51bb215cf31d7429925d80e1e404257ce7ce89764ed49a2c60bff47
E/hand2_e_bot_seg_1_cropped.jpeg,E,1129,1129,hand2,train,806,b3a94dd9d4ece95382e021e73cf7e89da5e35a88f1894e36ad7ff6094b4c3b33
E/hand2_e_bot_seg_2_cropped.jpeg,E,1130,1130,hand2,train,807,a4788fa7905869803c724139de8ea38cb4004ba5e37299e4c5328826ecb2c403
E/hand2_e_bot_seg_3_cropped.jpeg,E,1131,1131,hand2,train,808,61272f25ea405f44002b808afc7a5d9ad628c6a0627e42d297a431c9db554c15
E/hand2_e_bot_seg_4_cropped.jpeg,E,1132,1132,hand2,train,809,45af8e9cd59216073ee9eab9754cfcf30890832b56d4e59301734e5a3f4aeaa4
E/hand2_e_bot_seg_5_cropped.jpeg,E,1133,1133,hand2,train,810,a614172fa0e1a4086684404c635b13f3932ad8f3a9759c85b59239b5922fdd74
E/hand2_e_dif_seg_1_cropped.jpeg,E,1134,1134,hand2,train,811,3d53c7ab44957e18a28e354159e29bce71f9f1139c2a027fe6fa0eb44f6857b1
E/hand2_e_dif_seg_2_cropped.jpeg,E,1135,1135,hand2,train,812,f295e7e093a5d65d654530c0892ea95aadb2705889e6c4837f84a165a32963d7
E/hand2_e_dif_seg_3_cropped.jpeg,E,1136,1136,hand2,train,813,889a94a5a164dac7a7afe0e67c9afdc5c5af51a73535e15c7265ff40692a8fc4
E/hand2_e_dif_seg_4_cropped.jpeg,E,1137,1137,hand2,train,814,41a9cf56578ec97de1548e571ddd37298f670a942acc00b545b10b02b473371f
E/hand2_e_dif_seg_5_cropped.jpeg,E,1138,1138,hand2,train,815,1a28147396813dd61a9d5655d7e3591ef19394adf0af3f951abe34a18984d3fd
E/hand2_e_left_seg_1_cropped.jpeg,E,1139,1139,hand2,train,816,afd8be7a26102185e7e84b3e32df8f9c0d43f2b2195d0d6709bfdf60ccec7c8f
E/hand2_e_left_seg_2_cropped.jpeg,E,1140,1140,hand2,train,817,f6b0d81f487f8db1c79a6b2ad77819c40eaab6540f9ee3e8b9c6166156e4efba
E/hand2_e_left_seg_3_cropped.jpeg,E,1141,1141,hand2,train,818,e3c46dd7f95afc88ae3d8d1ac92fb1a68ceed3ad93451c44f513e80157286b1e
E/hand2_e_left_seg_4_cropped.jpeg,E,1142,1142,hand2,train,819,02ca252b50db19289f87b794be077de31bb7166d152bb3d2fa4899eadeafcfc0
E/hand2_e_left_seg_5_cropped.jpeg,E,1143,1143,hand2,train,820,2f291d21b4fb6aa8d95a364e50471883fd749ed4078d7c842035e48fb0d2b18f
E/hand2_e_right_seg_1_cropped.jpeg,E,1144,1144,hand2,train,821,fa598c4caaed36eb2903c86bd6d7ed44b079afdc0aef579b4bee743a995e36c7
E/hand2_e_right_seg_2_cropped.jpeg,E,1145,1145,hand2,train,822,4473669c4cdf252d6fb29cd5dc1048d21435837d07493e65921f15412c5a7303
E/hand2_e_right_seg_3_cropped.jpeg,E,1146,1146,hand2,train,823,a49a0674a84ea08b0915403765f3f4b04de87ea2143232d3269b1c74fd6a814a
E/hand2_e_right_seg_4_cropped.jpeg,E,1147,1147,hand2,train,824,ff6a0a67cc87c6bb8a7fc8f908431cc1be5c23881e1b7860217f56dde17275b6
E/hand2_e_right_seg_5_cropped.jpeg,E,1148,1148,hand2,train,825,e69eb5db234d40242fd2b2442399bf0ed974cdb9bf7d630251e89f21e4ee7be6
E/hand2_e_top_seg_1_cropped.jpeg,E,1149,1149,hand2,train,826,87dbdc60b627c73ad933fb7460ee33173204db3df6fb032092d3d6a30cd4363b
E/hand2_e_top_seg_2_cropped.jpeg,E,1150,1150,hand2,train,827,63d64e055448f8a0374cc061b0cca6806743ea31202ecc206efa6c4f4b5a7dfb
E/hand2_e_top_seg_3_cropped.jpeg,E,1151,1151,hand2,train,828,b9e3971ed36c4b0957b267847307ca48d3c71631eeac9d53d9f7a042510ed9c2
E/hand2_e_top_seg_4_cropped.jpeg,E,1152,1152,hand2,train,829,de10e070d8d5b32d04eb9b86b896e53ed66602ec1614a635b4926451b91a66b7
E/hand2_e_top_seg_5_cropped.jpeg,E,1153,1153,hand2,train,830,2567a7ba513a5e1521c3083bc238e3a42a01f009c9cfa45ca75240eb20f07c55
E/hand3_e_dif_seg_1_cropped.jpeg,E,1154,1154,hand3,validation,169,44f9e63698ab89623a21b6fac9fe777530b68d8590db314964508a6cf49d0058
E/hand3_e_dif_seg_2_cropped.jpeg,E,1155,1155,hand3,validation,170,9d6209243c4e3c8a4f6f667c271dcce9bb7082da9b7b55ba3ad0eaf67801fc89
E/hand3_e_dif_seg_3_cropped.jpeg,E,1156,1156,hand3,validation,171,6a0e3ea9ab8d1fde9deb14aad0c35754ba723313e1f38430fb71bba5bb120440
E/hand3_e_dif_seg_4_cropped.jpeg,E,1157,1157,hand3,validation,172,ba6f83f4cbfe66a0d354b10280803cfc3ef153fbbf42b292810daf7e4ff58059
E/hand3_e_dif_seg_5_cropped.jpeg,E,1158,1158,hand3,validation,173,534ce5565f68e0457d45ed7ff6ef1a544187b88ca0ce29c03601cb15f7c62d5e
E/hand4_e_bot_seg_1_cropped.jpeg,E,1159,1159,hand4,validation,174,26aefc189512005daede54a8c0105719cc2e0764d1d3f825c11284b08831151b
E/hand4_e_bot_seg_2_cropped.jpeg,E,1160,1160,hand4,validation,175,10feec6ea85a9f8061fb72a61e3fa867aac18d965fca85b89b55c648ad914c91
E/hand4_e_bot_seg_3_cropped.jpeg,E,1161,1161,hand4,validation,176,20227f0010cde28eebdbb4c1dfcae77ef01e82bdbe57b5d8643265f7bbdef28e
E/hand4_e_bot_seg_4_cropped.jpeg,E,1162,1162,hand4,validation,177,8566919e9a4362902c409e0c97ab22a1e198dc7677486f0051fbe4eeed7b1e56
E/hand4_e_bot_seg_5_cropped.jpeg,E,1163,1163,hand4,validation,178,88bc788da96179bbdf86bf79a8980f559042ee923068335611e7877af4230945
E/hand5_e_bot_seg_2_cropped.jpeg,E,1164,1164,hand5,test,154,e78583d46de88f96753f13e3db986f9de7c3f176dfeee191f240ac389f78202d
E/hand5_e_bot_seg_3_cropped.jpeg,E,1165,1165,hand5,test,155,5b399d3469905074b263dde6178905779541e3248e315643ba76adf293cd99f6
E/hand5_e_bot_seg_4_cropped.jpeg,E,1166,1166,hand5,test,156,765c0a09bcfd357d28450dc62d38f3783881da1c66659720384330c630ccef70
E/hand5_e_dif_seg_1_cropped.jpeg,E,1167,1167,hand5,test,157,a7c16a15cd06c1215d8888840ca8dee42ad2b0426af1a2cfef87fc15e166857c
E/hand5_e_dif_seg_2_cropped.jpeg,E,1168,1168,hand5,test,158,e08f4cbc5d485dc99cab72aeabead46c6f8ed0bccfac73a92a0ec6124b98b812
E/hand5_e_dif_seg_3_cropped.jpeg,E,1169,1169,hand5,test,159,dff24aa095d1a76d2cb123a338b4474d22ae5caebd11a6bfd91d12eb8922640e
E/hand5_e_dif_seg_4_cropped.jpeg,E,1170,1170,hand5,test,160,4e43d2c828360ff12927497153d39e6a790994e3c5f2ff7bba81aec0d286f2d7
E/hand5_e_dif_seg_5_cropped.jpeg,E,1171,1171,hand5,test,161,2a4d348f0759a2447cf7f3a7c5415a44af97f2dda4a6afade1b7c3e9b6917c6a
E/IMG20210607183258.jpg,E,1172,1172,photo_IMG_date,test,162,366783313b729ed1c8817a70b06deb7055b8d4a54db0cb49014c7499ae8e9720
E/IMG20210607183259.jpg,E,1173,1173,photo_IMG_date,test,163,dce08805e32d61c9ba471b309df3de5b0b5a3476cb50bee95269875dadd4cb6b
E/IMG20210607183300.jpg,E,1174,1174,photo_IMG_date,test,164,dd6ce3c4d85fa8f516378877e072162a698abf7fe38d2eeefa8d4458d10ee8fe
E/IMG20210607183301.jpg,E,1175,1175,photo_IMG_date,test,165,7f5cba0e13310952c2f40fbf426d84693abd322595d62e6c71d6d1bb62d09300
E/IMG_0228.JPG,E,1176,1176,photo_IMG_counter,test,166,a0dc123e1dc469ee19707649d7e4b127ba0e66e1ba9ac0a7bd7f593e73f90923
E/IMG_0229.JPG,E,1177,1177,photo_IMG_counter,test,167,f81decfcff78df36bc64ab72de66a4c68ad417d48fb41ff461b7e5819710c1f0
E/IMG_0230.JPG,E,1178,1178,photo_IMG_counter,test,168,1786400eee682b070604b92871e5ed2089207409461071ac08fd3de626f7b360
E/IMG_0231.JPG,E,1179,1179,photo_IMG_counter,test,169,bc7da9cbfdca11cffe4a1829731423f2d36b2101b0ac1a6191e330aed5d8911b
E/IMG_20210605_175134.jpg,E,1180,1180,photo_IMG_date_underscore,train,831,60fa04fc57594c8311d099ec57ee3950dbb420f9e3d5c84bcce00c45ea3a2606
E/IMG_20210605_175140.jpg,E,1181,1181,photo_IMG_date_underscore,train,832,856fb2705dbc7b6753b04250f15ce67b742014b62dae2003f5e6f90acc007217
E/IMG_20210605_175146.jpg,E,1182,1182,photo_IMG_date_underscore,train,833,3687e6f48ce4a304a92de200dca9116312bd4738fc8c984e3910ee601dd882ec
E/IMG_20210605_175154.jpg,E,1183,1183,photo_IMG_date_underscore,train,834,29a49e23081faa7e25845395be9955efc51fd8b52f8682d372031039837625ac
E/IMG_20210606_202140.jpg,E,1184,1184,photo_IMG_date_underscore,train,835,fb5a22190f9915f44939ed5a02bc2e416416cc814ed26d1f4e8a370e45c3e654
E/IMG_20210606_202143.jpg,E,1185,1185,photo_IMG_date_underscore,train,836,2dce3003218150ad6b9e1217e451658a2e569bb17ac391ec456947b051a63682
E/IMG_20210606_202146.jpg,E,1186,1186,photo_IMG_date_underscore,train,837,25e83f861912928424b724cd004770441617371dbffa409c7689ecb4d6853620
E/IMG_20210606_202149.jpg,E,1187,1187,photo_IMG_date_underscore,train,838,9cac294cd1984ebebcf90500657fc4ccc3278ef2da36030b4eafc3e04d44526f
F/20210607_170600.jpg,F,1188,1188,photo_date,train,839,03e3c13e6d0a5604534c722960fbe6a9797f3061f645df44b74578fa59d7c29f
F/20210607_170607.jpg,F,1189,1189,photo_date,train,840,b43d1f599c02448d9ae14ef14925395980c5e3041eadd1c5484e5a76e1d2cb46
F/20210607_170614.jpg,F,1190,1190,photo_date,train,841,4d5cccdb04fe78c56c30f83572f7ea5e5f9bd388977834ae368f719ab1cfabaf
F/20210607_171131.jpg,F,1191,1191,photo_date,train,842,6dc3389ee5c1ca9524e25a8c23c5d4ca53427624fcbf523074be1dca2964d999
F/60FADCFA-DCBD-4123-8224-22171B32BE7F.jpg,F,1192,1192,photo_uuid,train,843,829b82c3df77f946dae2de419c085c38161d34ffc0b1ec3279151a0456a1d79f
F/8A31068B-2B0F-49C8-A8DC-EF393D9D06D7.jpg,F,1193,1193,photo_uuid,train,844,311c4add7f2a20b67be60f0ee15b7cfe7a03afcf151a070fd2be1c259122fd6a
F/9D6C4D0C-947B-4964-B78B-6048DDD52A17.jpg,F,1194,1194,photo_uuid,train,845,ad6caf784ca8fd8dc4d395ba97a0b9df87cec380e8eeb7485e03bce10eed179c
F/B1E22122-9E32-4DBB-8F9D-3FC31CA5C6D7.jpg,F,1195,1195,photo_uuid,train,846,2e522104cb4a179f3a89e986fcdbcbd385617326b10c8f48050f1e0535ff0288
F/F (1).jpg,F,1196,1196,photo_letter_parentheses,train,847,1464ac1a7f3c57508d0e3f09795dc32e637fa270ff2699b5860137061c604e95
F/F (10).jpg,F,1197,1197,photo_letter_parentheses,train,848,df7e09add98065ca3252dac5e0fcc73be3067b62f1f0d290ef80223573807721
F/F (11).jpg,F,1198,1198,photo_letter_parentheses,train,849,f76eaf2a1a143d21b1228ee1c0729b6e7564e3f49b478437541b5ce19ebb64d9
F/F (12).jpg,F,1199,1199,photo_letter_parentheses,train,850,0568e2b4bab29c7c00a5bb890ffc3133cfe12740ebced83a9ed81017c988f618
F/F (13).jpg,F,1200,1200,photo_letter_parentheses,train,851,df0942019a63ff94dce461cce93b2fb1880e6f0d1ef1933a80184667e132a1f9
F/F (14).jpg,F,1201,1201,photo_letter_parentheses,train,852,ea5a7562ae43eb11db3c11224f6b956c4615b34b604e65f3962a70c4e8fa43ae
F/F (15).jpg,F,1202,1202,photo_letter_parentheses,train,853,7ec0dff257b6bf977c9ed27fe02170bae9bdd546f0237cb9db476694f2ce0163
F/F (3).jpg,F,1203,1203,photo_letter_parentheses,train,854,839612def1683ad4fa6c6296fdd84691a2a883f27f032d07a3ca0cb7b29f7e7e
F/F (4).jpg,F,1204,1204,photo_letter_parentheses,train,855,e87b43bc2e020bf3dd908b496015545a148e98a8a2a8d7f312f3ffc882374a10
F/F (5).jpg,F,1205,1205,photo_letter_parentheses,train,856,c7fcf8660e405777c3014fe78f779229d963a8635df8c36f384b97560f086ee9
F/F (8).jpg,F,1206,1206,photo_letter_parentheses,train,857,35976bdbabc251be9a57d099ef1329779f87bc316b503e806900ebfa7b64418b
F/F (9).jpg,F,1207,1207,photo_letter_parentheses,train,858,ce6941c2172b6098ab23dd41ca34ac20f9a45cf289c50163890b5ec258a7e5bb
F/F_1.jpg,F,1208,1208,photo_letter_underscore,validation,179,1276bd5e37ddf26420bbdd66961de8cdc98ae7570608baac515fb664f7f912d5
F/F_2.jpg,F,1209,1209,photo_letter_underscore,validation,180,2109f0209aef579d9bce03b57bf52180e41a75df3753cfc2aba17835e33268a9
F/F_3.jpg,F,1210,1210,photo_letter_underscore,validation,181,6099dd86838bad02d00550a6d3f0a8177fbee9fbc64ec3f4ac8d2a197d228971
F/F_4.jpg,F,1211,1211,photo_letter_underscore,validation,182,2a9c67b31957c12fcb9dded414a4072bc1bbb5acfe52c7ff8e1037e80a5fbe40
F/F_5.jpg,F,1212,1212,photo_letter_underscore,validation,183,fdac9b42b6c0bb5881ed1a42be59b837ef4aae92c06a5e7fef16e411cc21b4ad
F/F_6.jpg,F,1213,1213,photo_letter_underscore,validation,184,2425cbb512e69aaf8212158bb1461967beeea1537e6983cfc99bca0cc292d842
F/hand1_f_bot_seg_1_cropped.jpeg,F,1214,1214,hand1,train,859,7229c41f1b01a64350d4c889eb5e1b57e10dc8c5cdcad47f474a5ec7475e7401
F/hand1_f_bot_seg_2_cropped.jpeg,F,1215,1215,hand1,train,860,2c553dd5c63ed5fadab5c18305134a29e6816e7317ed32cd73a589e774672b52
F/hand1_f_bot_seg_3_cropped.jpeg,F,1216,1216,hand1,train,861,af19238b022af713856b68c8209bdb2132e90b3b0c4146be6f0160e762f4d234
F/hand1_f_bot_seg_4_cropped.jpeg,F,1217,1217,hand1,train,862,24c35df414d5c8d97996cddde26bb8d604f53030127a1a5edd2f3f43d619c258
F/hand1_f_bot_seg_5_cropped.jpeg,F,1218,1218,hand1,train,863,01dea2789a116fd8d841f2d904eb81769009b4ae5bdea72a8b5732cded3129e8
F/hand1_f_dif_seg_1_cropped.jpeg,F,1219,1219,hand1,train,864,eeff913921f8bc2bea3614343b037f4f18b0a76d9398d8579cb28be000fa479d
F/hand1_f_dif_seg_2_cropped.jpeg,F,1220,1220,hand1,train,865,1c82276946895e0f42c46e7e427c128a573848cbd68b824ed368fbc6cca20285
F/hand1_f_dif_seg_3_cropped.jpeg,F,1221,1221,hand1,train,866,935f861848d83b40a73bc7adfbbe7bf0e7be437717b45a15fcd59cf3091edc97
F/hand1_f_dif_seg_4_cropped.jpeg,F,1222,1222,hand1,train,867,43352ec86383093daa47a4813b8e0010c13e345526d75732e89aa2912d81e66a
F/hand1_f_dif_seg_5_cropped.jpeg,F,1223,1223,hand1,train,868,a94ccc93f043f58fe99109c39d8e76fb37fac61743f9bf7cd32fa41122a395ec
F/hand1_f_left_seg_1_cropped.jpeg,F,1224,1224,hand1,train,869,84b815ee31e2eca569a6311a4f470966bcc0e0b59cf821b22e2c35580afbc879
F/hand1_f_left_seg_2_cropped.jpeg,F,1225,1225,hand1,train,870,5a50800d15ecea3739f497212c8c33d28376552db5ed5bb8861b78fe9999560c
F/hand1_f_left_seg_3_cropped.jpeg,F,1226,1226,hand1,train,871,dfe05e40ead548a32df2842b44cd1cb2273e7446cfa0950aa27f2cd0db8d7235
F/hand1_f_left_seg_4_cropped.jpeg,F,1227,1227,hand1,train,872,308513cfb25e3f5858676f06176af6a9333f46c17017b6052e84061f1dc6952f
F/hand1_f_left_seg_5_cropped.jpeg,F,1228,1228,hand1,train,873,192419ba0d4406b8b4b883142889f1179ffe7c7e7af7c98c70592cd449836389
F/hand1_f_right_seg_1_cropped.jpeg,F,1229,1229,hand1,train,874,a60410a715c28e1edd1163c0c61dc1733fbbc371d1869462a3b228f619e6fe28
F/hand1_f_right_seg_2_cropped.jpeg,F,1230,1230,hand1,train,875,3c8c21f2257a6edd34dc91f8858ee462a1fc1c12f7b71dacb8511aec8ffdf141
F/hand1_f_right_seg_3_cropped.jpeg,F,1231,1231,hand1,train,876,5d8305c018893ed3560eb6d162f01e498ff73437f2f1e0a18a748d1bc3d5d7f8
F/hand1_f_right_seg_4_cropped.jpeg,F,1232,1232,hand1,train,877,45e424732ebc11ade5a43d20106b9bf1ced49414d397f2c8790dc11b088e5de3
F/hand1_f_right_seg_5_cropped.jpeg,F,1233,1233,hand1,train,878,79804c59175a03812bd350c36fc514d443e149c55e368b378d043be35dc4c6e2
F/hand1_f_top_seg_1_cropped.jpeg,F,1234,1234,hand1,train,879,4502ef41748b09eb32393bf0554565f0dc6f3f26e29321a19912037f7b17a9b7
F/hand1_f_top_seg_2_cropped.jpeg,F,1235,1235,hand1,train,880,04f2e27cbfffc6dbdafc35ef6e7bfa97aaaa9605841433b85a89b7185948593b
F/hand1_f_top_seg_3_cropped.jpeg,F,1236,1236,hand1,train,881,41de2021b72f49a3dc181bdad1976057bfe662d30a3ed70799bab77d6f3e6c0f
F/hand1_f_top_seg_4_cropped.jpeg,F,1237,1237,hand1,train,882,b049527bfceb1600f818a699fa5b105865f1161db32888cbdeadccf9eea06a53
F/hand1_f_top_seg_5_cropped.jpeg,F,1238,1238,hand1,train,883,5f0ca29ed0c5fa8ddf9061388a2d8c30e0e7b4bd4192bc619a9d4f6a4e9f7e61
F/hand2_f_bot_seg_1_cropped.jpeg,F,1239,1239,hand2,train,884,0cab838db88fede791399ef08d84805e7b1d05e81599dfc31d98b12dcc2de3a9
F/hand2_f_bot_seg_2_cropped.jpeg,F,1240,1240,hand2,train,885,58a94bc66e0522bbc372840efbb15e9be438246858e9448b9d37afc035a630fc
F/hand2_f_bot_seg_3_cropped.jpeg,F,1241,1241,hand2,train,886,1c2dd1531282785b6b37b33f883cb6a193f03939d0fee557acf1e08b9e87c758
F/hand2_f_bot_seg_4_cropped.jpeg,F,1242,1242,hand2,train,887,03c0b7ae013e683e881d44362c4401968c021fd84ecbca089dd684d6a4b434b2
F/hand2_f_bot_seg_5_cropped.jpeg,F,1243,1243,hand2,train,888,c5bf0e6f7a52c5b518d5db00b90ece053291596e50068a5fb87e4f37a5f9f240
F/hand2_f_dif_seg_1_cropped.jpeg,F,1244,1244,hand2,train,889,72bfde4fe7f6e0fa4cd64c91982d625a29836a7e80a65613dc2b0bd0da918551
F/hand2_f_dif_seg_2_cropped.jpeg,F,1245,1245,hand2,train,890,9cbefeb45da27f24f4524dfd0d747959fbfe54fb5c3c5269d0fb1e99e705e640
F/hand2_f_dif_seg_3_cropped.jpeg,F,1246,1246,hand2,train,891,be01b78f440fd7f6720adc4424b07ffee4a0d59948799bbf9bbb12c2326f16f6
F/hand2_f_dif_seg_4_cropped.jpeg,F,1247,1247,hand2,train,892,020439de98d6bfa62cf117bb835920eadc33aba9774a6ab0f0881b885cbacb53
F/hand2_f_dif_seg_5_cropped.jpeg,F,1248,1248,hand2,train,893,699223d07b0da59c165e42a53f7f76632594b4b429949c218ea951da24dadd86
F/hand2_f_left_seg_1_cropped.jpeg,F,1249,1249,hand2,train,894,325ec7f9a3c073e97fd89bdc759b731954bdc5a5e1162dc47ab51982421bd47d
F/hand2_f_left_seg_2_cropped.jpeg,F,1250,1250,hand2,train,895,d9f0b87d9f8012886201dc522aa03f6a7ae20ed92a183c2351ea851e8e288a32
F/hand2_f_left_seg_3_cropped.jpeg,F,1251,1251,hand2,train,896,03b63a62b7f8d08fd93e1b45f91b6cf63194a5d0c0cf3bd4a69acd3fd152dd95
F/hand2_f_left_seg_4_cropped.jpeg,F,1252,1252,hand2,train,897,2453f1b6b2c4dbd9a350080c154b9f81c6963e7291cd6bc5c928d1c60d164f9c
F/hand2_f_left_seg_5_cropped.jpeg,F,1253,1253,hand2,train,898,beb19187a3f791cca14d99f938ab535e2a9920a13afd7c3bd1acae8f9c1c761f
F/hand2_f_right_seg_1_cropped.jpeg,F,1254,1254,hand2,train,899,e5afb7adc7286420e1e8a918db79de019ed02c083162fbc8470fad5f997cfa64
F/hand2_f_right_seg_2_cropped.jpeg,F,1255,1255,hand2,train,900,bd21e5859d8fe4a915b5976594811a2a104f97c1e830a987e3f20296bbcfccae
F/hand2_f_right_seg_3_cropped.jpeg,F,1256,1256,hand2,train,901,53fb52215311291a815ce1501e7a89db5ada3213f0d62b9060f9e04b78612315
F/hand2_f_right_seg_4_cropped.jpeg,F,1257,1257,hand2,train,902,8e85de54b25bd0db41d783c8a978b29375fe6c587cc5ea04210d12d5b22dcaf9
F/hand2_f_top_seg_1_cropped.jpeg,F,1259,1258,hand2,train,903,3fa369c2eb1050b7c3c233a844bd88eb05f630b27c1fde7cf8e9aeb439243e71
F/hand2_f_top_seg_2_cropped.jpeg,F,1260,1259,hand2,train,904,d4a141faa4ae51fe28f5d7ee589e541c782b1cb4ece02d964d2d20b84fa19466
F/hand2_f_top_seg_3_cropped.jpeg,F,1261,1260,hand2,train,905,5c5cad7a9f315b468d028ba74da1234a4c39fae01978ee94e99b904153742448
F/hand2_f_top_seg_4_cropped.jpeg,F,1262,1261,hand2,train,906,f919fb70cdde78c4e3def212d9bf3ccab7bea459860d9dcd070e41c86848b797
F/hand2_f_top_seg_5_cropped.jpeg,F,1263,1262,hand2,train,907,27c0b418da1f6a4b26346c1bc1e969e8e294351fe5f9cddf1060a843f7adc2ea
F/hand3_f_dif_seg_1_cropped.jpeg,F,1264,1263,hand3,validation,185,59505f3c42e95bd9a06ea137ba636315b8f3a4e036d387668b288c450ca6525f
F/hand3_f_dif_seg_2_cropped.jpeg,F,1265,1264,hand3,validation,186,90cc63d1114534bc16652678ad1e8970a28334784be10e73cea02b8b79c5e428
F/hand3_f_dif_seg_3_cropped.jpeg,F,1266,1265,hand3,validation,187,5019cf0592c3035a725c3f6209c274ef67bc25b084d12ac98a310fe2743e56f4
F/hand3_f_dif_seg_4_cropped.jpeg,F,1267,1266,hand3,validation,188,bdf0654270ad647ba5d215839a80cd1acbd7c0f875f852a4d074f19386c0ad3c
F/hand3_f_dif_seg_5_cropped.jpeg,F,1268,1267,hand3,validation,189,5dae9661b924b265d3c1d877e6d0394ffd360f6a7bc4eafc0def2a6c6c8ed9b1
F/hand4_f_bot_seg_1_cropped.jpeg,F,1269,1268,hand4,validation,190,c9db63a0b6dbe6bece125ac3182867cb71a8de00b601792f6adfef364d030ad2
F/hand4_f_bot_seg_2_cropped.jpeg,F,1270,1269,hand4,validation,191,b309500f86e022399f157633852ad1911af42de21bbeba359a7e35602ba66f9e
F/hand4_f_bot_seg_3_cropped.jpeg,F,1271,1270,hand4,validation,192,79fe4f59aee516d8f40e5ec963d9026dc1f118e1452e668339c9a51d4d190a9a
F/hand4_f_bot_seg_4_cropped.jpeg,F,1272,1271,hand4,validation,193,33a166941eb1134fa93f79e97ed7e2a24cdd755c49442f90eca9defa4f5e4ab7
F/hand4_f_bot_seg_5_cropped.jpeg,F,1273,1272,hand4,validation,194,964ed5c9e46d941c40646961d58575fa2a74dde017f1983d87ac2a84d973598a
F/hand5_f_bot_seg_1_cropped.jpeg,F,1274,1273,hand5,test,170,da5fbd6538a2fb53b9f07989274780c3ac7c74dbddfa817451bf3562625326f1
F/hand5_f_bot_seg_2_cropped.jpeg,F,1275,1274,hand5,test,171,41725e04ca0f32398d57b5c9449914f92117e9f79359536354d2a50a12b51513
F/hand5_f_bot_seg_3_cropped.jpeg,F,1276,1275,hand5,test,172,2b90960bdff7a8de4922aed71df7946be97a6e6938e33332eca77c5ee43f3e23
F/hand5_f_bot_seg_4_cropped.jpeg,F,1277,1276,hand5,test,173,1f4a2e4c0fadd94ecd3621cd8d039b89229b74cd025cf92319e006dea3c2c06f
F/hand5_f_bot_seg_5_cropped.jpeg,F,1278,1277,hand5,test,174,33921949d0e80f6ba20773113f6ac758fd8335aed577049f4df8a16693139473
F/hand5_f_dif_seg_1_cropped.jpeg,F,1279,1278,hand5,test,175,5203e57674bc9e3bd8eeabf103fc4082b22ead65a1e4fb51b6f0d126d0a0aabf
F/hand5_f_dif_seg_2_cropped.jpeg,F,1280,1279,hand5,test,176,b5f54dd3c162cdf07e1004c33cc8f6c5745e3b42c3dea4a3ee28e0c027d1387b
F/hand5_f_dif_seg_3_cropped.jpeg,F,1281,1280,hand5,test,177,3df10e92bd373e09828f3be4afad88dd93a87952e87a6a2814e6e326c6a0d13b
F/hand5_f_dif_seg_4_cropped.jpeg,F,1282,1281,hand5,test,178,a57eeef087bd9abf64a100418f981c3982e885d438cff083778fe469196a213f
F/hand5_f_dif_seg_5_cropped.jpeg,F,1283,1282,hand5,test,179,0853730f26c369caa0c85a925f4b936ace742030f298b442b737d1ff8a9b9848
F/IMG20210607183324.jpg,F,1284,1283,photo_IMG_date,test,180,3084b53e90541cb845650bc3e29305d9c98415121540bf1a05aa5a31b0f904f0
F/IMG20210607183325.jpg,F,1285,1284,photo_IMG_date,test,181,f224fc593ea3082af8bfed6016c00695544383612935c3670c02480b8a801732
F/IMG20210607183326.jpg,F,1286,1285,photo_IMG_date,test,182,91df2387774416120a3193c93369f289eb3aa67ed57b3e7ac1c07a7292845540
F/IMG20210607183327.jpg,F,1287,1286,photo_IMG_date,test,183,c83fe3b1599fa68408db947d09d4d6e74bc794a286b19d89f0ec2555210c3101
F/IMG_0233.JPG,F,1288,1287,photo_IMG_counter,test,184,001b6662bb9fbc3eb050df3451939e8602dbc936de70ff40063621d9f19793d4
F/IMG_0234.JPG,F,1289,1288,photo_IMG_counter,test,185,6cf853f51ae578d3888bac041058c363058242a8a0b7f8552626bbdf0623c397
F/IMG_0235.JPG,F,1290,1289,photo_IMG_counter,test,186,4066bb74b3bfbb2cffeed3ccdf8047dc841270a470321f6d2fcc9d8eb2db0db6
F/IMG_0236.JPG,F,1291,1290,photo_IMG_counter,test,187,33ab671fd99af8298d2af0680a1f9e712549e972bc1b0ec49990ccac84ae45b7
F/IMG_20210605_175240.jpg,F,1292,1291,photo_IMG_date_underscore,train,908,4114fa37f7441ef405bb9a646e573267e355eb92c7794bd37b16c2be860249d7
F/IMG_20210605_175244.jpg,F,1293,1292,photo_IMG_date_underscore,train,909,1d29198def7867b0c91695b0167c08ea2296bf62a428f34c43fd7729838dae54
F/IMG_20210605_175250.jpg,F,1294,1293,photo_IMG_date_underscore,train,910,083bb739e41afc28de9a5f51157094aa74a6920366b8489ff6877de38c625af4
F/IMG_20210605_175254.jpg,F,1295,1294,photo_IMG_date_underscore,train,911,1d9d1853fcee885e2ea0128948adca74b4e7b5c5772a777bdffd2335291b6013
F/IMG_20210606_202224.jpg,F,1296,1295,photo_IMG_date_underscore,train,912,65a751d2e3b987da5020e7375ecfdc010b29a37b5a18e0deb90287815d14b3eb
F/IMG_20210606_202228.jpg,F,1297,1296,photo_IMG_date_underscore,train,913,8a968da74b6c233806dc5029b43c7618aadfe91c1e5b00a40ab9fa84aaf89823
F/IMG_20210606_202231.jpg,F,1298,1297,photo_IMG_date_underscore,train,914,ce6dac425dcea5cd11a85e71ef5387e0e8f215a80c7dccea5d5c1f685f1bd15e
F/IMG_20210606_202235.jpg,F,1299,1298,photo_IMG_date_underscore,train,915,d23aae44de1a6d6af424c418f1195edc553519238cc04ae571886c8ef26cb953
G/20210607_170742.jpg,G,1300,1299,photo_date,train,916,fc1add074e5a0e91d0c860462c58fc0a23f34ca00a49e6b49b96da7d89705228
G/20210607_170850.jpg,G,1301,1300,photo_date,train,917,fd3986d1412d2cb0042fba5ad251631bce41828b93303ca073ce1d7efda74ec3
G/20210607_170857.jpg,G,1302,1301,photo_date,train,918,e9d72b996f2a9f47e6f908b23843b487a149e515168f3ab110e35322cf00e543
G/20210607_170900.jpg,G,1303,1302,photo_date,train,919,d96cbf029ccb25b2b1c139ee86068569e8e7f13fcad18fa7ffb3584958ce7454
G/39D18293-7326-4DBE-83E8-2E2335756F85.jpg,G,1304,1303,photo_uuid,train,920,3705f28ac2a4fff7a17b90af717d413adef08c225511726c68a12f380112e6ed
G/5462ADCF-986B-4609-926D-7B59540EF634.jpg,G,1305,1304,photo_uuid,train,921,1eba7659ef40e3122709079914c83029aea8b4b9572af2ffc4f11185fe4767f1
G/8FD8238E-79BD-4E86-B0A0-8061A4AA9F54.jpg,G,1306,1305,photo_uuid,train,922,d3269b6e142ea3d4e37ba4db225ec3a5b1c7b4d9dabf3a17d8d88d5b73f524e0
G/FC7E9D92-67A7-4F45-834A-C0998F04CAE7.jpg,G,1307,1306,photo_uuid,train,923,95af8611b5848d90afe2ab70fe690edcfb8ab82214adcce1c3fd51c36801659f
G/G (1).jpg,G,1308,1307,photo_letter_parentheses,train,924,65f3278ce4800ea80c8d322451d48e5f05b7ee23b4b2829933d736c2fc7c8ff8
G/G (10).jpg,G,1309,1308,photo_letter_parentheses,train,925,6564dde11715b3b12db69027f094c44fd492962224bb70d0ac8752aea231c4c7
G/G (11).jpg,G,1310,1309,photo_letter_parentheses,train,926,5973658aa27def661b3cfe3bf43c3eeafe88de473f97e8a7ac4abfff1ba1d050
G/G (12).jpg,G,1311,1310,photo_letter_parentheses,train,927,db39452b661244a642a6b842d6ab7a396316e8bc6c5745764fbc2c806fb387c9
G/G (13).jpg,G,1312,1311,photo_letter_parentheses,train,928,1c01f59176b535e27ffb2851172886e841f93ed44b7e41d78af4111e5ef52b54
G/G (14).jpg,G,1313,1312,photo_letter_parentheses,train,929,af0b2da41114a1d79a814ee2e30969949bf193160310447ac04813d9e6fcba78
G/G (15).jpg,G,1314,1313,photo_letter_parentheses,train,930,efdbea4dea09a270a5a1f9ad7a1caed599b2b3f9404d4395ef930c7fac62b8e0
G/G (3).jpg,G,1315,1314,photo_letter_parentheses,train,931,f0c028924f50aef0884b808475cd4fb1bfe593b8245b3d80f14c2c2189975d3f
G/G (4).jpg,G,1316,1315,photo_letter_parentheses,train,932,1590297b35a991656d7375a971eeb099d255904f273a054f52423faeb9c75d23
G/G (5).jpg,G,1317,1316,photo_letter_parentheses,train,933,dfad0137e7cab0daa14fe30e643328057754b5ac8607aaa3aa2dd6bef44cc60c
G/G (8).jpg,G,1318,1317,photo_letter_parentheses,train,934,487527e8ac4e436ec624b154c2a723b26da16081c5deebf4b7803fd48628e631
G/G (9).jpg,G,1319,1318,photo_letter_parentheses,train,935,6e4c45b7772d4f9446bfa485d15fa861c33d91dde55c5bcf5c958775b77dd0fe
G/G_1.jpg,G,1320,1319,photo_letter_underscore,validation,195,d9cee8d63bd68733973ba7db67970bc9b0cddc66cc6946756a1087db5e6ca677
G/G_2.jpg,G,1321,1320,photo_letter_underscore,validation,196,590d0a55d882417fee51173489eff938901ad421e7d3485c23496e27ac223edd
G/G_3.jpg,G,1322,1321,photo_letter_underscore,validation,197,ca904945bef7f8eef54f53b6fb55d67e3b75b240c918a234ec8bd3be62a9f72f
G/G_4.jpg,G,1323,1322,photo_letter_underscore,validation,198,03f8408aee9929339f89e7937ec9913b9ed428b7a3572c9eb5675a80ea9a5b63
G/G_5.jpg,G,1324,1323,photo_letter_underscore,validation,199,fb3c0d8db660afcffe0ba9c50f202e01926c1468a2cecac4af38fe512aa8bc73
G/G_6.jpg,G,1325,1324,photo_letter_underscore,validation,200,ff4ca0852c729e4480d73b4dfe869b95cf9347c3d25596e2931559be16db7211
G/hand1_g_bot_seg_1_cropped.jpeg,G,1326,1325,hand1,train,936,f4b369adcd01998b0d48a73bf3f390f07960f01e003c964dcf2f96192dfcca95
G/hand1_g_bot_seg_2_cropped.jpeg,G,1327,1326,hand1,train,937,fa5c7ed18d8ce8e79a2c91723de4162d1254be710f2ffdedc144236986b6e9b5
G/hand1_g_bot_seg_3_cropped.jpeg,G,1328,1327,hand1,train,938,a662a1bf65e6ef45fadd76e1f0babfa845b95c6abb232c9e65550793cb96615a
G/hand1_g_bot_seg_4_cropped.jpeg,G,1329,1328,hand1,train,939,66603e48578cbeecc47a127834fd5825277ae1f4538c96b893be09ea25f2874a
G/hand1_g_bot_seg_5_cropped.jpeg,G,1330,1329,hand1,train,940,2532a4e157ccf178054aa2233a6d555b59ad44dc731fe6e05e73a40db2c7e73e
G/hand1_g_dif_seg_1_cropped.jpeg,G,1331,1330,hand1,train,941,4b85c5d23a46f40945acbe01139ff1e365eef5ac186b5ce18383e610e0952f0a
G/hand1_g_dif_seg_2_cropped.jpeg,G,1332,1331,hand1,train,942,4e8b13053281dc569086ab14632184b19faecda616f48b36dc7a09142e0b02ea
G/hand1_g_dif_seg_3_cropped.jpeg,G,1333,1332,hand1,train,943,71c2803b1420844da04cb06de7e20b3706f4e944466f4b67d352ae321947f1a0
G/hand1_g_dif_seg_4_cropped.jpeg,G,1334,1333,hand1,train,944,355899c137cb6ff40f6d7c8df2b5c67312d794b8a1d2529df4fbe277f4ce16c4
G/hand1_g_dif_seg_5_cropped.jpeg,G,1335,1334,hand1,train,945,969c0cc98151987223e938f5c6fc1f3fbc47c82e9887c81bdd778157e05e2c95
G/hand1_g_left_seg_1_cropped.jpeg,G,1336,1335,hand1,train,946,a070f7a3be01c0f217b911050273034d3bd56a5824ea6be4fa02ecc05e66a75e
G/hand1_g_left_seg_2_cropped.jpeg,G,1337,1336,hand1,train,947,d7b956e580e53a5d07d802942826e05f4d9c284f2459520383b316f4bd4d79d6
G/hand1_g_left_seg_3_cropped.jpeg,G,1338,1337,hand1,train,948,72de4c6f36c7a307c4a339a85ea3a4d08840cda872dee0ee29487fb4053b876d
G/hand1_g_left_seg_4_cropped.jpeg,G,1339,1338,hand1,train,949,cadadac1483a0e8a8ae71fcc48a05e510e5c16aa9b92c821564500cc974c166b
G/hand1_g_left_seg_5_cropped.jpeg,G,1340,1339,hand1,train,950,ee354ed30149b03fcf2fb6832efee1c73d2fbb0123ac4d8f2c150c8ba62bdfb0
G/hand1_g_right_seg_1_cropped.jpeg,G,1341,1340,hand1,train,951,01523b7f3843d722ab4c1e1780aa304d4fb753f21564533fd16fd591faa96bac
G/hand1_g_right_seg_2_cropped.jpeg,G,1342,1341,hand1,train,952,ae3f76b0123c1d517d12e7c60f431efa8397205e34a8d84669ef42d04b3ac677
G/hand1_g_right_seg_3_cropped.jpeg,G,1343,1342,hand1,train,953,4bb5e8db68fca2f7a42370b648949cd21efa9c44c26cfa6f59e3b309d8ea9557
G/hand1_g_right_seg_4_cropped.jpeg,G,1344,1343,hand1,train,954,cd82a0edd4ce9a6e06fd42526223b22ed4bdabf40863a7bc59f5dc895c7322a1
G/hand1_g_right_seg_5_cropped.jpeg,G,1345,1344,hand1,train,955,b88025d2664e57aef3d05eb14065fa7fab43c2afa9be92424c2e9750633ac1e1
G/hand1_g_top_seg_1_cropped.jpeg,G,1346,1345,hand1,train,956,5e0b6f3f89ff3bbb13793636ad772a3dae719c2ffcc4f1fe75b4cb437e7c658b
G/hand1_g_top_seg_2_cropped.jpeg,G,1347,1346,hand1,train,957,40bdfbe29d501d40feb426d7d1d1ae6b659d4afb970dc8badc6f3a0d6b8ef2a9
G/hand1_g_top_seg_3_cropped.jpeg,G,1348,1347,hand1,train,958,45e4099050238fd9b34710e01083008350779462c52cdcd338a72199b34fb9eb
G/hand1_g_top_seg_4_cropped.jpeg,G,1349,1348,hand1,train,959,04a4abae0be80d89422a175de7c5c9b75341895cdb790148f8438883aea291c1
G/hand1_g_top_seg_5_cropped.jpeg,G,1350,1349,hand1,train,960,3493bcf7bb3660753a0c8624ebb0407f1f48188c7dcd727c0045ae72ba18cd94
G/hand2_g_bot_seg_1_cropped.jpeg,G,1351,1350,hand2,train,961,d57b029fb8aae483a55410d047283241a171ab404a2db3737576262c593ef6e2
G/hand2_g_bot_seg_2_cropped.jpeg,G,1352,1351,hand2,train,962,99818065353807ef4be11c77b6d74add5dbba5203365d9b52a495eba20b829ef
G/hand2_g_bot_seg_3_cropped.jpeg,G,1353,1352,hand2,train,963,9f2613c1f62926ba66123f90aee8c081e1b4a6045062d2e0d26c7f17c187b463
G/hand2_g_bot_seg_4_cropped.jpeg,G,1354,1353,hand2,train,964,f65e0416ed77d65acde183488baed8279d0d67c36dcc8e6f00a8f229097ee3a8
G/hand2_g_bot_seg_5_cropped.jpeg,G,1355,1354,hand2,train,965,2f66ea46476b983b5f3ab6ac0b03eb26640fc41480dd5c9bac1bf74b06d270f9
G/hand2_g_dif_seg_1_cropped.jpeg,G,1356,1355,hand2,train,966,012a4838e7a5c66eb37af9a27f0eca33df2a511e0234926a4485146e424d733e
G/hand2_g_dif_seg_2_cropped.jpeg,G,1357,1356,hand2,train,967,2684c0f55e172a634e341823ea14bea411339d9f06198044a4d58b29d7793d84
G/hand2_g_dif_seg_3_cropped.jpeg,G,1358,1357,hand2,train,968,e79a0471bd9cc32257c5718cb860421bef12d48e74392c3efb493a7397c1a9e2
G/hand2_g_dif_seg_4_cropped.jpeg,G,1359,1358,hand2,train,969,a2e359827073b9c61e6ba2a0b993dc84e865aa5f583209403f51cf711b2741d0
G/hand2_g_dif_seg_5_cropped.jpeg,G,1360,1359,hand2,train,970,930831028970a8ce06c9ef993fd9fff2a400587c8e1200dd251e4f87f3f1e837
G/hand2_g_left_seg_1_cropped.jpeg,G,1361,1360,hand2,train,971,2e7d9dae803ffa712913c07ee7e3b537031471a7d08841b52f02bafa9f98df3e
G/hand2_g_left_seg_2_cropped.jpeg,G,1362,1361,hand2,train,972,453eee594c61ad535eaadf2b915683d7baed955fa89214ba250374f99fe68dfc
G/hand2_g_left_seg_3_cropped.jpeg,G,1363,1362,hand2,train,973,0ce06c6d7ac57f9f793b5831a6b1ae4de60ce75b4fc5cda688f916e513dfcd06
G/hand2_g_left_seg_4_cropped.jpeg,G,1364,1363,hand2,train,974,b375da0d78c4b4e3b53821277dfb006e925a78b8421e4ab57a98a647afaa221a
G/hand2_g_left_seg_5_cropped.jpeg,G,1365,1364,hand2,train,975,302a63ee82ac0c8746ab36b53943b79b7d5ee968c43133e1e9884c976d349908
G/hand2_g_right_seg_1_cropped.jpeg,G,1366,1365,hand2,train,976,7c20ed10f2bff5210f5e465c121491870908f4ba55047aef4ed53d7460229d11
G/hand2_g_right_seg_2_cropped.jpeg,G,1367,1366,hand2,train,977,1f0124ce4f50f92b80b6b54ad01cecfe2d6f983296a01e9cfa1a9cc22c77e090
G/hand2_g_right_seg_3_cropped.jpeg,G,1368,1367,hand2,train,978,b4874f7cca6248cd0e7208874d7ab1c5841dc57a5810153eae0819a3cb82bb19
G/hand2_g_right_seg_4_cropped.jpeg,G,1369,1368,hand2,train,979,f453a4661a33b04f22040269f43bad546554b14bd9bdbb500d8c7c6c578f6392
G/hand2_g_right_seg_5_cropped.jpeg,G,1370,1369,hand2,train,980,f37230fa2a1dbcfa00eb94037bb78019d0c55dc8601dc7a909a78017c70911f8
G/hand2_g_top_seg_1_cropped.jpeg,G,1371,1370,hand2,train,981,bead0774a3fe3c46e4d902cbcd92cf1466006e0efca06aa01ba7236d72378ace
G/hand2_g_top_seg_2_cropped.jpeg,G,1372,1371,hand2,train,982,3eabea3396025512ca4f9395754e37feecec417f91e2e52ca5677d8d3efec272
G/hand2_g_top_seg_3_cropped.jpeg,G,1373,1372,hand2,train,983,86b9e60979f9801abc7ad17d043cda3d92144860ea106592ad121fadc3d4fbe1
G/hand2_g_top_seg_4_cropped.jpeg,G,1374,1373,hand2,train,984,52c079465b855d878fc612a7c9aea25b0c9cbbb50beb03bf745db79b4c4a1d6a
G/hand2_g_top_seg_5_cropped.jpeg,G,1375,1374,hand2,train,985,1332290c5ecaf4218f1013169644fbb660b153ed523410067bd9acadd2bc1481
G/hand3_g_dif_seg_1_cropped.jpeg,G,1376,1375,hand3,validation,201,baceb9a517764dda64247bbc5d69540f095264e91092165a94cefc881a639c10
G/hand3_g_dif_seg_2_cropped.jpeg,G,1377,1376,hand3,validation,202,8f751f9b23ee19a28ff7cad73aa7e479696668034f0fc026226fae52cc19a6d0
G/hand3_g_dif_seg_3_cropped.jpeg,G,1378,1377,hand3,validation,203,c9e8525feeaef2c4060d13b81e4b6f9e2356539669d2d3244f9897abf2810ef8
G/hand3_g_dif_seg_4_cropped.jpeg,G,1379,1378,hand3,validation,204,03c686bbd7902739dc4d2fd768bd672e3cd62d1cc0caf444e1fe85350c7f4b9b
G/hand3_g_dif_seg_5_cropped.jpeg,G,1380,1379,hand3,validation,205,fec3d7c5c01cec4a7e20e4d6279cce0a34413cc5241b2ec48b903a7f963b420e
G/hand4_g_bot_seg_1_cropped.jpeg,G,1381,1380,hand4,validation,206,6f0e2231d54049fddcf1fd1aaaa3ad21fce3877e9d255fbcb7620046e4fa9e56
G/hand4_g_bot_seg_2_cropped.jpeg,G,1382,1381,hand4,validation,207,0f0368db4101eadaa134e8e5fdf1b7fc830717ea3910a0cdb99f692775abc13c
G/hand4_g_bot_seg_3_cropped.jpeg,G,1383,1382,hand4,validation,208,a41a0cbae96fb124fc6bff9ab22a26834b75973893034423857c5cba811139d0
G/hand4_g_bot_seg_4_cropped.jpeg,G,1384,1383,hand4,validation,209,abe6e6459df5abe105223b1080e86e2ee024e991e9230f5d9b3b8aa8d0acc83d
G/hand4_g_bot_seg_5_cropped.jpeg,G,1385,1384,hand4,validation,210,76baf07a9172ff724bf7c1c9015e6a3fb34b02c5623c3ed7b9206df9cfbc01e5
G/hand5_g_bot_seg_2_cropped.jpeg,G,1386,1385,hand5,test,188,75595bf70ef0daeaadcc59eaf8778b95ad499738101cb875cac4ed820783fcd0
G/hand5_g_bot_seg_3_cropped.jpeg,G,1387,1386,hand5,test,189,2cd266f07b616257889e29b088aced52c992c62bc1504a286a1530ed6ed527d2
G/hand5_g_bot_seg_4_cropped.jpeg,G,1388,1387,hand5,test,190,dc3ee45c2c65300c85bde0bbd83aef8942ef1bee3f9d402e9c171e6b0de4a9b4
G/hand5_g_bot_seg_5_cropped.jpeg,G,1389,1388,hand5,test,191,9fe01024d44a987b1dbf2a47b19feced91262fb2bbc752b5d61b84666686649d
G/hand5_g_dif_seg_1_cropped.jpeg,G,1390,1389,hand5,test,192,d9699c0694503e80d42f1d878b466195affceb0f141ffa42fa9e4482380c94a3
G/hand5_g_dif_seg_2_cropped.jpeg,G,1391,1390,hand5,test,193,1d4ea680bc9f726013eed961fb1ad4aa1bd7975d2986048709f3adf10451497e
G/hand5_g_dif_seg_3_cropped.jpeg,G,1392,1391,hand5,test,194,bf7ea427eef3d70e0e5274bf49cacea5403bdaa88e9dcec0bcfb3b383da26de0
G/hand5_g_dif_seg_4_cropped.jpeg,G,1393,1392,hand5,test,195,6d192fc4a314f2d88bc5d7b28b5125b006e9ad64b03fb5b5e46bd9dff77b7fc3
G/hand5_g_dif_seg_5_cropped.jpeg,G,1394,1393,hand5,test,196,6d4fffbd710884f15bd0bd9a7cb1209af057267001e8a88a8c247b6d30c99b6f
G/IMG20210607183508.jpg,G,1395,1394,photo_IMG_date,test,197,5263467f6cbcb58188f2d551bbe39778a576a945ffe70be877448fbd4cc779d4
G/IMG20210607183509.jpg,G,1396,1395,photo_IMG_date,test,198,3e74888120a7591204bc66135717aebff3a568ddd7c1a78661605b57836749a5
G/IMG_0238.JPG,G,1399,1396,photo_IMG_counter,test,199,e1993df0ddbf7a575d4afe75e2f98df07203c6e12b82d88fc7ac67cfdac7ba2a
G/IMG_0239.JPG,G,1400,1397,photo_IMG_counter,test,200,4fd1824c26e46a069ac5eb50c6003e860d1005d10c0e0604b41865f5879a99fe
G/IMG_0240.JPG,G,1401,1398,photo_IMG_counter,test,201,65f2c15275d19a513420f8f513df78621103fc8101192545cc842222abe23ad3
G/IMG_0241.JPG,G,1402,1399,photo_IMG_counter,test,202,4f960bfa88fc8c177b2ab5f92e5a83633096dd8ff953c183def4bf53a49db9c7
G/IMG_20210605_174620.jpg,G,1403,1400,photo_IMG_date_underscore,train,986,f8cd76657abc8e6af49bda3e8a6a5e24c8656a8705f225257c79a644a2574a30
G/IMG_20210605_174625.jpg,G,1404,1401,photo_IMG_date_underscore,train,987,291c3718826249641448159e7e8562f1df11bd8239af350c1906fa0ba1b3b540
G/IMG_20210605_174629.jpg,G,1405,1402,photo_IMG_date_underscore,train,988,00c15b5f9b845040e28d7b759ab7a2f815af0d1e6cebd37df9987fb85089e8f4
G/IMG_20210605_174633.jpg,G,1406,1403,photo_IMG_date_underscore,train,989,d8c5ca9f2a35fe6dff7419a889323de9622ed61189b020e6c1a50bc8a212643a
G/IMG_20210606_202347.jpg,G,1407,1404,photo_IMG_date_underscore,train,990,f16c38e8a38d3ff698b1aee123c4127f7ddf81644b3e7f79ea97f2252159a1cd
G/IMG_20210606_202357.jpg,G,1408,1405,photo_IMG_date_underscore,train,991,78778906423691fc94b28d8728f0e5cbebe078c378bbee2316052bfe0e9cda02
G/IMG_20210606_202405.jpg,G,1409,1406,photo_IMG_date_underscore,train,992,0ac7b89d26483f703571a1559ce34a36f63450a932dc5ac78ee67138435e935d
H/0D4125DB-78E3-4628-A3DD-722EEF55EA73.jpg,H,1410,1407,photo_uuid,train,993,22b5a5f76cbbcdbe9b2f3ceebb8557df3da2b7c4cec1014f675ed076af9f0a91
H/20210607_171221.jpg,H,1411,1408,photo_date,train,994,a62308161deae2d8e4ae8b5cf3f10029fd7395272c0598b23de718653f15a155
H/20210607_171230.jpg,H,1412,1409,photo_date,train,995,5f3adf59ddaf313c2c295af9fa63f0f527f4d62ba4774c001cef8d44c61a8f21
H/20210607_171233.jpg,H,1413,1410,photo_date,train,996,c5bb0ee74bdc241dfff55ebf58c51e835accd21756cb33bfa1987ba67b65ee31
H/7DC32E1F-E29F-4CBD-9901-D21193403595.jpg,H,1414,1411,photo_uuid,train,997,794478e26bc9b53b887af4221d125df46a3df1559d5299b2dd309dede53845eb
H/B3EC31D9-F7C9-49E4-A973-35E9B41D7A3C.jpg,H,1415,1412,photo_uuid,train,998,c0f54c0e17fbc89ff65f55257b664e9f2099b27d017817d3b8dfb0ca5850b8e3
H/C92EACC2-6E6D-4B8A-8E38-12DB1F8A2075.jpg,H,1416,1413,photo_uuid,train,999,fc76d6130edb049f616b9e296590194bb03e6f392c6939cf3ecc5bf63bb3fe3f
H/H (1).jpg,H,1417,1414,photo_letter_parentheses,train,1000,12eda583d0bdb2f315c1637b76e8bf7f5f15546d006d1c864e37bc8b2a3e11b8
H/H (10).jpg,H,1418,1415,photo_letter_parentheses,train,1001,11701b65856d13e84a8e09a8ea7547aba2701586f4be485256f1fb62a511d412
H/H (11).jpg,H,1419,1416,photo_letter_parentheses,train,1002,8a99afc6cdfc14d0c4f3bc7fe0f67921cbe0aa3a345fc3ed93db8509260f2ac3
H/H (12).jpg,H,1420,1417,photo_letter_parentheses,train,1003,068d946e1822007113f621a4da190620da38d168724d7a90d1e323113bc3d7c9
H/H (13).jpg,H,1421,1418,photo_letter_parentheses,train,1004,5c46e04b0978f9621b6983c9b71c949718dabe5e437307445eb89431b5a3aea7
H/H (14).jpg,H,1422,1419,photo_letter_parentheses,train,1005,fdb72621303f016b6b1ca0efce6f0e01550cdb65c9dab3f7ae622f041a30ab2e
H/H (15).jpg,H,1423,1420,photo_letter_parentheses,train,1006,1fcc3ec7bdf0ef501d4a7ae2f24cde22485a28a73065cc402f9cc8ddee64a756
H/H (3).jpg,H,1424,1421,photo_letter_parentheses,train,1007,85fbd5e9f39449de3ac00b3fa8dcef4cfd3e95b51c5f35fa09afed48a997f968
H/H (4).jpg,H,1425,1422,photo_letter_parentheses,train,1008,483f5c048fed7a338d56c5b73ed1f65978ae0407e8f5af74dba74f934670b588
H/H (5).jpg,H,1426,1423,photo_letter_parentheses,train,1009,c909c1f307bdcbebc515dd8bac5c6dae7608bf5cb869bfd81e06fe960889f0b4
H/H (8).jpg,H,1427,1424,photo_letter_parentheses,train,1010,011dcd9b03c8693eeef47e40e567953ad937d92849784a9dee8d88a7a149e74f
H/H (9).jpg,H,1428,1425,photo_letter_parentheses,train,1011,776d0d61af230cde951f8c61d55751ffd5d6a8b20de50dd8e8e9ccaae4f85270
H/H_1.jpg,H,1429,1426,photo_letter_underscore,validation,211,b0d591d114df4dcfe674b218f5fa39f329852d5a845d326cb153f43345a6055c
H/H_2.jpg,H,1430,1427,photo_letter_underscore,validation,212,052963abad86bcca04ed74975b4c08dcf6bd973046c334a0b0c716fb64508ecc
H/H_3.jpg,H,1431,1428,photo_letter_underscore,validation,213,6122565b51d11a7617f5ed31854114d3686b6eb4ae1fe48e5fab7f56e9f7f59d
H/H_4.jpg,H,1432,1429,photo_letter_underscore,validation,214,a470240578b71ff19b0666920e4ee4955c94a2a9dc8def1e949494b59c28f2aa
H/H_5.jpg,H,1433,1430,photo_letter_underscore,validation,215,6b8f63ba298b68f6a066d970efc5e4c45ca3d7f3aaf8957ac1f591316d230b13
H/H_6.jpg,H,1434,1431,photo_letter_underscore,validation,216,56aa18a238ada5056c98138186ae1d6667017b95754cdff03802753fede174e9
H/hand1_h_bot_seg_1_cropped.jpeg,H,1435,1432,hand1,train,1012,3aebfd834b9f5d978770e2f1b24bed4328b99c774268e1edfb3885ee6b3b6f75
H/hand1_h_bot_seg_3_cropped.jpeg,H,1436,1433,hand1,train,1013,edfda38ba91db27985d4368357cdb394d8da48c145e43fab857897811f7d6799
H/hand1_h_bot_seg_4_cropped.jpeg,H,1437,1434,hand1,train,1014,54c5df69ae0dce772cf3bb92a404ca8f1820c583f6ac0ca63102de40220dcc87
H/hand1_h_bot_seg_5_cropped.jpeg,H,1438,1435,hand1,train,1015,4f57cd18a0a9f6217fee4350ea732c0007ce5e66258872cd9b99960622c1d9c4
H/hand1_h_dif_seg_1_cropped.jpeg,H,1439,1436,hand1,train,1016,75d9d208f4255c52e2ab32d55b7aacd29dcfd8d63b00cf50f84b637fa58d8321
H/hand1_h_dif_seg_2_cropped.jpeg,H,1440,1437,hand1,train,1017,adf70898411d045f36aa68414ac48deded052afd24a91983126a1cbda1cb1cc0
H/hand1_h_dif_seg_3_cropped.jpeg,H,1441,1438,hand1,train,1018,16dd55adb3aef2a44406a17169e9a82616bc0c2bda811310a517a67212c25625
H/hand1_h_dif_seg_4_cropped.jpeg,H,1442,1439,hand1,train,1019,ca4ff7793b072867e626b60d34350a2ef8c35924d971a408b9b1583ebacda613
H/hand1_h_dif_seg_5_cropped.jpeg,H,1443,1440,hand1,train,1020,e5055fa0e40cf182988e99ffb4d98bb600266cf80340904ee5d01216acce780d
H/hand1_h_left_seg_1_cropped.jpeg,H,1444,1441,hand1,train,1021,814240f9c2178774dd58fc909ed815f79db406c967d8d674bb5145b547420144
H/hand1_h_left_seg_2_cropped.jpeg,H,1445,1442,hand1,train,1022,19a09b1c5b8dcd5d047346673b1aa7cec8ea09c9a20f22754c566c1851d55a44
H/hand1_h_left_seg_3_cropped.jpeg,H,1446,1443,hand1,train,1023,96d9f5e4a2e0e66e5df6b847ee53e0af16c22d0e6a10825a189a210e6bf02327
H/hand1_h_left_seg_4_cropped.jpeg,H,1447,1444,hand1,train,1024,a96ac3f4eeeb39842cf93f64ae29a97761c43c8f4990bc2b2f93e0a780faa0c3
H/hand1_h_left_seg_5_cropped.jpeg,H,1448,1445,hand1,train,1025,a75fd066438731341d704904714b62e06bfb9188b37edc85c2610618ef1fdc15
H/hand1_h_right_seg_1_cropped.jpeg,H,1449,1446,hand1,train,1026,9a93615060bbd69b0f32c1df7eefda08b89373e7e232fa2fea3356e2ef6499bf
H/hand1_h_right_seg_2_cropped.jpeg,H,1450,1447,hand1,train,1027,769937c6e59cf01dcaeb3c9db0f97a6151621909b937791ab705cfd21833e01d
H/hand1_h_right_seg_3_cropped.jpeg,H,1451,1448,hand1,train,1028,405bdc9f8cddf8ba439ec145c7f0dcd3c324c3f5bcaeded8dd58a3483df3c0d3
H/hand1_h_right_seg_4_cropped.jpeg,H,1452,1449,hand1,train,1029,5423f4747a77468be10ce235d253cebb180dea7dae10b24b39667b2e4f7ba05f
H/hand1_h_right_seg_5_cropped.jpeg,H,1453,1450,hand1,train,1030,74da1dd030cdcc97a4bcb8b61bfd00d016441a9b923fcf4e81de66332ce9e35c
H/hand1_h_top_seg_1_cropped.jpeg,H,1454,1451,hand1,train,1031,ff18ef7957aa5c215e00e609ac072d0d5b493f2e0a4db48d47b790ed05fd5b26
H/hand1_h_top_seg_2_cropped.jpeg,H,1455,1452,hand1,train,1032,aa034c8478aed671f802c60b18ca1ca927b1cfb29f7859fe512c3a93d43329a7
H/hand1_h_top_seg_3_cropped.jpeg,H,1456,1453,hand1,train,1033,9692362b18fc118fd712ae882c99170a619745b0befcc033c49ed08d5decdf86
H/hand1_h_top_seg_4_cropped.jpeg,H,1457,1454,hand1,train,1034,407b84712cfeff7bd93ba138a59ace54efdb3ad17eba3df340e1968b818b3cba
H/hand1_h_top_seg_5_cropped.jpeg,H,1458,1455,hand1,train,1035,0299f0e7147c8860ad1d2912e2a673bf74890669ff2b1bc3201db44a1fe9d5be
H/hand2_h_bot_seg_1_cropped.jpeg,H,1459,1456,hand2,train,1036,df173f11185dedea7c8eea2020cd9ef586807f54562776b3b9566c3d14ab44e3
H/hand2_h_bot_seg_2_cropped.jpeg,H,1460,1457,hand2,train,1037,2484bf342a2fe1f6dc4e6b9e30eda52011559e3ee0142bfc1e13f13cea699133
H/hand2_h_bot_seg_3_cropped.jpeg,H,1461,1458,hand2,train,1038,ccc8471b8e40fdef37a0b10f835d111ddd9375128e240bcc78b2c2d26bc7fe41
H/hand2_h_bot_seg_4_cropped.jpeg,H,1462,1459,hand2,train,1039,063923191724369abd805714ddba1cf02996a5e311894d7ba858fc9300b25982
H/hand2_h_bot_seg_5_cropped.jpeg,H,1463,1460,hand2,train,1040,54b1b4c6f2ad1e375da1865a26cc62eea92002404985217cac0eca1493c17ce2
H/hand2_h_dif_seg_1_cropped.jpeg,H,1464,1461,hand2,train,1041,e1626004807e85e45e48f34d46d71095f9fb3e0d2db15404239a509201608b93
H/hand2_h_dif_seg_2_cropped.jpeg,H,1465,1462,hand2,train,1042,95c0c57d075f536edb75eae5a61c385a295756f34f9319265a36eab67024d6d7
H/hand2_h_dif_seg_3_cropped.jpeg,H,1466,1463,hand2,train,1043,28164fd23cbf6ce2e1cbb774ed20011e9d539e651b414fcd10919b41e4f1a09d
H/hand2_h_dif_seg_4_cropped.jpeg,H,1467,1464,hand2,train,1044,1610007b2e972ba2d0df50ced5822aa401c31058e39b151087e9e1660aecd358
H/hand2_h_dif_seg_5_cropped.jpeg,H,1468,1465,hand2,train,1045,faab2dad01b3d56f9608597e27eb9f24086f4f6bf43d3873c20555a077b4fccd
H/hand2_h_left_seg_1_cropped.jpeg,H,1469,1466,hand2,train,1046,05793cd721724dd90c3c74b2e720dd9f6c7d297a84ae09c828a76ace4772d220
H/hand2_h_left_seg_2_cropped.jpeg,H,1470,1467,hand2,train,1047,ce0d531fd550ea0046f3b2d5ac1376f8f3ea1a761c3c9a7843cc9fef5e19b0f5
H/hand2_h_left_seg_3_cropped.jpeg,H,1471,1468,hand2,train,1048,03e63310ac3dc70c490dd5e7f495bda7999d737bb1764b42740dafc403c2f6a6
H/hand2_h_left_seg_4_cropped.jpeg,H,1472,1469,hand2,train,1049,638d1a7ad9052491c30d92e9bd854e28aaef2e0e46aeaced45f8e64a3f097cda
H/hand2_h_left_seg_5_cropped.jpeg,H,1473,1470,hand2,train,1050,b6cc32fbc01cfafc6007bf72f38b88e7eb74bdba8c463d21032d033cacfcc7a5
H/hand2_h_right_seg_1_cropped.jpeg,H,1474,1471,hand2,train,1051,a7ae9134b7e3889d49e18a17f2b04f3ae89ccf4c89402cacd5b8156cd34f94ec
H/hand2_h_right_seg_2_cropped.jpeg,H,1475,1472,hand2,train,1052,d0c36729a29f5dfa4f26f333c959c094e9d84e9c56066f9fde844f9dbd13a151
H/hand2_h_right_seg_3_cropped.jpeg,H,1476,1473,hand2,train,1053,db07d8f2e5ff5f40798e2a0afa08657954910161ffec81811f0a74a53d8ba3b1
H/hand2_h_right_seg_4_cropped.jpeg,H,1477,1474,hand2,train,1054,85c86782f694f4c33fe3ea0737fcfe493138965c5d3a536352d99f4756c7e0e3
H/hand2_h_right_seg_5_cropped.jpeg,H,1478,1475,hand2,train,1055,c1a1d027befcb200a892acf4c17fc77a6dcf265468869235fd229e360bbca490
H/hand2_h_top_seg_1_cropped.jpeg,H,1479,1476,hand2,train,1056,7031626379f4c92c690fa29d767929eb2d9bab34844f19e5501daa61157cf3be
H/hand2_h_top_seg_2_cropped.jpeg,H,1480,1477,hand2,train,1057,99aa5f56a1ed888fdc9a8f3e03048eb67d5bfd1d880f32a5379a061598550720
H/hand2_h_top_seg_3_cropped.jpeg,H,1481,1478,hand2,train,1058,7b4f1a7971b7e25372640bfa7f09a336581d41588c3c0ea7f6d52ca31613254c
H/hand2_h_top_seg_4_cropped.jpeg,H,1482,1479,hand2,train,1059,119aba1ca49f650142a22eca7eedbc5a2cc5a634791138aff87be0e86295bafa
H/hand2_h_top_seg_5_cropped.jpeg,H,1483,1480,hand2,train,1060,06dbbb6e3df846b45880a22bde389803cb59fc5425017bd1e3523cd9c68e7d72
H/hand3_h_dif_seg_1_cropped.jpeg,H,1484,1481,hand3,validation,217,7ac6c554abe151107d8a03b96e6cadd7f5e577f8a4466f926c5294ee224034e0
H/hand3_h_dif_seg_2_cropped.jpeg,H,1485,1482,hand3,validation,218,64e2cc69d6ecb29d56fedf6dcac559828d7a16bbe5266dc171f7f6265d506ef4
H/hand3_h_dif_seg_3_cropped.jpeg,H,1486,1483,hand3,validation,219,07653b3777e6ebf2073a219ca75b684777489c5cd7c86694f66cbfcfef1c81f0
H/hand3_h_dif_seg_4_cropped.jpeg,H,1487,1484,hand3,validation,220,541605ac91536abc1624b5d5f1e33aaa8dc96ec5df6b4c0b87f539d3d1f29409
H/hand3_h_dif_seg_5_cropped.jpeg,H,1488,1485,hand3,validation,221,a6d4bd34945b313522860c6510f610d5d36f2a12c783f5941d74079c4cbe8c10
H/hand4_h_bot_seg_1_cropped.jpeg,H,1489,1486,hand4,validation,222,551122510ea3e960d2cba05c0c3b7d8b1a33135ec263d869f4dcbcafd83d16f3
H/hand4_h_bot_seg_2_cropped.jpeg,H,1490,1487,hand4,validation,223,649b44beb7b265ad046dfc977dac76bedebffe725a50368f89c2a5bf9e03edda
H/hand4_h_bot_seg_3_cropped.jpeg,H,1491,1488,hand4,validation,224,0cd9c8206120d019040aa3cde1b786e5456f10d4139db3f66c05c99481fc96d5
H/hand4_h_bot_seg_4_cropped.jpeg,H,1492,1489,hand4,validation,225,33f3b8b7ba34abc5b7444cc117c2c2b0f1faa3cbb34b68dac5f77e50ebaee0fa
H/hand4_h_bot_seg_5_cropped.jpeg,H,1493,1490,hand4,validation,226,a039d62f1db1c5779dae33cb1fd896793774569a80a26165604d8948f6ca2784
H/hand5_h_bot_seg_1_cropped.jpeg,H,1494,1491,hand5,test,203,a91933006ed06f29cf42b6f4a0ce2ec2aff80ca1b97de31342846dd769cf5886
H/hand5_h_bot_seg_2_cropped.jpeg,H,1495,1492,hand5,test,204,ccb2d25e3a6f805f9d17cf396f9e2791adc948f78e94581e0fe912257881344b
H/hand5_h_bot_seg_3_cropped.jpeg,H,1496,1493,hand5,test,205,e075d3a3680288930540420674815a6c951dd8d16fe9595364724a0d922a0ada
H/hand5_h_bot_seg_4_cropped.jpeg,H,1497,1494,hand5,test,206,89068d27a38e5a33fe2dd5dd918e0c8fdeb1e267066a54548b790d8dae99b29a
H/hand5_h_bot_seg_5_cropped.jpeg,H,1498,1495,hand5,test,207,31ae9f0a3f734a921d44ac6e61e205d8c280b14cac869cdeb317d6f253921f73
H/hand5_h_dif_seg_1_cropped.jpeg,H,1499,1496,hand5,test,208,43d931de28719af2c1c3381e47f8bb11aa80bcad177ccd890626a8178ccee2e5
H/hand5_h_dif_seg_2_cropped.jpeg,H,1500,1497,hand5,test,209,3a4aa6946f4c6fffcf0a7981811a4cb15207b60985cc5e132a7e75afe56fa4d5
H/hand5_h_dif_seg_3_cropped.jpeg,H,1501,1498,hand5,test,210,dca5bfe06e35d20919d235c26a9425aec8a1f33908106a5ef5424338ec154781
H/hand5_h_dif_seg_4_cropped.jpeg,H,1502,1499,hand5,test,211,cb1c27c5c2f5ae5f8660f6fae5a2e97448b3147f16a8f65f3c9c917fcc2d6fae
H/hand5_h_dif_seg_5_cropped.jpeg,H,1503,1500,hand5,test,212,f6c4bcd9df299ba2286dd9ab70b59177b6a8b3a80f7cb82dbe43461d159c81cf
H/IMG20210607183550.jpg,H,1504,1501,photo_IMG_date,test,213,b9d80face5792d56d93e664c215c2b2bbc3854a0e7e6060e916e87f0e70ed6e0
H/IMG20210607183551.jpg,H,1505,1502,photo_IMG_date,test,214,9ad657c5a964672762faff9d1d5161f5e99f8a32d092c7d1ab81686f57ffbed7
H/IMG20210607183552.jpg,H,1506,1503,photo_IMG_date,test,215,563f3c2232caf2cb1a36163987db5edaebd5076f26118c08c68c7f7117e8121a
H/IMG_0243.JPG,H,1507,1504,photo_IMG_counter,test,216,89c86350642679b8963cc1ee5a8040902be945d6b65d33a419f651a85b3d1230
H/IMG_0246.JPG,H,1508,1505,photo_IMG_counter,test,217,e5d7b6848fff8a520f8bc783c0e913f4f50f0183dd6549cbc41951f13b5d71ab
H/IMG_20210605_172629.jpg,H,1509,1506,photo_IMG_date_underscore,train,1061,97eef33752a83bbffb89ceae5372507f787918f646d56fc22ad5c984cc7fd409
H/IMG_20210605_172633.jpg,H,1510,1507,photo_IMG_date_underscore,train,1062,fa74ddbdf72ba192662ba89df91a2ccbb549b1731b59022e80bfcdb154a201ff
H/IMG_20210606_202433.jpg,H,1511,1508,photo_IMG_date_underscore,train,1063,47321d36d6bc5918bb943db48391fa6edb519105fa2cede59e041c03d81d4455
H/IMG_20210606_202437.jpg,H,1512,1509,photo_IMG_date_underscore,train,1064,589650cb7979d1d5a7fe777566948186b33714a95eaae4cb92ed207cf9a64145
H/IMG_20210606_202440.jpg,H,1513,1510,photo_IMG_date_underscore,train,1065,f061623c4fe7e2dad2ad1bdfe93751bf4e43ecd33c971a09a3dcca93b8a95a4e
H/IMG_20210606_202443.jpg,H,1514,1511,photo_IMG_date_underscore,train,1066,6d400cd62320c8dce5b4b0c165af6bbfef117401446b49f715a1ae0f8e834d5a
I/20210607_171418.jpg,I,1515,1512,photo_date,train,1067,5182ecc703ee3a1a03ac9f5cec8cd68a3d3f795aff660b802aec275555f79ef7
I/20210607_171422.jpg,I,1516,1513,photo_date,train,1068,abb128135dd2fe9e5bf322286d23b362c6634ff33f3c4932745b27e246739db2
I/20210607_171428.jpg,I,1517,1514,photo_date,train,1069,6295bae5ec6708e14f9ea368ab62449be3344d39dfe04a4e441799dfec2dfd8d
I/4154F385-A9D4-4A9E-B2DA-A8089B097C88.jpg,I,1518,1515,photo_uuid,train,1070,116b4193e5dc65ec4e61cf6aa07d0dbf27ea6b761ac9687c25a4e29bbd0ea980
I/787306BD-C337-41DC-BF8C-4686F0CBB09B.jpg,I,1519,1516,photo_uuid,train,1071,cf76b7d073b5ac08a6897d8d900a294364496ea866a8162057391ef1ce8d7411
I/7AFCA58B-C916-4EEA-B8C9-C647BC4C5344.jpg,I,1520,1517,photo_uuid,train,1072,671d5a0773410b107b7cb141e7e141f208686d1f460a1c5508eefd1f1fb3739c
I/D4FA8D15-3314-4CF5-AB7D-1142514A89FE.jpg,I,1521,1518,photo_uuid,train,1073,93fb13448af3fb7ed65fc8ea1ab21dacbe7d91c77baff80d4da75a11b08f3fce
I/hand1_i_bot_seg_1_cropped.jpeg,I,1522,1519,hand1,train,1074,ecc82934f355ec6222210a618d049a77bec5a1b2712db3538b7b0ad5831b614a
I/hand1_i_bot_seg_2_cropped.jpeg,I,1523,1520,hand1,train,1075,cced3467caf0de988f111130e621f4f0cb63f4703c654975f45e17ebd8eb2672
I/hand1_i_bot_seg_3_cropped.jpeg,I,1524,1521,hand1,train,1076,bcf60924cb23e5df7c5a137c8a03faf8ae3915ffce8818907320a1d756874506
I/hand1_i_bot_seg_4_cropped.jpeg,I,1525,1522,hand1,train,1077,1bd1d8d8a7616da44123b2facf357569d52668ceac6813dae6083e9185e52cee
I/hand1_i_bot_seg_5_cropped.jpeg,I,1526,1523,hand1,train,1078,7a9f30ffe6dd771db40fb59fb8f9c9c4cfd3394c6862092d0bff4510036e609d
I/hand1_i_dif_seg_1_cropped.jpeg,I,1527,1524,hand1,train,1079,d51dcf69c5263a522e39b2cb35268be25330544d88890f2437a8348c0ed18ebf
I/hand1_i_dif_seg_2_cropped.jpeg,I,1528,1525,hand1,train,1080,7a2ee641457a6cdc7c183b0d5ff8e4844c4e9b1e4282f8b9a2533bf3080478f0
I/hand1_i_dif_seg_3_cropped.jpeg,I,1529,1526,hand1,train,1081,4abc7f3df6c4a844ba0202a9f0216db088ec91f46ad30c07d9a5955ad2b36512
I/hand1_i_dif_seg_4_cropped.jpeg,I,1530,1527,hand1,train,1082,7510906b81167985bfba5dda481159dc34ba751f72a9a108c205669458acfc2d
I/hand1_i_dif_seg_5_cropped.jpeg,I,1531,1528,hand1,train,1083,41bdb07b5f939d534d959acb4c5eac0d8eb1f84b20e8bbe09d8d39a6cc979cb3
I/hand1_i_left_seg_1_cropped.jpeg,I,1532,1529,hand1,train,1084,8ff9d21e2423cdb30c4bfa691f160bf70cd621e0eed44f68e32240ff0a8dd1bd
I/hand1_i_left_seg_2_cropped.jpeg,I,1533,1530,hand1,train,1085,c36ee9c7cebcb64ac00b3266b860322af4699fd15680adcb4104335c39cb6eba
I/hand1_i_left_seg_3_cropped.jpeg,I,1534,1531,hand1,train,1086,2af1c4dcbc19d656207a65c1445d0ff9349b9e4c7302022475364ba82ce41c24
I/hand1_i_left_seg_4_cropped.jpeg,I,1535,1532,hand1,train,1087,1c5501edb636314d36cd88afab4030a37aa2795e90aefd899eb40df045cca573
I/hand1_i_left_seg_5_cropped.jpeg,I,1536,1533,hand1,train,1088,1daf4ce2b05bc75f610bb3ac7c9da5d8fe5dd064e58f97502aced4a358ac7736
I/hand1_i_right_seg_1_cropped.jpeg,I,1537,1534,hand1,train,1089,fb23f4ff1c3c3987aef43d58bee5297fe284217744b06be2d0162ecf3ca401a2
I/hand1_i_right_seg_2_cropped.jpeg,I,1538,1535,hand1,train,1090,83c4392d479b2c183aeb1792a954a4f2508f1027bcc6cdaec20464755d96ac36
I/hand1_i_right_seg_3_cropped.jpeg,I,1539,1536,hand1,train,1091,3bb3da10d89083b86affb11d4b74f89cc27f07d65d8b52552c0d8de8418a7bbe
I/hand1_i_right_seg_4_cropped.jpeg,I,1540,1537,hand1,train,1092,f222dbf6a2139ba01f5b8cd4a3ee1c7b57cdc18cdad10c862a0247df5de56b0c
I/hand1_i_right_seg_5_cropped.jpeg,I,1541,1538,hand1,train,1093,2865341bbac5f47c3a8058a0f3b3fbe05799f1c3a2d6110244982c3cc8a290e2
I/hand1_i_top_seg_1_cropped.jpeg,I,1542,1539,hand1,train,1094,2103307ab6b17045b869b7c7fb72949b8de032d9488d4b01295a04016e117b7b
I/hand1_i_top_seg_2_cropped.jpeg,I,1543,1540,hand1,train,1095,a3ae4d211df50e3465a8b18b97e12e6096a39108ee8eeb41d6cefbefe7bd5187
I/hand1_i_top_seg_3_cropped.jpeg,I,1544,1541,hand1,train,1096,d73ac007180993afb5dcf18e8053ddc37c60540c4f6ea54b6ae11341943a8b43
I/hand1_i_top_seg_4_cropped.jpeg,I,1545,1542,hand1,train,1097,4fb556141a5b210c62bd9c5122978954e4bbd772e1ac41919c43daa28676905d
I/hand1_i_top_seg_5_cropped.jpeg,I,1546,1543,hand1,train,1098,ea710e291f5f1adcd438dd9e3532cf19fbef8c9866fec25757c028bdcaac1edb
I/hand2_i_bot_seg_1_cropped.jpeg,I,1547,1544,hand2,train,1099,82fcbf346291c94bcbfd8764d16a68ac4e51d317a1a38764b383cdc445cc58c8
I/hand2_i_bot_seg_2_cropped.jpeg,I,1548,1545,hand2,train,1100,39028b13cf382e2ef1b26d2379ff11196548f495864429f2826c713c0803e535
I/hand2_i_bot_seg_3_cropped.jpeg,I,1549,1546,hand2,train,1101,8b8b84be46c9e5be0778f1efdcd5710adf08ab5f47b8d6132e4648d714e0bee5
I/hand2_i_bot_seg_4_cropped.jpeg,I,1550,1547,hand2,train,1102,6226e85ed818ad373d0a06353fe20ea5e22aa0f9d2fc186a9d6c31bf7e380938
I/hand2_i_bot_seg_5_cropped.jpeg,I,1551,1548,hand2,train,1103,e65dc29e41c52331be5f4ce0322fbf7932d6933f677b22896a7ad3b48c1e8fa2
I/hand2_i_dif_seg_1_cropped.jpeg,I,1552,1549,hand2,train,1104,a250cc5c422ff8ab491bb46e05e4b2604484c16f2198ae8391c529b431e25b6f
I/hand2_i_dif_seg_2_cropped.jpeg,I,1553,1550,hand2,train,1105,2d12c0f97354cfd63622018e1da87b70d371579a190cc54bf4b00c777dcbcca0
I/hand2_i_dif_seg_3_cropped.jpeg,I,1554,1551,hand2,train,1106,0133720da8c3df1ab8cbc8a617fc7971b6148f9b353db91df5f555712a486547
I/hand2_i_dif_seg_4_cropped.jpeg,I,1555,1552,hand2,train,1107,7e0e0b157d1937473578ccd499d64667f9528e2e3b8a46f2506f1602420eaead
I/hand2_i_dif_seg_5_cropped.jpeg,I,1556,1553,hand2,train,1108,8e4cbb390ac7cd1bae24cbfad5b3814495e8c4bc9aaadb4a496c48a891cc9529
I/hand2_i_left_seg_1_cropped.jpeg,I,1557,1554,hand2,train,1109,6fbe3d42902b67c7118e93a1a6667ca4ed8aec63ac25a2a6fb8ffe5f61246807
I/hand2_i_left_seg_2_cropped.jpeg,I,1558,1555,hand2,train,1110,1281c4b794c15ec8d8f732b50fded01bb1923bca4c2bcfccfacd175baaff7ea3
I/hand2_i_left_seg_3_cropped.jpeg,I,1559,1556,hand2,train,1111,50ac0341c28052dbeebc861d3a13841350ee1fb9e9012ebd6b88013edc7c06cd
I/hand2_i_left_seg_4_cropped.jpeg,I,1560,1557,hand2,train,1112,f4d9c1025083f34b1afde4db8c76293a387dc76bfb9adead7fc60b0638d688e2
I/hand2_i_left_seg_5_cropped.jpeg,I,1561,1558,hand2,train,1113,1349a3ccef2e93677111316a6ef12ac192dd443d9bdcf807cab408267b7434ad
I/hand2_i_right_seg_1_cropped.jpeg,I,1562,1559,hand2,train,1114,d6066182693c4c3376a67d7aa5f00e9661d3c4a273604ee2dc499fb143453ff5
I/hand2_i_right_seg_2_cropped.jpeg,I,1563,1560,hand2,train,1115,b0b5eea8e9aca3d7865c4bd08eb203f6c570c76f6d96c73acf6adfb2d99c085a
I/hand2_i_right_seg_3_cropped.jpeg,I,1564,1561,hand2,train,1116,35be9cffe8b089a287b0c8a4588294d07f8db7f3925ae58f52e0ec6bc2667035
I/hand2_i_right_seg_4_cropped.jpeg,I,1565,1562,hand2,train,1117,1d7aed79203e64cd41d103b23437f2c5b12ab34f67b5aab10dfca9b081f4f2c7
I/hand2_i_right_seg_5_cropped.jpeg,I,1566,1563,hand2,train,1118,bba5c0645bd70cd6ddd33311da347f80e2c12c687382b9a73184153aabe1bbdb
I/hand2_i_top_seg_1_cropped.jpeg,I,1567,1564,hand2,train,1119,1a7a26eaebef7779f0afb6dc404817d04878d265527e15c1f2fea33967de2fad
I/hand2_i_top_seg_2_cropped.jpeg,I,1568,1565,hand2,train,1120,3538d8d1392a4d49219dbf0c11d661228cbbebc8725f59f9c911c9380416a577
I/hand2_i_top_seg_3_cropped.jpeg,I,1569,1566,hand2,train,1121,e9bba614e5f92b079e58afbce7e3dfdb7b2e035c24e342f8d2b5bf0a28c6c411
I/hand2_i_top_seg_4_cropped.jpeg,I,1570,1567,hand2,train,1122,626bceb4c10aa536d592b278b23f8633255d307d1e59a214a3e6bb570948ba0c
I/hand2_i_top_seg_5_cropped.jpeg,I,1571,1568,hand2,train,1123,70754b378e11e022c18bbe7a33b125dd7255839d08c65e75c915cc94410876b9
I/hand3_i_dif_seg_1_cropped.jpeg,I,1572,1569,hand3,validation,227,17b42dd7f56c418b2053b1a6ec942d0fb5b32a4ae50c86dd909d080f0f1d0076
I/hand3_i_dif_seg_2_cropped.jpeg,I,1573,1570,hand3,validation,228,0674e1cf9cdca915be959731a11901403313952cbeb8a1091623ab94e290f4d3
I/hand3_i_dif_seg_3_cropped.jpeg,I,1574,1571,hand3,validation,229,d299c555cc9d219f805cb0f9181aec7ae59ff4d019776ab0fe283ecf0923d887
I/hand3_i_dif_seg_4_cropped.jpeg,I,1575,1572,hand3,validation,230,2c9e68fdc0362ccbf26ef3d287767a4d73aebdce04c6a2e9b7860b5c7818a19e
I/hand3_i_dif_seg_5_cropped.jpeg,I,1576,1573,hand3,validation,231,bad78c18286ef2984374b3ce60230052deaadc7182ba8997a4358f3009f4e90e
I/hand4_i_bot_seg_1_cropped.jpeg,I,1577,1574,hand4,validation,232,fd8548fd657f1ad9576cb21d9d0129300665d81b5f27c32456bb2b69c798fd05
I/hand4_i_bot_seg_2_cropped.jpeg,I,1578,1575,hand4,validation,233,d18ee4d1e0eb796406fc6d3be2633eccb0998a0607dd9e6682b2655e2efe3789
I/hand4_i_bot_seg_3_cropped.jpeg,I,1579,1576,hand4,validation,234,8df7cfd0b35aa11653ec3d968b031e8ef9e50f7c938a1642662dc0b813f636c1
I/hand4_i_bot_seg_4_cropped.jpeg,I,1580,1577,hand4,validation,235,c1f45edf2668e8e7bf3ff39b072e9e6209baf766cef9dfc62c670386d6c4b945
I/hand4_i_bot_seg_5_cropped.jpeg,I,1581,1578,hand4,validation,236,c160b1a171ecc975108d3ede69d54bbe7b4e27cf302bf728091e88f6c46a970d
I/hand5_i_bot_seg_1_cropped.jpeg,I,1582,1579,hand5,test,218,67c8faa860da8646000f623e54b55fc322b150378cd85bc00d6390a5247f9485
I/hand5_i_bot_seg_2_cropped.jpeg,I,1583,1580,hand5,test,219,4ecddb5d039ba03130b26760d9ce75ec1ed9489d4d7ed23e7cd5128ee7ad8fac
I/hand5_i_bot_seg_3_cropped.jpeg,I,1584,1581,hand5,test,220,2f70d7187ead40a8b90109dbe958855f5daea5d0a39630e263eb04216374599c
I/hand5_i_bot_seg_4_cropped.jpeg,I,1585,1582,hand5,test,221,b6ae3810b330935ce316b880a4cf16beddfd2ea7393d55a6687a77a1431f1590
I/hand5_i_bot_seg_5_cropped.jpeg,I,1586,1583,hand5,test,222,59afb766c4f0c10ca5e83409245ece818be5fe7caf267f2244d278d3178cdf68
I/hand5_i_dif_seg_1_cropped.jpeg,I,1587,1584,hand5,test,223,7f551ef22594d87b2cdfb8a96c1674d267bc4cafb54c429bca3ffd3c3abe4455
I/hand5_i_dif_seg_2_cropped.jpeg,I,1588,1585,hand5,test,224,28f935670d1d1600368b15519a80ee8188ff20076902d62c6373a47a19eb9c34
I/hand5_i_dif_seg_3_cropped.jpeg,I,1589,1586,hand5,test,225,d5c0f9d2979d09ddce6db92b72ef58fab01dd584153ae7aaa2f298ad0a22356f
I/hand5_i_dif_seg_4_cropped.jpeg,I,1590,1587,hand5,test,226,1450bcf333a2475bc615a1ee2f5440cea8095eb373b14a69f98b51be0a0a9c43
I/hand5_i_dif_seg_5_cropped.jpeg,I,1591,1588,hand5,test,227,4303753070ee0ce41585e40430890cb80831577e4727b171119242e5b3b7e0be
I/I (1).jpg,I,1592,1589,photo_letter_parentheses,train,1124,67f2740a85d2be2c9a1f320efc45f57cf78a1221a266d14ace50a424582d4729
I/I (10).jpg,I,1593,1590,photo_letter_parentheses,train,1125,af7fd9862b98d8c43516373b1af3561ef1e9faca9c71e981974e4bb3a11e3227
I/I (11).jpg,I,1594,1591,photo_letter_parentheses,train,1126,65775d9007d216616b3320988ad5e7367666c7e9e08bbb2fcdfeab65a1edd398
I/I (12).jpg,I,1595,1592,photo_letter_parentheses,train,1127,d9c697bfcf56c35f4d4a3234dbdbcbbcf986c52e849ef12868acb0f4232610ea
I/I (13).jpg,I,1596,1593,photo_letter_parentheses,train,1128,d17e68a522e1bc68ce0f4dda7befd39881c368fe953c003f68d8438d39c98970
I/I (14).jpg,I,1597,1594,photo_letter_parentheses,train,1129,f7985eae05fd9aeae6fe715ec3cf74ada1d4e8fc746a60e3fa717181d736b93a
I/I (15).jpg,I,1598,1595,photo_letter_parentheses,train,1130,947df7240ffc59b9133b544d5e8c9930890e63e525bcb5975dac4faa98db3f68
I/I (3).jpg,I,1599,1596,photo_letter_parentheses,train,1131,d7676675dbf63f0128c6767f34908efb242ec7499256792a13aed68e2941717c
I/I (4).jpg,I,1600,1597,photo_letter_parentheses,train,1132,aea608f07b27c90eec5109907edb153cb3113737d381369c1ad4aa8b46fa79ee
I/I (5).jpg,I,1601,1598,photo_letter_parentheses,train,1133,73b7b548552fd24769f24aedbef5f118d7e49f6feac8fbe2333f19bdeaf9f498
I/I (8).jpg,I,1602,1599,photo_letter_parentheses,train,1134,9edb52c90c06aa4135c33ee85a94764079ca98b3bd0d0a81276b8c3ff48398c8
I/I (9).jpg,I,1603,1600,photo_letter_parentheses,train,1135,5202e63896bb8398a299e88818afdc99d61c8fb654e6c98ea97f0a92d7651219
I/I_1.jpg,I,1604,1601,photo_letter_underscore,validation,237,d3afdfbac79700b205b10c353bdf7b4616435c09b7a85dea17be8e69c7b356ba
I/I_2.jpg,I,1605,1602,photo_letter_underscore,validation,238,bee324789663d529bd350b55214450fb2f4d0f2fa91b2fa3a9e380cd90df1cf1
I/I_3.jpg,I,1606,1603,photo_letter_underscore,validation,239,294a98701e795c404864a2daebf3d3601bb75df2ff6f3b95c6275413f5f007a8
I/I_4.jpg,I,1607,1604,photo_letter_underscore,validation,240,b83a4211254a06422c82a8bbb3e49a70c6304079ad60dc1039a460a000b55809
I/I_5.jpg,I,1608,1605,photo_letter_underscore,validation,241,20c43780641c52a484263949c0f6644c2c8da469ee13f1820a22b39889552fda
I/I_6.jpg,I,1609,1606,photo_letter_underscore,validation,242,9041c676e94f7ae0ebbe6f7299cbf5377cc3110590ee0295f47e900b30007329
I/IMG20210607183608.jpg,I,1610,1607,photo_IMG_date,test,228,cfcf0339c26f8d996c78d5d364b2ec1f811c4a1cfcb1fca2486fa710b1952536
I/IMG_0248.JPG,I,1611,1608,photo_IMG_counter,test,229,f769ccb505eb6312176dfe2ae7d300f6206c2c17b982e8b613f2eb4ee6d5d132
I/IMG_0249.JPG,I,1612,1609,photo_IMG_counter,test,230,a6591354f9acc1b8f51e365885407a60694b46199059e34cba26e74bf2513700
I/IMG_0250.JPG,I,1613,1610,photo_IMG_counter,test,231,3eafedc6cad349a33bd10934e17913c69a1d8fae870bf81436630a724c8897f7
I/IMG_0251.JPG,I,1614,1611,photo_IMG_counter,test,232,d3b25cdc940d0e3802e4591ee7c0ffee452229db65893f722282a3cde45cbb41
I/IMG_20210605_172713.jpg,I,1615,1612,photo_IMG_date_underscore,train,1136,6bd8bb50132cac18c3caa325d94f89e350d467c1b76cb73e053027541886fe2c
I/IMG_20210605_172717.jpg,I,1616,1613,photo_IMG_date_underscore,train,1137,83380672925da1a42713262a4b5fe3a9a0c3d0ab00e35eb8ffa54ce952b27828
I/IMG_20210605_172723.jpg,I,1617,1614,photo_IMG_date_underscore,train,1138,7e56eab95a62af104e6b15ee329f4155e3c46f76b8e3199809ada0c75bf83789
I/IMG_20210606_202517.jpg,I,1618,1615,photo_IMG_date_underscore,train,1139,74b206de65e54c3a1d30b98d2c9a30c8c85d113b8c56ad9c88cd751f03434fb5
I/IMG_20210606_202522.jpg,I,1619,1616,photo_IMG_date_underscore,train,1140,b3a6e8fae5a3f09f53ee9500c42f89011c643a3973d44429c5ecdc9069a76276
I/IMG_20210606_202526.jpg,I,1620,1617,photo_IMG_date_underscore,train,1141,d29f7babaa55c753a63bf2e9ee068bfa8c9628387496952f0a7a34edf67c009c
I/IMG_20210606_202530.jpg,I,1621,1618,photo_IMG_date_underscore,train,1142,dca909d737923fc5cf3207dcbb08656a7e86ac0bbb80f078318442400f1fb321
I/IMG_20210607_200343.jpg,I,1622,1619,photo_IMG_date_underscore,train,1143,70fae9c27d3570ba57c14dd3cf625f0ad2263894c3c5a61dfb3b1f97a6e76e5e
I/IMG_20210607_200344.jpg,I,1623,1620,photo_IMG_date_underscore,train,1144,d56cdf7ff9ac3e0facdb88a6264e130dd2eb38091f55f1ef965f70bc680133e1
I/IMG_20210607_200346.jpg,I,1624,1621,photo_IMG_date_underscore,train,1145,5772608c524957828d149c8ef534531149b9016b3813933779c417c91dfb4648
J/1832CF5C-427F-426B-B0AE-24EA4B1E3905.jpg,J,1625,1622,photo_uuid,train,1146,6f1584f1487da27f2f20e16b554626a28a68818f56b91675f8933bdf1c9ec116
J/1BFA9F64-9909-4D64-B753-F05ED9D78A89.jpg,J,1626,1623,photo_uuid,train,1147,3f09a1006dae89b0007a7b8c844a6e790b217ac3decc763ca1116cea1beb92aa
J/20210607_171626.jpg,J,1627,1624,photo_date,train,1148,382a5c74987e65eb862e43569d077f592a65051e6215960178a0f8301c5dbeb3
J/20210607_171629.jpg,J,1628,1625,photo_date,train,1149,bfa8a044404425ccfa4e880fbefded2718e5843a9c3e8ae333fa68fc6ffb6803
J/20210607_171631.jpg,J,1629,1626,photo_date,train,1150,4202dfe0eb58891dc9fc67bf793c05caeca738a6d8a78071788cba0833c54a59
J/20210607_171633.jpg,J,1630,1627,photo_date,train,1151,745ced8909fe4144ad2f267e1767e5c7b72a05ed4780cbd39c1d2be4d6957818
J/9FC7C35E-586B-408F-B431-475373595E58.jpg,J,1631,1628,photo_uuid,train,1152,b9173d4cb85dd51f5f994a3ec5237499bda6416e6195a3b473fb783483f09ebe
J/B01CE159-037C-4179-89E1-DC830676E5FF.jpg,J,1632,1629,photo_uuid,train,1153,b5647ba6ea03346514c0d4c2c8c6924efd5f660f112be5c0dfc2517dbe11a7b7
J/hand1_j_bot_seg_1_cropped.jpeg,J,1633,1630,hand1,train,1154,03f73870194917c909439757dcb67fea8330e8fc620166f5f0482a39f4748acd
J/hand1_j_bot_seg_2_cropped.jpeg,J,1634,1631,hand1,train,1155,2cdcd8caf86b4bb57a625c488d6b9bae62afdb290400049a1beff4941d679e7f
J/hand1_j_bot_seg_3_cropped.jpeg,J,1635,1632,hand1,train,1156,6672cd0fcbd787cfeba62027eb785a5c1aaff6c8e39f62393b104b365a5a2b1d
J/hand1_j_bot_seg_4_cropped.jpeg,J,1636,1633,hand1,train,1157,8c5fd53827749eb43e5aaa1e543574f2e4272004cd441fe9e6c3e3fe60ba5c30
J/hand1_j_bot_seg_5_cropped.jpeg,J,1637,1634,hand1,train,1158,c85512cbaa36f00d37a357e27749b467b0d3d2b7c4df5a7615397bb0dd887a58
J/hand1_j_dif_seg_1_cropped.jpeg,J,1638,1635,hand1,train,1159,beba7112e9df44d21a4a1cc82a8db18e5dd2dade2d16b64ca355f99b4c5de430
J/hand1_j_dif_seg_2_cropped.jpeg,J,1639,1636,hand1,train,1160,023834732f6aec6b16fbc143d7668c497ce81daf83bcee9a75858c12f387f7ac
J/hand1_j_dif_seg_3_cropped.jpeg,J,1640,1637,hand1,train,1161,e7bcacee1e7c028fe9aec7c9993408955031bddfdf1c84b1378e5fd54cff0de3
J/hand1_j_dif_seg_4_cropped.jpeg,J,1641,1638,hand1,train,1162,36a346cca074da078ba26d4505b565d56322c8e80e5898b30b7bceb9afc0a382
J/hand1_j_dif_seg_5_cropped.jpeg,J,1642,1639,hand1,train,1163,3bd56d5a73d61d873355eb50d6259a64da3a6565b74dd825a31914e043cd9dcb
J/hand1_j_left_seg_3_cropped.jpeg,J,1643,1640,hand1,train,1164,241905c24cf56a1f2643b918cb0c32f8896b1a062da946cdb23d11b899c7d005
J/hand1_j_top_seg_1_cropped.jpeg,J,1644,1641,hand1,train,1165,695416ae31bf2a56e6d6dd1deab76f51a833f69386e3bb8c5b9101120088d1a5
J/hand1_j_top_seg_2_cropped.jpeg,J,1645,1642,hand1,train,1166,e80b200c2a4dad49a76f48bd0ac8102a5018e84e082748ff465a6901961da484
J/hand1_j_top_seg_3_cropped.jpeg,J,1646,1643,hand1,train,1167,8ec14b335be4b78fe1d2e65beaf1377bda3a473edb229126ba548a39de9cdcf9
J/hand1_j_top_seg_4_cropped.jpeg,J,1647,1644,hand1,train,1168,eca356e5358176d4f30912ec2089f6e123d7fd29f4c33fe821850356be8b5eeb
J/hand1_j_top_seg_5_cropped.jpeg,J,1648,1645,hand1,train,1169,c3dc2bda57c40dbefacd49ddde18730315e29780179d44026c46792ae189a7ba
J/hand2_j_bot_seg_1_cropped.jpeg,J,1649,1646,hand2,train,1170,7979440e2c8bb6273b01b18622d4d9d769c15de98c7dbb4a8e36576be51b52d4
J/hand2_j_bot_seg_2_cropped.jpeg,J,1650,1647,hand2,train,1171,773394478b5a09d343a62f9e53551a90d8b5a9161788f15314d45774c3a04619
J/hand2_j_bot_seg_3_cropped.jpeg,J,1651,1648,hand2,train,1172,6406752404f667246c854957c11112dd67911e035ce4123d1bee9283e9638a5f
J/hand2_j_bot_seg_4_cropped.jpeg,J,1652,1649,hand2,train,1173,5f0e6d6395767454c18ff2e8d3c3891babbe9ae389ace51b7b81eac82adc4d39
J/hand2_j_bot_seg_5_cropped.jpeg,J,1653,1650,hand2,train,1174,3343b15045b0761a734b3334b2cd7393e539f6b504de426a467fa684e0606a6e
J/hand2_j_dif_seg_1_cropped.jpeg,J,1654,1651,hand2,train,1175,af8dac642da5b4200eba8921eb2f3d941fb9d2ff4d8031a8124bfada5a081515
J/hand2_j_dif_seg_2_cropped.jpeg,J,1655,1652,hand2,train,1176,f83d196077966a87f59268d329314eaedc821004a8a3c30918ad9392521fdfc1
J/hand2_j_dif_seg_3_cropped.jpeg,J,1656,1653,hand2,train,1177,310bb96d4a11bde14df4431ee47502d0b813afffada24e4654fc98350552d2fe
J/hand2_j_dif_seg_4_cropped.jpeg,J,1657,1654,hand2,train,1178,f4fe07bd9d1f4f3cb0691ca3fc238ce3676a1ed7c7ff8b8c99a6db9462d06f83
J/hand2_j_dif_seg_5_cropped.jpeg,J,1658,1655,hand2,train,1179,accd440b890cb4a18fca6214448b48c7b01db814098460f39ba9a3069fdaebc1
J/hand2_j_left_seg_1_cropped.jpeg,J,1659,1656,hand2,train,1180,6067912218ede99dceca5b54ba0f5f7febc7e717053efb17a8b7735462298a09
J/hand2_j_left_seg_2_cropped.jpeg,J,1660,1657,hand2,train,1181,ace7ce1f04e8e4a23c28694a7fe1df54bfb64c93ecf4ba66d437080fd866a8db
J/hand2_j_left_seg_3_cropped.jpeg,J,1661,1658,hand2,train,1182,5f67ed841dcfe06af9576eb82bd413dbb830bfec5834402e3a995667213ded9a
J/hand2_j_left_seg_4_cropped.jpeg,J,1662,1659,hand2,train,1183,c3ce03496758c3225a55b5fbe2dc333f9ccc474abd07256df83b03f97e41e4cf
J/hand2_j_left_seg_5_cropped.jpeg,J,1663,1660,hand2,train,1184,87e02b07eeb039f267c55a1cdc5e8c9a3f020f6a3828ea84ba73ff9e3c0d0862
J/hand2_j_right_seg_1_cropped.jpeg,J,1664,1661,hand2,train,1185,9689d8c0fef95b10b9ded967279947be3edc0f47ea7d84570444e9a06349077f
J/hand2_j_right_seg_2_cropped.jpeg,J,1665,1662,hand2,train,1186,6c08ea5e81f4b5c7e1fa42c4adcda2a3d387f81310c2367d3e657de01bc12920
J/hand2_j_right_seg_3_cropped.jpeg,J,1666,1663,hand2,train,1187,84f107857dda0dc1c5bc642be8a6b47c3d9cbc82863cb24d8f1f127166372969
J/hand2_j_right_seg_4_cropped.jpeg,J,1667,1664,hand2,train,1188,a3273a44c084274f90bfe60d2721048b332b33eebdfc1dda701f5533af4ee39a
J/hand2_j_right_seg_5_cropped.jpeg,J,1668,1665,hand2,train,1189,7726f52c1b6ca12ebfa26e0eb3681281fd29dc46d75cd6755d517307befc1b1d
J/hand2_j_top_seg_1_cropped.jpeg,J,1669,1666,hand2,train,1190,924fbe43708f42455e1373db0a45042f778cb24185d501a82b71d720288765f9
J/hand2_j_top_seg_2_cropped.jpeg,J,1670,1667,hand2,train,1191,dd6259782b31864b1610f88263fe469abae269be137132d85d76a47d60e80b57
J/hand2_j_top_seg_3_cropped.jpeg,J,1671,1668,hand2,train,1192,35219832110ad15456b30463ad2db550a747327a8d6db59cc7e83e972d02c5f5
J/hand2_j_top_seg_4_cropped.jpeg,J,1672,1669,hand2,train,1193,358c9b79d3b920547751a5153c3d675ac06271af8729b1757ea1fec503ff9b83
J/hand2_j_top_seg_5_cropped.jpeg,J,1673,1670,hand2,train,1194,6bf6d27fa1a5425ae0ac5bbaa069542f254362d13963a6cb0c8bbda95e7b5cbd
J/hand3_j_dif_seg_1_cropped.jpeg,J,1674,1671,hand3,validation,243,4830901e4202526864e46dcc8f53e1019c480211fe86e7e83a06d62150ef4270
J/hand3_j_dif_seg_2_cropped.jpeg,J,1675,1672,hand3,validation,244,753707edab693b6c58ece7beb3cc1bc5d936b37503424cfd046810d9dd23f444
J/hand3_j_dif_seg_3_cropped.jpeg,J,1676,1673,hand3,validation,245,f4e445287d21a51616516f89656181b78f28e8cc297dba78976ae01ac024fb8d
J/hand3_j_dif_seg_4_cropped.jpeg,J,1677,1674,hand3,validation,246,8c93293e45572a74e499c9c7c530f4db4a9255d4c5eccbdfdd9f13baf75e0c74
J/hand3_j_dif_seg_5_cropped.jpeg,J,1678,1675,hand3,validation,247,ebae97fc4a47a6f8ed98d7cc01311336547a0d0adb253ea6ed4e79acec4327ea
J/hand4_j_bot_seg_1_cropped.jpeg,J,1679,1676,hand4,validation,248,6eba375721cb50dae1150a7961a07660d90410b4bb8797bf2eca45c6511f1fd0
J/hand4_j_bot_seg_2_cropped.jpeg,J,1680,1677,hand4,validation,249,464ad1674b7a2a7eac0def5d97370ce483b47b25b0790c46d7fb4630fcf68aa1
J/hand4_j_bot_seg_3_cropped.jpeg,J,1681,1678,hand4,validation,250,c7c845d7f7878515d5408d844e799166e46d15917ee129cbf6bdfdcc1fe06255
J/hand4_j_bot_seg_4_cropped.jpeg,J,1682,1679,hand4,validation,251,0cebca634f5ee93c77e2985d35a197b4f822bf761066f0e6ff8136a7993e78e4
J/hand4_j_bot_seg_5_cropped.jpeg,J,1683,1680,hand4,validation,252,079f3e73dd48873998b2cae64dc5c42cd21ec10622c12c40cfc14cd496586a52
J/hand5_j_bot_seg_1_cropped.jpeg,J,1684,1681,hand5,test,233,e13ef8e6548e6f2c5b19110b1939b7737799a354e26925bd3b71d0408d7ff250
J/hand5_j_bot_seg_2_cropped.jpeg,J,1685,1682,hand5,test,234,89930d1b1f29e77173a84ac6358a6ba1ddda2c440c6e779fec1ae7c48af5896a
J/hand5_j_bot_seg_3_cropped.jpeg,J,1686,1683,hand5,test,235,81f941e94dd8aadab091f9d295467803b135fd2ae0534738b22b8dfc29ccb332
J/hand5_j_bot_seg_4_cropped.jpeg,J,1687,1684,hand5,test,236,e79a38404cfe57625f81452078de1f18d1f9960199acaf731ef42eeac45f16d6
J/hand5_j_bot_seg_5_cropped.jpeg,J,1688,1685,hand5,test,237,c5ec96c6b7f59c4145921b038e3b71fa2343e453a40fa1fc9e09051485ffc584
J/hand5_j_dif_seg_1_cropped.jpeg,J,1689,1686,hand5,test,238,2009b88929646aeb9eb6e9c47eb6f8135b4ac1a4ab8e1a8201d09e69c6ccc5b1
J/hand5_j_dif_seg_2_cropped.jpeg,J,1690,1687,hand5,test,239,1f0a1242f758ed2a30d67d17e0c5cb0cc617b328f996f45d8e61c35a89397af4
J/hand5_j_dif_seg_3_cropped.jpeg,J,1691,1688,hand5,test,240,99a5b690218705e0f9532947a52993527b4ff041845d2423016a11046f8bbe86
J/hand5_j_dif_seg_4_cropped.jpeg,J,1692,1689,hand5,test,241,1fe2d58a3728459a4e2f41bf65275fa5fbb0c8ce2e5a9ca0fe6774c466fc964d
J/hand5_j_dif_seg_5_cropped.jpeg,J,1693,1690,hand5,test,242,84085ab75330e866ac55555115a03b523200c9c54bf649e0aba94dee5d6976f9
J/IMG_0255.JPG,J,1694,1691,photo_IMG_counter,test,243,c47af61813b7d5f23b150e392688194bbbbcf0b93175cedd78d2c53c9c5bdf3c
J/IMG_0256.JPG,J,1695,1692,photo_IMG_counter,test,244,bbf4546c536ca685b410b7cb39d7c564be528056a5bbc319aadc70559e8a3ef7
J/IMG_20210606_202550.jpg,J,1696,1693,photo_IMG_date_underscore,train,1195,773825edd4cd0c22d5aa61341c1ffbb7262a88d0afc380aa29994abd36fbf8ac
J/IMG_20210606_202603.jpg,J,1697,1694,photo_IMG_date_underscore,train,1196,6c5ad8e1101cc23669b896bde0cd80a361054380ee1214a6fe46053deafb1220
J/IMG_20210606_202606.jpg,J,1698,1695,photo_IMG_date_underscore,train,1197,f651f6cf827cee6f7b94512fad4ebf3992f22b3494415048195e3c0b610aa510
J/J (1).jpg,J,1699,1696,photo_letter_parentheses,train,1198,8842236103b87b7fb59b1abe459610fd9922557aa2113a4a876547c2dfbc642f
J/J (10).jpg,J,1700,1697,photo_letter_parentheses,train,1199,9c075d91fa9690d953ee684726ccd162b9f71dd0b5d2e7f1d6a30ebaa627f605
J/J (11).jpg,J,1701,1698,photo_letter_parentheses,train,1200,abdd8cc0cf68028b1f7c8c7397b6a8cfa5730b9053d65a948f528e32af548e2d
J/J (12).jpg,J,1702,1699,photo_letter_parentheses,train,1201,ab9f0040dbb3b45d380f5819faabc2f7693152ee2a125cda899efde6ba4f2fea
J/J (13).jpg,J,1703,1700,photo_letter_parentheses,train,1202,5d0f9e97e07a54c7943eeb6d3836e4469fcb0cca352b08efbaa24637df6d710a
J/J (14).jpg,J,1704,1701,photo_letter_parentheses,train,1203,0c0cea7b2ce117e541643fca4ac3baa8100b35acb87de67a44316a06d9a5bdbd
J/J (15).jpg,J,1705,1702,photo_letter_parentheses,train,1204,8be37ec22857048b7723e62086121f76028befa11684f2118eda726b360052f5
J/J (3).jpg,J,1706,1703,photo_letter_parentheses,train,1205,349cf99db99af373c891027ca1bb443a3fca5426bd677001a5381eedd9af76d6
J/J (4).jpg,J,1707,1704,photo_letter_parentheses,train,1206,cb6b01aebf73f56e7f3f97b9e9d89c7cc5c5a0a96ee18628387ec8d0ff8ba6c1
J/J (5).jpg,J,1708,1705,photo_letter_parentheses,train,1207,5079330f96b03052d0b847002ea8bc5e3c35cc78459e477d5338b9cfc4503d0d
J/J (8).jpg,J,1709,1706,photo_letter_parentheses,train,1208,deedc521d82826aa967b5b6c7496bd6d2614866a2df21ed68a1e5080c4bd1684
J/J (9).jpg,J,1710,1707,photo_letter_parentheses,train,1209,969a59bbc134b9e90f6e22c775adf63368625955affaed6d3a46903c2c6d2734
J/J_1.jpg,J,1711,1708,photo_letter_underscore,validation,253,5ea8a41cedaaba3dc78abc0de4497aa4227b15a20bfc8dcd8cfd643022df4c7a
J/J_2.jpg,J,1712,1709,photo_letter_underscore,validation,254,dd4c2e4ae2166bbf9802510be8551f5c523767915d1f160e804413d2aa7ea291
J/J_3.jpg,J,1713,1710,photo_letter_underscore,validation,255,c8fa9c20812e81700dadba67c69f4037917aeef19974957c70f8ae7605d94920
J/J_4.jpg,J,1714,1711,photo_letter_underscore,validation,256,deb47fe5f016522073699cb4a61a4898489d86e95adbd3478cf878c77ac779c7
J/J_5.jpg,J,1715,1712,photo_letter_underscore,validation,257,21fdf93622796e5a4d18a04bf671ff48e665104ab7d8e4a0782f3a56d35f7e1f
J/J_6.jpg,J,1716,1713,photo_letter_underscore,validation,258,912468fdb3129a594845f1795238ae5eb717bc211eef1603c8a6d3d318552bea
K/20210607_173012.jpg,K,1717,1714,photo_date,train,1210,43841edb14499e9914e6f37b94a63737156a250186bd96f7d5d49aeeb70de4ac
K/20210607_173013.jpg,K,1718,1715,photo_date,train,1211,fbb651861d57ea82f9296b8b4ff8a779d038b3e8d2655fbd274a85ae8d8b5a34
K/20210607_173015.jpg,K,1719,1716,photo_date,train,1212,72929d14b657b24beb9ab7cac9af714917d1904c305dacbf6802f444704d5c42
K/20210607_173017.jpg,K,1720,1717,photo_date,train,1213,20f921373439c4bd130ea6a5be2e8daea6fda5128d0b7aff0ec6e4e260d9a967
K/6D2F1CF7-BB5C-47A5-A3EB-2632E6C478FE.jpg,K,1721,1718,photo_uuid,train,1214,0d8c219ef2abb18363cfccdce72d8a8e8808fc45e5a99619a57e289a7317f4b2
K/71A74208-4460-4D92-987C-DF0806A7A0EB.jpg,K,1722,1719,photo_uuid,train,1215,9768b353d59a31172164ccdcf3bbd9dbdeab4cb7a9079ddae7313383378d7e6b
K/C38DA062-E355-4DCB-8A22-893D3CD99039.jpg,K,1723,1720,photo_uuid,train,1216,5b09637d1f93ae0215f194d22173a831e849462a662d587005637cf39c5d1600
K/hand1_k_bot_seg_1_cropped.jpeg,K,1725,1721,hand1,train,1217,118e8560124cdb83f3790f9a20bcaec639e785fde650b38618b6442f57d037ae
K/hand1_k_bot_seg_2_cropped.jpeg,K,1726,1722,hand1,train,1218,6c239a00b9edf3cf04925276914fb7d6e91d77a19a40af79f7e9416607dcda39
K/hand1_k_bot_seg_3_cropped.jpeg,K,1727,1723,hand1,train,1219,a33db6e4c70fa46bbac3243876ef9dd4c83875b38722d27466ab44a1b48bb201
K/hand1_k_bot_seg_4_cropped.jpeg,K,1728,1724,hand1,train,1220,cbbdf10bfd9c48a87f4b7557dc51083e37d288c903f862c68c946ead4d0114c0
K/hand1_k_bot_seg_5_cropped.jpeg,K,1729,1725,hand1,train,1221,76b4220a9257e7e3662d8adb0351197478c9b68071f96a9251a0dbb931fa67ed
K/hand1_k_dif_seg_1_cropped.jpeg,K,1730,1726,hand1,train,1222,5ac6c55290844c1aa44fa47c2d16dd7a817911d72e65832b3dd273ae9fc5eaf9
K/hand1_k_dif_seg_2_cropped.jpeg,K,1731,1727,hand1,train,1223,1c8e4e0bd416edbd9d5966869488b55d231d6d45290006c2445030dd3085069a
K/hand1_k_dif_seg_3_cropped.jpeg,K,1732,1728,hand1,train,1224,ea4d05ed1f50db204aabf48a2a5ef62fab53439f4d0b091f6fcdf53a0f4b3eff
K/hand1_k_dif_seg_4_cropped.jpeg,K,1733,1729,hand1,train,1225,a7b9168a6348b4da70591e1acee041756bca289294b88fed5da39b11a6ca547e
K/hand1_k_dif_seg_5_cropped.jpeg,K,1734,1730,hand1,train,1226,afebd72e10c63bcc35be3ae21b770e8a2160e4606f3363a3e3b4d97ea3b801b4
K/hand1_k_left_seg_1_cropped.jpeg,K,1735,1731,hand1,train,1227,6fba32d5ae570dcad498345c250ea53cc985d1f027dbe850b60278e4d252a02c
K/hand1_k_left_seg_2_cropped.jpeg,K,1736,1732,hand1,train,1228,10f9f9d25054fa6480e17c9368a483757350469095cddbaf3eecddc347db222e
K/hand1_k_left_seg_3_cropped.jpeg,K,1737,1733,hand1,train,1229,db2cb74393fa52f2166bd7a3e166205efa13b66f0720a17fab643df31d825a9d
K/hand1_k_left_seg_4_cropped.jpeg,K,1738,1734,hand1,train,1230,cb067e036a9417a8c77bdc3d5062b35d8a8172672a6600b1947478cb630bf7db
K/hand1_k_left_seg_5_cropped.jpeg,K,1739,1735,hand1,train,1231,8372f69ff71a6e565bd103cf22dc3dd3f38a9063e0248e312722cf2c45c88d1b
K/hand1_k_right_seg_1_cropped.jpeg,K,1740,1736,hand1,train,1232,c94479de4938f5f4bbc5e5f19e00c456cc181edb93a797a8232b03df26f41f1a
K/hand1_k_right_seg_2_cropped.jpeg,K,1741,1737,hand1,train,1233,3ff88229cfa01769f75199639d6ed20ea8b73360bed578c988640d33954b59e8
K/hand1_k_right_seg_3_cropped.jpeg,K,1742,1738,hand1,train,1234,0f530299ceead91367fd26e5c6f77d671c14caa9b494364a2c93efe41fc6b7b1
K/hand1_k_right_seg_4_cropped.jpeg,K,1743,1739,hand1,train,1235,b62d17d6f7a41d554ba6a7778240965fc1bd6f42ddd7084c0bfd260a61fe9819
K/hand1_k_right_seg_5_cropped.jpeg,K,1744,1740,hand1,train,1236,ab2a8fa07b67cdfac4bf64fcded3e0226aeb724eda78ce6f3130bc67bf5c80d8
K/hand1_k_top_seg_1_cropped.jpeg,K,1745,1741,hand1,train,1237,7b47472cd19aee8aaf2a92147fa551da52bcff31adfa8a2eb10891c5eb1f2c4a
K/hand1_k_top_seg_2_cropped.jpeg,K,1746,1742,hand1,train,1238,71bf95a8206641c394cc81aafbe0e612c308a5dfd4f3651e2c361886c321d164
K/hand1_k_top_seg_3_cropped.jpeg,K,1747,1743,hand1,train,1239,345d583ebf25b14e539aea26c9ad57b4a1dbf9655d30b44ab0200091597078ec
K/hand1_k_top_seg_4_cropped.jpeg,K,1748,1744,hand1,train,1240,35c8ad91071f6c8be69e4dcdc40abad76ff898d15b06f12114d20fb9175f6efc
K/hand1_k_top_seg_5_cropped.jpeg,K,1749,1745,hand1,train,1241,260b20989a096947184e403b0864f6b576180fdbe7bbafc924276b64451554d5
K/hand2_k_bot_seg_1_cropped.jpeg,K,1750,1746,hand2,train,1242,2d7c433cf4ab79a95c0b4b462120078b4e46b14d16558fa633629578f6c2bcbb
K/hand2_k_bot_seg_2_cropped.jpeg,K,1751,1747,hand2,train,1243,f87b19edc8270f55269177317ac95b81508e02fcd22faec0500b6644be297c1b
K/hand2_k_bot_seg_3_cropped.jpeg,K,1752,1748,hand2,train,1244,5f31fbe0e191850cb133e9b6aaadf190539714b35cc4332f4766f1fa65a166cd
K/hand2_k_bot_seg_4_cropped.jpeg,K,1753,1749,hand2,train,1245,a29db8350f33a345021ad95be42584917f6ec0ccdd1eea62e23a1e05bd2fb1c9
K/hand2_k_bot_seg_5_cropped.jpeg,K,1754,1750,hand2,train,1246,c0716b66252c4fa151db9ce088c210d1c6c2c80702e99fda99087dc3c131f1d5
K/hand2_k_dif_seg_1_cropped.jpeg,K,1755,1751,hand2,train,1247,26ddc18a1a3b82106bc7cad414c48dfe2d106f7357df2fae9628aa71f99a3a7b
K/hand2_k_dif_seg_2_cropped.jpeg,K,1756,1752,hand2,train,1248,7fd8c91b0ac8c3a8e8b38fd5bca2b97f1a28e667b3265b05ec2052fab3108041
K/hand2_k_dif_seg_3_cropped.jpeg,K,1757,1753,hand2,train,1249,03ca7015a0d80b9780167f5709776e8aee643488004def7f0a69b985da20805f
K/hand2_k_dif_seg_4_cropped.jpeg,K,1758,1754,hand2,train,1250,60e42a4152856dd8ab11e0e83e1b5eea4129f050a14d412ce260f3eb35ba2481
K/hand2_k_dif_seg_5_cropped.jpeg,K,1759,1755,hand2,train,1251,37127c36535f7aa6c698ce9c35c20891ee31ab4d6e015316e1a715c5f6949a85
K/hand2_k_left_seg_1_cropped.jpeg,K,1760,1756,hand2,train,1252,0328cfb7d249d9cbc69439c96bd191c3e4dfcdfc11a42a3fc2df21dcd7e27b61
K/hand2_k_left_seg_2_cropped.jpeg,K,1761,1757,hand2,train,1253,88ff7c03d0e0b2a47fd16cb8e1ac80df0c2158d9f700681f298a79e977776b46
K/hand2_k_left_seg_3_cropped.jpeg,K,1762,1758,hand2,train,1254,35dce9d20bf147c438a11a7d985ea27fdfb70ea5dcd90f38a7be72d590ef232e
K/hand2_k_left_seg_4_cropped.jpeg,K,1763,1759,hand2,train,1255,c8fb74ef74b007c3c3a058119abdd925e148ad2891cc461c7ccca0dfb50c596c
K/hand2_k_left_seg_5_cropped.jpeg,K,1764,1760,hand2,train,1256,712948acfedafe0aa4d0e267af6b7ddec915db792a55f301ec2d7e02d6daf5d2
K/hand2_k_right_seg_1_cropped.jpeg,K,1765,1761,hand2,train,1257,b3029787620829184db2c4baab0fe78ed669345a1640d0ea884d96c7f1ac69f8
K/hand2_k_right_seg_2_cropped.jpeg,K,1766,1762,hand2,train,1258,76f379e5bb3bc284b1c2300437219d713b28087557fe161a240d17393f060ef2
K/hand2_k_right_seg_3_cropped.jpeg,K,1767,1763,hand2,train,1259,2cedc5422b781d926b8db752592e2d541c180cd1892dfd9f9274de58ba792e17
K/hand2_k_right_seg_4_cropped.jpeg,K,1768,1764,hand2,train,1260,252858b6f1dd54348d3902fca5a84ae11db442067e3b866a5e4ee4cd5ad53839
K/hand2_k_right_seg_5_cropped.jpeg,K,1769,1765,hand2,train,1261,2bbd4564ba03a0bb51fbd861230665ecd6a94747a51938e748523c4508b0330a
K/hand2_k_top_seg_1_cropped.jpeg,K,1770,1766,hand2,train,1262,eeb39dc7f4f24c6f7f113217a0c4ae1249a577e747f416274d27ed49e40f3f64
K/hand2_k_top_seg_2_cropped.jpeg,K,1771,1767,hand2,train,1263,948e28ab2692102601dc4d6f8254586d10cf0b2f599449203539303cd87007af
K/hand2_k_top_seg_3_cropped.jpeg,K,1772,1768,hand2,train,1264,8621171ef77d479de836a962d5e19f911b22b5669a5d5417af7dd3e4fe3afdb0
K/hand2_k_top_seg_4_cropped.jpeg,K,1773,1769,hand2,train,1265,bc9956ace2ea7e44a94388571d3584d72e5c28aa7db065e2a493aea0bce18d92
K/hand2_k_top_seg_5_cropped.jpeg,K,1774,1770,hand2,train,1266,9c621e2dbdd93e72722f40e9516d688cecc88760dd282d0a02f3f9260204dc29
K/hand3_k_dif_seg_1_cropped.jpeg,K,1775,1771,hand3,validation,259,865fe2d34c90252dd8eeff3989beda0a7ea0571425f0bfd3eae32ceb94ab1d9d
K/hand3_k_dif_seg_2_cropped.jpeg,K,1776,1772,hand3,validation,260,fab568003dc564a5da5ac66ed3d25a06d25e423f8bf05a69cc1551519ecb5052
K/hand3_k_dif_seg_3_cropped.jpeg,K,1777,1773,hand3,validation,261,8bb31cc71b1166cbf8be755772e562d788734f8e0eee13b84f890a76b038ba8e
K/hand3_k_dif_seg_4_cropped.jpeg,K,1778,1774,hand3,validation,262,d657de4dd3e199fca71a27f8d433cf3ebf3271f2a4915294aecfadebe753412b
K/hand3_k_dif_seg_5_cropped.jpeg,K,1779,1775,hand3,validation,263,d464ee835ae9ba99ac49e32383cba3d93f4ac19c958647e60fbc7fc0613ebf85
K/hand4_k_bot_seg_1_cropped.jpeg,K,1780,1776,hand4,validation,264,ce197aba2fa07ab6a942f482f8e3659a4d3fe3a5a307ba747236bf5dc2d65975
K/hand4_k_bot_seg_2_cropped.jpeg,K,1781,1777,hand4,validation,265,8f2d630c339ad65cd978e7476d906e7c5c20ccd3c22208bfca6c0863b1c015f2
K/hand4_k_bot_seg_3_cropped.jpeg,K,1782,1778,hand4,validation,266,3a953d7d1e267d73a40ac2d679f5e9eb83b6fb6a5da1ea2dfc84b2b92c939561
K/hand4_k_bot_seg_4_cropped.jpeg,K,1783,1779,hand4,validation,267,43fcc357335e55efaac6b98780a9e51ac77660297e4906c8604a35fd7fbf3615
K/hand4_k_bot_seg_5_cropped.jpeg,K,1784,1780,hand4,validation,268,14d8a4ba5f4a556cd9ad620a03754aa9ee9daebfb7b04f36b515abd32b088152
K/hand5_k_bot_seg_1_cropped.jpeg,K,1785,1781,hand5,test,245,5bd610e0beaf77357400a3565c50cf22d4fa1530404886e89ce01b7b7c26f0eb
K/hand5_k_bot_seg_2_cropped.jpeg,K,1786,1782,hand5,test,246,7a8e6522ae8d81e84c5284b420b5ec72a88bbe05153d738be5a2ba53400d546f
K/hand5_k_bot_seg_3_cropped.jpeg,K,1787,1783,hand5,test,247,8815dd9fbbdd06adde368c91d4dcec1a4dfffd783f5e6dbc9b79f58d2c07e963
K/hand5_k_bot_seg_4_cropped.jpeg,K,1788,1784,hand5,test,248,c23f10d5287df41441a0c82cc38cbd80555bbeccafb9ee52579078e5aa6fedde
K/hand5_k_bot_seg_5_cropped.jpeg,K,1789,1785,hand5,test,249,8f23d6e6ef0970ff05498211ce9f7b5af334ca07265779b90928c173f199204a
K/hand5_k_dif_seg_1_cropped.jpeg,K,1790,1786,hand5,test,250,87ea7ac0d63f57f6afe1a42cb49cfcfee64e80a9f24c29688f688298918ba911
K/hand5_k_dif_seg_2_cropped.jpeg,K,1791,1787,hand5,test,251,f232bac67722012ada387c41616f62e778bc21af897475f7ca30ddd4516d2202
K/hand5_k_dif_seg_3_cropped.jpeg,K,1792,1788,hand5,test,252,c47bc6b0210ad85528dda350701b761b915794d72178fe1550c4da5604ed5fcb
K/hand5_k_dif_seg_4_cropped.jpeg,K,1793,1789,hand5,test,253,ffad04a8b7f14d22d3de3071acec08daa490c94b8f089b7f31e1283fbaee14eb
K/hand5_k_dif_seg_5_cropped.jpeg,K,1794,1790,hand5,test,254,9bf8501dbf5ee574c24d5c5f108f41c6085497af9c66f5dea7a7f015433c6534
K/IMG20210607183714.jpg,K,1795,1791,photo_IMG_date,test,255,fb550e0af4214e0c21cb4cf3edab98ffc10fd7b3b3c18f006e80797c54c15edd
K/IMG20210607183715.jpg,K,1796,1792,photo_IMG_date,test,256,42f3c2250fdfbcd67439512b1756623eeda47c306f990347e8b6a41db871f85e
K/IMG20210607183716.jpg,K,1797,1793,photo_IMG_date,test,257,9a3adaab20c0e835176bcff660c9023a747fd3dd4ac8288f6cee644c70232b18
K/IMG20210607183717.jpg,K,1798,1794,photo_IMG_date,test,258,9cf9c5bd6ba50aef7fc458d7345b8b08fa493afc0d612626b62f1b9fb9f9847d
K/IMG_0258.JPG,K,1799,1795,photo_IMG_counter,test,259,7a66b8bee8681b25c842c71f13da3fbb6c1854359862beae839b8d92682c7d6a
K/IMG_0259.JPG,K,1800,1796,photo_IMG_counter,test,260,8e3cb978944995c805d6360a178c8b559fcedbb27f90350bb07e48da542a3482
K/IMG_0260.JPG,K,1801,1797,photo_IMG_counter,test,261,79dca62c4fbe708a42eb427649d953a901d8f06e912d80841e512f1b19f6193b
K/IMG_0261.JPG,K,1802,1798,photo_IMG_counter,test,262,99217980c6ec0870eb4b79336fcb72a11aaa2151c93f4f07157fa27396e9d3d8
K/IMG_20210605_172837.jpg,K,1803,1799,photo_IMG_date_underscore,train,1267,86535a72e37b5f119f9d6cabc9c73b23b4039d324db7f4746da8c54a17c791c2
K/IMG_20210605_172842.jpg,K,1804,1800,photo_IMG_date_underscore,train,1268,a410eb25219e3bd7d234b7bd45d213acd4108f48e022748eb102fe6e8ce5d310
K/IMG_20210605_172852.jpg,K,1805,1801,photo_IMG_date_underscore,train,1269,547daf858171c8d511ca70c8416ec2380c86b3650751a73d1b49196c6f0b383f
K/IMG_20210606_202621.jpg,K,1806,1802,photo_IMG_date_underscore,train,1270,a49ec078f371e7c99bd54d3573f635c51e2b867a20500cc254226d00fc5b50cd
K/IMG_20210606_202625.jpg,K,1807,1803,photo_IMG_date_underscore,train,1271,14fd2d25bf879955690224fb92cccc251a4b7370afe7f02788e182a136c59ac8
K/IMG_20210606_202628.jpg,K,1808,1804,photo_IMG_date_underscore,train,1272,c053b99991b54ddc00debbcc5ec5d93680106328b3cb11f047ca1a600325c4b0
K/IMG_20210606_202632.jpg,K,1809,1805,photo_IMG_date_underscore,train,1273,d02720e9ba43fd0f015f6db4aced218a8b6bb82a0de99f3fece8970d33239447
K/K (1).jpg,K,1810,1806,photo_letter_parentheses,train,1274,a4c828079095de8fe7b4187a7cb24b9c4e1e775282e7e5ec1b6c8eb62a40f9e9
K/K (10).jpg,K,1811,1807,photo_letter_parentheses,train,1275,aec72a8481f1d8860c630685fc8042c729205bdb4c562b61ed92bfb45aceaf7e
K/K (11).jpg,K,1812,1808,photo_letter_parentheses,train,1276,2c9c55b0961380c4a4748ede9a297507168a6080911204eebc6a48208a158fe9
K/K (12).jpg,K,1813,1809,photo_letter_parentheses,train,1277,1b03587712dc098e65442a4109cc3578bbe7361f54ddd4865701698895e4176d
K/K (13).jpg,K,1814,1810,photo_letter_parentheses,train,1278,adc66d2183ddfd986c8675967cd26fc92351f768ee7cad7d563cb8307c74b89c
K/K (14).jpg,K,1815,1811,photo_letter_parentheses,train,1279,5ab207ec40cc0883e1fa181e05373c8052c8c96db3e3fa5226f66e3f37c9e73a
K/K (15).jpg,K,1816,1812,photo_letter_parentheses,train,1280,015a0be5f4ae47cb1737ad04fb580c8efefe1ec91757a55046552633655f4110
K/K (3).jpg,K,1817,1813,photo_letter_parentheses,train,1281,de2831f8b9e1c72ca0683e80fdfb0f81037afde29c413d907dff2597eb0d1d2b
K/K (4).jpg,K,1818,1814,photo_letter_parentheses,train,1282,05d9cb186cad9b805058deeb6537168a5a3c2ef86c1c833145d5b03ec93bdc89
K/K (5).jpg,K,1819,1815,photo_letter_parentheses,train,1283,029f9468f37a57d943691040b6b45d0aa9f6000a14f1bec551b399f6b6fd4242
K/K (8).jpg,K,1820,1816,photo_letter_parentheses,train,1284,1598f9963a074a72fbb2589f6bb75a0ec8ee80abbc2f391d36e666c205b1040e
K/K (9).jpg,K,1821,1817,photo_letter_parentheses,train,1285,a3cb78a754c407688b6dd10c561624a96930ff1ce6e0301891950949ca88d091
K/K_1.jpg,K,1822,1818,photo_letter_underscore,validation,269,d756b31cb9d319ab79eb5ae1ff081426efe3200e18816735099abff331e0ac11
K/K_2.jpg,K,1823,1819,photo_letter_underscore,validation,270,f8d3ddfbb3586f8b85b9f3123a64d24c2240286395c8c291c7377fb62fe7ded1
K/K_3.jpg,K,1824,1820,photo_letter_underscore,validation,271,9e8feefe4e739bd1c5a028b88537322ea1cef74a3ab1b02df22163cb75e1f6d1
K/K_4.jpg,K,1825,1821,photo_letter_underscore,validation,272,d5e7c648711dd849d3ec9ad0f9ea03dc57dd569363f68c99d3c158bb7de1a1b6
K/K_5.jpg,K,1826,1822,photo_letter_underscore,validation,273,bb921587119ba904e5e388664f280caea3b5b625d469707de6a72b1d2676ae94
K/K_6.jpg,K,1827,1823,photo_letter_underscore,validation,274,8400c217db8befe1b3da4dac5756c8fce6525d2e0bc0080c295273185ffe8db3
L/096393BC-6DDD-4267-BB5F-AB72750A2765.jpg,L,1828,1824,photo_uuid,train,1286,f4b296012a865922deb2df025f6b96f91065ac73445d309c9ec7e8c0864cfbc0
L/20210607_173039.jpg,L,1829,1825,photo_date,train,1287,d2804d148f4c87a250e21369e7260fd0c993e84c59a01ac1b2b151d8f571e47d
L/20210607_173042.jpg,L,1830,1826,photo_date,train,1288,6374d28a5003267a726c1ebfa06f9747c4c97b0f9b04bafa37fc1ea4fdee3c25
L/20210607_173044.jpg,L,1831,1827,photo_date,train,1289,df86d14c7aac926a18490a123e983c881956b446995cd708d909595c02056c98
L/20210607_173046.jpg,L,1832,1828,photo_date,train,1290,4977b65f732f2fe10d05722aecdbecf440d896a5796b6fd11775459b9c4cacab
L/37856164-6B92-46F0-81BC-DC754906E21C.jpg,L,1833,1829,photo_uuid,train,1291,58b8096233df836da5495dc0c4d5a40d13418aafbfda5cadc8b1a9b2849e3083
L/8474BBB1-0C27-48AF-8C0D-AAD6256076E2.jpg,L,1834,1830,photo_uuid,train,1292,36a0dab11e3b41be3296b7945d403e832ad55502f2a0ff2e04b105b4ed2432d7
L/B1FD7DD5-FF61-428A-894F-1B624CC78E24.jpg,L,1835,1831,photo_uuid,train,1293,6155356c37e13e3cf02dc3422cade6568d9b7758794d8c84e7ae0ccdc5457b1a
L/hand1_l_bot_seg_1_cropped.jpeg,L,1836,1832,hand1,train,1294,e56161a9eebbb7235e74e983a5aa17b33f73f27b1a38a99de3ecc8bb9541f32a
L/hand1_l_bot_seg_2_cropped.jpeg,L,1837,1833,hand1,train,1295,81026368f5dec41e821b8c36ab0d29821610135ddd99d460cd69eff629884935
L/hand1_l_bot_seg_3_cropped.jpeg,L,1838,1834,hand1,train,1296,8d9696326887af9552ca83239b1bf375d601dd380dec1f3ab1f8cdac87bb1991
L/hand1_l_bot_seg_4_cropped.jpeg,L,1839,1835,hand1,train,1297,9b5a79f5c7fd400b94c168ed898beeb8023d66b329fcfc8ef4589c6a38cad8b2
L/hand1_l_bot_seg_5_cropped.jpeg,L,1840,1836,hand1,train,1298,956aa9bf755505d10576797f0555a3098f19c5c05971c3fd59dc57bae6df20f3
L/hand1_l_dif_seg_1_cropped.jpeg,L,1841,1837,hand1,train,1299,a6bd922fb54e9fa15616fc6e1a8eae430f1cb36423e045b7839affb2afcbef13
L/hand1_l_dif_seg_2_cropped.jpeg,L,1842,1838,hand1,train,1300,01949e227b5a08241b6ef5a9b4c27d0df7ab1fdeb578fb6a8826b02ebf8a2386
L/hand1_l_dif_seg_3_cropped.jpeg,L,1843,1839,hand1,train,1301,49fba48c6c13139720402fb6200a646d5720e49954dd01023e6b02e5e61ccae6
L/hand1_l_dif_seg_4_cropped.jpeg,L,1844,1840,hand1,train,1302,6e7f9c92d89deed06bdb6dad46040e0ca07519dc3ef0b795839629bf5d5500da
L/hand1_l_dif_seg_5_cropped.jpeg,L,1845,1841,hand1,train,1303,6038730f0ce8b68100dad05d50648e75518779b9dd04f0428a1ef11f91da7cde
L/hand1_l_left_seg_1_cropped.jpeg,L,1846,1842,hand1,train,1304,4d886063a7b9778eafa4579527982bb33c558d38726f13e81211d128bd0a35ce
L/hand1_l_left_seg_2_cropped.jpeg,L,1847,1843,hand1,train,1305,118623a2cfeaa0d450943329e09b22bfd66d17e4232769c22427c499e0cc8ad8
L/hand1_l_left_seg_3_cropped.jpeg,L,1848,1844,hand1,train,1306,aff68015b1c87c6460ca1c6e5af25d5c1570ed6c9c66b3202272c5d1a94a2bf0
L/hand1_l_left_seg_4_cropped.jpeg,L,1849,1845,hand1,train,1307,c1223d3a3ec7f12186b012340c2f962e69b0e509237fd9b58adfbe156125c685
L/hand1_l_left_seg_5_cropped.jpeg,L,1850,1846,hand1,train,1308,a841c1928854fa2cf594f17bd6e994fbd6a0f255973649fb2a479d738097ea1a
L/hand1_l_right_seg_1_cropped.jpeg,L,1851,1847,hand1,train,1309,8e298b06ba6e1545b40897e59b32454842652e44d958d2d7c5e53c00426478bd
L/hand1_l_right_seg_2_cropped.jpeg,L,1852,1848,hand1,train,1310,216dc436577a26a93a9dfa1dcc8b63d774024e0029c65dc71ff99c826383cafd
L/hand1_l_right_seg_3_cropped.jpeg,L,1853,1849,hand1,train,1311,b17ca9339afb319347579d0b87f0ea7d32d8fa7b83810740e9d57f80bb273938
L/hand1_l_right_seg_4_cropped.jpeg,L,1854,1850,hand1,train,1312,3afec538ace045133188591d23dd6a13d74b5067633545b0fe201babcfcbc626
L/hand1_l_right_seg_5_cropped.jpeg,L,1855,1851,hand1,train,1313,b3286fe02997f3f0f114b44fc2e425cd6ef59e4f28193cdee992bf72335eb62f
L/hand1_l_top_seg_1_cropped.jpeg,L,1856,1852,hand1,train,1314,1c6ca851dae1be9bad4b313649700e1c4cddcad654cc055c140b7f45376918a1
L/hand1_l_top_seg_2_cropped.jpeg,L,1857,1853,hand1,train,1315,5bb093bf73f8467e0deb37430a34992342cfcc42405b09933f90d56e9239292b
L/hand1_l_top_seg_3_cropped.jpeg,L,1858,1854,hand1,train,1316,aec3725cdd437c98e37df2bb46beeba993137472ccd5ed5931234ee34b43c55f
L/hand1_l_top_seg_4_cropped.jpeg,L,1859,1855,hand1,train,1317,bc5f84db4dca5520cc38999a3b98890d7a7d20bdd5fe0b9a7c599149c4626ce6
L/hand1_l_top_seg_5_cropped.jpeg,L,1860,1856,hand1,train,1318,3f23aa5c015d98175f09f40d6881a06039b6afa86570d4a9d335c9bdd1963ecc
L/hand2_l_bot_seg_1_cropped.jpeg,L,1861,1857,hand2,train,1319,5829a987e2fd261552a29d50f3bf6039ec0ee35a3f02aca7bf21b990a7ec964d
L/hand2_l_bot_seg_2_cropped.jpeg,L,1862,1858,hand2,train,1320,0c4bd52175757fcc798bcc2fad439a1899a0d0e72ade45f7f754639718a3cb32
L/hand2_l_bot_seg_3_cropped.jpeg,L,1863,1859,hand2,train,1321,7e7a89d8f65e57f7d7c0525806f7a1e2bbddb80022109a8556bcdbf8ce8996e9
L/hand2_l_bot_seg_4_cropped.jpeg,L,1864,1860,hand2,train,1322,fb49c75e66e78a1f11b5404aa3a8e81485a818a683f7da56c25f98919049147f
L/hand2_l_bot_seg_5_cropped.jpeg,L,1865,1861,hand2,train,1323,bffc2ac1ace280cb15eebd5efd256d20b478aaba0885ffe8ca692732a27e19a0
L/hand2_l_dif_seg_1_cropped.jpeg,L,1866,1862,hand2,train,1324,ece1fa47149280608c74fdf79fbe587bc49c9e90bec0322a8494a99265496e08
L/hand2_l_dif_seg_2_cropped.jpeg,L,1867,1863,hand2,train,1325,4c1097bb472da1973a05e55c438f2b847598fae1b928f091515d213fd5335681
L/hand2_l_dif_seg_3_cropped.jpeg,L,1868,1864,hand2,train,1326,7c8f9797d461069d0f2f383bc4ca6f1ed433f3311be5cd8d0b245f138a74e5b2
L/hand2_l_dif_seg_4_cropped.jpeg,L,1869,1865,hand2,train,1327,50143ce7e33edb6966c0cf2a5fdaf40ea9ea00bf6f03902b3064a535c848eed8
L/hand2_l_dif_seg_5_cropped.jpeg,L,1870,1866,hand2,train,1328,cfded5e45cd4016d0dd5833ef006650342080accad299b8b90f089deb9a2e6ad
L/hand2_l_left_seg_1_cropped.jpeg,L,1871,1867,hand2,train,1329,474f165228ab65ef27bfcdc5bfab6ee18028d778a50be19a6aafc4bca5ae1949
L/hand2_l_left_seg_2_cropped.jpeg,L,1872,1868,hand2,train,1330,36151dccd7d5843d4aac7d6983c77cf2ed8bdc9768f738921895f60f28003f8b
L/hand2_l_left_seg_3_cropped.jpeg,L,1873,1869,hand2,train,1331,041949534de790bb714ba109df110a5b5b45ef96114395acb27e1d01b5ec82f0
L/hand2_l_left_seg_4_cropped.jpeg,L,1874,1870,hand2,train,1332,79e7a0ba4f76623fda7139debf1e7918e89c007b10b93626382dc4a6b0453f80
L/hand2_l_left_seg_5_cropped.jpeg,L,1875,1871,hand2,train,1333,5c435d17ecd3f40d2f044468ce119ce862ccaefc7c32108b06fdd564b1350c16
L/hand2_l_right_seg_1_cropped.jpeg,L,1876,1872,hand2,train,1334,d54bab1558d058e6326a043d4861f82632cae56d01ea45813e1c035c4f9514cb
L/hand2_l_right_seg_2_cropped.jpeg,L,1877,1873,hand2,train,1335,f281ecf19105034091b7ad989372a07d88924e824c6359399c48a3920a465a20
L/hand2_l_right_seg_3_cropped.jpeg,L,1878,1874,hand2,train,1336,d757c4c1e2e98ac2d2e78a04687ed1ee1b74c97fe8c695ad381cc608ca85af56
L/hand2_l_right_seg_4_cropped.jpeg,L,1879,1875,hand2,train,1337,899dccf98e2a4b3102c56eed4dbece7f737399c2bdc2c7fcfab9201d9f338919
L/hand2_l_right_seg_5_cropped.jpeg,L,1880,1876,hand2,train,1338,2282f9eb402a29a37a26657ab56c4687d0428e8db11ccc3040741c0abebf41af
L/hand2_l_top_seg_1_cropped.jpeg,L,1881,1877,hand2,train,1339,b63b33d3a1f35ba3e57346f564873bb44f7a708d9c2b0c96c063126e60d18784
L/hand2_l_top_seg_2_cropped.jpeg,L,1882,1878,hand2,train,1340,1d6c910a0291918e97a646eb73225b2b63b3f1cc2daa8878c7114ac103fd6a40
L/hand2_l_top_seg_3_cropped.jpeg,L,1883,1879,hand2,train,1341,38e0058e4a5894fa93be4436c3317260ca966e2b195abe64e90c6ebe9228f488
L/hand2_l_top_seg_4_cropped.jpeg,L,1884,1880,hand2,train,1342,246130926b18235050446a984b764bdd2e8056f7673042c045c88be90b82a16c
L/hand2_l_top_seg_5_cropped.jpeg,L,1885,1881,hand2,train,1343,1913cdeae72a0e5df31dfcae1916291618b369a0dd8d5bf20bb970f85b0b9796
L/hand3_l_dif_seg_1_cropped.jpeg,L,1886,1882,hand3,validation,275,afb2685d92eb8d3076578afe7a6293a7317e187a9eed06dad889e9d2e4822ce1
L/hand3_l_dif_seg_2_cropped.jpeg,L,1887,1883,hand3,validation,276,98bd9e5371257086661e6ce80699ba9c73a19dad192e34eefff4bcf746252d61
L/hand3_l_dif_seg_3_cropped.jpeg,L,1888,1884,hand3,validation,277,ae1e6600c149f8c913fc94d522dd4adb28402638335823bfa95f9f8513f17d6e
L/hand3_l_dif_seg_4_cropped.jpeg,L,1889,1885,hand3,validation,278,8660640b6266ec7bb36dbf7b5e45097caad305a1b55b3b2dee70a7e401fd9021
L/hand3_l_dif_seg_5_cropped.jpeg,L,1890,1886,hand3,validation,279,641b97f305bed58243733be9d8cf5ac483db291cae268fdce98aeac11d1e1a6b
L/hand4_l_bot_seg_1_cropped.jpeg,L,1891,1887,hand4,validation,280,9dd840592b67436066b06987c523d80fdef88a7cb037953040b565aaf02dab74
L/hand4_l_bot_seg_2_cropped.jpeg,L,1892,1888,hand4,validation,281,a5c2e5c1eb96ef0f373e6e2d66acb0de4ad3dc9e9e2945c7e16be02e45d9d18e
L/hand4_l_bot_seg_3_cropped.jpeg,L,1893,1889,hand4,validation,282,386e3486c5c67da685626ca04fd0532865513b972436cce37b9a5627cc9bb0aa
L/hand4_l_bot_seg_4_cropped.jpeg,L,1894,1890,hand4,validation,283,1fc99a65af74f3ddb20b94d5ed9b67bd819e2af6988f3b52a257e354aa0c1224
L/hand4_l_bot_seg_5_cropped.jpeg,L,1895,1891,hand4,validation,284,4630c27581fbee84cb37aa5bccdc469daec811bb4df8fc309428466ef94a3428
L/hand5_l_bot_seg_1_cropped.jpeg,L,1896,1892,hand5,test,263,1655eab3caa41f6feb75ac45ab23de19274f8f5c0b215c2286c51cb28695d16d
L/hand5_l_bot_seg_2_cropped.jpeg,L,1897,1893,hand5,test,264,0e7ebaa4c6a7442251c56416791e55188c17bc0566fe84cf38cd8a6d306e08d2
L/hand5_l_bot_seg_3_cropped.jpeg,L,1898,1894,hand5,test,265,5ac7cb256a55409a450a92336bc523b3ab5d2f91bcff617003230952d79e132a
L/hand5_l_bot_seg_4_cropped.jpeg,L,1899,1895,hand5,test,266,fded6faac64ebe47620e751a69417deb71a3314a697ade0af3d4c43972da18ac
L/hand5_l_bot_seg_5_cropped.jpeg,L,1900,1896,hand5,test,267,d6ce4fe70fe8016f3e98454b138e4e5121a0eb95f49e5ba1119cdd6ecbfe7b82
L/hand5_l_dif_seg_1_cropped.jpeg,L,1901,1897,hand5,test,268,c2f284ca941663797d8a489d41caf50523480d4296598ddb995512ab3c09597d
L/hand5_l_dif_seg_2_cropped.jpeg,L,1902,1898,hand5,test,269,12208164aac7367f40ea767df1e90bcb1ae2337490b21630b2de228fe787830d
L/hand5_l_dif_seg_3_cropped.jpeg,L,1903,1899,hand5,test,270,dc187a86e7b2c714a25aebae21cd785110cf47e7b60fbd657d952fc72292cee3
L/hand5_l_dif_seg_4_cropped.jpeg,L,1904,1900,hand5,test,271,36313c1d169805a91be4c33a7848f667b4391a8d501311fa53c2b09329e0d54f
L/hand5_l_dif_seg_5_cropped.jpeg,L,1905,1901,hand5,test,272,3d80f4b9a6b24b1b40a489258ea6c3f68c4e0f7f5af67f7854336032c54609f7
L/IMG20210607183727.jpg,L,1906,1902,photo_IMG_date,test,273,50b6706eca2db8785a9dca060b76304645988a03c442a53cb5215abeb0e47b67
L/IMG20210607183728.jpg,L,1907,1903,photo_IMG_date,test,274,69cfb251bd6ad1a4fdf26119ca4bab1adb3e3c0c9d58092dde4bb4ca8e95c25f
L/IMG20210607183729.jpg,L,1908,1904,photo_IMG_date,test,275,3030a172d0aaf31e462d06d3598bfccc376546f95cd32ef9d2c7482790d4cd50
L/IMG20210607183731.jpg,L,1909,1905,photo_IMG_date,test,276,cf7a93816ca1e7e2c7e8a5d96ea462c3f985dba4934e832444fbe8e5d2848648
L/IMG_0263.JPG,L,1910,1906,photo_IMG_counter,test,277,eb373eea6adaa941baaeba1973df0d6d14ca31a6ccc053739ae2de13bd8ffc46
L/IMG_0264.JPG,L,1911,1907,photo_IMG_counter,test,278,ecbc810fea3fd88bdc91617b0f6fa201f0ff57e600d96b7ea368d6fa9a4a49f9
L/IMG_0265.JPG,L,1912,1908,photo_IMG_counter,test,279,eb0b04076b75039328a8218b255d975911d106b20d0cf55e7e20d35224a35817
L/IMG_0266.JPG,L,1913,1909,photo_IMG_counter,test,280,0840de7eaa70623a7ece3b99e388ae8730e2491657959996b003471dc3a68734
L/IMG_20210605_172955.jpg,L,1914,1910,photo_IMG_date_underscore,train,1344,1dcd4c5011cfc0b5a9b0986a05d938ec8fee316dd72f8b6c56724d5bb76eed30
L/IMG_20210605_173000.jpg,L,1915,1911,photo_IMG_date_underscore,train,1345,e218ceabcc7c9273f19dfc65bc1cea8542bb26c1331a6cad8bd1fb30d13e2a84
L/IMG_20210605_173003.jpg,L,1916,1912,photo_IMG_date_underscore,train,1346,e9373e9056bff5be2d803a8b81c00073ac61c8ea7cbbd61d2751a86f2accd360
L/IMG_20210605_173008.jpg,L,1917,1913,photo_IMG_date_underscore,train,1347,bd9191d4ddc835d949cbc6fa97100b166a9db14f7e0b330aa6d2e4dd3509556b
L/IMG_20210606_202652.jpg,L,1918,1914,photo_IMG_date_underscore,train,1348,d8f1135ec599effa5307488753cfdb189c4f2ef6c7cf370a00f3989aaa37c134
L/IMG_20210606_202658.jpg,L,1919,1915,photo_IMG_date_underscore,train,1349,2f2d0180e52832a911a4d270e5d0af0d13c6682c523a77dbeb0622da01ff9355
L/IMG_20210606_202701.jpg,L,1920,1916,photo_IMG_date_underscore,train,1350,25438a26fb0f5e6355027707366b49a41bc368592eace837b288bc637aa73468
L/L (1).jpg,L,1921,1917,photo_letter_parentheses,train,1351,9c3c16f835e36a512e3f4c26c39cecc0ad9b773567ca274876a4f4c60420509c
L/L (10).jpg,L,1922,1918,photo_letter_parentheses,train,1352,66476b11d8aa59c330b31b8a3ce19a6139a701689a762e8a3f3d00d2e7a3afe1
L/L (11).jpg,L,1923,1919,photo_letter_parentheses,train,1353,442c48ae3c52420c4aa97205efa707c2f291d544a41af2e0dad401b91d9ef52a
L/L (12).jpg,L,1924,1920,photo_letter_parentheses,train,1354,83866f04140b9132760011deb067944bdbbd864b5726aae2bc9938d5543379ad
L/L (13).jpg,L,1925,1921,photo_letter_parentheses,train,1355,f60a6b539dc81678f7aebefb8c46b95bf553dd6a91a370ae6c745860ac994faa
L/L (14).jpg,L,1926,1922,photo_letter_parentheses,train,1356,40e1a7b628f2d2fa0f85298af9f212f8b31ba045dee48938aae825fe52e5cb50
L/L (15).jpg,L,1927,1923,photo_letter_parentheses,train,1357,7ad60a0f2b5749324af166226a7afa9d4a5010a86195ecb613062772afde634f
L/L (3).jpg,L,1928,1924,photo_letter_parentheses,train,1358,0e112ce415c7e68acbc8da779822f3d95d82855b72d40f7ae97c4640f387799d
L/L (4).jpg,L,1929,1925,photo_letter_parentheses,train,1359,4d9727441b8070ea8e66f8b031788e50388de8ce2f701b0ced6f813937dbd58c
L/L (5).jpg,L,1930,1926,photo_letter_parentheses,train,1360,90497ef6a2a35af797fadcc70d241589c8c33566db73a2933136893fcc6e38b9
L/L (8).jpg,L,1931,1927,photo_letter_parentheses,train,1361,89f9c68a46717695e909b0c8f103754b7568ca209f5aaff4d8a6e3b2a15976b1
L/L (9).jpg,L,1932,1928,photo_letter_parentheses,train,1362,45b4331cd7e420b4c4d8f54174554c3046331babad3af55819b775f1c94309c4
L/L_1.jpg,L,1933,1929,photo_letter_underscore,validation,285,c4a5dec2b552c06bc60e7e881c5adf8444692753031c92d78a7540a6566bb2d5
L/L_2.jpg,L,1934,1930,photo_letter_underscore,validation,286,fe2b40b547cff552b2fe8c63651ce68e11768d344881e35faca791c9501c4258
L/L_3.jpg,L,1935,1931,photo_letter_underscore,validation,287,e6480c7ff424516899523ca18832da045a96148608c6d081e3838d3bf5384c8d
L/L_4.jpg,L,1936,1932,photo_letter_underscore,validation,288,8123a9903ddceee4b244e50561b2d4794c80d71a069d3cc0f41de5a0680cc3a1
L/L_5.jpg,L,1937,1933,photo_letter_underscore,validation,289,7008f3b2a6b77d2eaf71407819fddc65ea8a157fa8342325a17b6dd909b0873e
L/L_6.jpg,L,1938,1934,photo_letter_underscore,validation,290,09c43e1e048db1f987cde499d5fda6cb8d9e7f40cb7681dd116c18a59de0ede2
M/04D7F1D9-28CB-4091-8598-AA527AE03A8C.jpg,M,1939,1935,photo_uuid,train,1363,a9ad0d06b4a55a26158d83b4ca22953213dad5cb2cc8c82a7c13216124ac5e32
M/20210607_173126.jpg,M,1940,1936,photo_date,train,1364,9311a21271d1fd2948daff4c6b2e695b8d13a7286189ec8eab08db6dd45cb5ec
M/20210607_173129.jpg,M,1941,1937,photo_date,train,1365,beb22fc36da902736cda6e71df1616c4a84fcb640eb3f81889b3250b076e524c
M/20210607_173132.jpg,M,1942,1938,photo_date,train,1366,b1e8aec3aa631e2b827451201319f26ba81b68764fa19d21ce2ce096c1c483fe
M/20210607_173207.jpg,M,1943,1939,photo_date,train,1367,384a2c26f68b8e6a5f1cf99ece9d7d6ae7508859d865319ce31b407ce971f637
M/2B859E81-25BE-4881-89A9-C6A7B8945B29.jpg,M,1944,1940,photo_uuid,train,1368,1da6ffb2491bf3c39c078b1c8f24f1a93d6fe540d459fb0436d601190577ea7f
M/3FF4AA84-E607-4B53-9D53-FB4E6C59227C.jpg,M,1945,1941,photo_uuid,train,1369,1645b41a107ec64ebbd966ef0d16daaa38e9af1ba8171563a510ec6c736b9f20
M/66E9F470-71B0-46E5-9F4E-88DD92B087F2.jpg,M,1946,1942,photo_uuid,train,1370,fe828ae01087434fc8f4391393a422500bdccd35929a5ea2a768c7ca4a097b1a
M/hand1_m_bot_seg_1_cropped.jpeg,M,1947,1943,hand1,train,1371,034453bf9effb4b5d724e9cbe2a4908614f4d54cd521a658e5770cc076d8e2c8
M/hand1_m_bot_seg_2_cropped.jpeg,M,1948,1944,hand1,train,1372,6e1dbed9f287e6647e9069a6cc34afcd0a198507406381a3e14765a9bc13d1ae
M/hand1_m_bot_seg_3_cropped.jpeg,M,1949,1945,hand1,train,1373,638ff4adc726de605fbc73da075e7399d959cf585d0e56c610b805de5a5a8a8e
M/hand1_m_bot_seg_4_cropped.jpeg,M,1950,1946,hand1,train,1374,619238338e7c4e210ae171893c4cb43859460db7204ec21ae16ccee93d950869
M/hand1_m_bot_seg_5_cropped.jpeg,M,1951,1947,hand1,train,1375,749d580bc8599312dbefdf29b50095b28be8d6f734af6b644dee6e060d74fa6b
M/hand1_m_dif_seg_1_cropped.jpeg,M,1952,1948,hand1,train,1376,00d7e05eaf922086e6449a4f27a819a77eba701b60610a15e6cda1a2fcc42b70
M/hand1_m_dif_seg_2_cropped.jpeg,M,1953,1949,hand1,train,1377,3e1b7b3eeb024442b56c4ef435c94ce11d2321732fcacd6729b27dc9e3219ed6
M/hand1_m_dif_seg_3_cropped.jpeg,M,1954,1950,hand1,train,1378,94daac905824c8d98c29f7f741a4665d17fdf03249d8c9673b9f51e1d0444d58
M/hand1_m_dif_seg_4_cropped.jpeg,M,1955,1951,hand1,train,1379,85df2b1cf997efccb4c784ad35a0f2293ea99e20236a4a67bbe18a6912a48c78
M/hand1_m_dif_seg_5_cropped.jpeg,M,1956,1952,hand1,train,1380,d1707e88c3d079e83b546b05ecb0e946999465c34382b90d48261777c82d064f
M/hand1_m_left_seg_1_cropped.jpeg,M,1957,1953,hand1,train,1381,f8b131d7008dfaae9fce51ec1a5bfc15e0ea1eec01c037d3c51f3dddd841521c
M/hand1_m_left_seg_2_cropped.jpeg,M,1958,1954,hand1,train,1382,15cf41b50ceff44e49df6a601fcb28bf20130137ee8e70ab56399cbd8cb3ff71
M/hand1_m_left_seg_3_cropped.jpeg,M,1959,1955,hand1,train,1383,838591ec20bf59de22096a26803bf5e090fa56bdea1bb0e69fcba404fdd40d17
M/hand1_m_left_seg_4_cropped.jpeg,M,1960,1956,hand1,train,1384,4cfc29f6793b2a108608113ccc46ad0aee4090b336966932433ef39d566637a0
M/hand1_m_left_seg_5_cropped.jpeg,M,1961,1957,hand1,train,1385,ad408823ccd002a44edcba417360e6001ed9311a58ad86084993455966327530
M/hand1_m_right_seg_1_cropped.jpeg,M,1962,1958,hand1,train,1386,1c5be75ed0591c4c942dcdc71664b5b050097d8f846e01d4f6f26356f9873e9b
M/hand1_m_right_seg_2_cropped.jpeg,M,1963,1959,hand1,train,1387,56d88168c1ad1fe4b2221faa140f5437a6ffcad69caaf48affd84bcb359d90ab
M/hand1_m_right_seg_3_cropped.jpeg,M,1964,1960,hand1,train,1388,d0c2caac5a34cb2eb4c72f4c5f26199957eaf3f36e9e0959f755585345349974
M/hand1_m_right_seg_4_cropped.jpeg,M,1965,1961,hand1,train,1389,fca7ac6267c2d8b1db0b1f087e2e874deb9379253c2d1bb73b9506a39a04efea
M/hand1_m_right_seg_5_cropped.jpeg,M,1966,1962,hand1,train,1390,4af61cb513c96ac4cc519620eb23e67c89abc7acc050828214b412f8b9fdbe41
M/hand1_m_top_seg_1_cropped.jpeg,M,1967,1963,hand1,train,1391,a6daa66ffdf5176847b7a3ca71110d7fb2a65e82430cd3a94506a8f40bbe3fca
M/hand1_m_top_seg_2_cropped.jpeg,M,1968,1964,hand1,train,1392,e716b652e5774ffd197e860bb93bd549899497acb8df16429c58e0bc26297049
M/hand1_m_top_seg_3_cropped.jpeg,M,1969,1965,hand1,train,1393,092ceee2b35a6718c186d7f2f013308951197b74609e4991fce690b325cc695b
M/hand1_m_top_seg_4_cropped.jpeg,M,1970,1966,hand1,train,1394,1ce3e361625eabf395a4ba2589c07602ea152a9ab76614832f50fc6f77e386bb
M/hand1_m_top_seg_5_cropped.jpeg,M,1971,1967,hand1,train,1395,b4567d5437f6e528ca31b8bbe9ae81f358c484b390290d9788342abbeb0a021c
M/hand2_m_bot_seg_1_cropped.jpeg,M,1972,1968,hand2,train,1396,c083687508c46c358c39bb76e24d92ed698b0c6476d8e29f599743e9e71a9df6
M/hand2_m_bot_seg_2_cropped.jpeg,M,1973,1969,hand2,train,1397,3298c4627ba84706b2904bd71f9fd41f455e0b84b98ae0a6d5ec00ac3aa41eea
M/hand2_m_bot_seg_3_cropped.jpeg,M,1974,1970,hand2,train,1398,eed5670249de5995b424a4c0bc9e069bee9f919e5f36a82e6a851f4a06dabc82
M/hand2_m_bot_seg_4_cropped.jpeg,M,1975,1971,hand2,train,1399,e3fd4d7b2c9c062059aebbe04e37ba8e7cb50ea38d015b38634ced2e61531860
M/hand2_m_bot_seg_5_cropped.jpeg,M,1976,1972,hand2,train,1400,660566379a34d5af6e229b92fea9228f565f5c044b2f50f2ae6c664006a6b636
M/hand2_m_dif_seg_1_cropped.jpeg,M,1977,1973,hand2,train,1401,825591a1e1820512bcb0539c8162ebb4036ddb3d118b789f8c51698daa05926d
M/hand2_m_dif_seg_2_cropped.jpeg,M,1978,1974,hand2,train,1402,ea12b8f774ec15c85ade2a61fcd15ce9fc23d829534f6df269576072a8c97355
M/hand2_m_dif_seg_3_cropped.jpeg,M,1979,1975,hand2,train,1403,292cad15f3cf542700ec96fa0fe0e0cad7d3ab7b1339ec493ec37041f1e98b2d
M/hand2_m_dif_seg_4_cropped.jpeg,M,1980,1976,hand2,train,1404,645ef1bda15df032b71bb5a9e98fabddf9bb4171c5ea4230e6989bf73cfadc3d
M/hand2_m_dif_seg_5_cropped.jpeg,M,1981,1977,hand2,train,1405,0c24d8e8d3159759d7acd5c9efb66ec93b23af2bc8f96d2e7544e81f9363b5ab
M/hand2_m_left_seg_1_cropped.jpeg,M,1982,1978,hand2,train,1406,4666b154ffdb7a8a1972141e430d00b794a7c8d99dad6ae7cbe8c711104fbb60
M/hand2_m_left_seg_2_cropped.jpeg,M,1983,1979,hand2,train,1407,beeeab136255564b80748b9f0bf306eb3aaca40465f7f88c1f1b617797da9b88
M/hand2_m_left_seg_3_cropped.jpeg,M,1984,1980,hand2,train,1408,8dc4403ab9d91feadadef88693799d09d539d70053edf7ac4865da0767779596
M/hand2_m_left_seg_4_cropped.jpeg,M,1985,1981,hand2,train,1409,3efb583940acafc9be8a44fedddb10f5566aa5b3e7e4734caac013fd2a1196f8
M/hand2_m_left_seg_5_cropped.jpeg,M,1986,1982,hand2,train,1410,f458af2ed7a025dbbff1531f8defd976131863bd426396329007809cf8cc4f14
M/hand2_m_right_seg_1_cropped.jpeg,M,1987,1983,hand2,train,1411,0fc69214f415b38eff639a22fd807a38d762d10ed9f5524753e27ea9cff79e16
M/hand2_m_right_seg_2_cropped.jpeg,M,1988,1984,hand2,train,1412,2b09eb7763c2e2ab6c485aff26ca7ba61a47fcacef3dfd5ea7033880fed1ff6c
M/hand2_m_right_seg_3_cropped.jpeg,M,1989,1985,hand2,train,1413,80e73cc310f415998fe8e62ad61d4c844c8635c79749004f16e3664a0bf2fd82
M/hand2_m_right_seg_4_cropped.jpeg,M,1990,1986,hand2,train,1414,396e7391d8647ecdfb1a79ba5e8d56e24f5050c91aab414770b17a8e399b3b4d
M/hand2_m_right_seg_5_cropped.jpeg,M,1991,1987,hand2,train,1415,d809f7dc0f98115ccd78927cc681b6e9de91854959c02d2de049d8d7c295e95f
M/hand2_m_top_seg_1_cropped.jpeg,M,1992,1988,hand2,train,1416,7a3503ea5029dc88618c36447be53b45051b7881110369e0b86686348a52d24d
M/hand2_m_top_seg_2_cropped.jpeg,M,1993,1989,hand2,train,1417,dacb9206055d7929dd7e66afd883d399d1490028f5331785acf06e5edd15f0c1
M/hand2_m_top_seg_3_cropped.jpeg,M,1994,1990,hand2,train,1418,8cfe1fba137a8530cedb17fd7bc81011f2cff124c26ff838b62a1acb641db685
M/hand2_m_top_seg_4_cropped.jpeg,M,1995,1991,hand2,train,1419,399c54aa149bd0dce75725a8fa6703ba533cae44cf8627b096c31b2d04e3accd
M/hand2_m_top_seg_5_cropped.jpeg,M,1996,1992,hand2,train,1420,beb81272c2db84239385093bda849c7ca4f646519fbea0f96b957978ed548f2a
M/hand3_m_dif_seg_1_cropped.jpeg,M,1997,1993,hand3,validation,291,b95960e198c1c6601617e3d7bda473c13fcb03a8ab7ea811ead6e05d8b5d8390
M/hand3_m_dif_seg_2_cropped.jpeg,M,1998,1994,hand3,validation,292,da96d8381029c8fa0ecd3dcb814b22356c06e2837d0c465f331dd48694feffac
M/hand3_m_dif_seg_3_cropped.jpeg,M,1999,1995,hand3,validation,293,fecf9e7af7124ff2c971cba85717564189e601e27b1919d38bbd4958882e6f5d
M/hand3_m_dif_seg_4_cropped.jpeg,M,2000,1996,hand3,validation,294,9dcacd7909f3318de9e101a3660e40e553b78e61b36c93e29f7d3ee2da19bc4e
M/hand3_m_dif_seg_5_cropped.jpeg,M,2001,1997,hand3,validation,295,af02ee942d094b303c2eec23759681cc41084bfa5d5a27580399268491f654f7
M/hand4_m_bot_seg_1_cropped.jpeg,M,2002,1998,hand4,validation,296,f8f3fe1a184138576a46ed8bca9909930bed0ee56eaaf26fad0c21cb88b9316f
M/hand4_m_bot_seg_2_cropped.jpeg,M,2003,1999,hand4,validation,297,fa3f453d3839fb83e881ff08bfc7b17d960977388341164db6a9fa80ffa10a22
M/hand4_m_bot_seg_3_cropped.jpeg,M,2004,2000,hand4,validation,298,2d96b5129634aa7bc3ab2eb7932b533c31c707c8edbb3cc19cae6e83d9d917b3
M/hand4_m_bot_seg_4_cropped.jpeg,M,2005,2001,hand4,validation,299,72102e058cc854f809cedd7d22865eaa42cc4fea3b8ffdc612f5ae0a91b59189
M/hand4_m_bot_seg_5_cropped.jpeg,M,2006,2002,hand4,validation,300,4d4af1b703526264d38593f6b10ce94cb6b35ef7ce7c5301ee5de0c479cefd7a
M/hand5_m_dif_seg_2_cropped.jpeg,M,2007,2003,hand5,test,281,6e65f6edadf599da5be6689608979ec2772d793f86bfd065c3541081f6f50fde
M/hand5_m_dif_seg_5_cropped.jpeg,M,2008,2004,hand5,test,282,84636d41220f4467027a52b9ece3756d1369ef63b556fe78e98b88e23fd27b6d
M/IMG20210607183746.jpg,M,2009,2005,photo_IMG_date,test,283,bc253949c6edafeda24b26f4e80d944a13020157d458b8c03ff7770ac56cad44
M/IMG20210607183747.jpg,M,2010,2006,photo_IMG_date,test,284,ba3cb27f84b0168fc008cee221c147467e98aef498919dbd1075cef26a9b428e
M/IMG20210607183748.jpg,M,2011,2007,photo_IMG_date,test,285,79b9e152b05263fec4df1088e18c1550c25221bd036b0c1a11e321894cc7d0cb
M/IMG20210607183749.jpg,M,2012,2008,photo_IMG_date,test,286,af977b50b16e55a261ff18b93302f8471bb803c9967a08f40c8735f0c14b1db5
M/IMG_0268.JPG,M,2013,2009,photo_IMG_counter,test,287,7c69e46c3fcebbb7e666bcdfb71d0efe7bea6f11181dbd46179420259b04ced2
M/IMG_0269.JPG,M,2014,2010,photo_IMG_counter,test,288,a191fb187757061d9894a9252c4d19631696b593a5f0f86127ee115a38035b20
M/IMG_0270.JPG,M,2015,2011,photo_IMG_counter,test,289,50d69b3f2f4c8e5c95a8bedf49e42cdefe04b2c9d3f810872b8f8a9690c755d7
M/IMG_0271.JPG,M,2016,2012,photo_IMG_counter,test,290,3765ab214086dc8d1f9b308c51aba535e3c4cdf87b8a73201edbd4e25e47fae3
M/IMG_20210605_173105.jpg,M,2017,2013,photo_IMG_date_underscore,train,1421,62f810c6537cf1c37965d7358ac5e5c3f0a69aedb2237d6ac7cc7d57ebc02c72
M/IMG_20210605_173109.jpg,M,2018,2014,photo_IMG_date_underscore,train,1422,a3bac2b7d92af25e35e67f77a7111fcb6323f6e749c39a1a00d8264728d6bcba
M/IMG_20210606_202720.jpg,M,2019,2015,photo_IMG_date_underscore,train,1423,9694ab8c7de08c7b470e3dd48fdf73116aeb1b2fc16c078e32d1a5f1dee987e6
M/IMG_20210606_202723.jpg,M,2020,2016,photo_IMG_date_underscore,train,1424,065b66a68dbc631f0212e82d63537b37af943aeccd9ad9a20a18d5f093b12de3
M/IMG_20210606_202726.jpg,M,2021,2017,photo_IMG_date_underscore,train,1425,c37464a0e57a02d52c64818567ee637dcc3af5527369934b1727bbe858ecfa89
M/IMG_20210606_202729.jpg,M,2022,2018,photo_IMG_date_underscore,train,1426,5d5e78099a27cab487055c6649d76c6349f38e80c555c2af215529e432b3a5a5
M/M (1).jpg,M,2023,2019,photo_letter_parentheses,train,1427,8fa269d1d0bce489825b3f4d36adeef39526f4bbbd5f3f649d762f2204701291
M/M (10).jpg,M,2024,2020,photo_letter_parentheses,train,1428,39b7eee3c8518e77ded33e4f809dbdc9f24cd888f593e7b74aa70b876b4b6ee1
M/M (11).jpg,M,2025,2021,photo_letter_parentheses,train,1429,2007625f3e4002b5c703ff02a51d8057d2c8a211d5b96981f738eb8c92f23226
M/M (12).jpg,M,2026,2022,photo_letter_parentheses,train,1430,39a4ce79bfebe216b43fbd80ddd1aec82d8811b3e68c1ee8ad0c6db66c0c8da7
M/M (13).jpg,M,2027,2023,photo_letter_parentheses,train,1431,7cb619e0a451a14d6b41f2e2f86774833122d6ba7e2c6256eafba13ebfb59f2d
M/M (14).jpg,M,2028,2024,photo_letter_parentheses,train,1432,5a6e0ba6690ba502591327d397c1e8921044316ecc9579e0e3d214ead0ba3629
M/M (15).jpg,M,2029,2025,photo_letter_parentheses,train,1433,7b5d816da214b9371e2c1377efabce0ba75f8ece677e875e727041f7420a7c92
M/M (3).jpg,M,2030,2026,photo_letter_parentheses,train,1434,95cc28d78134f6d4f6064da9bfec025a29d3f32507df92610531686f762f7b74
M/M (4).jpg,M,2031,2027,photo_letter_parentheses,train,1435,6bbd78a8ddf5f31477cf36a5581eb8836714ac9f92cdaf347a527efd2f715011
M/M (5).jpg,M,2032,2028,photo_letter_parentheses,train,1436,38c8f4d594b7c0646d46a2e1d4c4c0d7668cf0a99d5d93cf04ed646017eae035
M/M (8).jpg,M,2033,2029,photo_letter_parentheses,train,1437,8ec3d77d1a4e4f792f52db8628d6d7998611a6114857aa6bcea988e5d7097f1d
M/M (9).jpg,M,2034,2030,photo_letter_parentheses,train,1438,ad4ffe61c0d08acab9b1287f9e41ecf2c1da485b68cc879cabd0762e337afb10
M/M_1.jpg,M,2035,2031,photo_letter_underscore,validation,301,4391e530d3ea50a52a7d528d01803eb78a4e72dc967b01625d2189c60f4c5f2d
M/M_2.jpg,M,2036,2032,photo_letter_underscore,validation,302,cd5b5036a7625bf45362ef1da6a01a3336cc75c35acf979c5997720768072904
M/M_3.jpg,M,2037,2033,photo_letter_underscore,validation,303,6cd2fc22651d934c3da0693fcb3011d3806bedeea86a1b2de76caeda3bb53553
M/M_4.jpg,M,2038,2034,photo_letter_underscore,validation,304,66b13eb4c3443b12cd90d12ccca60ad9c7603f408891579621561adb22a68250
M/M_5.jpg,M,2039,2035,photo_letter_underscore,validation,305,8d9f0457997f4a37ba728e78c9338d8190f4d61ebc1ffaf08c1fd45952ae828f
M/M_6.jpg,M,2040,2036,photo_letter_underscore,validation,306,407ed149153f82f40398aba77f3596667830d68b45a3e9974a248465031b58c5
N/079DDDE6-825B-4777-93F5-2515126CE76F.jpg,N,2041,2037,photo_uuid,train,1439,d4e66d90a30529af7af5934a2d444082840431ce5f0b89862a33536851968873
N/20210607_173429.jpg,N,2042,2038,photo_date,train,1440,43fde0616f9480c1a20a5de49eb3cb35765148af803a37db7b6579e0333e6cbf
N/20210607_173431.jpg,N,2043,2039,photo_date,train,1441,cf2e5c415fb8d5640c22887c79b530bc101ff9ec5fe00ee546ac313f08c644be
N/20210607_173434.jpg,N,2044,2040,photo_date,train,1442,82b30f6fae5b240ac615adafcc0d4d5242f8232f51e116806a5a9129904ec493
N/20210607_173437.jpg,N,2045,2041,photo_date,train,1443,8bf767925096be0994bf5339edd74c457efb5d9b1385bd6c1540ee4fa8cb00cf
N/8C6BF0AE-C33C-468B-978C-FDC5AFEF7B96.jpg,N,2046,2042,photo_uuid,train,1444,184da15d1f17db9862685370e28a946ab320fc765532155d96fb2472ec7e33d6
N/AA898369-AC29-4373-9ABA-42E8324D0147.jpg,N,2047,2043,photo_uuid,train,1445,460a4465ece09f9c87351666407bd96ed7ec15d46e35cc19614514fe81a5ad49
N/D7B3656A-EA9C-4719-9195-7C22477972A2.jpg,N,2048,2044,photo_uuid,train,1446,fc3af24f5f8f567e16cabe4dddb88fab8a2190aee435fda8b62916c588b9efd3
N/hand1_n_bot_seg_1_cropped.jpeg,N,2049,2045,hand1,train,1447,a76742f7a985d77f22826bf16ffff8fd0dfc6beaddb4c4221d05471d2e314992
N/hand1_n_bot_seg_2_cropped.jpeg,N,2050,2046,hand1,train,1448,b51bfed2cbd9b0cab809bc3dcae9f4fffce9ba3db1eae139751c6099879dfdb6
N/hand1_n_bot_seg_3_cropped.jpeg,N,2051,2047,hand1,train,1449,251a5c5a43ec5895bb469738740c3a6d03c9cdb394d21a9d13ab6d05bb3a91fc
N/hand1_n_bot_seg_4_cropped.jpeg,N,2052,2048,hand1,train,1450,9dcdd56ffdfed2a98ed7f30217660affa114206808a7e6c689bd78d12004a6e1
N/hand1_n_bot_seg_5_cropped.jpeg,N,2053,2049,hand1,train,1451,bb03761bb5d634b4abc79a69d13407986c442ea7f09ba4e6ad1712928d5923c5
N/hand1_n_dif_seg_1_cropped.jpeg,N,2054,2050,hand1,train,1452,bb25b35d4360e170244ced3f1a86218b1afeaec59f6383e600583a1e25bdde23
N/hand1_n_dif_seg_2_cropped.jpeg,N,2055,2051,hand1,train,1453,38dc4be37394dafdbdbd8ab7524793e1e27e9247290ea8ff8fe241f0733ce1df
N/hand1_n_dif_seg_3_cropped.jpeg,N,2056,2052,hand1,train,1454,a2d2b55c54f6df0022b30d4fbead2acb55c08b77c8144658b5ee14cbdb0a806d
N/hand1_n_dif_seg_4_cropped.jpeg,N,2057,2053,hand1,train,1455,5f28fdb899f8a054651dd6823eb5050f0ad358f3c81c19d3725c1dceba299d92
N/hand1_n_dif_seg_5_cropped.jpeg,N,2058,2054,hand1,train,1456,1f52c492f24a6575b69fe11772327c1469e94122a0801e53cd21ac1d13182c97
N/hand1_n_left_seg_1_cropped.jpeg,N,2059,2055,hand1,train,1457,a54c899b3f447c0a6147391d7cdb79a66dc526754477efc2ab548e6ec3d7a8b9
N/hand1_n_left_seg_2_cropped.jpeg,N,2060,2056,hand1,train,1458,d83c6c5f0a1dc63bbe46dcf601bccdaddead508929e9f4489c0ca69d6ff19f4e
N/hand1_n_left_seg_3_cropped.jpeg,N,2061,2057,hand1,train,1459,ecf74ca099b44cfab3445d199204accffa81546f2b8ce3a56cee44b50bbf44ce
N/hand1_n_left_seg_4_cropped.jpeg,N,2062,2058,hand1,train,1460,077da083a44a6a5610838de8dc1c48a0f8c3174b889dfb198658e9ded779f87b
N/hand1_n_left_seg_5_cropped.jpeg,N,2063,2059,hand1,train,1461,66a949c9aa018280fd4dfce1d4ff09a846fe9dbcda049c113e4a9f15fd172a70
N/hand1_n_right_seg_1_cropped.jpeg,N,2064,2060,hand1,train,1462,0a1b3829d839bf239377439d74b622346deb5b66df1c2c24f9b72c60a6a5b1a9
N/hand1_n_right_seg_2_cropped.jpeg,N,2065,2061,hand1,train,1463,96a3f3e6eb6e06d391cc35a3ab02f76c465c951c7a5173109c02f96e5f529d1d
N/hand1_n_right_seg_4_cropped.jpeg,N,2066,2062,hand1,train,1464,c3cc3e0b7500c9230da34b2435c2f6965821ac4d82724a03ead3ed15f50f1b34
N/hand1_n_right_seg_5_cropped.jpeg,N,2067,2063,hand1,train,1465,29f77b72613692554f229e70531ab30bdae8b3a246c3e7a65924f2301ac6a660
N/hand1_n_top_seg_1_cropped.jpeg,N,2068,2064,hand1,train,1466,60bde9fcd39440c9fb1ac907a69db969caec2a6055ebdeca601885fb66ea1305
N/hand1_n_top_seg_2_cropped.jpeg,N,2069,2065,hand1,train,1467,529658f1f7b0220a5c4838a882992ebfc03f6d9d921b3aed9d97d2ed614aaee0
N/hand1_n_top_seg_3_cropped.jpeg,N,2070,2066,hand1,train,1468,690bc0fa9e0c6e72437267afa687e1638b1a4876b0f6bf8ecc3a57df5f3797a9
N/hand1_n_top_seg_4_cropped.jpeg,N,2071,2067,hand1,train,1469,ced231669f0155b8da4b7a496280573315767039aa54689c94b9c5e4ea80bd19
N/hand1_n_top_seg_5_cropped.jpeg,N,2072,2068,hand1,train,1470,47542ff476af6197c6e71c3037eb984b09c50a187f7e724dd5c25fed0d6ea3d1
N/hand2_n_bot_seg_1_cropped.jpeg,N,2073,2069,hand2,train,1471,22460c9175f721b1d19c9bd662efbcaa553fcea52742f76ebd9c5b10b117c82f
N/hand2_n_bot_seg_2_cropped.jpeg,N,2074,2070,hand2,train,1472,b904440eaa6290675be74e75a923710eb35c7e9a801000db222d1d1b5d19558f
N/hand2_n_bot_seg_3_cropped.jpeg,N,2075,2071,hand2,train,1473,ae18c4bf2eea02aafbbccc33b24443b9c0a9691f7c2fb695615eed762941b41f
N/hand2_n_bot_seg_4_cropped.jpeg,N,2076,2072,hand2,train,1474,94f17493e41887992269dc16da9cc695f315b80ea6b77b66dc1a03bfa1452e5e
N/hand2_n_bot_seg_5_cropped.jpeg,N,2077,2073,hand2,train,1475,6cd3b983be82f81f03ab4bb50316e0ddfa74685c2e60ce48d76f9f6b7e4c45f0
N/hand2_n_dif_seg_1_cropped.jpeg,N,2078,2074,hand2,train,1476,bcbafe20a1fb3058aebbdba7256816473a45b46a7452e0784adcf51d8bffb576
N/hand2_n_dif_seg_2_cropped.jpeg,N,2079,2075,hand2,train,1477,687ea8cd7f043693b37c311c917baa3f4d77a5b4045c62f209f1ebcacf42dcd1
N/hand2_n_dif_seg_3_cropped.jpeg,N,2080,2076,hand2,train,1478,ad09a54e283f4d5951b1fc434168819278dc540229cf057c7fdea9d67f2ef53d
N/hand2_n_dif_seg_4_cropped.jpeg,N,2081,2077,hand2,train,1479,de3f104d77cf52c25084606d366c03b6d7e52255e3eda35fae2aeb25ed43cc69
N/hand2_n_dif_seg_5_cropped.jpeg,N,2082,2078,hand2,train,1480,302c3aa03427204554afbf91a378ffb375426689286a372528fbca2f0120241e
N/hand2_n_left_seg_1_cropped.jpeg,N,2083,2079,hand2,train,1481,212293f152c78d7461e849aa25311e856c5a2cf3b15f3e6343b6de48c1a5af5c
N/hand2_n_left_seg_2_cropped.jpeg,N,2084,2080,hand2,train,1482,b887e251f76e73afe670c5c0f927feb32cdaf4c72686210d1259cfb16b88ec3d
N/hand2_n_left_seg_3_cropped.jpeg,N,2085,2081,hand2,train,1483,1049d98af4d4b75e158b109db48ad9d2effb2b8805bb04b234c46fa6f81e0383
N/hand2_n_left_seg_4_cropped.jpeg,N,2086,2082,hand2,train,1484,1fb837ec3a48dd41053d858d9398106d4997a6d1268a2423ff80c1658b4e684c
N/hand2_n_left_seg_5_cropped.jpeg,N,2087,2083,hand2,train,1485,5e1fb1bc30bec741039ba9dc7ff48a22719e53f1ea00c5f51372a30d27e1a121
N/hand2_n_right_seg_1_cropped.jpeg,N,2088,2084,hand2,train,1486,f9141108738c830c60f95b4efcf316b1a8296fb00f7e9745043e7869be078ab9
N/hand2_n_right_seg_2_cropped.jpeg,N,2089,2085,hand2,train,1487,e18dbafefc5eef91c2deded1b90a0006e4186d138f1c0a6497f3cfa4a2e4442d
N/hand2_n_right_seg_3_cropped.jpeg,N,2090,2086,hand2,train,1488,fe11848370ece438038afe4a650830dc1ba6a5eef51bb83409bf42cb121d27be
N/hand2_n_right_seg_4_cropped.jpeg,N,2091,2087,hand2,train,1489,aa4c64539966f374fd05c517e2c915fff59224398efeed598e8f0654695a3eeb
N/hand2_n_right_seg_5_cropped.jpeg,N,2092,2088,hand2,train,1490,41d9f0c2976de5220f533166817f6b4489b35faa488d3ded0ec6e6ef4e40c67b
N/hand2_n_top_seg_1_cropped.jpeg,N,2093,2089,hand2,train,1491,2d52372c9d4f5be99efe1e1280782c561d6e86640f84161c50d4e0bd31ca5285
N/hand2_n_top_seg_2_cropped.jpeg,N,2094,2090,hand2,train,1492,ba8c4b29f0562946d73be5adfe0c28d990d5e3eb4127159f54baf9bf1e608864
N/hand2_n_top_seg_3_cropped.jpeg,N,2095,2091,hand2,train,1493,acb59827b55b97ab1153b83942e58d4ad8fa19bf26c74940f74d4d705a76f2b4
N/hand2_n_top_seg_4_cropped.jpeg,N,2096,2092,hand2,train,1494,755317547bcd68d6bcfa6c0797731259270c6ed49b35a2f63e950f71d4487f39
N/hand2_n_top_seg_5_cropped.jpeg,N,2097,2093,hand2,train,1495,5b95086b3b5052a9b0991919f83b57eb83eabe9b61dad2b101f6c8d46e373182
N/hand3_n_dif_seg_1_cropped.jpeg,N,2098,2094,hand3,validation,307,567aa0301ac5f0f65ce99fa057899d08c938a5656b93c89a1e2d735cde3f9f39
N/hand3_n_dif_seg_2_cropped.jpeg,N,2099,2095,hand3,validation,308,7a2a03d29e481119bd18b1470f52f2ccc9bc724f7d9de6c981f216819b7c9d2b
N/hand3_n_dif_seg_3_cropped.jpeg,N,2100,2096,hand3,validation,309,a1e1de12908fc45398b376bb6efcab35b995547140a043612dbeb7274f22388f
N/hand3_n_dif_seg_4_cropped.jpeg,N,2101,2097,hand3,validation,310,99a628deb55f50fa23b5b28b2cae10db093a4c37f0babee49a20602035e53015
N/hand3_n_dif_seg_5_cropped.jpeg,N,2102,2098,hand3,validation,311,e6884ca10177634dfd8b12460044bc6699e0d9654cd708ede3c3e36d38ab53d6
N/hand4_n_bot_seg_2_cropped.jpeg,N,2103,2099,hand4,validation,312,fb37c4b12b112cdb2e7ee4f9b991df4782974ad8e6674862841a98bf03e95a43
N/hand4_n_bot_seg_5_cropped.jpeg,N,2104,2100,hand4,validation,313,f8442a91bbbc492b532343c8639eac5c7d5a2c302d4ce9844673a899dd3cf1ea
N/hand5_n_bot_seg_1_cropped.jpeg,N,2105,2101,hand5,test,291,eb40178d0f275a5ce029b856326b9f644edc0fdbdc8b4fb850f4e7ea835ad5f1
N/hand5_n_bot_seg_2_cropped.jpeg,N,2106,2102,hand5,test,292,802b2a2a0050016f85a9f93fb03418d45819070a53ed11a27497e30652fb4340
N/hand5_n_bot_seg_3_cropped.jpeg,N,2107,2103,hand5,test,293,33fd1be41ac76c913424d0f43da462d3ec033313b321ef74d4e36d048f7fa780
N/hand5_n_bot_seg_4_cropped.jpeg,N,2108,2104,hand5,test,294,8978995e6af7a2ba5355b3b363babe6b49a50e7f24ab52401740b8b715a8306a
N/hand5_n_bot_seg_5_cropped.jpeg,N,2109,2105,hand5,test,295,9c45054f09c3da99b751aa83f7741f4ef7fa80b8007664d9bdcbf22b005fbfb3
N/hand5_n_dif_seg_1_cropped.jpeg,N,2110,2106,hand5,test,296,cd6177b2a224a1cdeb43e70dc426885710b9e8e21bf870c8f74176bdcae22e5d
N/hand5_n_dif_seg_3_cropped.jpeg,N,2111,2107,hand5,test,297,541817dbbcc9d44762f0d3056a6a067a6cfd99bb7e72df209f2706c9e5ae299f
N/hand5_n_dif_seg_4_cropped.jpeg,N,2112,2108,hand5,test,298,70df915da9b86461e3870da9f4cc234f423efc5a5a8f39ba90ff179e40ca067c
N/hand5_n_dif_seg_5_cropped.jpeg,N,2113,2109,hand5,test,299,8e0b3c08f96de1e23fdff3127f1286fd3db77d8a8102ee6d2134cd81a260b4d0
N/IMG20210607183804.jpg,N,2114,2110,photo_IMG_date,test,300,5113038befe2fe8693cf37351387fd285bd52f0f72881c0bb203284c54c5cea0
N/IMG20210607183805.jpg,N,2115,2111,photo_IMG_date,test,301,e51176621e12e36b74f55c26a667f904dc9c338c64e94d9b2120d644fd182016
N/IMG20210607183807.jpg,N,2116,2112,photo_IMG_date,test,302,40de2c90d0a0899a79d6e7b5c650b34057e0be9f44a8c5ba1f49f9aacdefd6cb
N/IMG20210607183808.jpg,N,2117,2113,photo_IMG_date,test,303,01f6e8cd38f0b3b31dcde1d34e93bc7b328a65c553493c85399d21135bc71638
N/IMG_0273.JPG,N,2118,2114,photo_IMG_counter,test,304,31d0345fe2536502d9e854359c10396159bd7c1335f2467ae7ed8bec78a67dbb
N/IMG_0274.JPG,N,2119,2115,photo_IMG_counter,test,305,81ca9322127bd7c88335d9918eb7caa1f1132a991ef6c6020f95bdfb39e8f9e8
N/IMG_0275.JPG,N,2120,2116,photo_IMG_counter,test,306,be4618dee7e7c8ec8ddf58456fe5996fd1ec1cb3ef8513e18c17a7906176a6e5
N/IMG_0276.JPG,N,2121,2117,photo_IMG_counter,test,307,b449c7372cceab09caf6b170a6651326a02ed322e3574426e68d13359efcae72
N/IMG_20210605_173128.jpg,N,2122,2118,photo_IMG_date_underscore,train,1496,e5e79cce9c47854ac0b61214f5baf01fd40a387c2d9f8103b4e8c5a5d639ab48
N/IMG_20210605_173132.jpg,N,2123,2119,photo_IMG_date_underscore,train,1497,417df7659de07523057f058119ef0df2fde505da6d0def12053accc7b7f93255
N/IMG_20210605_173135.jpg,N,2124,2120,photo_IMG_date_underscore,train,1498,5bc2573312c2aac219410683e62d9f1f2b0c932c5605872c25a4b4f00174d84a
N/IMG_20210605_173143.jpg,N,2125,2121,photo_IMG_date_underscore,train,1499,0213c3160501f4e58f878fade3680e725c83f211a0984f6bbc23c52232205b9f
N/IMG_20210606_202746.jpg,N,2126,2122,photo_IMG_date_underscore,train,1500,ebb7d420d9a6b3626159956e36e19ad564aa172b2a452e1cc6d4096aa84074b4
N/IMG_20210606_202802.jpg,N,2127,2123,photo_IMG_date_underscore,train,1501,f0ead37480057f48c854e7a9cbd6b8d747b522c2f6166d1e7d256310e2e01ea7
N/IMG_20210606_202806.jpg,N,2128,2124,photo_IMG_date_underscore,train,1502,9dd9f0f79048f01f18b52778ff037c9bc5e2ddaf1ad46fb9b843170c86e032d1
N/N (1).jpg,N,2129,2125,photo_letter_parentheses,train,1503,58dedcebf012378ec61f49993b1eff3c43ac80ca50c4071dee582ad9e9d578c6
N/N (10).jpg,N,2130,2126,photo_letter_parentheses,train,1504,53d380de6c4f0edcacbe6393a7badca0f494ad0c8c6ee8d2433244b3d2614b5d
N/N (11).jpg,N,2131,2127,photo_letter_parentheses,train,1505,497c77dbcf326531b8287cb667ffde906568639e5770837ba1162b6ae5d33ebc
N/N (12).jpg,N,2132,2128,photo_letter_parentheses,train,1506,b70458e5c29280909a26296616e6a4f5c8895b446c368595166ead0c38e49f4f
N/N (13).jpg,N,2133,2129,photo_letter_parentheses,train,1507,18d755c9327a73a3d2a10f258e0b235bc7a42f3252acbe894a496816d34751c4
N/N (14).jpg,N,2134,2130,photo_letter_parentheses,train,1508,b7b0efb1cfc97caa81bb84d645e0875fc2a01c85c0ab729c34d9e221329528e7
N/N (15).jpg,N,2135,2131,photo_letter_parentheses,train,1509,1295a909c535828f755ff99db9b298dbca130d0e9f2e3f7ffb35961aa6ef200c
N/N (3).jpg,N,2136,2132,photo_letter_parentheses,train,1510,07a4af2696568c9165201b9575600f03e52a057a6065cdb069cc69494466b003
N/N (4).jpg,N,2137,2133,photo_letter_parentheses,train,1511,45d9e23c68a6960c4a0fec4b603de1700187a271386c4cf9c47a2bd9fd45c26d
N/N (5).jpg,N,2138,2134,photo_letter_parentheses,train,1512,fcd547faf9b59fc4e28677c3235e19659dc4f5ec53de5c27a4dc2ce676c205a0
N/N (8).jpg,N,2139,2135,photo_letter_parentheses,train,1513,ea865f3cc1345614d5b2b9451c1b1a94ce3e1aacb5d0347ffaa2b6d2333df734
N/N (9).jpg,N,2140,2136,photo_letter_parentheses,train,1514,368ac51f8f9e8c47f18a550753a5f24606b10b6060d14011fde81963d4158c6a
N/N_1.jpg,N,2141,2137,photo_letter_underscore,validation,314,ae78f270aed6d72a74aa43415c73dd8e47b9fca4b7042254c810284c1eb93f85
N/N_3.jpg,N,2142,2138,photo_letter_underscore,validation,315,9cb1131b377ec40243323c99bd015ab78d35fbf07252d2c81721a13c577bff46
N/N_4.jpg,N,2143,2139,photo_letter_underscore,validation,316,d8fe99eacb3db448bfcbe91afa245da5b2d6e0a6a6d8ce38bb7152508ae9afe9
N/N_5.jpg,N,2144,2140,photo_letter_underscore,validation,317,d98d18c092df9e8fe1ee9d520ad9e4eade4b15bb398ca01eb5f33e4756145b77
N/N_6.jpg,N,2145,2141,photo_letter_underscore,validation,318,e95241229dd5b910fe5ed15e18b70f16386acb6c544be6f4a89014af96280f75
O/20210607_173456.jpg,O,2146,2142,photo_date,train,1515,916e795c69e5bb1b04059a9530c789fe2a09862ebce2372899db5a2e8348a7f8
O/20210607_173458.jpg,O,2147,2143,photo_date,train,1516,90d383b0b1b0b917044c6a2b2ddcadf40ab4e01f68511dde320d52fcee0c47aa
O/20210607_173500.jpg,O,2148,2144,photo_date,train,1517,d6a666c6d6dba5e89431ef5e5b2190be15aa518949cc9de6978dd25a5cb22283
O/20210607_173502.jpg,O,2149,2145,photo_date,train,1518,5ba920989ce8e071bcb2ec04766660c555770d32e7e90101f2e422a65d78302e
O/4419A06C-0E1A-44DE-94E3-72A422F3A7F3.jpg,O,2150,2146,photo_uuid,train,1519,b4d299b00688bee6e6d1f34617a55fb8dc6b5a8869e29f112359232b4930ff26
O/6E3A8CF1-1378-4865-A6E3-26B0E1F69BA2.jpg,O,2151,2147,photo_uuid,train,1520,6462909ea9bbf49a13a82f159b19efcabf23ecb735f4ed0bd805dc7d1b106eff
O/8FABB076-0F00-4880-B250-83E47297C1E8.jpg,O,2152,2148,photo_uuid,train,1521,5e5a274e9e535c42f14e9c5eff42d393516dd3a7f01c77f9c2123e0bcdcbd67f
O/C0B3F15F-66B3-409A-9348-612A13314547.jpg,O,2153,2149,photo_uuid,train,1522,fa77f60f64a54169c2cde89029380466ac21daea95addbc06735394697c37cf5
O/hand1_o_bot_seg_1_cropped.jpeg,O,2154,2150,hand1,train,1523,b6600768cc20c9858e7f4d16b5b33b89def622963170ff346754605a95576bb1
O/hand1_o_bot_seg_2_cropped.jpeg,O,2155,2151,hand1,train,1524,94ec94ce7842ef0faa03545309400565c1d415bbdecaf6d9d27e5938450177d8
O/hand1_o_bot_seg_3_cropped.jpeg,O,2156,2152,hand1,train,1525,569150891b11163ef3c676ef13f70ebaa197e6b9272d33177af139987e512cf9
O/hand1_o_bot_seg_4_cropped.jpeg,O,2157,2153,hand1,train,1526,549d1652c04db69fc021e749386cbdb28279b57c75a93ee5f300ff2c3d2bb9c3
O/hand1_o_bot_seg_5_cropped.jpeg,O,2158,2154,hand1,train,1527,5f5d8fcc3067a4a9b71b92136d7dd086cda11cd66c4fec9da1be91c2a388071c
O/hand1_o_dif_seg_1_cropped.jpeg,O,2159,2155,hand1,train,1528,c4b74a625417de060c6ff2b441333e1511113d915d0685302839b989eb129ec8
O/hand1_o_dif_seg_2_cropped.jpeg,O,2160,2156,hand1,train,1529,049c08d9018a974eec4992bf2bfbbdf8e8861b83ff9f7f70d7f084cdb204ef26
O/hand1_o_dif_seg_3_cropped.jpeg,O,2161,2157,hand1,train,1530,fe8f7457eaed9d849a7df0e4fb8f4d423b1cbbaf29b7d2a591ae17750881feff
O/hand1_o_dif_seg_4_cropped.jpeg,O,2162,2158,hand1,train,1531,4037744f1b61e089ea0ee47640a5c0700b57629a91aa0866eed0ab0a4fae5fe3
O/hand1_o_dif_seg_5_cropped.jpeg,O,2163,2159,hand1,train,1532,5d8fc464e6d6e1319fcca47c3911654b462659e5299758716985064ee89e15b1
O/hand1_o_left_seg_1_cropped.jpeg,O,2164,2160,hand1,train,1533,2f93bc5a1872f399d2275cf97e2734bc61f3c07d4ee601fa66eda3a244b96dfc
O/hand1_o_left_seg_2_cropped.jpeg,O,2165,2161,hand1,train,1534,eacc597872037435c12f959b3a366baf919bbfa3996bbead826bfea041e783fe
O/hand1_o_left_seg_3_cropped.jpeg,O,2166,2162,hand1,train,1535,a80541e770a5ae5a329fdfad7589e83d84b95a389c937952521cfb5d8f627001
O/hand1_o_left_seg_4_cropped.jpeg,O,2167,2163,hand1,train,1536,9c49f8c0b0f708793a0b19c50e77a30fa8a07b3181b84248c7d51c6b3a7c71a5
O/hand1_o_left_seg_5_cropped.jpeg,O,2168,2164,hand1,train,1537,9dbe891210abef24fea15a03ca9ee4816534c77a5afb72e2dd411da69585a93a
O/hand1_o_top_seg_1_cropped.jpeg,O,2169,2165,hand1,train,1538,00844f1906fcd5ae082cdb19e248b6e2023cc0176dcf146bad8a43666ed20825
O/hand1_o_top_seg_2_cropped.jpeg,O,2170,2166,hand1,train,1539,bf42d46a67f04da5ce94eac5cc459b46c62140b977b6095df4cc46bfa8c5877e
O/hand1_o_top_seg_3_cropped.jpeg,O,2171,2167,hand1,train,1540,6028aa809105d595fecd6ad317d4f3e6186423eed09814b7ec10d9b53486b54f
O/hand1_o_top_seg_4_cropped.jpeg,O,2172,2168,hand1,train,1541,915a1265a5ca4f8b4374eb3af40a2b2951a00dbf785174cccced347dc3bf4fff
O/hand1_o_top_seg_5_cropped.jpeg,O,2173,2169,hand1,train,1542,19036e7221add3c8cf0e713b37f0d88b0b5565a6fecf36f62a3a863f6bb71e10
O/hand2_o_bot_seg_1_cropped.jpeg,O,2174,2170,hand2,train,1543,8eaa5b9dc6c60504568b4a0885c9c4a7f2406f08e1d3a5225f8398e070ef64b6
O/hand2_o_bot_seg_2_cropped.jpeg,O,2175,2171,hand2,train,1544,20faac4545ac169a4496efce9ebbcd37abb6067467603e11c6783e84d4357bab
O/hand2_o_bot_seg_4_cropped.jpeg,O,2176,2172,hand2,train,1545,09b669f982acac5757ac9447ae3699d30f36f4896176d27da9b5b4f79f92d795
O/hand2_o_dif_seg_1_cropped.jpeg,O,2177,2173,hand2,train,1546,26697c4503238f9c27f3fe0f284c43213af5209307a0fe17c7cf64b93f2ddeea
O/hand2_o_dif_seg_2_cropped.jpeg,O,2178,2174,hand2,train,1547,6baf055c06aa37719242383bbf07168b288715a8335bf66fce88404b77096c97
O/hand2_o_dif_seg_3_cropped.jpeg,O,2179,2175,hand2,train,1548,2fb74c8c6b791a858280457e68ac9e7ffed7066953abed0374ed4d1227b84790
O/hand2_o_dif_seg_4_cropped.jpeg,O,2180,2176,hand2,train,1549,04dd4587dbdf69e8f86f6b613b8bee927c298f20515c36480419bfd9f5ce1628
O/hand2_o_dif_seg_5_cropped.jpeg,O,2181,2177,hand2,train,1550,5f0d69ef0d2ffe636b6b28c34beb6b1fe7ef48b4df2b5d7825fb40a9b9388122
O/hand2_o_left_seg_1_cropped.jpeg,O,2182,2178,hand2,train,1551,b00a27fcb84d3d5fca758a83a2a6916bafeaa4d1859e2f532f5ccd6d16025d7f
O/hand2_o_left_seg_2_cropped.jpeg,O,2183,2179,hand2,train,1552,68a910865d0e24f85fc245ada788b2df6cdc492603d5b7e81ee057323167dec5
O/hand2_o_left_seg_3_cropped.jpeg,O,2184,2180,hand2,train,1553,279952ce706ec5c8afc8b2f75b52ff86c3e568b7d25bf8262374823ab0912e6e
O/hand2_o_left_seg_4_cropped.jpeg,O,2185,2181,hand2,train,1554,87e28ee52046e6de604545a302a8e0c6e947069a22498cc79bbc832a3643282c
O/hand2_o_left_seg_5_cropped.jpeg,O,2186,2182,hand2,train,1555,376db8009d00286ed6963c975b2a8e963c3fa7ee5795416d4d09a0d3fd9cbab1
O/hand2_o_right_seg_1_cropped.jpeg,O,2187,2183,hand2,train,1556,155c7445046accc638b67ff4f3fb79ad0cad4fedea0e0943235bc1f576786a67
O/hand2_o_right_seg_4_cropped.jpeg,O,2188,2184,hand2,train,1557,ea33218ae16b17ceda664f7d0d7c16feee857eed1deffb722e1769906ae0cf6f
O/hand2_o_right_seg_5_cropped.jpeg,O,2189,2185,hand2,train,1558,f404b750f6e3b066b34100f8562a5b2260d0251dbf87b45b124dd76f29183ddd
O/hand2_o_top_seg_1_cropped.jpeg,O,2190,2186,hand2,train,1559,f449e2b5a9290dc96f35678b270b636e3b589957bca700e06fcfb2eca3a93128
O/hand2_o_top_seg_2_cropped.jpeg,O,2191,2187,hand2,train,1560,90d8933cb89f4d54a04fa023857c0b0da64d2e3e580b565a7973e8d595cc7e4a
O/hand2_o_top_seg_3_cropped.jpeg,O,2192,2188,hand2,train,1561,e16442a94292a00a34a669180c592f236aaa21132a3aa83b72307537237e1bef
O/hand2_o_top_seg_4_cropped.jpeg,O,2193,2189,hand2,train,1562,169cd0a82d4fe22442ee7bdb81c782dcf91a04261ec018a46e2dafe3e45f7baf
O/hand2_o_top_seg_5_cropped.jpeg,O,2194,2190,hand2,train,1563,640f367d7db097d444a027cf5dde4a11284fdc4a067ac3123a78d6a31c07059c
O/hand3_o_dif_seg_1_cropped.jpeg,O,2195,2191,hand3,validation,319,2ec673837b187cc895c8cdbfb68913dcf8cf22482fce97c768ab3cdead80f50d
O/hand3_o_dif_seg_2_cropped.jpeg,O,2196,2192,hand3,validation,320,b41bc95ee3d18fcd943ca19fcd456b28ab1b29d76761683d3fb83200dbebd42e
O/hand3_o_dif_seg_3_cropped.jpeg,O,2197,2193,hand3,validation,321,0264d7d2b661b8e8d8390870d78a5b6b725f69288c876f59fdd7c699864cd277
O/hand3_o_dif_seg_4_cropped.jpeg,O,2198,2194,hand3,validation,322,c153d23e7502197d00d98653e30ffe4ef05c9dde19352229a9fb9a0791007e70
O/hand3_o_dif_seg_5_cropped.jpeg,O,2199,2195,hand3,validation,323,bcb3ab203f31ce825f16d0a700d24531daceeef5d3364741a03b3793ef24a79f
O/hand4_o_bot_seg_1_cropped.jpeg,O,2200,2196,hand4,validation,324,e9e973c32660f0bb75f17b782b36b363ee36d6254f73c0e899d883e57457b5c6
O/hand4_o_bot_seg_2_cropped.jpeg,O,2201,2197,hand4,validation,325,edf5a6ac57e856dc37a2b0c5f82ddd0bda4bbb950afe7cddad53f91a171e26a6
O/hand4_o_bot_seg_3_cropped.jpeg,O,2202,2198,hand4,validation,326,667f4fd67c510f32aee95722500e7383fdca06ea753028bb7b34731f4f896316
O/hand4_o_bot_seg_4_cropped.jpeg,O,2203,2199,hand4,validation,327,93eb1e48d979a6af8197e76c7733b21ede5f226595590703c0efd8bf3330ac98
O/hand4_o_bot_seg_5_cropped.jpeg,O,2204,2200,hand4,validation,328,c2966d367a4f78ed37a52b6354ff500c2721f9a5451b6728b1d7b4345d4accd6
O/hand5_o_bot_seg_1_cropped.jpeg,O,2205,2201,hand5,test,308,57814072688a5daabfee632c5a7e7f012ed7f32df6ebcb941c1a0957048ae675
O/hand5_o_bot_seg_2_cropped.jpeg,O,2206,2202,hand5,test,309,4fcf430277ccdccd7cead5abcf416bbaa9e36d825dd9a6d6210c4c4f10dbf271
O/hand5_o_bot_seg_3_cropped.jpeg,O,2207,2203,hand5,test,310,68a378566ffe889728efaac9c9c77eb5fa4278fffe1acf7b07246cd63c925bbf
O/hand5_o_bot_seg_4_cropped.jpeg,O,2208,2204,hand5,test,311,8673e7be5f05e18c8cd8572018b18d088a62dad3ab6ce1cab8d3fb18ed16a6d6
O/hand5_o_bot_seg_5_cropped.jpeg,O,2209,2205,hand5,test,312,85d7c6865b6eaaa4712511892235de1e444616107460d1759428adf859a48573
O/hand5_o_dif_seg_1_cropped.jpeg,O,2210,2206,hand5,test,313,6f227687a85de022a841287c4f9420af0edef96739d8501b5782f10ff0c4fbac
O/hand5_o_dif_seg_2_cropped.jpeg,O,2211,2207,hand5,test,314,9adac86b7a08122e37585021db4726e8efa99540b9ae07bf8614ada76fe4c2db
O/hand5_o_dif_seg_3_cropped.jpeg,O,2212,2208,hand5,test,315,7e611340422ac59b50a6bffb2edba2bf409f2571a37c3e2f05958bcf8c14cef8
O/hand5_o_dif_seg_4_cropped.jpeg,O,2213,2209,hand5,test,316,5225df98517bbdf602b24f9f308f136c2e1133ed5c7c0785bb8018c19dfbc709
O/hand5_o_dif_seg_5_cropped.jpeg,O,2214,2210,hand5,test,317,22107f9d9740452981114b9b01fd816c2455df70cdd32658f32fbf03ba9fa6c0
O/IMG20210607183822.jpg,O,2215,2211,photo_IMG_date,test,318,8ff49e6e545de3a35cce1d798cc8a262bb7553f9bc4e41a5f0c985451b135190
O/IMG20210607183824.jpg,O,2216,2212,photo_IMG_date,test,319,49f21729c333822dacd188e72ba912ac20ee292bec16b1c10d5efaa860db4a5e
O/IMG20210607183824_01.jpg,O,2217,2213,photo_IMG_date,test,320,1dc62cee7014f26e6cfff96460f0b9e9ce5c74aa5a98d685277fc3dc55c39af1
O/IMG20210607183825.jpg,O,2218,2214,photo_IMG_date,test,321,16937d5b00d337b1127a7a4d18bbab94a6e5aba3e11b3c1f25fb46419147b83b
O/IMG_0278.JPG,O,2219,2215,photo_IMG_counter,test,322,681b3532fdb733afa6988f139dd0a9e698ff89a038dd20b2842bbf63c7fce0d9
O/IMG_0279.JPG,O,2220,2216,photo_IMG_counter,test,323,c3cea67af2c97e8bc57c9b617030081c77edda8b2395b0a22b1fb62fe78ba4ad
O/IMG_0280.JPG,O,2221,2217,photo_IMG_counter,test,324,89166e75f39f771d75ce7ecdf9046594e9631c7aa060c12eb594c89408853b96
O/IMG_0281.JPG,O,2222,2218,photo_IMG_counter,test,325,9b77c625650fca219a49b54ab9fe17a4e8990ad7eb4f2b9f1c70a30622e86e27
O/IMG_20210605_173214.jpg,O,2223,2219,photo_IMG_date_underscore,train,1564,91fb3499610cf8353ecb1a0e1d5ede0d4d5cb3c2a62a6ebc21a480116a09d883
O/IMG_20210605_173218.jpg,O,2224,2220,photo_IMG_date_underscore,train,1565,48fa8adac1cf73175b04f33a8976baa6dd7c176de3c00129b89777cae4611b82
O/IMG_20210605_173222.jpg,O,2225,2221,photo_IMG_date_underscore,train,1566,6d7420bc2528a4ba6ed9a93f734690f5e4a441366dc069b73fafdb9920e3799a
O/IMG_20210605_173225.jpg,O,2226,2222,photo_IMG_date_underscore,train,1567,52d4c6ef9c301579c0031e0194fca99d5933da75c51886e8f3bfa2dc6d1231a0
O/IMG_20210606_202830.jpg,O,2227,2223,photo_IMG_date_underscore,train,1568,51f20349014835657aded2a9284527d5c083c7c6fdf182fe5fff8435968067fa
O/IMG_20210606_202833.jpg,O,2228,2224,photo_IMG_date_underscore,train,1569,70653834c361464b68f57e0326afb2c086496e7d02a06c405be5e3bc54234d18
O/IMG_20210606_202835.jpg,O,2229,2225,photo_IMG_date_underscore,train,1570,cc8e857a2132338ced700e7fa36affa6144ccc010cbc9d313a8ed9f1ba7f8b8c
O/IMG_20210606_202839.jpg,O,2230,2226,photo_IMG_date_underscore,train,1571,baeb6aa83b86ef37d32a8e13b015b8de96788043ebe47695d4139cdc66b060af
O/O (1).jpg,O,2231,2227,photo_letter_parentheses,train,1572,42ec5cc3c8e4825771690f8d51dbba4d10e6b27f627e58abca30dfecde074c67
O/O (10).jpg,O,2232,2228,photo_letter_parentheses,train,1573,2f34c696cba9e5ac35afb254db3fec20d237f5d6de1072bdbd01239aa584abb2
O/O (11).jpg,O,2233,2229,photo_letter_parentheses,train,1574,6a889763bb2fa23e06960b9992dbb6ff35bb82223f2a8df8e52c4857c04857ab
O/O (12).jpg,O,2234,2230,photo_letter_parentheses,train,1575,d5249e14a4698c55c1890211c26b9345bfe6b2c40f96572c35ee902b34fdd3ba
O/O (13).jpg,O,2235,2231,photo_letter_parentheses,train,1576,bc570692ce6c28349f3932efe5b8170bc3ff6dc3e33403e980b573c7812bea4f
O/O (14).jpg,O,2236,2232,photo_letter_parentheses,train,1577,e1f3510d39a9b592d975ef44d1fdfa75a988cd5bf5f780e3add3e55cead4aa1d
O/O (15).jpg,O,2237,2233,photo_letter_parentheses,train,1578,658a03f31d887357d46da66cf5ae4a0ce3eca7744154b2fe3e87bfb0c042aa27
O/O (3).jpg,O,2238,2234,photo_letter_parentheses,train,1579,65a81d267428dd6fc144b1fc453dff5d65895a6a8a99923d2844c59a2b1549bb
O/O (4).jpg,O,2239,2235,photo_letter_parentheses,train,1580,f4f76996550bcb6c94bd500d55eb610c3321b77121e35affe37573a3d1c3942c
O/O (5).jpg,O,2240,2236,photo_letter_parentheses,train,1581,49d059df8f0e1b3ca7b79869d6d3b616e00e554b6c130f985e8f8ea7b916c0f4
O/O (8).jpg,O,2241,2237,photo_letter_parentheses,train,1582,aa99248f98fba3be26e8d67c074d6bacff3ad0667deffe868ecabafc10666aae
O/O (9).jpg,O,2242,2238,photo_letter_parentheses,train,1583,c9eb6a20c8bdf7cd4316f011d1f1f0941e86cb7fb41770a9907a899a60feb545
O/O_1.jpg,O,2243,2239,photo_letter_underscore,validation,329,28a68d520e59862b9a882085679c03b224d54d8cb908178c68164695f3e80072
O/O_2.jpg,O,2244,2240,photo_letter_underscore,validation,330,4620c7e377825ebfff9d78243cf26e4c9e6f1df655acfc54d6c6b1d3b590da26
O/O_3.jpg,O,2245,2241,photo_letter_underscore,validation,331,496d2c0ede5a39737ee2404ea2045874114c114a75aab18975f8b37f7a0a9eb8
O/O_4.jpg,O,2246,2242,photo_letter_underscore,validation,332,22a23abc7b32d5ca45d23b7baa45f8cebe342ba5b61ab2a5558d3a69bbc47a79
O/O_5.jpg,O,2247,2243,photo_letter_underscore,validation,333,77938707f5395c6a2640a4bca0c3528130453a1158fb6ae47c21e2805a292624
O/O_6.jpg,O,2248,2244,photo_letter_underscore,validation,334,174363d9b6d4232b49d17b70f208fc90b1e8c500fe0e0ecc44abcee7b1a584b8
P/0090EF66-A2C5-4FE3-9284-78680F0E9F0A.jpg,P,2249,2245,photo_uuid,train,1584,db11c7cfea55d693faff135309015c9c5e9088f28b54fcf3bd852ab1cda30e35
P/20210607_173716.jpg,P,2250,2246,photo_date,train,1585,a90d73cab12e6aaf82f2d43d6797314c2cc82e7fe35364acd4ee700e6d0e0a52
P/20210607_173720.jpg,P,2251,2247,photo_date,train,1586,8672393eb9c826986122c32c7715ebe2ace7cde51d3fe952467c09ecb669c22c
P/20210607_173722.jpg,P,2252,2248,photo_date,train,1587,ccd08bdcba316ca4141d17935caa42d3a6b62e2064fcdf135e6810a90048db14
P/20210607_173724.jpg,P,2253,2249,photo_date,train,1588,a556dd3b0dd683975119b73f631305af28e2d7ac2bb94ff4fdd06d631feaaf62
P/4B05F9AB-4C2D-4BE4-A506-6BA487B8F5BA.jpg,P,2254,2250,photo_uuid,train,1589,ba3abd4f22150fed7219f23504d99684be900a7b304300a56b7918ce83f67af7
P/8BF8221D-34CB-4BC4-A540-84B7C844CC4A.jpg,P,2255,2251,photo_uuid,train,1590,7e0d0ec17c9813e21c0a343bafdd8efb0c5ce33e0543bdc3de35208794f05132
P/AA819930-B6E5-44D4-8651-24D0086A5FC6.jpg,P,2256,2252,photo_uuid,train,1591,f93214e9ca47ee7fa3103049154a1ccb9e0ab7c489b4c808c0518716f2a13182
P/hand1_p_bot_seg_1_cropped.jpeg,P,2257,2253,hand1,train,1592,afcd54379e51669f57b903a78ecab5bed6588043a0a30f7084818afeaa872865
P/hand1_p_bot_seg_2_cropped.jpeg,P,2258,2254,hand1,train,1593,27b125c4f0dfaa5137654e60fed573d2bb6b778f70ab67195a6f4ef31aed4019
P/hand1_p_bot_seg_3_cropped.jpeg,P,2259,2255,hand1,train,1594,71852aa6183ef8a23db65962c057dde518e9e85bdc396507ddd18594f5fe2cd0
P/hand1_p_bot_seg_4_cropped.jpeg,P,2260,2256,hand1,train,1595,8dfc86023b5889892350ee2adc854ee46af4cac07d602b126a331ecbb928fe60
P/hand1_p_bot_seg_5_cropped.jpeg,P,2261,2257,hand1,train,1596,08fcc620b5dde4b6f907c42711ce5b520aa4015382f05e2b9221f22747b27d51
P/hand1_p_dif_seg_1_cropped.jpeg,P,2262,2258,hand1,train,1597,a23328f15cd1cc813b650891028eed0af81210ca83248e0008dbd18fb42fcac2
P/hand1_p_dif_seg_2_cropped.jpeg,P,2263,2259,hand1,train,1598,8f0690c94bb792d0c5f80ee9291df29c226e077815158e75194fdba857ff9eaf
P/hand1_p_dif_seg_3_cropped.jpeg,P,2264,2260,hand1,train,1599,0085bef6e80b780dbbd690934c7da9964a75a841b4ce12450ad521ad35f15fcc
P/hand1_p_dif_seg_4_cropped.jpeg,P,2265,2261,hand1,train,1600,a27ae68073c4f02f5cb8aa8f4cc88d2f8a6ab9a44a371dd09b8a4a815d1edee1
P/hand1_p_dif_seg_5_cropped.jpeg,P,2266,2262,hand1,train,1601,c13025f41289049a6756079a7b2f5b4f395975d3e4f2f8f706fa67b3514f604b
P/hand1_p_left_seg_1_cropped.jpeg,P,2267,2263,hand1,train,1602,dae282e48d5a5ac77df55a346b356c136c531fbc18f64f3e1d2b301268921c86
P/hand1_p_left_seg_2_cropped.jpeg,P,2268,2264,hand1,train,1603,b4e1f569bdf6272e8b7b61465f313a13744423400199b8b535999704361e1cf6
P/hand1_p_left_seg_3_cropped.jpeg,P,2269,2265,hand1,train,1604,2f740d679603792928a1047a48934d9ccf2d55e547cd03ebefe6cb2513d1ddde
P/hand1_p_left_seg_4_cropped.jpeg,P,2270,2266,hand1,train,1605,b68cf002a69bf5678b25f575b5c143ca00dedf99422f84bc1664edae543be040
P/hand1_p_left_seg_5_cropped.jpeg,P,2271,2267,hand1,train,1606,fc10993bd9907b688d0bf9e30795749edcdb54834a49861a6b77d81f41e04230
P/hand1_p_right_seg_1_cropped.jpeg,P,2272,2268,hand1,train,1607,cdd2d9f72fca3ce044f383bfd2960f995903db9b57b0d63d955273152adf7a0f
P/hand1_p_right_seg_2_cropped.jpeg,P,2273,2269,hand1,train,1608,9b905297ba4b085530e5632f04987c7d79e251f413508ab6a7bf3dd6647798ed
P/hand1_p_right_seg_3_cropped.jpeg,P,2274,2270,hand1,train,1609,094ae050333fec660075b164add9aa0d301337250d29ee959f199a7e2a747c4b
P/hand1_p_right_seg_4_cropped.jpeg,P,2275,2271,hand1,train,1610,74e2f137ecf81470b15654ddcbf67ea791671d741f3e7e84059f04081b72384c
P/hand1_p_right_seg_5_cropped.jpeg,P,2276,2272,hand1,train,1611,0cd8e0de5bea53911a8447875c4f08a3367726b2cf32c74e46b40da98e1d4fd4
P/hand1_p_top_seg_1_cropped.jpeg,P,2277,2273,hand1,train,1612,863d6c3428a5dd6b5df3d7406044101597d56b9931feca3af01f396dc9659e05
P/hand1_p_top_seg_2_cropped.jpeg,P,2278,2274,hand1,train,1613,eba4c316862d73df9427621a7be6c64c8dedc4a020a873e8fc1b227d4c0c82bc
P/hand1_p_top_seg_3_cropped.jpeg,P,2279,2275,hand1,train,1614,6689363da5e57afdddce5ed756fd8d1597edcb0b6ace1b1a35e82c13fc3eaf8b
P/hand1_p_top_seg_4_cropped.jpeg,P,2280,2276,hand1,train,1615,f923dffff910cb44b9754c32a02bf6e721a8166cd27bad93e1b922a60a1b0235
P/hand1_p_top_seg_5_cropped.jpeg,P,2281,2277,hand1,train,1616,fb0ecf8c8e6298614fb2dc9135593ae5427f4e14e15e3a99174f6a2b2141f706
P/hand2_p_bot_seg_1_cropped.jpeg,P,2282,2278,hand2,train,1617,6724d68c6252755cfbb49f403487750b8e14be455a244da6e4401f6d1071dd85
P/hand2_p_bot_seg_2_cropped.jpeg,P,2283,2279,hand2,train,1618,bf7504469f73936906954ba171c324c9c60b80ed5e16742952e32ca105f03e49
P/hand2_p_bot_seg_3_cropped.jpeg,P,2284,2280,hand2,train,1619,eedabcd6d2a470fe79a4f0e1952de0d8352a42d8f7c2e145589e24e6d1bc4eea
P/hand2_p_bot_seg_4_cropped.jpeg,P,2285,2281,hand2,train,1620,f4c1e7ae702276bad1a7421dba3794c4b75c1e566d12d1b556455cf651ad246e
P/hand2_p_bot_seg_5_cropped.jpeg,P,2286,2282,hand2,train,1621,3eb5d8f12315ea65a39c5c0c8850e9a6b05c92820dcf628c3f6ce78c505944cf
P/hand2_p_dif_seg_1_cropped.jpeg,P,2287,2283,hand2,train,1622,07701031f6dd94ecc398ae9c03c6170de091cc7c714deae7e66aada89d71ab84
P/hand2_p_dif_seg_2_cropped.jpeg,P,2288,2284,hand2,train,1623,14ca727d391ad7688a67b0880940ad428d201caa327c332db14ddfc65517f78a
P/hand2_p_dif_seg_3_cropped.jpeg,P,2289,2285,hand2,train,1624,ac1d5bef2f086b041ced4e0a822a74cdd3a64d75a2e7271bc67f9b76c8cbd197
P/hand2_p_dif_seg_4_cropped.jpeg,P,2290,2286,hand2,train,1625,983dd8f4f441fd9b3daba955daf8d94f05a717797c632f542d5bd0be7a95a06f
P/hand2_p_dif_seg_5_cropped.jpeg,P,2291,2287,hand2,train,1626,91bc9401ab1e3b3147cb69f112124b8abd413295243ae312f5c215d50838128f
P/hand2_p_left_seg_1_cropped.jpeg,P,2292,2288,hand2,train,1627,8bb4283b51e327e75245d7b332243a86ee88d06c0a45d71864d6f63b9998836d
P/hand2_p_left_seg_2_cropped.jpeg,P,2293,2289,hand2,train,1628,d35f8c2d372d904312a6ec76e1488ce6d4eb173eba80c26dc4096312748b9be7
P/hand2_p_left_seg_3_cropped.jpeg,P,2294,2290,hand2,train,1629,96e798cb84bfa98d2bdb0de2fd93dd66f66d82bdc7190021421d10c4777de58f
P/hand2_p_left_seg_4_cropped.jpeg,P,2295,2291,hand2,train,1630,242f61517b31f86d384f9126209644c85a9ba129e6dcd0ef891822a507352286
P/hand2_p_left_seg_5_cropped.jpeg,P,2296,2292,hand2,train,1631,3397fecd256790c149fb454e6fba14aee57d94e9d6b1855c067554cd3fac2755
P/hand2_p_right_seg_1_cropped.jpeg,P,2297,2293,hand2,train,1632,c57742f362bccaf125d67f83a192521988fac19fc6310cbeeb6c6f3bf04a1e93
P/hand2_p_right_seg_2_cropped.jpeg,P,2298,2294,hand2,train,1633,d1bdf4f708d9acf3fd6fe5c8a59902b475d33fe5928d4923d0b090b8454d8201
P/hand2_p_right_seg_3_cropped.jpeg,P,2299,2295,hand2,train,1634,6ee9ef45259fe15994895822a94f7ccd9a8901183ca600ea314fce877548ec4b
P/hand2_p_right_seg_4_cropped.jpeg,P,2300,2296,hand2,train,1635,547e6f7ba8f818592b2f95f1f997ecec85ff381d22d3f9707767646e3dd7e331
P/hand2_p_right_seg_5_cropped.jpeg,P,2301,2297,hand2,train,1636,8054d6e86bbd073ee1404bd406dca833f4bfc5b550129000ad7c2b3f36314504
P/hand2_p_top_seg_1_cropped.jpeg,P,2302,2298,hand2,train,1637,875abb1cf13cd41fadf768cc61fffc96cf056ae9fc84b4ff4c22560ff4e96e0e
P/hand2_p_top_seg_2_cropped.jpeg,P,2303,2299,hand2,train,1638,bcaa3fc44db7d9a2572c4e572a591442db4b8ea59ece24a4e9b236033be31306
P/hand2_p_top_seg_3_cropped.jpeg,P,2304,2300,hand2,train,1639,1e2629309b8ee27fe802dc9be114229b88e9f08995a972eb8b649c007315cee5
P/hand2_p_top_seg_4_cropped.jpeg,P,2305,2301,hand2,train,1640,c5e82b4b1eab68451f552364aa08a7aad0fa339929d0e867c14ae2ef2e2e8781
P/hand2_p_top_seg_5_cropped.jpeg,P,2306,2302,hand2,train,1641,e728a2c50239d9bff217fe1e7603c0ef7ce0710a96654e5b1bd9da50a4013ade
P/hand3_p_dif_seg_1_cropped.jpeg,P,2307,2303,hand3,validation,335,98435e6d68abcabfedfac814b849fd4154df73817a29d2df45495c09cfbfca54
P/hand3_p_dif_seg_2_cropped.jpeg,P,2308,2304,hand3,validation,336,678efcb426cc8a7829559691a623243997d59e0ec7b1d6e9d7f98fcdb877889a
P/hand3_p_dif_seg_3_cropped.jpeg,P,2309,2305,hand3,validation,337,29ef58ca1ea61b9186c8c3954bf82ff79779138f4665e4f5969d31156043ddb7
P/hand3_p_dif_seg_4_cropped.jpeg,P,2310,2306,hand3,validation,338,7b1e6ac651b6f09fb11e5070a55a0d085b33fff16306c8e0b16ab77f42d05567
P/hand3_p_dif_seg_5_cropped.jpeg,P,2311,2307,hand3,validation,339,1fbd9d9f329daec6a658f063627f38c9b9019e0c184d786047af9f5ac73297f8
P/hand4_p_bot_seg_1_cropped.jpeg,P,2312,2308,hand4,validation,340,0febed314f7cc18f41b15bd63f792d355e365cf9cd5f033bd30e4f112ef6dbf4
P/hand5_p_bot_seg_1_cropped.jpeg,P,2313,2309,hand5,test,326,79613b1fe0c6d9c305cbfbb6afb471d07de70d5a971376f29b0b358fbb848554
P/hand5_p_bot_seg_2_cropped.jpeg,P,2314,2310,hand5,test,327,92ae77e98284863cde89e6c79dc19ce54c2c23dc9b64d5d0f4606d4b222620ca
P/hand5_p_bot_seg_5_cropped.jpeg,P,2315,2311,hand5,test,328,71380345aa6c7d94e55b2f7ac7664d8de35bd54f1ed36c87597b782ea24ad4b9
P/hand5_p_dif_seg_1_cropped.jpeg,P,2316,2312,hand5,test,329,2e1d7352e3573aeffc9a794cc5744b69af669139ca7c1c5e19a0ca30142aa03f
P/hand5_p_dif_seg_2_cropped.jpeg,P,2317,2313,hand5,test,330,127a16f4f7fd89a18e4bba5d03a552abe88be0bc431fe584191eb65e6f9ae475
P/hand5_p_dif_seg_3_cropped.jpeg,P,2318,2314,hand5,test,331,798c3d495aedfcaedd60288c9d2e7a11bef178e799052160f6b1a05feeecbebf
P/hand5_p_dif_seg_4_cropped.jpeg,P,2319,2315,hand5,test,332,3a52716bc8dc1ab293e21e7b4ef5cb02b9023351cf5697594120849f12c819b5
P/hand5_p_dif_seg_5_cropped.jpeg,P,2320,2316,hand5,test,333,83bccec2768003e4a3fd528aebb131f63a97f7ddbc77e797cf20014ccce1f3b6
P/IMG20210607183919.jpg,P,2321,2317,photo_IMG_date,test,334,0b2d8aa5f6dfe1ac273a4142118cc70c9431db14b3591f483705698b1eed19ac
P/IMG20210607183920.jpg,P,2322,2318,photo_IMG_date,test,335,e23d71abee5a930570f025e2c643bf2e9fc591595a1b1d60668fbc39f716bff3
P/IMG20210607183921.jpg,P,2323,2319,photo_IMG_date,test,336,1834cfb2b0794018ffd46a47f1e0c9770472befb09b8442474acf8623604ee39
P/IMG20210607183923.jpg,P,2324,2320,photo_IMG_date,test,337,756fb13b43a8ba7fad7f31c5599aec91e70794ed63a5907775a94d915aea91a3
P/IMG_0283.JPG,P,2325,2321,photo_IMG_counter,test,338,f24604ef58ecb7b78c60f3f158523cf020dab90e67281406a20c4bc7028a6bb3
P/IMG_0284.JPG,P,2326,2322,photo_IMG_counter,test,339,5d32620e87b371603c8d2e65898be59306fc6213acc12728cea65920c826041d
P/IMG_0285.JPG,P,2327,2323,photo_IMG_counter,test,340,9158e4246105f7060367381165eb7bfa9d83399556b670a53fa228151c63aeb2
P/IMG_0286.JPG,P,2328,2324,photo_IMG_counter,test,341,f2d76d2d775cfc6e82f75aa195cb7e2628e8a28deef90da9a0a5ae012f9d2b3c
P/IMG_20210605_173402.jpg,P,2329,2325,photo_IMG_date_underscore,train,1642,a16a3948bde859774dc493a70112370224f9ba9e3dcd555bf1ea3efb28ec389b
P/IMG_20210605_173433.jpg,P,2330,2326,photo_IMG_date_underscore,train,1643,9d7874aab96045d3ebc2146e33a754d704e410b05b3642ea14bdb99e53fc296b
P/IMG_20210606_202858.jpg,P,2331,2327,photo_IMG_date_underscore,train,1644,c3d77555f59bab770d7957ed8347f34b9eedd388291a2e73d643afff911765f4
P/IMG_20210606_202901.jpg,P,2332,2328,photo_IMG_date_underscore,train,1645,095d7cf0ffb9fb13f1666f5052a814d80e925ccbc0ff578d466222ccfc4db713
P/IMG_20210606_202903.jpg,P,2333,2329,photo_IMG_date_underscore,train,1646,78412d87c7cb031da175cb56d8bc6692d62f7631abcf395bbcd1792d2428f4ad
P/IMG_20210606_202907.jpg,P,2334,2330,photo_IMG_date_underscore,train,1647,74f6a1d16fff5da20b3360cb9eaa98af22c21a25fefb1a62d8aab24f44d41d0e
P/P (1).jpg,P,2335,2331,photo_letter_parentheses,train,1648,07eb1632d350acf000066b6f78b5a7c91e8bdbabde4a2b22d568169a25e77c03
P/P (10).jpg,P,2336,2332,photo_letter_parentheses,train,1649,9b7848440fad9e5a37a44ed31e8690ec08f1688745027d654811df13501d2d36
P/P (11).jpg,P,2337,2333,photo_letter_parentheses,train,1650,6cd01e598b2827544eee462275b59b1fa4db1412cfb943574dcf4f56e6f4389a
P/P (12).jpg,P,2338,2334,photo_letter_parentheses,train,1651,5a7528a7c24fafd783f29b432e40f47cf2ec5f283d3548e4d9218a6a618275d4
P/P (13).jpg,P,2339,2335,photo_letter_parentheses,train,1652,6801ea239a2022886d767353494b9b04fc9423bad3317dca941cf88e2dbb7a09
P/P (14).jpg,P,2340,2336,photo_letter_parentheses,train,1653,158d59a5986a2b0edcb60d940b42b60b2db8a9d450ddfa1d1d7464ace97da342
P/P (15).jpg,P,2341,2337,photo_letter_parentheses,train,1654,a5ce2b9fb00108e7504c4ca0347906dbd4597d599443701abfabdf58ccbf3f49
P/P (3).jpg,P,2342,2338,photo_letter_parentheses,train,1655,a5bf7962710c39f98b77edda810f04142299e9cc55ed31a6b34b26fa33e05daa
P/P (5).jpg,P,2343,2339,photo_letter_parentheses,train,1656,00e50b2b2fcb9ae31d6ce7563f6e806c781374224a7f4e180381157069e5d6dd
P/P (8).jpg,P,2344,2340,photo_letter_parentheses,train,1657,636b96f1b4be547d2f804e1cfd7bee86bd3e5376e7948b562264880808ab25c2
P/P (9).jpg,P,2345,2341,photo_letter_parentheses,train,1658,3466e1947a4d760d894805c26873257841fd57c519cc007a8b2bee49bfd9c704
P/P_1.jpg,P,2346,2342,photo_letter_underscore,validation,341,2f76aeca5c1c8fca526de2b43e6ca61aaa3017b483dae35d0bc5d0029857cfcb
P/P_2.jpg,P,2347,2343,photo_letter_underscore,validation,342,fafb407d24a2c1138afa6100c52055b655d2552fdc9ae0a4a6e13f35f4edebf2
P/P_3.jpg,P,2348,2344,photo_letter_underscore,validation,343,1c3f819300dfdff8e883659ff8932be9d5c9631a213d15af5c0c5f7bee078b65
P/P_4.jpg,P,2349,2345,photo_letter_underscore,validation,344,2cd598692611958de9dd3f724163ef08f8c06a7d84b4cfc7e929d9578ce467f1
P/P_5.jpg,P,2350,2346,photo_letter_underscore,validation,345,8a6b344f53556368ca89be9b7720ec39c3bef126bc0c199719e934ff64ecca4b
P/P_6.jpg,P,2351,2347,photo_letter_underscore,validation,346,6a4629adc8550665b4bd894c77f0705008f15e88c8b6cf7200a95c40108d25aa
Q/20210607_173948.jpg,Q,2352,2348,photo_date,train,1659,95456151bb66c6a50a0c82a7e0e1e433729294583c7137797d06820ffe5aff1a
Q/20210607_173951.jpg,Q,2353,2349,photo_date,train,1660,99f37f18bc06be95e8c2f0b090eae750dd5a5808b1b68d98b67322fb811fb9da
Q/20210607_173953.jpg,Q,2354,2350,photo_date,train,1661,713bf8a60ffcad36f7b184f913da85bf14e6dfc356acdbfe9a7bd0ed33ac82f4
Q/20210607_173955.jpg,Q,2355,2351,photo_date,train,1662,cebf3347cfa52a1d0d28d9cfcf261364f8c749fd83785c294e97d24f94373851
Q/514C3A11-76C4-4B82-AEA0-42235C56A5CB.jpg,Q,2356,2352,photo_uuid,train,1663,adb8245f182cafeb2e6bf22549856f5b6cf1cf19fad3b0966cdeca39696225cd
Q/5A844C2B-5D1F-4573-B2E7-E27F0DEF82E6.jpg,Q,2357,2353,photo_uuid,train,1664,18bdffd1a4c62585023f5dc7e1b26bda9a6761f628f854760868c152139b6660
Q/65DA395D-24DA-406D-9A79-4B3486682657.jpg,Q,2358,2354,photo_uuid,train,1665,9ab1970983ba229333612d3189af05b2dd2e4bdea162fc8eb3a8c2f33565631a
Q/76CC5C76-AA3A-4706-885D-3F33F3B6C61C.jpg,Q,2359,2355,photo_uuid,train,1666,b6ea4e9ea420b6d2c0b0c1fb4acc62bd2938358fe0ead2805a334914ae1996d7
Q/hand1_q_dif_seg_1_cropped.jpeg,Q,2360,2356,hand1,train,1667,3e2e3f5930b417e9140ddd980f71f189a255671ef5611628f08cf3e5565548c8
Q/hand1_q_dif_seg_3_cropped.jpeg,Q,2361,2357,hand1,train,1668,5316552bb95f4293c34b005f5e8751bcc66bc3184bd5d5e08641aad95628b8a8
Q/hand1_q_dif_seg_4_cropped.jpeg,Q,2362,2358,hand1,train,1669,8fa85dddc4846735c8c89de6326706685315ba3f2a0acdd50d2f3353a58ca3f7
Q/hand1_q_right_seg_1_cropped.jpeg,Q,2363,2359,hand1,train,1670,4f22bc98fe50ab32ce9f761aa6f79422fb0a0aca5326a5f4b6d88f1a8a5c153d
Q/hand1_q_right_seg_2_cropped.jpeg,Q,2364,2360,hand1,train,1671,3159394098759c7c62d7005e94e63a380eadba390e428d1add31d3dfc6d99fad
Q/hand1_q_right_seg_3_cropped.jpeg,Q,2365,2361,hand1,train,1672,889442865515027d92b89cc8dfbc84cac4cb1539e47380a65932853f9a74150e
Q/hand2_q_bot_seg_1_cropped.jpeg,Q,2366,2362,hand2,train,1673,f678ac9ab6ceb23a4f5b0dbaac429036abf878c27a1e285fcb6fc46f5377223a
Q/hand2_q_bot_seg_2_cropped.jpeg,Q,2367,2363,hand2,train,1674,1f899d6b880e27d29ace1fd7426399cdcaa1f3b65fc1394e9bc8a81dbb66bdd1
Q/hand2_q_bot_seg_3_cropped.jpeg,Q,2368,2364,hand2,train,1675,7b58d73a7d0c59faf06aa6cf41df99212f51bb82fd70042c3a20e1614585eb13
Q/hand2_q_bot_seg_4_cropped.jpeg,Q,2369,2365,hand2,train,1676,0ab4c491d40f9992845fbceb3d409bd9e31f13ff6b4a41bd70a7f742751a9dd3
Q/hand2_q_bot_seg_5_cropped.jpeg,Q,2370,2366,hand2,train,1677,ebfc6b313c45c98bfb5fb2ed2ce487bfc788e1856b8c938d4ae730bf6e6b451e
Q/hand2_q_dif_seg_1_cropped.jpeg,Q,2371,2367,hand2,train,1678,d2e5539f4a07111ecafc5f287ba9a12f4bc6745ed54f2af35fbd32a3a4cd8b97
Q/hand2_q_dif_seg_2_cropped.jpeg,Q,2372,2368,hand2,train,1679,8a6483fdd761266f791c4930f6a99383092e730fcfea46b87c47d1cc5c748c43
Q/hand2_q_dif_seg_3_cropped.jpeg,Q,2373,2369,hand2,train,1680,12d9017149f1491516cc3c611192cd116c29ed60e88946a2ec84d17a6dc63a1d
Q/hand2_q_dif_seg_4_cropped.jpeg,Q,2374,2370,hand2,train,1681,dd99b842db83061a2ea94e4bdd257472e99f6b25292aaac1339329477c068fde
Q/hand2_q_dif_seg_5_cropped.jpeg,Q,2375,2371,hand2,train,1682,d8ab6df9f633cca581430b967273e7e666073ea6e95277f4b43fc9041a836501
Q/hand2_q_left_seg_1_cropped.jpeg,Q,2376,2372,hand2,train,1683,fe13162770bbe95d39d8666a3a8d446a01a62a702dffe890d618bfd240e4fecb
Q/hand2_q_left_seg_2_cropped.jpeg,Q,2377,2373,hand2,train,1684,c30deaf802d0e10d74fde22cbcfcb406b152e63f7fc090b47000bdacf400d638
Q/hand2_q_left_seg_3_cropped.jpeg,Q,2378,2374,hand2,train,1685,5de56722ce43f165e1dd3628ce5594ac93b9ac3f0d4e16192a90c0d4cde5ee27
Q/hand2_q_left_seg_4_cropped.jpeg,Q,2379,2375,hand2,train,1686,aac1c26f7db06e7bd8cce32f4bb9f69343e9f09045f9cf07b1d062ff9ff7adfa
Q/hand2_q_left_seg_5_cropped.jpeg,Q,2380,2376,hand2,train,1687,dac286d5c4c231aac48d1a116952f65c6fb7ea4724975678f5b3c0bea95f6f92
Q/hand2_q_right_seg_1_cropped.jpeg,Q,2381,2377,hand2,train,1688,ca4411d30243fb07f4a0d47c047ea7430fb4532c29931419df71bcbff30183fc
Q/hand2_q_right_seg_2_cropped.jpeg,Q,2382,2378,hand2,train,1689,d9b4e31ebc9f455ddc80f86167551d06e638efb546711b210fc4d16ebb729e04
Q/hand2_q_right_seg_3_cropped.jpeg,Q,2383,2379,hand2,train,1690,15421902b39d37dd4a83bb55025eda2eb75e438801cc3774b90b036f374c0790
Q/hand2_q_right_seg_4_cropped.jpeg,Q,2384,2380,hand2,train,1691,220966d3e23c546cbc0468747a81b3ae85bccf65529f9eef23b57d0fcd68d503
Q/hand2_q_right_seg_5_cropped.jpeg,Q,2385,2381,hand2,train,1692,9c9190c9b05d3541af260dc0f631021d6a0ea08574217bccf1f59f820add5475
Q/hand2_q_top_seg_1_cropped.jpeg,Q,2386,2382,hand2,train,1693,b9c4258bb5ced875c1f9e1aa6497cbc2da5c7f10f143bffb97c9a1efd2b62048
Q/hand2_q_top_seg_2_cropped.jpeg,Q,2387,2383,hand2,train,1694,8e5f9b9914b8c6da61084ccb2fbad54bd3f802232cf210fd73fa90da4ddca89f
Q/hand2_q_top_seg_3_cropped.jpeg,Q,2388,2384,hand2,train,1695,a73e364aee274cff8578b42b487d9a79b3c2c8715d04190213e10e0416c388f0
Q/hand2_q_top_seg_4_cropped.jpeg,Q,2389,2385,hand2,train,1696,cec22de4909e594b2abdec935e9d780882c3b524aaf1b19f8a73df5cc3410f46
Q/hand2_q_top_seg_5_cropped.jpeg,Q,2390,2386,hand2,train,1697,1e798bfc10748051944f8859dfe4d141930e903b5596211987e4207d787638e0
Q/hand3_q_dif_seg_1_cropped.jpeg,Q,2391,2387,hand3,validation,347,f1410c6bdb91a0cbdc78df2b0ce39a747180d85898f2abedaa565d8d014d6ad5
Q/hand3_q_dif_seg_2_cropped.jpeg,Q,2392,2388,hand3,validation,348,bdae584ab5ad4c93b7d3801b71222f22a55fa876413efa3076f12f0931872a80
Q/hand3_q_dif_seg_3_cropped.jpeg,Q,2393,2389,hand3,validation,349,47b25374748f26ded3cc2145cda2e57b4a957f75ff5b698cc19b375f45d41adf
Q/hand3_q_dif_seg_4_cropped.jpeg,Q,2394,2390,hand3,validation,350,64bbb347b926b55d62e9af897b4c03d9b40e765b396047d7285aaab26c46ec97
Q/hand3_q_dif_seg_5_cropped.jpeg,Q,2395,2391,hand3,validation,351,1f0407c31f8ccdee5391294cbec2218f00ac050630c5a98bc32c968b8d68103b
Q/hand4_q_bot_seg_1_cropped.jpeg,Q,2396,2392,hand4,validation,352,8e744b597dae2fde7e7d2c829df343bd2afd50edde473aa1355fdc6c35fbf715
Q/hand4_q_bot_seg_2_cropped.jpeg,Q,2397,2393,hand4,validation,353,43ceaa9c63103e56e2e7ff8a5c0f5f2953ca03ff33bbf2400fe76effee5e74b4
Q/hand4_q_bot_seg_3_cropped.jpeg,Q,2398,2394,hand4,validation,354,c15be3041353660bf08bf49344c764c12827ece402a82e9496649ae5c2c90c25
Q/hand4_q_bot_seg_4_cropped.jpeg,Q,2399,2395,hand4,validation,355,1070b15e120dacee051451d048725054f7f5313478ea5439e70677b0854f5c15
Q/hand4_q_bot_seg_5_cropped.jpeg,Q,2400,2396,hand4,validation,356,dd3b13165d0958cafa154965be28b1f4a2518274a74ef02142eed0a4f664124d
Q/hand5_q_bot_seg_1_cropped.jpeg,Q,2401,2397,hand5,test,342,d7f35ea6822e4a57dd3e43750cd8d02e1876b013e6812aa55a620ded8e96935e
Q/hand5_q_bot_seg_2_cropped.jpeg,Q,2402,2398,hand5,test,343,6afb0382e1415a59c775b3cd2032840797345e6a7784f55631af894d767e8b06
Q/hand5_q_bot_seg_3_cropped.jpeg,Q,2403,2399,hand5,test,344,4dad3ceab04d1a2dc86d6f2dc355fab43b4c10ab2c0f6ee95f01cdb31227f9d4
Q/hand5_q_bot_seg_4_cropped.jpeg,Q,2404,2400,hand5,test,345,136ccb7e6b61eb8aad466c354b526b2fb9e43097a2151a45311c9be6c7232d04
Q/hand5_q_bot_seg_5_cropped.jpeg,Q,2405,2401,hand5,test,346,5be9318b905229d512c705e4d5c7bcc88cb20641ca5bc7f10b20f50d675c2ee5
Q/hand5_q_dif_seg_1_cropped.jpeg,Q,2406,2402,hand5,test,347,f52a4cb81b4dbb049ab4650e1ea498ffaed903484b2d2dc4e56eaf6e3352b8a4
Q/hand5_q_dif_seg_2_cropped.jpeg,Q,2407,2403,hand5,test,348,390e5684d94cdba2f2c36e57dfef5d865ede86ba2a956f5e0717417b3b1c1919
Q/hand5_q_dif_seg_3_cropped.jpeg,Q,2408,2404,hand5,test,349,721685469d66feeb0850909591c66f5a489b928a1603f68f6034c8fc7678db1d
Q/hand5_q_dif_seg_4_cropped.jpeg,Q,2409,2405,hand5,test,350,4b3a477348ab78b7c9bcf9bae8641228bc086afc333233377b3e403def2fd4ce
Q/hand5_q_dif_seg_5_cropped.jpeg,Q,2410,2406,hand5,test,351,91b2c2717a9bb9f18f9317b6edaec0d71ab1d1db148f37e5e49eb4f47ba2f4a9
Q/IMG_0288.JPG,Q,2411,2407,photo_IMG_counter,test,352,90ae96f635850fffc045b8c86fad79cfab927194a6cfe82806b82a9e2d0c11a6
Q/IMG_0289.JPG,Q,2412,2408,photo_IMG_counter,test,353,46346e23149ac6137ec97a929fdf687765a5b51282d21ab5512e6b335a8f24db
Q/IMG_0290.JPG,Q,2413,2409,photo_IMG_counter,test,354,37f78538ae5b4f9f390b03ea1cda11015fd57a8c08d4c352be85d98cd30796f7
Q/IMG_20210605_173553.jpg,Q,2414,2410,photo_IMG_date_underscore,train,1698,5dc631957fc6ee17d788c3cdfa05297a39dd5e03cc75045f4010856e9aeb754f
Q/IMG_20210606_202929.jpg,Q,2415,2411,photo_IMG_date_underscore,train,1699,c4b14a259c9a8902bf95017f74c035fd48fd3526e64b091c97ead23b0e9fa24d
Q/IMG_20210606_202932.jpg,Q,2416,2412,photo_IMG_date_underscore,train,1700,f4e6757fb4299d54f7655649d948ee68850e41ce5515b6a358a962e7fb11cfe7
Q/IMG_20210607_203540.jpg,Q,2417,2413,photo_IMG_date_underscore,train,1701,8fb40ae04df5073add6fd6abed60e8eda77af07f18c2fb1e02313b346148ad8e
Q/IMG_20210607_203542.jpg,Q,2418,2414,photo_IMG_date_underscore,train,1702,ca6feef07d09b8e0b5d577da6517314ed7dcecaf51eaebf4d385b39940c66b8a
Q/IMG_20210607_203543.jpg,Q,2419,2415,photo_IMG_date_underscore,train,1703,11fe12503f808dc209fe32c5a3f52a252f7ebc437aaef868f662e4b8d3f23c63
Q/Q (1).jpg,Q,2420,2416,photo_letter_parentheses,train,1704,bab4de5e9666f88be530f298b2ca35003db5a3ab7b1a2497fbd6974afe04fc7f
Q/Q (10).jpg,Q,2421,2417,photo_letter_parentheses,train,1705,f5ff8d3a71fa4292938dde3e42e4b839f01ee9058bcd99238d5f75786c67259e
Q/Q (11).jpg,Q,2422,2418,photo_letter_parentheses,train,1706,db43a1d470068f46ff0bfe01a7256589220f4b30751169e740d797a326a5b1b7
Q/Q (12).jpg,Q,2423,2419,photo_letter_parentheses,train,1707,c66dd37d5207b57bc567c0410ca21793647fbf9c8878839f20cb6d576a38edd7
Q/Q (13).jpg,Q,2424,2420,photo_letter_parentheses,train,1708,1c1722a814d4a68e92d5029dcc10418b7aa712fe46728f6167ef4be9412d4f40
Q/Q (14).jpg,Q,2425,2421,photo_letter_parentheses,train,1709,f3029c7ebc5a3fd229a39ee60b9eceb3c33916d3738e898d22cd41c0d7d22cc9
Q/Q (15).jpg,Q,2426,2422,photo_letter_parentheses,train,1710,ebf08472107c1eb2968a1ec1df56dc11b9b3ae711a0ba782f5bd5ce3e3b57bff
Q/Q (3).jpg,Q,2427,2423,photo_letter_parentheses,train,1711,dd48d23904bb4a5c9a2011df91384df8c8a027e3c5327f01b1a1635f9f5ab8ae
Q/Q (4).jpg,Q,2428,2424,photo_letter_parentheses,train,1712,7e88c1e00a1405266f903d795f08468b3bdb93ed1079e6ecde664339da8671d0
Q/Q (5).jpg,Q,2429,2425,photo_letter_parentheses,train,1713,fd0d8ab68d03404ce33a20f81d6ba4ebceb6865450724a7230538fdfbee427d9
Q/Q (8).jpg,Q,2430,2426,photo_letter_parentheses,train,1714,c7c30e16c8866ff96b6df31b95f05de77aa97ef700fedfa65d809c3f0c91ec26
Q/Q (9).jpg,Q,2431,2427,photo_letter_parentheses,train,1715,978560faf2a7f96f6c4e13a6b43e462a8eb307eab00450953aeb1158de599ca4
Q/Q_1.jpg,Q,2432,2428,photo_letter_underscore,validation,357,defca859388a57fb96f8e300c978cac43ff53e918b90fdd6a76b54f310dfba7e
Q/Q_2.jpg,Q,2433,2429,photo_letter_underscore,validation,358,8b31dbf81bf91c7817b3689867190439a6ffab226026b9d7af712defcb807b70
Q/Q_3.jpg,Q,2434,2430,photo_letter_underscore,validation,359,3e21e4fd872a732742cd447c26592255cf0ba51ed6d85fb0c4ac481119cc0aef
Q/Q_4.jpg,Q,2435,2431,photo_letter_underscore,validation,360,adb7364df26c3f905c06b355419871492025e3c7e02d928db788343ad8f90de0
Q/Q_5.jpg,Q,2436,2432,photo_letter_underscore,validation,361,18abda25b67fb67b2957cdc2a8093effcf206d05451583114305cbd91de5e1e4
Q/Q_6.jpg,Q,2437,2433,photo_letter_underscore,validation,362,b3babe918ffb0672ff6b235074b0901fae028ca834ae7c7cf00a2256a2666226
R/012F1648-E0A7-4051-A1AD-422D2FE6946C.jpg,R,2438,2434,photo_uuid,train,1716,33ed7968aecc8a698bd639653722eaf77c003f9fa7aac01b39ba9d11f5c101f0
R/20210607_174019.jpg,R,2439,2435,photo_date,train,1717,31cb00472ce5e2c2707098c4a5edc1dff222e7ba9ef4a74a9196ef106800b368
R/20210607_174021.jpg,R,2440,2436,photo_date,train,1718,7c6ff911842fe23a537f0daf114ed757212a8d480f998fb475540ddf09792d79
R/20210607_174025.jpg,R,2441,2437,photo_date,train,1719,0c1d4e5f0b0f2a982fbc970acb907836fa75497ac3edf06a7016595d0a9d14a2
R/20210607_174027.jpg,R,2442,2438,photo_date,train,1720,4940e195bbfe0f20392b52827e84abf5f9508b1747b3b2cd26da853b11508db0
R/4CE78648-8F6E-4898-88A2-08D708A29A8A.jpg,R,2443,2439,photo_uuid,train,1721,2f8b7192df91988638c263a0a175181702069c9cc69421a09ec29c469f4187d9
R/5A38AFC3-FE76-41E8-AC36-0C8EB399C550.jpg,R,2444,2440,photo_uuid,train,1722,7abac22d6ebb9123c6cc0b0cf80069f02d6e6b27db7781ac7503de28223f17cd
R/9843F91D-7750-41B4-A82E-A3174B51C860.jpg,R,2445,2441,photo_uuid,train,1723,594ecc230be5b75163fc66247bbef5f1dc9ac56d1a0a8eb15bed53b872d2d744
R/hand1_r_bot_seg_1_cropped.jpeg,R,2446,2442,hand1,train,1724,087480852f4ba78323f0f0f427fab6bc6898009f12099c1097dd8a4b756e6aa8
R/hand1_r_bot_seg_2_cropped.jpeg,R,2447,2443,hand1,train,1725,0c66f2687fb2f91c93715010c0202cb82b33ed61901656129915aa65695db3e1
R/hand1_r_bot_seg_3_cropped.jpeg,R,2448,2444,hand1,train,1726,df414b6150d238c347e51d61efc6ffee651de9297449fef00d617a1e9a53791f
R/hand1_r_bot_seg_4_cropped.jpeg,R,2449,2445,hand1,train,1727,63bafac75c913abd8799617546267b10912aee10dd5b059f9ed7494a1b65924c
R/hand1_r_bot_seg_5_cropped.jpeg,R,2450,2446,hand1,train,1728,6fe748c889ea3354f902655cc994d92b33759d89c33d654cc2524620a91aea35
R/hand1_r_dif_seg_1_cropped.jpeg,R,2451,2447,hand1,train,1729,5efd0da6efd3ff85f14a1e9b1bb439bdbbaa33e555504138f9da636536d03b63
R/hand1_r_dif_seg_2_cropped.jpeg,R,2452,2448,hand1,train,1730,c8ef8687c704b19bc2b055b4fa3dd78d4a5e330d42bb4efe02280c8bf6733aec
R/hand1_r_dif_seg_3_cropped.jpeg,R,2453,2449,hand1,train,1731,4bb7de73f7be94041b41c523fb1c3f89dccc034098e61546ad24c0c7ebe16b72
R/hand1_r_dif_seg_4_cropped.jpeg,R,2454,2450,hand1,train,1732,560d9ea12a1015d0e1c68bfe72882e39e3fdbccb018e5fe393817ccfd5e3e2b3
R/hand1_r_dif_seg_5_cropped.jpeg,R,2455,2451,hand1,train,1733,91d8d32106c93407dafccff5660a4f9b449124823270bc7314e987e1a778a17d
R/hand1_r_left_seg_1_cropped.jpeg,R,2456,2452,hand1,train,1734,5d4b7925a719e8e450bbdd9b5c268e3c237000b5ff13fd8c98bee938f86da902
R/hand1_r_left_seg_2_cropped.jpeg,R,2457,2453,hand1,train,1735,f90fd158a1153309feaa7902094e5508490e71b72f84cd8ba18c67d060c9317f
R/hand1_r_left_seg_3_cropped.jpeg,R,2458,2454,hand1,train,1736,c4398eaad61202ae28a0f660eee60d59f6550f1902520929eb6e1e8e5b658feb
R/hand1_r_left_seg_4_cropped.jpeg,R,2459,2455,hand1,train,1737,3f52490930203baace24de5146aa3895e6098bc077563cc67a450cf223cc19be
R/hand1_r_right_seg_1_cropped.jpeg,R,2460,2456,hand1,train,1738,0b9fed28da934fdd380b781e76bc5e706592db9a0c935660652aec7f0a3bce73
R/hand1_r_right_seg_2_cropped.jpeg,R,2461,2457,hand1,train,1739,ea37edfd66f2de90f14cf88bd9063639a4c67ee93425803df5a1f9cc7ac40e90
R/hand1_r_right_seg_3_cropped.jpeg,R,2462,2458,hand1,train,1740,57c54cbf3fb3f883a95f252063b1ac8ed06a5b83108d5e80ba36c462323cb17f
R/hand1_r_right_seg_4_cropped.jpeg,R,2463,2459,hand1,train,1741,b987bd31e55d9d7362c90e3e3c2b730e895a255630bea6dc202baf4ade5688fd
R/hand1_r_right_seg_5_cropped.jpeg,R,2464,2460,hand1,train,1742,50aeedbe5df0f95a1f2013d502eb736ac5b2679e13701e4b6060108ec136d497
R/hand1_r_top_seg_1_cropped.jpeg,R,2465,2461,hand1,train,1743,0b6a89c20c09844c2f4de9758abe4db5479baed8b42dc581287de4e20ffda709
R/hand1_r_top_seg_2_cropped.jpeg,R,2466,2462,hand1,train,1744,dad835d0cc16bd5540462ecc9d53380957594f4ac9738d599dca7ba0f0918769
R/hand1_r_top_seg_3_cropped.jpeg,R,2467,2463,hand1,train,1745,905c49adbb87ab1a6220b2b848f6be5a2e3cabc49025ba82fa096e8181f3b616
R/hand1_r_top_seg_4_cropped.jpeg,R,2468,2464,hand1,train,1746,ea59b04aea738ec32e395069a601e260d0db6242846bff2babb1d16a56693701
R/hand1_r_top_seg_5_cropped.jpeg,R,2469,2465,hand1,train,1747,a43dfa95306934ae4cee78aa6ba826dd95cdaba07386ede40f4e555218ac3651
R/hand2_r_bot_seg_1_cropped.jpeg,R,2470,2466,hand2,train,1748,7270e34b5cd8a7bafbb56d8d8373d5c4909cb4f7a6f6a6fef89c762096d0cef7
R/hand2_r_bot_seg_2_cropped.jpeg,R,2471,2467,hand2,train,1749,b58828855fa9756423379d9062efd2f45591f68b527efc05c4081382c57ce4cd
R/hand2_r_bot_seg_3_cropped.jpeg,R,2472,2468,hand2,train,1750,95d2c3a4ba55671bd4ef6aa1af055b4fc2ab062579993ff1927525ea6d83be5d
R/hand2_r_bot_seg_4_cropped.jpeg,R,2473,2469,hand2,train,1751,21cdc6238c33f8790dcf09c2384c1b4dbd80d5ca4172889fcd929f6f53fd92b4
R/hand2_r_bot_seg_5_cropped.jpeg,R,2474,2470,hand2,train,1752,f1fd6b933195c77cb07b5f93033432e06f4b07243c2d6889ecf24560ae37c440
R/hand2_r_dif_seg_1_cropped.jpeg,R,2475,2471,hand2,train,1753,2d96031e8d4a854b0f510c611984d728fb1bcae8bddf13989fe54ac528f15737
R/hand2_r_dif_seg_2_cropped.jpeg,R,2476,2472,hand2,train,1754,1890db75543e0ae08972d58e81b569144ab3a4c7a4db26dd6853c32e1da658c0
R/hand2_r_dif_seg_3_cropped.jpeg,R,2477,2473,hand2,train,1755,ad1cea22052224b3abec7f4c8e140516ce46222b359d008981ebaf9670593fc2
R/hand2_r_dif_seg_4_cropped.jpeg,R,2478,2474,hand2,train,1756,04c52d2bddee9505f0d088820f45bed9fd8d23a55eca8d7ac068f4cc73aad5f0
R/hand2_r_dif_seg_5_cropped.jpeg,R,2479,2475,hand2,train,1757,68865eb425b70172fa5c2eba01506b1f8994c9f977a7aa4808745200777789e3
R/hand2_r_left_seg_1_cropped.jpeg,R,2480,2476,hand2,train,1758,08947f515897e63ac491d119f655ec01d2e127aa9158343be51eac6ffc50c4fe
R/hand2_r_left_seg_2_cropped.jpeg,R,2481,2477,hand2,train,1759,324dac2cd73d257177ac98b38134e8bb6f6870935edfdf88f194a4dddde080c0
R/hand2_r_left_seg_3_cropped.jpeg,R,2482,2478,hand2,train,1760,ff3df6da1f03b9620bd4632445af032bf70db87bede10144532a9ea8e7426a1d
R/hand2_r_left_seg_4_cropped.jpeg,R,2483,2479,hand2,train,1761,3601af6eb3ffb2c20de0794fdd756dc608c3872da6909ee8883b05b743c07b0f
R/hand2_r_left_seg_5_cropped.jpeg,R,2484,2480,hand2,train,1762,e86bf0882c26e4512874b7e0c9f94758613427b0a4117d5f6e10125ae598c416
R/hand2_r_right_seg_1_cropped.jpeg,R,2485,2481,hand2,train,1763,5c68e407a1fbdb6cda3dfaebf8d007f0f12e620e16340eeb70589f62af292e6d
R/hand2_r_right_seg_2_cropped.jpeg,R,2486,2482,hand2,train,1764,f48bee6f1c6cf5763606a4d73b4fd406c968504c1a5ca2a766689ad79c165e14
R/hand2_r_right_seg_5_cropped.jpeg,R,2487,2483,hand2,train,1765,bea098965e7b2f5212ac7a846bf4211084698405fc5abdc80a89b09a52968787
R/hand2_r_top_seg_1_cropped.jpeg,R,2488,2484,hand2,train,1766,c1dffabe4814558349165ea6f322f185803f5290e1097499bf2a22002105384c
R/hand2_r_top_seg_2_cropped.jpeg,R,2489,2485,hand2,train,1767,858cdf2002e601d150dfa578f6b46b04b2998f7a04cad77864c4878f26bdf6d5
R/hand2_r_top_seg_3_cropped.jpeg,R,2490,2486,hand2,train,1768,8749924fd3fceb77ca440bd81a84162e8dabc906b659858a3905c36059731552
R/hand2_r_top_seg_4_cropped.jpeg,R,2491,2487,hand2,train,1769,79892d0223aa2905b425f8544c436832e02cb22edb1d12357c19ed1f2fe63ae6
R/hand2_r_top_seg_5_cropped.jpeg,R,2492,2488,hand2,train,1770,905fe029a0bf853648f1bc9fc12a09e22778f9d42d19d510bc30687ef1ad7364
R/hand3_r_dif_seg_1_cropped.jpeg,R,2493,2489,hand3,validation,363,1729252276cca423c1920bb62491ed1f83e47ffeca294bc84bda47a944163020
R/hand3_r_dif_seg_2_cropped.jpeg,R,2494,2490,hand3,validation,364,9d2614b9ce3f1db16879f21eceb7d3ac68cc7e4a5db4b6fa1625a9a99d7cb860
R/hand3_r_dif_seg_3_cropped.jpeg,R,2495,2491,hand3,validation,365,4c75734467ab8c0b1249deab99723e1494d64fc0cbe61279fee332cd0d08b41c
R/hand3_r_dif_seg_4_cropped.jpeg,R,2496,2492,hand3,validation,366,1106314364bd76ab5c761f680dde6e0d99de41a94597dc9387bba0873073da97
R/hand3_r_dif_seg_5_cropped.jpeg,R,2497,2493,hand3,validation,367,5d308f5d1886098a931d53085f2578f4362a853c670b411a6ea095c75e69eb48
R/hand4_r_bot_seg_1_cropped.jpeg,R,2498,2494,hand4,validation,368,91c1116ad60ed5d56ec0547519ce3fa9282b421bd3c996d87011a5e094a11aa8
R/hand4_r_bot_seg_2_cropped.jpeg,R,2499,2495,hand4,validation,369,234cff45b752cd0b1afb3d5a8725c24a7756948578d35e04792dba1111ac3251
R/hand4_r_bot_seg_3_cropped.jpeg,R,2500,2496,hand4,validation,370,d1b10b2a731fc8594691548e20f0af09bb686e2cb9b2dde81100f8b55dfa1211
R/hand4_r_bot_seg_4_cropped.jpeg,R,2501,2497,hand4,validation,371,754f145c8a800358726b0f51815b6ee3e85d90fda6bc19a01bb8211b7019d212
R/hand4_r_bot_seg_5_cropped.jpeg,R,2502,2498,hand4,validation,372,b24dab781c7d4e18cd437ec4d298d9015ad1ac870ba9099a953b133ccdb6d125
R/hand5_r_bot_seg_1_cropped.jpeg,R,2503,2499,hand5,test,355,5ebd088a7e21e22693f6b2af0542312068c4d6013bc125deb04a83e44efa072f
R/hand5_r_bot_seg_2_cropped.jpeg,R,2504,2500,hand5,test,356,59427c469c25d137e83ac96f24ac5380eb2939205e32afd948229818ffcfe2d3
R/hand5_r_bot_seg_3_cropped.jpeg,R,2505,2501,hand5,test,357,43d5c9832ca9d2d6f984fe5e41149166c3aa05e95519d8abc06882386011c054
R/hand5_r_bot_seg_4_cropped.jpeg,R,2506,2502,hand5,test,358,096eed870a132894f38d38951762324decf1b29a6c234a2ac411572f800c72b1
R/hand5_r_bot_seg_5_cropped.jpeg,R,2507,2503,hand5,test,359,0309ec8f54c79737c76d62b50b9310e748880a0409c14585fa53ff882e48e59e
R/hand5_r_dif_seg_1_cropped.jpeg,R,2508,2504,hand5,test,360,f9a655498f530c7246aace6b045a4aaf8f62a97cf5d505d18ed5c78b017f17f6
R/hand5_r_dif_seg_2_cropped.jpeg,R,2509,2505,hand5,test,361,b19d6260b1fdf08d4fa22f608f6b4c95139c0632fbb898cada915b86b4f6e1c6
R/hand5_r_dif_seg_3_cropped.jpeg,R,2510,2506,hand5,test,362,c0d7761fe7f3afed3ed98fc60e5e872d31eb9e447d6d827a23c0de11fbf46a03
R/hand5_r_dif_seg_4_cropped.jpeg,R,2511,2507,hand5,test,363,bae08e8565fc74cc6c679463be67fe177d84f60742a000300c3aba19cac9779e
R/IMG20210607184016.jpg,R,2512,2508,photo_IMG_date,test,364,4f446d59139c13ee5fe0b4f7a49779e1aebc5858354c52c0aae96c6eb5c24427
R/IMG20210607184017.jpg,R,2513,2509,photo_IMG_date,test,365,9b7b49468c4dc29b97f58d65cc8546b2711781a368bfaec44a6f7824493f0845
R/IMG20210607184018.jpg,R,2514,2510,photo_IMG_date,test,366,73b82264b5e63deb31c68b4fbd7d2b831ac72d1eec0ffeadd6f3d6cc30f670d8
R/IMG20210607184019.jpg,R,2515,2511,photo_IMG_date,test,367,62b514cab564bc00a96cc59fe55f19de199262660ea51e1101e6eb6be565c987
R/IMG_0293.JPG,R,2516,2512,photo_IMG_counter,test,368,ed8b3a5ae69a99f525da0b932dfc7dda605d45e893c149bae70e30a9a48e77a8
R/IMG_0294.JPG,R,2517,2513,photo_IMG_counter,test,369,ee86c8345598ee270a5a16f64c57b10afe55d251c68086f77ec123e1a800f916
R/IMG_0295.JPG,R,2518,2514,photo_IMG_counter,test,370,b2010ccbaf1a5aea2a08e1aa816d413b4dede38534485e033a678cbc6f09ad51
R/IMG_0296.JPG,R,2519,2515,photo_IMG_counter,test,371,2ed3d3e6fd694f1b5598ede52dadfbcdfe6aed66a4fa01f623ad668ddd233e80
R/IMG_20210605_173738.jpg,R,2520,2516,photo_IMG_date_underscore,train,1771,72b86d4c85b972eda70bb3af44997fa0e4315b660e4f3a1682a8dddc8007a2d6
R/IMG_20210605_173741.jpg,R,2521,2517,photo_IMG_date_underscore,train,1772,6550e955f6cd4195091c23ebbf7db4da497a1d4c8fde9a6eae4dbde0905d2da9
R/IMG_20210605_173746.jpg,R,2522,2518,photo_IMG_date_underscore,train,1773,ae9f033bc1279bf3f98758d7dd431c634687dfae6cb52d95a0f8bb7aa8a75d0d
R/IMG_20210605_173752.jpg,R,2523,2519,photo_IMG_date_underscore,train,1774,813fe09bef6733f2c815f275e7f3a7db48609ad3025021063a2e843ee559e5e4
R/IMG_20210606_203015.jpg,R,2524,2520,photo_IMG_date_underscore,train,1775,cce8f37e377fc04a3485b14dcaaaa5d6a15a280138ba29658dd771a9101c3bb6
R/IMG_20210606_203019.jpg,R,2525,2521,photo_IMG_date_underscore,train,1776,07b1bf70792db7a6a4c24e3daa7853eb79062b6b7734e5ec60a0a4a4cfa69c07
R/IMG_20210606_203023.jpg,R,2526,2522,photo_IMG_date_underscore,train,1777,2f96108fcadb5ce51dfd50a9457d963b42df95cf672f06312e89410dab8e094e
R/IMG_20210606_203026.jpg,R,2527,2523,photo_IMG_date_underscore,train,1778,071985fe3c84f86975f042ebbb4bd6224ed75e2ba768a63801b31fb2065155cf
R/R (1).jpg,R,2528,2524,photo_letter_parentheses,train,1779,bfc7999088b5fd5e9d373278db678cbf843a569fd2a53acda080adbb14d792a6
R/R (11).jpg,R,2529,2525,photo_letter_parentheses,train,1780,6aed9b83a38144acc1dd96482bd1c8b1f7a4c61f8241c2dab75d1b9068180464
R/R (12).jpg,R,2530,2526,photo_letter_parentheses,train,1781,d260e49a4ce76b4730b31b766d7c39680ca3d8d6c6763b0b979eaf0a346efefa
R/R (15).jpg,R,2531,2527,photo_letter_parentheses,train,1782,b78ca4c27ffa8aa644d736d33d549fa3450d2eb87a85c32fd595f5028b412bd7
R/R (2).jpg,R,2532,2528,photo_letter_parentheses,train,1783,2b4bad300ec13d8c1441020bea11c27cf1fa879fb72bf962e2b9133979fac93b
R/R (3).jpg,R,2533,2529,photo_letter_parentheses,train,1784,1e10a0c63e7aff00188f7baaba369e46728c11630042086aa4f3baf11002dcb2
R/R (4).jpg,R,2534,2530,photo_letter_parentheses,train,1785,71d0892f83a660c91ca8eeaad2ff1d7abc5e35d3d167522b751fb5c546ef634a
R/R (5).jpg,R,2535,2531,photo_letter_parentheses,train,1786,3170161051e8bb144c56cfa559eef5a4790ab65f7d9e3a8ead1c09a6aa241889
R/R (6).jpg,R,2536,2532,photo_letter_parentheses,train,1787,da51090f0ac5bbcfd7c4e1a935bc1b32ca33613a6aa932bac4de946e372e99f0
R/R (7).jpg,R,2537,2533,photo_letter_parentheses,train,1788,799f5a46e0009d12bb1dedc31812b6cdac1eff98a19877887becae0122e8e6ae
R/R (8).jpg,R,2538,2534,photo_letter_parentheses,train,1789,366ff9450a86d51f37b7edcec5988d79a18ce6c812b2ba59abcb4ca77165dd86
R/R (9).jpg,R,2539,2535,photo_letter_parentheses,train,1790,e42b9bcddd267ccc3180ebecb74634f73ecdd16f5f574a516c9d5e6af0f4fa1e
R/R_1.jpg,R,2540,2536,photo_letter_underscore,validation,373,b5341cf3cae1c06e9695ea588cb2bf3c127c48e830d7d15fd758e9c76edeb945
R/R_2.jpg,R,2541,2537,photo_letter_underscore,validation,374,b82f873a9d9deeb44192aae2601d2f53f73182bf5c59cf555bbef9bacc8c4b1f
R/R_3.jpg,R,2542,2538,photo_letter_underscore,validation,375,482749e5d5ef452dd76246f02f26043b869f7261a1dc22470bf7e31481f24a65
R/R_4.jpg,R,2543,2539,photo_letter_underscore,validation,376,f2bcf7c2a573f019bd511f3c1672e20b46c24c388ecbd3dcaf9dcd775fb980b0
R/R_5.jpg,R,2544,2540,photo_letter_underscore,validation,377,f9325bdc194a42310ea6c0b8b1d4890cb237b8a9331a6ba617263d2af44f348b
R/R_6.jpg,R,2545,2541,photo_letter_underscore,validation,378,5be10800bc665bfa07e76f102b5ed361f886888606783a30922c00fe314ae2c2
S/0FBB58AB-E2DA-4DDE-AEE9-8BFCFE68C164.jpg,S,2546,2542,photo_uuid,train,1791,c150d9a5e114b638142a6fedab91a689790ac05b1174281b902853da3b29a2af
S/20210607_174121.jpg,S,2547,2543,photo_date,train,1792,4a469be0fa024bde2964cc1c98d5906ed5d01bb1f80933032db170a5be9c9a9e
S/20210607_174123.jpg,S,2548,2544,photo_date,train,1793,2f0d083563c41cce82e2bb4dfff20af250e13e027a1a991e30c977a5607d22c3
S/20210607_174125.jpg,S,2549,2545,photo_date,train,1794,54340c78653b774ed54bf2b206ab24651a77cdfccc73325f8d3acaa643a86204
S/20210607_174127.jpg,S,2550,2546,photo_date,train,1795,3632752a50a10e34c67de044effdc02ca8b5fef29f9263071c93f4c6cbd20cac
S/A0CBD249-6120-4834-84A3-699A3CB20887.jpg,S,2551,2547,photo_uuid,train,1796,a20f44bfdc86c8844c94a388cbf7c9045e41124d3f0d96f50120fbf389284e1a
S/B3DFF85A-806E-4099-9607-82C575F10D75.jpg,S,2552,2548,photo_uuid,train,1797,d419eaeb6bc53bd336733497d1d6b64c47f3d397aa6a26c29c6a0f1def7154ca
S/BF203BC8-F6DC-47C1-9D15-DD4234FC3C69.jpg,S,2553,2549,photo_uuid,train,1798,325ecc992a15a0f5f1a3fb84f4bcb5f3ebfd55b6de692dfe0d037683ccf4e1ec
S/hand1_s_bot_seg_1_cropped.jpeg,S,2554,2550,hand1,train,1799,7ff01cbfe9a417cc082700d2c50b782f6ee4f06a1b24cb66711d843c8f48f7d9
S/hand1_s_bot_seg_2_cropped.jpeg,S,2555,2551,hand1,train,1800,9a0394c48d1aa1068f029972697d2b8bc6bc21698d702a7565306e3c6155a1b1
S/hand1_s_bot_seg_3_cropped.jpeg,S,2556,2552,hand1,train,1801,db867028c1d100b71d6f1d7de1a8badd2bbe15a823978e75463d1c77d76bf802
S/hand1_s_bot_seg_4_cropped.jpeg,S,2557,2553,hand1,train,1802,d2295c9c94eb64981ab10d8d3ebfa6e682300058eb96fec0803580327787db50
S/hand1_s_bot_seg_5_cropped.jpeg,S,2558,2554,hand1,train,1803,afd9d751292e02d97929381ae4e7458a01dc11dd553366f3da5fa748e3c8f6c7
S/hand1_s_dif_seg_1_cropped.jpeg,S,2559,2555,hand1,train,1804,4f65eab48d18bfa996bdcdcbb19f42e38841fcee8d60980d755deb664b0c801a
S/hand1_s_dif_seg_2_cropped.jpeg,S,2560,2556,hand1,train,1805,20edeb652848acad6bb61aaf1dbbb638be0041aff03a1df15b1765a4688e1863
S/hand1_s_dif_seg_3_cropped.jpeg,S,2561,2557,hand1,train,1806,2c6e8e722d9d41f243bdf59d5f01b74ad73911a676528634fe02b40b2171d2bf
S/hand1_s_dif_seg_4_cropped.jpeg,S,2562,2558,hand1,train,1807,390717c26c25459fd44fc1106cc9c3bf66ddde6479dfbaddfa660dca532c9fb1
S/hand1_s_dif_seg_5_cropped.jpeg,S,2563,2559,hand1,train,1808,f47543ea0ea77f80b831da7223026f23d62dd91c978f4d4baf6cf5d73e44cb5c
S/hand1_s_left_seg_1_cropped.jpeg,S,2564,2560,hand1,train,1809,15f583fb4f1aaa7e42feb53963c1cf0db7926fedf6628631e741a342cafde8b6
S/hand1_s_left_seg_2_cropped.jpeg,S,2565,2561,hand1,train,1810,01633d9cba1fd4ff0ff7083a88898e1ccddd63de83b1617bfeafb52650aff91f
S/hand1_s_left_seg_3_cropped.jpeg,S,2566,2562,hand1,train,1811,03625ecca9407d8d41e32e80e84d5ce0a67ce6de9d64c4529a1191b2be1f524c
S/hand1_s_left_seg_4_cropped.jpeg,S,2567,2563,hand1,train,1812,56cbd5cfef0cc5db5f61cf6753cf79c86dcb02d7fd4ee0f37fc0851b6f81502d
S/hand1_s_left_seg_5_cropped.jpeg,S,2568,2564,hand1,train,1813,508127d272f38e5de51095a77d9ae33133a35575aa371443b5dc44fdfd2b8f44
S/hand1_s_right_seg_1_cropped.jpeg,S,2569,2565,hand1,train,1814,e569bf54547b1e679d2e0f6d599d574c0558d38ccd2491138d81179541ac3cba
S/hand1_s_right_seg_2_cropped.jpeg,S,2570,2566,hand1,train,1815,17801b5d5463273682f8d362a9c274f5dff6f15373b7ccc07e207f8e34236d65
S/hand1_s_right_seg_3_cropped.jpeg,S,2571,2567,hand1,train,1816,169f4bcd2ceec1c68dd8e9e4deb55fd6cdda8ccbc3fa96374fcf35e1afa02a12
S/hand1_s_right_seg_4_cropped.jpeg,S,2572,2568,hand1,train,1817,7ec7bded7d3eff9409d78c76812e4410873482dc680e4b95db08aa1cef1903a6
S/hand1_s_right_seg_5_cropped.jpeg,S,2573,2569,hand1,train,1818,8086a9a11a6457bd953adf24ba97d21abcf3509b2d5c8f59c1f69b9bf10e47c2
S/hand1_s_top_seg_1_cropped.jpeg,S,2574,2570,hand1,train,1819,5f05470ca1c23e96c86bdac5314903b29968d33594be352a6fe01cf285c10c92
S/hand1_s_top_seg_2_cropped.jpeg,S,2575,2571,hand1,train,1820,311d3f8c20a65ffeb68b2f7d149ebb71404365a50aab087e543385986cbb1057
S/hand1_s_top_seg_3_cropped.jpeg,S,2576,2572,hand1,train,1821,da0f272be1c143f1713017f490aea72605e06705fe721dca04fe15bfb2f816e3
S/hand1_s_top_seg_4_cropped.jpeg,S,2577,2573,hand1,train,1822,798b7fb447addaee5897abc937e47861bff5043496e0f4867d09e4a36fcfee04
S/hand1_s_top_seg_5_cropped.jpeg,S,2578,2574,hand1,train,1823,6cdbe22e8ecfd90193b4357ec702851ad5d6ce577e554dd2980a1299b04d4af9
S/hand2_s_bot_seg_1_cropped.jpeg,S,2579,2575,hand2,train,1824,fdc042d61481c205fa255251e548a15283f3ad101a2d12349dfc9bb2f3c338c4
S/hand2_s_bot_seg_2_cropped.jpeg,S,2580,2576,hand2,train,1825,9469037dd92cd6a119c00d30dd3d08a9fdf7c734fe10c2aa240009cff0b69228
S/hand2_s_bot_seg_3_cropped.jpeg,S,2581,2577,hand2,train,1826,ea1cdba9f137e4210cfeef362840076b91a078513cde97edfac235f6faf6ffca
S/hand2_s_bot_seg_4_cropped.jpeg,S,2582,2578,hand2,train,1827,e095705b5948bdabf6719a689d5b3e2b5392941cc45685d95905f470c5a0fdc7
S/hand2_s_bot_seg_5_cropped.jpeg,S,2583,2579,hand2,train,1828,94d71da05b54a4a3ab236b26b05b90f68ec122bb612762122732ac04a95289fa
S/hand2_s_dif_seg_1_cropped.jpeg,S,2584,2580,hand2,train,1829,65e645ff264928816bbd409f69ffc62a711c64a0d203b71c8fd0fbc5328e684a
S/hand2_s_dif_seg_2_cropped.jpeg,S,2585,2581,hand2,train,1830,a2425409fcb298cceadf3d46f65fa8251f0bba3ef25e90c5d512444ab03e9cf7
S/hand2_s_dif_seg_3_cropped.jpeg,S,2586,2582,hand2,train,1831,b27d01f398c02c9f3602363c4b83b071244cbf47df8a881bad6618124bb344c8
S/hand2_s_dif_seg_4_cropped.jpeg,S,2587,2583,hand2,train,1832,f33119987682e2df114e78c9ae8615a253cf6f6d1c0cb944bf21a726e25138fc
S/hand2_s_dif_seg_5_cropped.jpeg,S,2588,2584,hand2,train,1833,4f9d3acf9b3f5d47babc6ca6a292c440c29b523af0e80cd86ea32c8d06f16b99
S/hand2_s_left_seg_1_cropped.jpeg,S,2589,2585,hand2,train,1834,a5c36833842dca85e041eefda55cdc9139284489bda3f9010de7716751b3d146
S/hand2_s_left_seg_2_cropped.jpeg,S,2590,2586,hand2,train,1835,cf9af80b0fcb7bb9144dcf55df9abd0a981b2a1c00ff694f6d53c13ad1168a78
S/hand2_s_left_seg_3_cropped.jpeg,S,2591,2587,hand2,train,1836,32c10233d09429967445299f987101d0d65197f88c1c6b10ce3e776cc4403681
S/hand2_s_left_seg_4_cropped.jpeg,S,2592,2588,hand2,train,1837,d7592bcc0a31e9bb6de06385ca36cc50547308e74170fc3dc0978a58dcf8d506
S/hand2_s_left_seg_5_cropped.jpeg,S,2593,2589,hand2,train,1838,ac6d485e14104226baa340ac0c02a4efefb90bcf0a2012377d6612119ac920ba
S/hand2_s_right_seg_1_cropped.jpeg,S,2594,2590,hand2,train,1839,5ec40a0b954a9f267c9862b80b14ec6279dc797c0ebac57be4fed43b64b1d4f7
S/hand2_s_right_seg_2_cropped.jpeg,S,2595,2591,hand2,train,1840,ada0241c737efe3f99db2560c54dba4f536a485b657141f0d15aa35b8b8b1695
S/hand2_s_right_seg_3_cropped.jpeg,S,2596,2592,hand2,train,1841,207ddb7e6de183eeb025f930087687cccb97f218ad2729f50573fe2cf6316302
S/hand2_s_right_seg_4_cropped.jpeg,S,2597,2593,hand2,train,1842,239ea2605ea9969fa1fa9efdf3146cd364a498fb48773b36793ad31be07f317f
S/hand2_s_right_seg_5_cropped.jpeg,S,2598,2594,hand2,train,1843,6c15b207499543ac0311a1632626f1bb0ab12a4b0ec2c877860d8b25b301de3d
S/hand2_s_top_seg_1_cropped.jpeg,S,2599,2595,hand2,train,1844,2f72efc70d4334ede2d46da5d64bf8f70a33c3699513946cc1e373aa106875d9
S/hand2_s_top_seg_2_cropped.jpeg,S,2600,2596,hand2,train,1845,74de4435068476ad81c4ef118854869d4cf057411d487e6579762e6a676916e0
S/hand2_s_top_seg_3_cropped.jpeg,S,2601,2597,hand2,train,1846,e5eaaedee9a695ba9c28653f48df8ddfea81346f0607423d6da1d0573d3d648c
S/hand2_s_top_seg_4_cropped.jpeg,S,2602,2598,hand2,train,1847,cc12f71013a4fdcc12268aada0608bf5ab92ca9507da93ee24392609a4ac9f35
S/hand2_s_top_seg_5_cropped.jpeg,S,2603,2599,hand2,train,1848,c0ce667f5f7c7c7b484925b203ac35aa101e60a51203dddab06bffb4e235200b
S/hand3_s_dif_seg_1_cropped.jpeg,S,2604,2600,hand3,validation,379,0b9acccc94e9b69258d2f772125b69dbb271b80b19fedf935afa7ea11aabb87b
S/hand3_s_dif_seg_2_cropped.jpeg,S,2605,2601,hand3,validation,380,600b97193b84aa10eaed395d9017f44638d0e6535faeb452d7650ae77da7ed80
S/hand3_s_dif_seg_3_cropped.jpeg,S,2606,2602,hand3,validation,381,db2966cf5fcf0f709258688eca487030ed7cb5a5604d1a6cbceb3c35c5b0ab63
S/hand3_s_dif_seg_4_cropped.jpeg,S,2607,2603,hand3,validation,382,89aac651dc6d08b1089821bd678575b204beb5d2c7ee74c41cafe74ed7943183
S/hand3_s_dif_seg_5_cropped.jpeg,S,2608,2604,hand3,validation,383,a35e9fe2739eb8898b391be1dbe493e93c788cf2f8c1855875967bd7f3eaec6c
S/hand4_s_bot_seg_1_cropped.jpeg,S,2609,2605,hand4,validation,384,944d5044e8779457167e3f88385095eb2d5c583d6b098ec6dea5cdca490fefa6
S/hand4_s_bot_seg_2_cropped.jpeg,S,2610,2606,hand4,validation,385,ffd63e5eaa61572dc7d8569357180cb8d41488081b9cc16824a765bb9df175d5
S/hand4_s_bot_seg_3_cropped.jpeg,S,2611,2607,hand4,validation,386,7360e2f3bab381719825f9156d84112d1b014cf57374acf2e9e8512d78ccba7d
S/hand4_s_bot_seg_4_cropped.jpeg,S,2612,2608,hand4,validation,387,3b34dafd7edd5ac28d65c958a5b4d897cbe3e07eafbd330495ca7503cd3b2398
S/hand4_s_bot_seg_5_cropped.jpeg,S,2613,2609,hand4,validation,388,c62eb3541de79ae20d707c177f1ecc84b66c301974ad3a05738109bd0ba3a094
S/hand5_s_bot_seg_1_cropped.jpeg,S,2614,2610,hand5,test,372,365fc59da87c10602f867fc9c967f5e5ce2cf72713195478742c92528d0825a3
S/hand5_s_bot_seg_2_cropped.jpeg,S,2615,2611,hand5,test,373,c818ff50e93d95290730b541cd3825b1729049d036acfd795c2470ce3e242030
S/hand5_s_bot_seg_3_cropped.jpeg,S,2616,2612,hand5,test,374,3249ff3776bf8c6e65aa19cea42f1b33caa433951878971ae4bf2b0986f2b160
S/hand5_s_bot_seg_4_cropped.jpeg,S,2617,2613,hand5,test,375,122752291baef9930031092de1d0c2326b25bcbbe7189740880ae9dd21baf001
S/hand5_s_bot_seg_5_cropped.jpeg,S,2618,2614,hand5,test,376,7c0ec016032aed4809c1ab4afe7b3c2db1bf3e1025f47ca29cad36418266e1ae
S/hand5_s_dif_seg_1_cropped.jpeg,S,2619,2615,hand5,test,377,65fd24c4010ebbe74664dd1d542455f24161d39f636cbe70134d5c5b4bad4aa1
S/hand5_s_dif_seg_2_cropped.jpeg,S,2620,2616,hand5,test,378,7eeec972cfdf4df03eec10fa4676f25f2a2f39d64fe5b1cb0516e28254e02237
S/hand5_s_dif_seg_3_cropped.jpeg,S,2621,2617,hand5,test,379,bcb50c4a3ac922074e58cb6c52db3fecad51f0d079f806d5914c9078d5619023
S/hand5_s_dif_seg_4_cropped.jpeg,S,2622,2618,hand5,test,380,7958204d1daf3270d9b72837690de63352b50f70a2d5d47a9923de63d4476f61
S/hand5_s_dif_seg_5_cropped.jpeg,S,2623,2619,hand5,test,381,c1b71de0fa467daeba787423fdebd8eb563f02e8cec029445cdbea41a74b8acb
S/IMG20210607184030.jpg,S,2624,2620,photo_IMG_date,test,382,70b54a015bf284aa96b71acae9bfa34b0abdd308586ce0c997db94430b84592e
S/IMG20210607184031.jpg,S,2625,2621,photo_IMG_date,test,383,3a07e5d32e84f4ada4a5144b3386c69c5d8a5d320f6d88ce4dce48af6c50e45f
S/IMG20210607184032.jpg,S,2626,2622,photo_IMG_date,test,384,961c357872da7238bad837b89ffbe7b7b54f93dd99cd61f70888ff65770ad9b9
S/IMG20210607184033.jpg,S,2627,2623,photo_IMG_date,test,385,a771e30dbd785a872f821fe3b4fffc77c6fd6fe35543f4889ce9948e54ef8640
S/IMG_0298.JPG,S,2628,2624,photo_IMG_counter,test,386,70fb60407d7b5836284c6ea11e610201d382ad3bede0083597802ece428942d2
S/IMG_0299.JPG,S,2629,2625,photo_IMG_counter,test,387,01cded14a984a3676730961156b09a3c5e5eece6e567da3aed2395de0f5c23ab
S/IMG_0300.JPG,S,2630,2626,photo_IMG_counter,test,388,efddbcbf3aeeef5b58132d236fcd25e8d309f3be4e5ee7d32b28001ff8ab3f72
S/IMG_0301.JPG,S,2631,2627,photo_IMG_counter,test,389,a87484eaf324737e8f2e81970d3d3f19edc828c3ad0810bf1a296add165e1f46
S/IMG_20210605_173822.jpg,S,2632,2628,photo_IMG_date_underscore,train,1849,62ced3d5ebaca3993d0eeafa54588144d26747d997ff65c2b17976ffb88cb50c
S/IMG_20210605_173826.jpg,S,2633,2629,photo_IMG_date_underscore,train,1850,d1facb4e84bf971798852ae2224efd328fe96148c9b297179b6476bddaa7b785
S/IMG_20210605_173830.jpg,S,2634,2630,photo_IMG_date_underscore,train,1851,b5d14a335e5084bb3891ac91806917c655731c8cf6eb39416a731d74117424d5
S/IMG_20210605_173835.jpg,S,2635,2631,photo_IMG_date_underscore,train,1852,27a5fd74d850b9f22cb8396666fab81ad6fcd7b3661e9c187e7ac08610a3ba0d
S/IMG_20210606_203043.jpg,S,2636,2632,photo_IMG_date_underscore,train,1853,2b0d752aac81ab00d5a09d2852dae27e2a92cecadb3090059a802751eb907648
S/IMG_20210606_203047.jpg,S,2637,2633,photo_IMG_date_underscore,train,1854,bdeb19b0f48ce742092c4f6e2a3e1719d0ccae801dd88c7c36a4cb2a7dc55ed6
S/IMG_20210606_203050.jpg,S,2638,2634,photo_IMG_date_underscore,train,1855,9d189b701e7e0ae131a385be5d82379d0cc127b5b874dfe1f9534ef4d14957b5
S/IMG_20210606_203053.jpg,S,2639,2635,photo_IMG_date_underscore,train,1856,193df17d96d0a3bdfcde6c6599befac6ec2989f23bf7a4852d0cb3a60793df5f
S/S (1).jpg,S,2640,2636,photo_letter_parentheses,train,1857,52246bdef743fc568094a079ca7b3b3ee5eaef071d08f3b182214449f3b6625c
S/S (11).jpg,S,2641,2637,photo_letter_parentheses,train,1858,45089a55257e2d74acf8b1af96e5c65feb2ec8303fa8760f75e783f5f5f5749d
S/S (12).jpg,S,2642,2638,photo_letter_parentheses,train,1859,eb0d5a79785a8349da3ac2e913838ed2188fbc308eb14d0196593f1292a756af
S/S (2).jpg,S,2643,2639,photo_letter_parentheses,train,1860,173b723aefe1c76530c1f2d2b2dd6701167e3634d0a6afbb11fe98b16589e6f7
S/S (3).jpg,S,2644,2640,photo_letter_parentheses,train,1861,ff06a2bd39d063aea4226dbc53432d0b67c83f0b827fdd08339a4680388368bb
S/S (4).jpg,S,2645,2641,photo_letter_parentheses,train,1862,51f33d59482350a47716cbbbf2abeb65e4e8fb00f3a824a3472663189f1b6f0c
S/S (5).jpg,S,2646,2642,photo_letter_parentheses,train,1863,c1928e2bde9fc12204ac88de74735b35a9cec65103f010efca9fecb30af9a4ac
S/S (51).jpg,S,2647,2643,photo_letter_parentheses,train,1864,d00c8e09b929c0d2c6b536c75464c4e2e5a95fa7689c8762621976e03a00b962
S/S (6).jpg,S,2648,2644,photo_letter_parentheses,train,1865,688f7ad8b14256076d7b8f332855d73b9464d1f0ce8399c2f47d12536d07673c
S/S (7).jpg,S,2649,2645,photo_letter_parentheses,train,1866,075a065c855af6c73932b0251ba81fb2226359c7746873f8c4ba931bd1f577e0
S/S (8).jpg,S,2650,2646,photo_letter_parentheses,train,1867,d5733099ebf89e41a6e3390a535f6dd8842f5befda8393e2f87e87569d0fc173
S/S (9).jpg,S,2651,2647,photo_letter_parentheses,train,1868,0e08ef5db0cd91a9212f20fce0dbed279ae917b1e847e33a2116849b424f162b
S/S_01.jpg,S,2652,2648,photo_letter_underscore,validation,389,b0afff75126e02d34d723954bba995d7dacef07ac030d1eef8a55b3834dcbe1e
S/S_02.jpg,S,2653,2649,photo_letter_underscore,validation,390,98ed3daec32adc8f867a52ba3fc3c7722463718330a4571674bc3466c634f809
S/S_03.jpg,S,2654,2650,photo_letter_underscore,validation,391,78629bea9e5b9d438e78fc12edb806b81973aff9c7ff7122725dacbfe2a0b418
S/S_04.jpg,S,2655,2651,photo_letter_underscore,validation,392,7904813104ab899bda014ad51a5ddd0495ab593aff4b7911c20a6d6092f1091f
S/S_05.jpg,S,2656,2652,photo_letter_underscore,validation,393,cc37a8cf1b19ce884bfc54279dc24bbbf313562247c25894f1b6cfa157444e23
S/S_06.jpg,S,2657,2653,photo_letter_underscore,validation,394,791fc44ba931c12a938638aa7b7e0e9fb2af77c92ff7b71dfda02820509b8a22
T/0B3DDB18-73B9-4604-9BA8-593BE2FD8E41.jpg,T,2658,2654,photo_uuid,train,1869,98ff31db313cff5e30e561aef11947acb47baafdc0e135f50a4aad6bfb66714e
T/20210607_174213.jpg,T,2659,2655,photo_date,train,1870,eedbefbd858ece9b46ea1684b9493ef2e123a101757636d48302cf6a7041a063
T/20210607_174217.jpg,T,2660,2656,photo_date,train,1871,58f5fc42193256cdc97faabc6b02c1c0c09e8e8d9198f178a8aca3fb5ee7ae8b
T/20210607_174219.jpg,T,2661,2657,photo_date,train,1872,5df60787feb12bdfa552bcbadb3adb59cff2ccf9f93cec6adf840d933069063c
T/20210607_174221.jpg,T,2662,2658,photo_date,train,1873,e98a9b1602898f4c72c7b9e97ca0acd936edae681e12b027ba895cb7edc58eab
T/2662C43F-FC07-41AB-A6F8-8EF9BDE3D2DD.jpg,T,2663,2659,photo_uuid,train,1874,9ecdd51371e3ca99f6846416b600cf9b7581c5b89096e51fd97598c651e744b2
T/4777C38E-12C1-4F02-9227-69FE3A639602.jpg,T,2664,2660,photo_uuid,train,1875,3e1800bea9a91f96232c4548cacf724feab929856c6ab7d2b3581f48bd5da0d0
T/C2EBD951-8B9F-4FE7-8E6E-F9113E212CA8.jpg,T,2665,2661,photo_uuid,train,1876,90b79e10f41ca43853c422923738a175748e985a790d33d6e6b73f1b1a878b68
T/hand1_t_bot_seg_1_cropped.jpeg,T,2666,2662,hand1,train,1877,72e55e474b206ad17c6865b5c1e1ca4619c89f076748b9a1f787fc78ba4609bb
T/hand1_t_bot_seg_2_cropped.jpeg,T,2667,2663,hand1,train,1878,240a9a36daaa08891acc4dc94f09c72ad2823b8177e892263e046640cd6b10b7
T/hand1_t_bot_seg_3_cropped.jpeg,T,2668,2664,hand1,train,1879,a0c4bef882fcb3aa19061cd60abf65eca0d126656251d81851ff25a3f00b2a67
T/hand1_t_bot_seg_4_cropped.jpeg,T,2669,2665,hand1,train,1880,4b59193240b48cf36fbfc0c3b363109b59d489888dfe5212b286c3f8e9429bea
T/hand1_t_bot_seg_5_cropped.jpeg,T,2670,2666,hand1,train,1881,400e5d6aaef669454d7d920294cd94ec6cc3b2012e9865fcd4c303ad3e0a65b0
T/hand1_t_dif_seg_1_cropped.jpeg,T,2671,2667,hand1,train,1882,f6c106511b11694c90e3c0b9753958b879386f38e6b6815310da15dd66e01c0d
T/hand1_t_dif_seg_2_cropped.jpeg,T,2672,2668,hand1,train,1883,34ecbc8a3fc83fd8e257a105c8fc863f2f1230c0799a40bb73bfcb0f5432bb37
T/hand1_t_dif_seg_3_cropped.jpeg,T,2673,2669,hand1,train,1884,f59d18f2e6a43c5c351f261732dcc9f6d52dde7d31c503a4514e68a8c7b87a9a
T/hand1_t_dif_seg_4_cropped.jpeg,T,2674,2670,hand1,train,1885,17919a11537c8cad03d48265c99e39a18f577f5db8acd3cd1f02636d9579d511
T/hand1_t_dif_seg_5_cropped.jpeg,T,2675,2671,hand1,train,1886,752f5f3c95ef5a7ed3ca87b0f82e71a89a8246b3af36ce191b0bf4ba3227d963
T/hand1_t_left_seg_1_cropped.jpeg,T,2676,2672,hand1,train,1887,806315811988376a7be334267ffa785bcd73daa9241076c20028722a58e8dab8
T/hand1_t_left_seg_2_cropped.jpeg,T,2677,2673,hand1,train,1888,6401703efff2b259986fca79595be6ddc87691f87cf0c41ea7d52ba420255e3d
T/hand1_t_left_seg_3_cropped.jpeg,T,2678,2674,hand1,train,1889,58ca96fd2316842dd7913aef457ca5adbe3dadb92ddac6f93fe56c06575463f1
T/hand1_t_left_seg_4_cropped.jpeg,T,2679,2675,hand1,train,1890,745a9ca456714856f9265ce72e10bd18ebd2581f8da022662c6ac05556465a83
T/hand1_t_left_seg_5_cropped.jpeg,T,2680,2676,hand1,train,1891,76f1488f69d1d8cfe9c35ddba238433346444955d483e29a6efcafeed92e08f7
T/hand1_t_right_seg_1_cropped.jpeg,T,2681,2677,hand1,train,1892,de928333eaddd1b5369b6d7620dd25692941d426892620495597608971ba3065
T/hand1_t_right_seg_2_cropped.jpeg,T,2682,2678,hand1,train,1893,02dfd94b94389fdff931c96aec1f5c1c98ae1484941cebaeb03cca52a50c4d4a
T/hand1_t_right_seg_3_cropped.jpeg,T,2683,2679,hand1,train,1894,284834bd4717fbf3653d05fe18f018b57b65054efd7b6379d6285d4cead459f7
T/hand1_t_right_seg_4_cropped.jpeg,T,2684,2680,hand1,train,1895,67b681abbc11d50ab8234ce7b745b47634ad42552b32a9a89ae976635dbdd9de
T/hand1_t_right_seg_5_cropped.jpeg,T,2685,2681,hand1,train,1896,811eff71280964437cb9387dc7a653082c2f6fbc68f08b8fb367367593a80598
T/hand1_t_top_seg_1_cropped.jpeg,T,2686,2682,hand1,train,1897,2cdde03efaa76a2e399f1e3bacb1d87bc7249227fddc205441aae3d08cde39f3
T/hand1_t_top_seg_2_cropped.jpeg,T,2687,2683,hand1,train,1898,dcb0ae82807f7c457d983c207eb08317c7ce35f483164e12d13ebd395d333d76
T/hand1_t_top_seg_3_cropped.jpeg,T,2688,2684,hand1,train,1899,32725f339ff0bf2bbc8e2a8ca631fd0e56f26f4e3f2aa8e75ba6710bb6b55c95
T/hand1_t_top_seg_4_cropped.jpeg,T,2689,2685,hand1,train,1900,ece9f74c7d58a9b6090c07d0a2e963d71ab04714e9be0722af1a86e9ed3b4f02
T/hand1_t_top_seg_5_cropped.jpeg,T,2690,2686,hand1,train,1901,2f95095ce0dad9d4d2cdc5e6be242e830dcace22a444d830a902a02cc8f23967
T/hand2_t_bot_seg_1_cropped.jpeg,T,2691,2687,hand2,train,1902,c9fdef2d3860b14cc46673e44cd16e1664d90de6b3f750f8cd2ab0cc18e30ccf
T/hand2_t_bot_seg_2_cropped.jpeg,T,2692,2688,hand2,train,1903,28e3c27d038bf22a0d67f3386e6710836cc7823e3bae2ba75b7e2a5ebb645c71
T/hand2_t_bot_seg_3_cropped.jpeg,T,2693,2689,hand2,train,1904,6ff6e5606d4abed518c94085bae900ced5819f8a2ab0a067432e81c4624a707d
T/hand2_t_bot_seg_4_cropped.jpeg,T,2694,2690,hand2,train,1905,f0852f87df33daa4f3dc678ceb3c268dddb133200a59f82b8a0de9df9377df4d
T/hand2_t_bot_seg_5_cropped.jpeg,T,2695,2691,hand2,train,1906,94a2633b01e05f952d8b83e55a28226f76f88b7114562fae5208d1022431c72e
T/hand2_t_left_seg_1_cropped.jpeg,T,2696,2692,hand2,train,1907,f8309a27a056879e57a1e43f751569fc7b1dda8bc9378cb38498d0cf784f7610
T/hand2_t_left_seg_2_cropped.jpeg,T,2697,2693,hand2,train,1908,b4e6d5455b45edf04188367f6a8b4df8c154a082c45bbf73a537e404e22505ad
T/hand2_t_left_seg_3_cropped.jpeg,T,2698,2694,hand2,train,1909,1cbfa41ebc02e6cf7f882e948cc885c8aac57ffd6774a9d82ceb64b6791ec41a
T/hand2_t_left_seg_4_cropped.jpeg,T,2699,2695,hand2,train,1910,6c4c7c66dba54aa76165d50edf4ecce782afd07d9bab5a7401a1f040856df189
T/hand2_t_left_seg_5_cropped.jpeg,T,2700,2696,hand2,train,1911,6846724b81244bc2d81a688dc40073362735e9e40d62d0b9b637ebf5f37dc2dc
T/hand2_t_right_seg_1_cropped.jpeg,T,2701,2697,hand2,train,1912,64320250e7e71d7a12627fe129fcff9670ae57b3387c497a57ee38d61b82f7c4
T/hand2_t_right_seg_2_cropped.jpeg,T,2702,2698,hand2,train,1913,ab6cf7dbf16c679da3134621497c42e4f82d22e03053ae2ec24fbfbee88319da
T/hand2_t_right_seg_3_cropped.jpeg,T,2703,2699,hand2,train,1914,d4bd5839ecffb0e23e9cfa4f2ea66cad3b5db2dc692964439648fd4e79392338
T/hand2_t_right_seg_4_cropped.jpeg,T,2704,2700,hand2,train,1915,d986972a83d4dc01c707a05dffc0f645721f5db20603eb1121f71fb73c43d8f5
T/hand2_t_right_seg_5_cropped.jpeg,T,2705,2701,hand2,train,1916,a91baa85903eac9fbc956a9a4ef3f495a6cb24a5f65f1876e9f2177250407b6b
T/hand2_t_top_seg_1_cropped.jpeg,T,2706,2702,hand2,train,1917,3eb9ced455ab2d04a63ee09e3d63b1f77b074d6e041e4972c6f044a943f1c351
T/hand2_t_top_seg_2_cropped.jpeg,T,2707,2703,hand2,train,1918,dddde9ed91190bbb278b2ea3e44a2565f2f7f5351403f60bcfd404e467b5aee4
T/hand2_t_top_seg_3_cropped.jpeg,T,2708,2704,hand2,train,1919,62bc5068874ebc6fd3ddc020cb4f62a38f31f6441b913c0f03746378c24c0355
T/hand2_t_top_seg_4_cropped.jpeg,T,2709,2705,hand2,train,1920,798eff42a103a3c706cc2ebe36fdcca5b324cca9b9fd802735be1ec4a9e93256
T/hand2_t_top_seg_5_cropped.jpeg,T,2710,2706,hand2,train,1921,7072dfeb9a9d4af52e4de8929bc25e8d6f9a2588bf6dcf1943f192457c1df1d6
T/hand3_t_dif_seg_1_cropped.jpeg,T,2711,2707,hand3,validation,395,d06c33ccbd93d597a7e196ac9c285699f77f2e88a848643aba10325b542dc73f
T/hand3_t_dif_seg_2_cropped.jpeg,T,2712,2708,hand3,validation,396,e6e65ee553bee94687e47cddd2235296483b57ac453a44dee9e4497eaa3203ea
T/hand3_t_dif_seg_3_cropped.jpeg,T,2713,2709,hand3,validation,397,37c2e7a446afb243baaa7861b741c19f517ad43938024916141bcdfee5becbb7
T/hand3_t_dif_seg_4_cropped.jpeg,T,2714,2710,hand3,validation,398,ecbb1d666f56b96cd2ed81d4582f18228e51ce604dd53487cc65e22f810c6c0a
T/hand3_t_dif_seg_5_cropped.jpeg,T,2715,2711,hand3,validation,399,b52aa0746654f511969ce1834c91136cb7841de1d29e439a8c18bfbb936ca57e
T/hand4_t_bot_seg_1_cropped.jpeg,T,2716,2712,hand4,validation,400,c70ecc7b15b5458a3bb507146800bfd5438698edd7bff93daa14c4e15cd51dc9
T/hand4_t_bot_seg_2_cropped.jpeg,T,2717,2713,hand4,validation,401,da4d19875ad1b7d1da04cb2518179d7b078233e79e83e3f4aff7ad311883f861
T/hand4_t_bot_seg_3_cropped.jpeg,T,2718,2714,hand4,validation,402,42312cfd32de7b9d24218c72349b003b3c36fe498fa8dab36a386b64170da489
T/hand4_t_bot_seg_4_cropped.jpeg,T,2719,2715,hand4,validation,403,9e2f57467720a13ac0859b63852d4ba68f1d26c4f504defa8bfe696dcb76718f
T/hand4_t_bot_seg_5_cropped.jpeg,T,2720,2716,hand4,validation,404,a7320cb94413224a3827d29c892b3302fcdd494dfdcbc7b2072e6cb708acefb2
T/hand5_t_bot_seg_1_cropped.jpeg,T,2721,2717,hand5,test,390,d268139b53cd924a742d801ea2ef4521f965f7547f3b315caf6581c16e366cc8
T/hand5_t_bot_seg_2_cropped.jpeg,T,2722,2718,hand5,test,391,97e044156b9de8f69c6c6b38d0e8b489e2e9ec201f55178755b252a109941e30
T/hand5_t_bot_seg_3_cropped.jpeg,T,2723,2719,hand5,test,392,e8af40f9dc75536104c9f757032c8a24fb1770e9a3cec32fd93f29ebe1dc1a46
T/hand5_t_bot_seg_4_cropped.jpeg,T,2724,2720,hand5,test,393,f106624d021e9ef438049feaa05b0174ad64d71f4d5a6d27a96a88ce1a9ab0a6
T/hand5_t_bot_seg_5_cropped.jpeg,T,2725,2721,hand5,test,394,28f609ae73342f2afd4c833802a2f924e2e42f19e56909d4f47ede8e781a0a2f
T/hand5_t_dif_seg_1_cropped.jpeg,T,2726,2722,hand5,test,395,95f13fd4f8a9cadc8d67b3917f489f4f8742c414edb1d91a4de378eeb0af6843
T/hand5_t_dif_seg_2_cropped.jpeg,T,2727,2723,hand5,test,396,670a0ccc70415917ea8123fc62fe140b946d5c4af4e0261a36ea39ec03b129f6
T/hand5_t_dif_seg_3_cropped.jpeg,T,2728,2724,hand5,test,397,03332b57fd46169ac5dd91583ed27094c05f29a1d56b080f0f232d6ebb00d1a9
T/hand5_t_dif_seg_4_cropped.jpeg,T,2729,2725,hand5,test,398,6f8436be08a4412431f3d4efa6b1f8ddceed03306bdd1de72c5b84980d0775c6
T/hand5_t_dif_seg_5_cropped.jpeg,T,2730,2726,hand5,test,399,c8a6a8319165add504214d822d2c44b84d5df0c2e6fab9058d785667db4b05d6
T/IMG20210607184053.jpg,T,2731,2727,photo_IMG_date,test,400,e4acf2396e19adf1e9c60a8f4b5db0fd6aee2f2f13674c83bdde46dcf14a7130
T/IMG_0303.JPG,T,2732,2728,photo_IMG_counter,test,401,32d1b668aec878dabc815f246bf8354494e23abdda2a3becc65de5ebb0800e3b
T/IMG_0304.JPG,T,2733,2729,photo_IMG_counter,test,402,6ee23aad3ab80915059d255807518cb8153498415c98ef3c41d1c21399935858
T/IMG_0305.JPG,T,2734,2730,photo_IMG_counter,test,403,41e03751bc1a5cba6596ff182fc994721443fbf83fcabd2fa5d2967c649b4094
T/IMG_0306.JPG,T,2735,2731,photo_IMG_counter,test,404,aad9d43bcd39d6cbfc1bf63deed264498dc46511f44a4dcfd76bbb245d1a8afc
T/IMG_20210605_173956.jpg,T,2736,2732,photo_IMG_date_underscore,train,1922,76171911288708906c99cfd803e7796e846cd79180b9dc20115d53d226578ddf
T/IMG_20210605_174001.jpg,T,2737,2733,photo_IMG_date_underscore,train,1923,8e43984aa7514826b38e675fab28684351b9a519f80d19b262d18f87b2b78d4f
T/IMG_20210605_174008.jpg,T,2738,2734,photo_IMG_date_underscore,train,1924,fff3cf298275441dd3a1990f16f9a12cea7055d3269a972b86ba349362b0e831
T/IMG_20210605_174012.jpg,T,2739,2735,photo_IMG_date_underscore,train,1925,132e7e95414645a416fa38455e02fbac1f7d11f67fc44df07540dcf774f5f91c
T/IMG_20210606_203125.jpg,T,2740,2736,photo_IMG_date_underscore,train,1926,0c634942c1642d6a48c9eac24eaa131d8268019b3b2bdcab788128121af4f4c1
T/IMG_20210606_203128.jpg,T,2741,2737,photo_IMG_date_underscore,train,1927,1491a4b04c4e50f96d66dd2774828cb18fec3aa6e65df578db5db36124f5bb23
T/IMG_20210606_203130.jpg,T,2742,2738,photo_IMG_date_underscore,train,1928,d48c59258342a34201e06b103ac3ff49c7e1e9b6753ca48a00dc5788545224e2
T/IMG_20210606_203134.jpg,T,2743,2739,photo_IMG_date_underscore,train,1929,5126f59e98b760f792667b3f6af4ab977261ad71c6942bc4976995c7f5ab95e4
T/T (1).jpg,T,2744,2740,photo_letter_parentheses,train,1930,e1c8c27384006b8b76954f945bd7630381a933c161533ecc4956482acd455569
T/T (10).jpg,T,2745,2741,photo_letter_parentheses,train,1931,d55feaa7e52a170d6e27b4336d92df3b27ecfc72d8cf7d1071cfb1763eebe6e9
T/T (11).jpg,T,2746,2742,photo_letter_parentheses,train,1932,de371f5adb44355523309954889369895b6dcbd3fc897bf3568043a935a0a65f
T/T (12).jpg,T,2747,2743,photo_letter_parentheses,train,1933,245eae47e7a015878bb78ad5e19669a68f271f0290a9ccb98bf65c0902152d8d
T/T (2).jpg,T,2748,2744,photo_letter_parentheses,train,1934,e7d4ed933f5af415031ba923370910d50b17b3ccd136fbf6b7d9a7b252ca2b24
T/T (3).jpg,T,2749,2745,photo_letter_parentheses,train,1935,0a1cdf689bafaa2f3e4a881d47e45ff655566658a95cbfaaf7e1d2c802e40476
T/T (4).jpg,T,2750,2746,photo_letter_parentheses,train,1936,3b20fbbdcecd350ec58edc80939b566e5b57c03b53545d446a244880a6261789
T/T (5).jpg,T,2751,2747,photo_letter_parentheses,train,1937,11a0121a9e0cd6fd795be35d0d3be5eab5b390d14f5bef3732f0f9323d067f77
T/T (6).jpg,T,2752,2748,photo_letter_parentheses,train,1938,2ca6d6b3ee02c9bc7731ba55c1bd89a3c3048c28c5c8ab5c2b6a35720dd3df20
T/T (7).jpg,T,2753,2749,photo_letter_parentheses,train,1939,7fed6eb434c156652301ade18ccc9ba0fef8203b9015dc40aa21d55cffecd4a2
T/T (8).jpg,T,2754,2750,photo_letter_parentheses,train,1940,1c5dbafa07dae4b0f54298be41cccc196f5e5e17c17669dc12b8ed4696c1db88
T/T (9).jpg,T,2755,2751,photo_letter_parentheses,train,1941,e28b27edfbcc7d64101d6cd7d9600f520c4af972c249926b1f305e39430f5010
T/T_1.jpg,T,2756,2752,photo_letter_underscore,validation,405,06aac0c34ab4db5750d00d6891e58781fab08d0170b07ac22706ee77d68c675f
T/T_2.jpg,T,2757,2753,photo_letter_underscore,validation,406,3776ba406de698eca6bc30cbb40f20d9ee01ef5c4faeff5bf3b8bd43be729e16
T/T_3.jpg,T,2758,2754,photo_letter_underscore,validation,407,23e04c8d1d29eb997542232aead90c55db250e5f63e206feb39408a817bebc41
T/T_4.jpg,T,2759,2755,photo_letter_underscore,validation,408,e924a484d73b95011f902b25634c6b8c1bfc47f53620712de5af1d42882a18d3
T/T_5.jpg,T,2760,2756,photo_letter_underscore,validation,409,02e6702c2577e8ce78661cf7f9d0494a79f34fcd7755f2f2abfe44936c73a207
T/T_6.jpg,T,2761,2757,photo_letter_underscore,validation,410,1bd9b474592d256bd9f9929cee874b4918d3860e551021f74e985bf4fda47c33
U/20210607_175658.jpg,U,2762,2758,photo_date,train,1942,5814899fbce703d4a84bdd6476c40fb46ee800a7651b3f10398b12fd2f18cb61
U/20210607_175701.jpg,U,2763,2759,photo_date,train,1943,42932257d443c07e7b4f6420de72d61e88cb76196ee5d39aa0c6edf923641c40
U/20210607_175705.jpg,U,2764,2760,photo_date,train,1944,785393fa1a8b0b334100c2220d4cb64b702a855a57ffe370d1cb329f777dce41
U/20210607_175707.jpg,U,2765,2761,photo_date,train,1945,6e18baecb48b71a45388fdb8707ac465be6da116fce4346f9f57d43bd7358657
U/2BE91EEA-824D-4283-BA1E-9D6A5ECBA7CA.jpg,U,2766,2762,photo_uuid,train,1946,db84179db4d51926b92ab52acbcbcf02543ca6ff1651f7d2d505fb356ceb0ee9
U/391965A0-BDA7-4556-A1CE-874A1B350E61.jpg,U,2767,2763,photo_uuid,train,1947,fee19c775a0f35d546c0fd1f0c0c10b3c24b2f9f765aee40ddb39dce589f740e
U/82A70945-4702-4413-B421-78859F33744C.jpg,U,2768,2764,photo_uuid,train,1948,8277bfbe7783bbd88679166162f7a03e05acb178dfe3aa771b29942fb33305b9
U/B8419100-AA81-41FC-AF07-1BB3F51C6271.jpg,U,2769,2765,photo_uuid,train,1949,ede049e5e45c9fb0f4e9789129817661edb92a60e5c80a1df732e27cb91b2144
U/hand1_u_bot_seg_1_cropped.jpeg,U,2770,2766,hand1,train,1950,3b7f3a99f928c7d3adf2d323a954b669eca08393813d63ecd8e94cf33dcf505c
U/hand1_u_bot_seg_2_cropped.jpeg,U,2771,2767,hand1,train,1951,bd30f6902116cd2defe93642703621f52ab261ebe7d7772df6664cf8e87e6c21
U/hand1_u_bot_seg_3_cropped.jpeg,U,2772,2768,hand1,train,1952,3f7a5b08783bcd25120489a4c73fe2d8ff3f5863624855a16d8d461bbb01c5db
U/hand1_u_bot_seg_4_cropped.jpeg,U,2773,2769,hand1,train,1953,dafebfc17b764f255f464272bdfc4be7f29fef4a3bfa52f843d1af8f1ee19d61
U/hand1_u_bot_seg_5_cropped.jpeg,U,2774,2770,hand1,train,1954,b7df7012e7174f1c59e2fccaff12e8d2ab3a7626a181829a8aac7e2c67fc9b57
U/hand1_u_dif_seg_1_cropped.jpeg,U,2775,2771,hand1,train,1955,40a2682a84a34d45ef65f9777985eed4cf9d634569a311b127b8df57eaa3cc5e
U/hand1_u_dif_seg_2_cropped.jpeg,U,2776,2772,hand1,train,1956,3d0214b36e56f5509ebcdef42845bd0d5e203b8b70edca8f63694de7bed8d9b4
U/hand1_u_dif_seg_3_cropped.jpeg,U,2777,2773,hand1,train,1957,708939294862a2ece4f357742cf476fe75d4075d04a3019250e6aa7b9b5e4785
U/hand1_u_dif_seg_4_cropped.jpeg,U,2778,2774,hand1,train,1958,f5f1909a08570ca65af503d6dcf04f72ad3e41e48eaa9b8aa3ce258dad830b2c
U/hand1_u_dif_seg_5_cropped.jpeg,U,2779,2775,hand1,train,1959,5d2e98654cfebc88dad38e6baabe4dca7d5877b7a276cdc3e70c5d21718b040e
U/hand1_u_left_seg_1_cropped.jpeg,U,2780,2776,hand1,train,1960,af08e49e16151987bac3aba3bb58ba9d73be6b2afe940e4007e4f3d723cd2a07
U/hand1_u_left_seg_2_cropped.jpeg,U,2781,2777,hand1,train,1961,f794e0031be8d4d398c8dd7d779ac0ed540b2e01dc943d73fa283ce91be91f46
U/hand1_u_left_seg_3_cropped.jpeg,U,2782,2778,hand1,train,1962,2efd7ef31ac41937b6094692588d0e6fec7150def4e64d8d9795441c17ea88a7
U/hand1_u_left_seg_4_cropped.jpeg,U,2783,2779,hand1,train,1963,b70254255880c340448613657ecd8c7c6d5850ee7d00dd9d12a20624e138099f
U/hand1_u_left_seg_5_cropped.jpeg,U,2784,2780,hand1,train,1964,f98654d48f5b4aa9e2c1bebbb156d945267608541a188ca911bc95668138a519
U/hand1_u_right_seg_1_cropped.jpeg,U,2785,2781,hand1,train,1965,3df251e1036e51ae13d173a2ece291ea6ed91decfb819dd9f3026b60811d5504
U/hand1_u_right_seg_2_cropped.jpeg,U,2786,2782,hand1,train,1966,6dd34ae801c4a19815654ef7e0a0d46de8033d9e7aa265325faea0fbe729ca0c
U/hand1_u_right_seg_3_cropped.jpeg,U,2787,2783,hand1,train,1967,9e38aaa9a30085b9a63182fd32b58a755b1b29e745bec3d5d6ef63532cda0160
U/hand1_u_right_seg_4_cropped.jpeg,U,2788,2784,hand1,train,1968,c71b20bf3617cfde671a2597b13e01d636a3eadbad8edd1728108fb9b5d5c7d5
U/hand1_u_right_seg_5_cropped.jpeg,U,2789,2785,hand1,train,1969,4d5b8a6b2c29c50dd6eb7f9c3dd007b884a35924f4fc4c90de5181ec882bce21
U/hand1_u_top_seg_1_cropped.jpeg,U,2790,2786,hand1,train,1970,6da694936b048c3ad8f7b9f1539c47dd5ab5b781d50d0e5f9ebcda3d20b27d9e
U/hand1_u_top_seg_2_cropped.jpeg,U,2791,2787,hand1,train,1971,814a3294d526364ad9e137bdf83674d02b89d34b14f4ebb9fec91962ca65edea
U/hand1_u_top_seg_3_cropped.jpeg,U,2792,2788,hand1,train,1972,c5645d34915a9cab238ece5e2d4bc2467cde3f15bae9d52a61aacc388ca61bc2
U/hand1_u_top_seg_4_cropped.jpeg,U,2793,2789,hand1,train,1973,274b7c1ea52b8dd36cdd0645d4aeaa4b6411060b6b89825f94349d035bcddb66
U/hand1_u_top_seg_5_cropped.jpeg,U,2794,2790,hand1,train,1974,652b6ec0e847bf4c4786bbda2836eff828114223162e15930be0c773ad0d10b4
U/hand2_u_bot_seg_1_cropped.jpeg,U,2795,2791,hand2,train,1975,48b3166324850a69259ae1ca1c9eb1e77a9c878981dd54a510f0c7ec5a32ba91
U/hand2_u_bot_seg_2_cropped.jpeg,U,2796,2792,hand2,train,1976,b648c52f1f715df21d89619b5c5b0921c8972921a399da00a49454d87f927669
U/hand2_u_bot_seg_3_cropped.jpeg,U,2797,2793,hand2,train,1977,27831688a2d27ac7bd251d3dc8777090342d70df77473e6d6dfae5ac2a9753cd
U/hand2_u_bot_seg_4_cropped.jpeg,U,2798,2794,hand2,train,1978,86d078a3ddcabbd48c244210f538f8f02fb4659e1286997dfbaf9bf390bb9ec7
U/hand2_u_bot_seg_5_cropped.jpeg,U,2799,2795,hand2,train,1979,5eea22c2f4d3a54e4546c0e33fd057fae2286a0f89ff95f5097e2270fa412dad
U/hand2_u_dif_seg_1_cropped.jpeg,U,2800,2796,hand2,train,1980,df01ed1a8329cfb2e8503867aab70ec584349b00b7c14537d0e5ac3be78dad58
U/hand2_u_dif_seg_2_cropped.jpeg,U,2801,2797,hand2,train,1981,d665d1dbec54abc27427c29b53eee1f8cabab72aadf59641c746964248b3de1b
U/hand2_u_dif_seg_3_cropped.jpeg,U,2802,2798,hand2,train,1982,a10c057d9622b9e4bc8b5390a4889e3a1988cd67946517a40340d067c951a15e
U/hand2_u_dif_seg_4_cropped.jpeg,U,2803,2799,hand2,train,1983,3688b22131854a64b326b859528ec556c6fa1bce484671a96fc3fb6ebf90b95a
U/hand2_u_dif_seg_5_cropped.jpeg,U,2804,2800,hand2,train,1984,07daaefb263a37790655ff50d9d879250948974bed89585b99158786e26c3e8a
U/hand2_u_left_seg_1_cropped.jpeg,U,2805,2801,hand2,train,1985,5c33e3b8a4189624fec23bcc49165354ed3b8ed7cd0f7ddf1a4cdfe3ef3053d8
U/hand2_u_left_seg_2_cropped.jpeg,U,2806,2802,hand2,train,1986,5e0ade3c024e64115aea05a6c0d44cf9517e9b629fb904d63f56855477012d35
U/hand2_u_left_seg_3_cropped.jpeg,U,2807,2803,hand2,train,1987,6ad8b41de415dd36677edaf441fa1d4d9c220fa2c8b227da934ff36a1083e66d
U/hand2_u_left_seg_4_cropped.jpeg,U,2808,2804,hand2,train,1988,f15d15af6d53da9b5c7b59510a32b1a5cf618775bb09bfff1c0131af5cf6a89c
U/hand2_u_left_seg_5_cropped.jpeg,U,2809,2805,hand2,train,1989,4e035afec3f1059ba072096b30bd8ddbff12f35256de10bfb82339fd16f25c9d
U/hand2_u_right_seg_1_cropped.jpeg,U,2810,2806,hand2,train,1990,4b899c14c5eb20d64260fb4d82bd3e25e69150779b706c9be1f957eac50593bd
U/hand2_u_right_seg_2_cropped.jpeg,U,2811,2807,hand2,train,1991,5ec903e10079ae72beaaa4e11fa50f3d306fb8e213b98ed5c1f5b7ae11f0c518
U/hand2_u_right_seg_3_cropped.jpeg,U,2812,2808,hand2,train,1992,5abfb37b0ef3ac59c7b2262e30b508a66e446ce4f0384c8f3eef23b07d93e236
U/hand2_u_right_seg_4_cropped.jpeg,U,2813,2809,hand2,train,1993,ee111d57cc82f9dda915158ce9f94af8f8f9b6d31faa2dac6a8780acbb5f9d3c
U/hand2_u_right_seg_5_cropped.jpeg,U,2814,2810,hand2,train,1994,90df66b1afa8599541d363c1ba089cb784b07527165747e10a9b83f35eced370
U/hand2_u_top_seg_1_cropped.jpeg,U,2815,2811,hand2,train,1995,e0110f62c7b2f572e5e627d5204ce19c532a62356aa1f8b9f0da32175526142d
U/hand2_u_top_seg_2_cropped.jpeg,U,2816,2812,hand2,train,1996,0507eae755a72c0951a38791f715b1fc28c5c557674a87d87d5082fc6e445d8e
U/hand2_u_top_seg_3_cropped.jpeg,U,2817,2813,hand2,train,1997,22185931a976ddeeedec98bf9358c0a0ad1e6255af4219be64b154238ccaadd0
U/hand2_u_top_seg_4_cropped.jpeg,U,2818,2814,hand2,train,1998,25b5853634c73b4360a005c8fc818b7d5ace272457f5edf003c4bb1d25a499e4
U/hand2_u_top_seg_5_cropped.jpeg,U,2819,2815,hand2,train,1999,f9a1eea6ad957aebbed986f73e4bec1920431745fcefa127068c0d7b51c0cdf3
U/hand3_u_dif_seg_1_cropped.jpeg,U,2820,2816,hand3,validation,411,38dd92f9312215d17b11ed25bece9f17b3813a7af37ebaf6afb42a11cfb207cd
U/hand3_u_dif_seg_2_cropped.jpeg,U,2821,2817,hand3,validation,412,94455546cca38441bafd398dbf5ebd2337ce39d2c313766ec3d8c9e3b6fb6f8d
U/hand3_u_dif_seg_3_cropped.jpeg,U,2822,2818,hand3,validation,413,97920cf78e90e4113191b28c95f09d08c05bb0e854c54275188e815c9c953a20
U/hand3_u_dif_seg_4_cropped.jpeg,U,2823,2819,hand3,validation,414,3ceaba60f528cfde9a4567fb72c62c25c532f3948dc83674eceedc737154f714
U/hand3_u_dif_seg_5_cropped.jpeg,U,2824,2820,hand3,validation,415,b76e60eb992049163eb9e156b15185e135297356ae170a2f7d81155fc28d1a48
U/hand4_u_bot_seg_1_cropped.jpeg,U,2825,2821,hand4,validation,416,1b3eec525d9cca1b2e02aeae82d98918e3f2877ac44c24468cd7f3b679116e0a
U/hand4_u_bot_seg_2_cropped.jpeg,U,2826,2822,hand4,validation,417,5fcb88d175139e585143f9be25960ab46e1078cae749c5467ebbbf58c02cac19
U/hand4_u_bot_seg_3_cropped.jpeg,U,2827,2823,hand4,validation,418,62598879f71bf2cfb0d8eacc8d612292587cbef4868d2fe05282eade775e35c3
U/hand4_u_bot_seg_4_cropped.jpeg,U,2828,2824,hand4,validation,419,00e35ed20e2fe8f2d07ec57c8a9e0474c1c0f57c800a5748adf1093cad7813a0
U/hand4_u_bot_seg_5_cropped.jpeg,U,2829,2825,hand4,validation,420,525b1e138ce12371d61b65a18f0fad8bef7da8fffc8ea362ea9f03f0f2334d17
U/hand5_u_bot_seg_1_cropped.jpeg,U,2830,2826,hand5,test,405,4eb1350f71e12c11193b43fade3f826ee244f30d0d2f916118643f706b53474d
U/hand5_u_bot_seg_2_cropped.jpeg,U,2831,2827,hand5,test,406,53571dcf6669962ed9683e6cae5f032d3942021d3c875ae795beb4e14b4c2910
U/hand5_u_bot_seg_3_cropped.jpeg,U,2832,2828,hand5,test,407,caff23f74b8d50299001b534a27e62bbaf12176b7b0ac7600ecb68486cf7934e
U/hand5_u_bot_seg_4_cropped.jpeg,U,2833,2829,hand5,test,408,ef51c74ec9375760cc78ad86634041af9793fcceecd4755da9e64d3084b1911d
U/hand5_u_bot_seg_5_cropped.jpeg,U,2834,2830,hand5,test,409,b6c1b6b694a1bb8d9fc506421521838f27c76922aec85f544fbae256ddfdb6e4
U/hand5_u_dif_seg_1_cropped.jpeg,U,2835,2831,hand5,test,410,23c9db69080a7879af7c05346a51f4ee563796e8d128af9e7a3dbfcc55eabe61
U/hand5_u_dif_seg_2_cropped.jpeg,U,2836,2832,hand5,test,411,f9e23256b285b7b3cf6ab46a47c4abe35e86e7066d939f0bbb032a328dc690f0
U/hand5_u_dif_seg_3_cropped.jpeg,U,2837,2833,hand5,test,412,f1f7eec089901ce4bf6a79d8bcba481eddbeb840b2f3e8e68e63091c26c54949
U/hand5_u_dif_seg_4_cropped.jpeg,U,2838,2834,hand5,test,413,66dbec3097fa708260a6ac0dad185b5687abaaec7dfd1c7bd23ef27853cf5094
U/hand5_u_dif_seg_5_cropped.jpeg,U,2839,2835,hand5,test,414,d544ad1b9d136e37582093b0b2d2dad04d4f271f5564ea9a987cddca35deac59
U/IMG20210607184105.jpg,U,2840,2836,photo_IMG_date,test,415,e73decc446c0421b1c7c4d4a7d40e41e24f3eb6af97711e5dc833d1dbb6645fe
U/IMG20210607184106.jpg,U,2841,2837,photo_IMG_date,test,416,74174c0165b539ab3d6a8bfcb2d4b1df84a6a504e588c979878422a664780b6d
U/IMG20210607184107.jpg,U,2842,2838,photo_IMG_date,test,417,d7e418f534903c67665d9432f6a210675a3d444abcdc546e39e3bb134e8a08d1
U/IMG20210607184108.jpg,U,2843,2839,photo_IMG_date,test,418,780eae6958b8df45a029941af8425497745b64336c4fdfcd45efcf1a2d7f1e46
U/IMG_0308.JPG,U,2844,2840,photo_IMG_counter,test,419,04836101523675cced3ae14aa992c60e822a28b751223277dde1b11623e2455b
U/IMG_0309.JPG,U,2845,2841,photo_IMG_counter,test,420,4117c18bbc59cdf266eba19a34723a370b3fba181d17f61bec9eac71a94bbb11
U/IMG_0310.JPG,U,2846,2842,photo_IMG_counter,test,421,c14b6b9a9bf0fdc3198ed0a193915caf0cd6f2f8c032fa444f0dd52bffe943e7
U/IMG_0311.JPG,U,2847,2843,photo_IMG_counter,test,422,478ef35739aad728271318a1cf5f99b23862f0bff10b316bf3d9a8bc1e33958c
U/IMG_20210605_174042.jpg,U,2848,2844,photo_IMG_date_underscore,train,2000,72074f6d839153ac3b19f565a7e162c6192c6a016808be1b14ef516bec869519
U/IMG_20210605_174050.jpg,U,2849,2845,photo_IMG_date_underscore,train,2001,8c0993f300dc15f4b64ae7852a9aea1426c455ec1bbc1746841fbd7ae0af52c3
U/IMG_20210606_203200.jpg,U,2850,2846,photo_IMG_date_underscore,train,2002,b8851d0ebc0cfe0834dd2641a51ee6a5022093cd615d0ea03e54327487ab9915
U/IMG_20210606_203203.jpg,U,2851,2847,photo_IMG_date_underscore,train,2003,d9be3eecc66dab3ba28bb82cab850ddf0533d9d6a4886996394a498f7e58bdbd
U/IMG_20210606_203206.jpg,U,2852,2848,photo_IMG_date_underscore,train,2004,95a8d6f5ec6085c64235a6e0fc1a57de07de88c11979a52b5a81c2760da0df67
U/IMG_20210606_203209.jpg,U,2853,2849,photo_IMG_date_underscore,train,2005,fc8a18d3296cad980c2d810d46039c9d19e84a45ed95389910bd88d9c2eeae14
U/U (1).jpg,U,2854,2850,photo_letter_parentheses,train,2006,5aac52613dfff43203c49e079f1480c5e6d37774bf1e125b015374f54f108fc8
U/U (10).jpg,U,2855,2851,photo_letter_parentheses,train,2007,26bfe2e91e78cbe9a7b323a2ca46b0d42489f952457ac01c207eb722e4fa5260
U/U (11).jpg,U,2856,2852,photo_letter_parentheses,train,2008,1e2db22475faee65d9ad040ddc501c0d7c4fba302b48275900022c37b69516c6
U/U (12).jpg,U,2857,2853,photo_letter_parentheses,train,2009,d7a510f2f9b4327d8fb536f9d169da825f4e3078d9179d72567b19a91819978b
U/U (2).jpg,U,2858,2854,photo_letter_parentheses,train,2010,53d9bb677f28e9828ba6dc76940af5251b0c3a351e209a9757a593f6bd4ca16a
U/U (3).jpg,U,2859,2855,photo_letter_parentheses,train,2011,f65a2ecc63cfab84ed18da294a737c7be88e282f682ea8435be682e99663e818
U/U (4).jpg,U,2860,2856,photo_letter_parentheses,train,2012,1f476152f44122439f130d0ce9e46b89edb33a4c7c250740afc7b1e5a23160f2
U/U (5).jpg,U,2861,2857,photo_letter_parentheses,train,2013,5e154fc49442d3411d3ab7d887f0a75418444ce835ba694f04ee09b87326b4dc
U/U (6).jpg,U,2862,2858,photo_letter_parentheses,train,2014,b1294a5924c0cdfebe01c7970bd36440b50cf99937eb79bc5e56beff229d47ad
U/U (7).jpg,U,2863,2859,photo_letter_parentheses,train,2015,de1e47b8bead52f89556116358d44bbff5a4da12ba871cef0ffb8df0fe150a6f
U/U (8).jpg,U,2864,2860,photo_letter_parentheses,train,2016,011f31ea5c30662d72ff3a35503b84f6c2044b52e90fee465f6135e3decb2a84
U/U (9).jpg,U,2865,2861,photo_letter_parentheses,train,2017,1154b87709a4de40c7707ebe3b44a96fb34b213aaef31b72e8089bc6a200777c
U/U_1.jpg,U,2866,2862,photo_letter_underscore,validation,421,1c43685337c088c455894a816969f142b8c8023dcc1c9709663a7922afa92146
U/U_2.jpg,U,2867,2863,photo_letter_underscore,validation,422,42c9b0b70a096fd854432d4adc9838efc8dda5441a2619b79f6d88c85b4e10a6
U/U_3.jpg,U,2868,2864,photo_letter_underscore,validation,423,adb6be590bd9fda00df4b9684152b3721e85326cb5672f18981f6077d384fcf3
U/U_4.jpg,U,2869,2865,photo_letter_underscore,validation,424,3ee4b7b0f4b7706257aaa142d4d53c1dcc6216f6f95a5ab5308ad820da46882b
U/U_5.jpg,U,2870,2866,photo_letter_underscore,validation,425,01b56455ff7b2adb22e0d16da704d99650767576c89fc45934f50c19650001e2
U/U_6.jpg,U,2871,2867,photo_letter_underscore,validation,426,dae65e0fc19a5c7c22c0c37ae0aea4f01f09368b2c8cf1166b06ff912a84340e
V/20210607_175742.jpg,V,2872,2868,photo_date,train,2018,a4f476159564bf217cc10440c92f4b04946a6fc2df3cb2a15a83f772b1986d1c
V/20210607_175745.jpg,V,2873,2869,photo_date,train,2019,6ea83610b17c631d5bc0c432a8e5a58e88724e0d3455e5bf2443d31ebef90be4
V/20210607_175747.jpg,V,2874,2870,photo_date,train,2020,1f6a9457e17a51abf4dc2c739caf962c6ee0f92d967de1514893b1bf9abf9373
V/20210607_175748.jpg,V,2875,2871,photo_date,train,2021,a4cba75cf0ef2843145555c017752d598656d73cbf519fc51544dc2fceea2eb4
V/7883FF08-FA1F-4E3E-97FC-7745F134F9C4.jpg,V,2876,2872,photo_uuid,train,2022,37925a7680abcba1aa3e34a1ee0656c734b21e436dacd3780b6493e802b509e8
V/8BD3C641-AAB9-45CA-97CC-F8057F608B80.jpg,V,2877,2873,photo_uuid,train,2023,70a6af07200ccaf2fd89c8a6fb16299ebba9820bd3310b1a7476ed7354c30278
V/9D0BB3D3-701C-4459-9D4B-43198B2F2BF3.jpg,V,2878,2874,photo_uuid,train,2024,85abd206b2ee3ff8b77e39c6de64d28df50d6421407b63a3b834f86cc8537ddd
V/E7D0EB72-F1D8-42AC-97C4-A02A6963B821.jpg,V,2879,2875,photo_uuid,train,2025,791b1e27176983855206ddd841e13c29cc8cdcb03c7fcdbc0eaf73fbf78ecc8e
V/hand1_v_bot_seg_1_cropped.jpeg,V,2880,2876,hand1,train,2026,d046856daa05a57835553b0dc7406e5f8eae4d5d360b22dfd89e9e57e24101ab
V/hand1_v_bot_seg_2_cropped.jpeg,V,2881,2877,hand1,train,2027,3da9e2855cf496e04cf1b7b13b619d95fec4d5b055c959f4892d3600f53ba894
V/hand1_v_bot_seg_3_cropped.jpeg,V,2882,2878,hand1,train,2028,aecfa2f9bd564201bec969f4e4318739af33e7747d23ab23a076f442250aaebb
V/hand1_v_bot_seg_4_cropped.jpeg,V,2883,2879,hand1,train,2029,11e268693cd4c93f040652754732130a4bba9f923ade4b979b88639df0dc9690
V/hand1_v_dif_seg_1_cropped.jpeg,V,2884,2880,hand1,train,2030,1b83ed3e9252a87338551b7d4393829a2c2a4e81177d7e2d92c8c32dfd9f9b25
V/hand1_v_dif_seg_2_cropped.jpeg,V,2885,2881,hand1,train,2031,ddfc2565647c611405b8bf2758c1ef5cd7dca92aeebc97317ef590a379079d46
V/hand1_v_dif_seg_3_cropped.jpeg,V,2886,2882,hand1,train,2032,29be64e271ea5ee419841244ce14040a0063156381f376a79d3168ecabbcd34e
V/hand1_v_dif_seg_4_cropped.jpeg,V,2887,2883,hand1,train,2033,d4337d8fff9216582c6b0845bc3ab0790c0cc1df49a1ae50f8641dc55960d19a
V/hand1_v_dif_seg_5_cropped.jpeg,V,2888,2884,hand1,train,2034,af16eb8cd7165edf69099f558a614c73d3007c24566dd7eb76c212702cf1fd31
V/hand1_v_left_seg_1_cropped.jpeg,V,2889,2885,hand1,train,2035,9f945c1f2882f4e0b4a6fab433eac3868b687c80c27c6c6cc9b075770046b8ad
V/hand1_v_left_seg_2_cropped.jpeg,V,2890,2886,hand1,train,2036,939555500aa88e63216c68ad24d3f292860ee826113a35f26840e66fee157c94
V/hand1_v_left_seg_3_cropped.jpeg,V,2891,2887,hand1,train,2037,802f8d8dc5f2948a1eadbcdf987c5fab254e0d6bead31cad3404b385a8cd2abb
V/hand1_v_left_seg_4_cropped.jpeg,V,2892,2888,hand1,train,2038,6f935850938b1555ac5586ee10cbe90b1762ae58a5a94dc4d3531a355886587d
V/hand1_v_left_seg_5_cropped.jpeg,V,2893,2889,hand1,train,2039,6c81a90442b55b46d8307aca2404b99f6844bb04d0cf04be60cbe6ebe8490a8c
V/hand1_v_right_seg_1_cropped.jpeg,V,2894,2890,hand1,train,2040,388650a06361508843ac662ef43aaba9aa4d62ed7c97639c1ad49c83104077bc
V/hand1_v_right_seg_2_cropped.jpeg,V,2895,2891,hand1,train,2041,001ee545bbc5b23a00e8ad96529481ece85e6a570477b03f33b6250672fb408f
V/hand1_v_right_seg_3_cropped.jpeg,V,2896,2892,hand1,train,2042,6ab6e9ce9001c2bfc84292bafff2bbcde58a5d9ccb967ddcbeaede5d3c7c6ef5
V/hand1_v_right_seg_4_cropped.jpeg,V,2897,2893,hand1,train,2043,2d8d31fca72733155a738a34fbf8bf4eae25eb2cec1ccaf19d7e62de248def91
V/hand1_v_right_seg_5_cropped.jpeg,V,2898,2894,hand1,train,2044,e36f279152503d9dd6c8f1595141abbbcac1311eceb9287fb5b4c3cb5427c44a
V/hand1_v_top_seg_1_cropped.jpeg,V,2899,2895,hand1,train,2045,095c7a2ec63134d266dd5c6bfe4bd84e870f21275f9507dc180fcc568affec5a
V/hand1_v_top_seg_2_cropped.jpeg,V,2900,2896,hand1,train,2046,6072470e49ea66a7c72b7e81bc8cab210576578cdadfa8450aa91b115846211c
V/hand1_v_top_seg_3_cropped.jpeg,V,2901,2897,hand1,train,2047,0768e626f9ac1bba8087fad2573dc21e285c476d07439bf4265e28e50bc8cec4
V/hand1_v_top_seg_4_cropped.jpeg,V,2902,2898,hand1,train,2048,8467dbe859f7bf9b83d00a9c0e529058aaf34542ba62ca41d0b6c431bc11a6f4
V/hand1_v_top_seg_5_cropped.jpeg,V,2903,2899,hand1,train,2049,4d73c9e2e7d22ba6412aac08f5f793a80e700bc0204f3015a3d5c904a5b3e16c
V/hand2_v_bot_seg_1_cropped.jpeg,V,2904,2900,hand2,train,2050,233dbda357b5b2cef7f4d70c98bbefb4864e51f07a8823c80e1076156cc60072
V/hand2_v_bot_seg_2_cropped.jpeg,V,2905,2901,hand2,train,2051,699eaaf4bbb2b06532b0de47228be6416aa8388e9593d8229a6517d1d0f0829f
V/hand2_v_bot_seg_3_cropped.jpeg,V,2906,2902,hand2,train,2052,91d892c097e0a8b15c202c2322e3934d5a0924714d28b30327c047edb035f125
V/hand2_v_bot_seg_4_cropped.jpeg,V,2907,2903,hand2,train,2053,d3abd641c2de362b58fc6630a49f144042b946838668a16919fdd45e7a4b0867
V/hand2_v_bot_seg_5_cropped.jpeg,V,2908,2904,hand2,train,2054,fcd6acde682155fc66428285eff60eb55bd1c342a24f81d8a457a652dc832f82
V/hand2_v_dif_seg_1_cropped.jpeg,V,2909,2905,hand2,train,2055,235d41651b35279d91ab326e918a19e561f1bd2a1d50be7f11b3e7a6f165b68c
V/hand2_v_dif_seg_2_cropped.jpeg,V,2910,2906,hand2,train,2056,0a869c85af7b37a92d064a44ded9697eed61728023e058bfce0212b9bbf9be01
V/hand2_v_dif_seg_3_cropped.jpeg,V,2911,2907,hand2,train,2057,37e9f9c4709328729ac7d26b495d22cf5dded5a52d41bb8eabcb0850e0a1cd9a
V/hand2_v_dif_seg_4_cropped.jpeg,V,2912,2908,hand2,train,2058,8bede064ff9aa6b59978e4345dab0d135033238d1f03f9d63d2a722bb84dd603
V/hand2_v_dif_seg_5_cropped.jpeg,V,2913,2909,hand2,train,2059,ecbe6da32dc5c9640b779a8762a044795a62937a11fd236c13582b00afa44d63
V/hand2_v_left_seg_1_cropped.jpeg,V,2914,2910,hand2,train,2060,af4b911656772eef77bed0ff48256923776bbd34da9f4418b7331ee09633a9b1
V/hand2_v_left_seg_2_cropped.jpeg,V,2915,2911,hand2,train,2061,3a1d70127464f02ee0bfe4234f55414eae9b4cfb2e27766a898bdd7c1835e295
V/hand2_v_left_seg_3_cropped.jpeg,V,2916,2912,hand2,train,2062,151c07b68130f9747e398ad486714a352e2031cf782e97d63202facdfecd9af2
V/hand2_v_left_seg_4_cropped.jpeg,V,2917,2913,hand2,train,2063,db27af54e2f1095e83f5972f29d6b23aa69fcf4217c749e1255a157d8c39d562
V/hand2_v_left_seg_5_cropped.jpeg,V,2918,2914,hand2,train,2064,0006ba959b89cf4c9b3f7110b8360b2647b3ff54311abccfa33ae741fb8c5199
V/hand2_v_right_seg_1_cropped.jpeg,V,2919,2915,hand2,train,2065,0cba8e7e02557f53e4153032370127fd940fd37b9c52adfda80c7f760cc7d97e
V/hand2_v_right_seg_2_cropped.jpeg,V,2920,2916,hand2,train,2066,7dac4d6f6b6a765ea845034b34a5cc4ae1dcca8350edb651052f4db7ada55300
V/hand2_v_right_seg_3_cropped.jpeg,V,2921,2917,hand2,train,2067,0244af2a1b34dd869f54c9777afdbcf951f3496d53cd6ac83021a728ec165332
V/hand2_v_right_seg_4_cropped.jpeg,V,2922,2918,hand2,train,2068,8280537f31ca6316b4d8eb6988929d8b66a03b56cfd4ae441a51af8486609002
V/hand2_v_right_seg_5_cropped.jpeg,V,2923,2919,hand2,train,2069,9aabdae5b12de3128fd34e54c285829b937e2086267eca4e3271b84f62b1bbbb
V/hand2_v_top_seg_1_cropped.jpeg,V,2924,2920,hand2,train,2070,da1f1bbbd04137698f4bdc623bb1d91a78b2351f8c5f2916e3cc19b0d4a8187f
V/hand2_v_top_seg_2_cropped.jpeg,V,2925,2921,hand2,train,2071,2917fa5e4f4980f16a867158e8ecba883f0cf08c49a8a3e164329a72e708e4fa
V/hand2_v_top_seg_3_cropped.jpeg,V,2926,2922,hand2,train,2072,bb26a50d78578a43f505697cb4780d39c043dd97d99f7224a0fcf43c45125158
V/hand2_v_top_seg_4_cropped.jpeg,V,2927,2923,hand2,train,2073,d64fd30d65dd8c2ba76fc56974aa46660b9aa80ad4432c6bd0e103ed27e60941
V/hand2_v_top_seg_5_cropped.jpeg,V,2928,2924,hand2,train,2074,3a5e74eae4061789c395cf22fda7aa2d3d935f970d2dd936acc9ef4068bb2692
V/hand3_v_dif_seg_1_cropped.jpeg,V,2929,2925,hand3,validation,427,a4b807db8efb9b1f72fe51819c618943dc1c7bcc83c369e9895cd42aae4cfcb4
V/hand3_v_dif_seg_2_cropped.jpeg,V,2930,2926,hand3,validation,428,74b48e9b70ef07bc6b3fce5b64ff29606ccdbdd45ef5596b0e0ae5bbf5e439f0
V/hand3_v_dif_seg_3_cropped.jpeg,V,2931,2927,hand3,validation,429,0fe71a4b1c1079cd879105c8bfe26dc26993651c8964811ef15de3f6eb0cecce
V/hand3_v_dif_seg_4_cropped.jpeg,V,2932,2928,hand3,validation,430,107ce655d187ae403918fe3bab8ed21f06eba6595ecb03ff59fa191b7931e526
V/hand3_v_dif_seg_5_cropped.jpeg,V,2933,2929,hand3,validation,431,95a8c4c9a977deeb9f2b80f1d5f70fed9cb4781709dc6d42602e505a04d7ecce
V/hand4_v_bot_seg_1_cropped.jpeg,V,2934,2930,hand4,validation,432,253ef3a49cd30af8ee0283b0bba5e30ed27648639286a1119cf7052e42f04ffa
V/hand4_v_bot_seg_2_cropped.jpeg,V,2935,2931,hand4,validation,433,2d4ea3bb7d1e8c78e144d0a2cc2143587f1d28c5a55634989c26d117d6b966af
V/hand4_v_bot_seg_3_cropped.jpeg,V,2936,2932,hand4,validation,434,bcfee5b6f1768fc3f33696f7ea3724ad80d59d532fc8c42c133ae165b5a194fa
V/hand4_v_bot_seg_4_cropped.jpeg,V,2937,2933,hand4,validation,435,e4a670a26f2dba2f66c61a63ab1df59c6a4b5f812a70ee2cb577c4cd4ea898db
V/hand4_v_bot_seg_5_cropped.jpeg,V,2938,2934,hand4,validation,436,32ba314b3d481cbeb748b21fe41506fe5d9806b2c8b6cca3d008ddd77d0bc45f
V/hand5_v_bot_seg_1_cropped.jpeg,V,2939,2935,hand5,test,423,42c02c2679dd69b707d6cc634d79563337d5c2af9b3bf868a62181b2b3fc04ba
V/hand5_v_bot_seg_2_cropped.jpeg,V,2940,2936,hand5,test,424,1142214e48463d41bc78cf7dc02a6f69491bfde13ff6383b457448cd6909fbcb
V/hand5_v_bot_seg_3_cropped.jpeg,V,2941,2937,hand5,test,425,ee541c1cc0b16ca42ef51509bb5573a82a04ccfad0f62e83204379703fc7e90a
V/hand5_v_bot_seg_4_cropped.jpeg,V,2942,2938,hand5,test,426,84bf9acb68a688bc0695162771754e46a9345b5e0f6dc7fa85bfb4e4aa461225
V/hand5_v_bot_seg_5_cropped.jpeg,V,2943,2939,hand5,test,427,b3fc86ace89aca1b8b9f92b7446675ab53eda1610ccb3ad299d7253078e1a608
V/hand5_v_dif_seg_1_cropped.jpeg,V,2944,2940,hand5,test,428,05fff966154f4bbb7a0b1b35c0960d85ba4282db72f542e9d6eb528508d498a1
V/hand5_v_dif_seg_2_cropped.jpeg,V,2945,2941,hand5,test,429,2daab4651bdf17803193821fa677e6cba7e40b4bbdf0b92e1f9669f89f337fd3
V/hand5_v_dif_seg_3_cropped.jpeg,V,2946,2942,hand5,test,430,97096a7007660b016415ae5a38bfbe56ab0ddd3fa10ae4c29e57cf3030f2937a
V/hand5_v_dif_seg_4_cropped.jpeg,V,2947,2943,hand5,test,431,445272a6688e15e16faf1c0bb3cb7a8e9b9fe128418d406a9fbddc665ff38a85
V/hand5_v_dif_seg_5_cropped.jpeg,V,2948,2944,hand5,test,432,232fce093c12f5c221327b04fc4e638341877805a558cdb57157c3574494d8b4
V/IMG20210607184116.jpg,V,2949,2945,photo_IMG_date,test,433,dc1b011f642bb6be57fcc43052e6c17b0579853169a1190ca5bfa24b32f26a9a
V/IMG20210607184117.jpg,V,2950,2946,photo_IMG_date,test,434,d445e0c798bd08ef0b2f48cb8ef5f7326b79763d87a898a895913f343af977fc
V/IMG20210607184118.jpg,V,2951,2947,photo_IMG_date,test,435,f9458de06e20561ffeb2760852b6f295a8b915860850fa82d2e6add6c65f8013
V/IMG20210607184119.jpg,V,2952,2948,photo_IMG_date,test,436,866819b1301139cef642e2501af4df60736a290e5af05f64d1b6a0d3b8488c01
V/IMG_0313.JPG,V,2953,2949,photo_IMG_counter,test,437,8cc1c462da2b3169ddb406759b8832a7012513f31cad18490313e024b64c5076
V/IMG_0314.JPG,V,2954,2950,photo_IMG_counter,test,438,ea4b848bf668820ee12bb72026e091a5b8e3d12b167d1e25ed7bfe966195db1c
V/IMG_0315.JPG,V,2955,2951,photo_IMG_counter,test,439,e56904f73c35348750d1fd6bd51b0367709c21f12b454ae22c5d187f5037fd32
V/IMG_0316.JPG,V,2956,2952,photo_IMG_counter,test,440,351324f6f87b2eb5a7d08e6ec14150b071021594afdf4489f582a76fc9d36e5e
V/IMG_20210605_174134.jpg,V,2957,2953,photo_IMG_date_underscore,train,2075,7056e465dad50fbf58cea2ccdd69bffc2cc4574f86abff4f2e60a8c463f5eb51
V/IMG_20210605_174138.jpg,V,2958,2954,photo_IMG_date_underscore,train,2076,481b66f73a6118cd0b16e55fd4ef46eca5d8bd2f52cfc94404dabca0dfba2e8b
V/IMG_20210605_174142.jpg,V,2959,2955,photo_IMG_date_underscore,train,2077,bd6164fd033fb132b7565ad88dba5a5767e256bee38552a1a1fe3ff5060d59d6
V/IMG_20210605_174146.jpg,V,2960,2956,photo_IMG_date_underscore,train,2078,e81153e03cb4d271ffb0be5a283cf255bd365ebb67d7fb911177b4e725bc58a2
V/IMG_20210606_203253.jpg,V,2961,2957,photo_IMG_date_underscore,train,2079,e3242f0c43bea74eb17b2fc71fd3f228b1d4ab4fdc2edf9433d8679b6a36b42c
V/IMG_20210606_203256.jpg,V,2962,2958,photo_IMG_date_underscore,train,2080,51c9517b0739716d6dfb99c310de74b12dd1b2401431602bf8dfb87fa20bdedd
V/IMG_20210606_203259.jpg,V,2963,2959,photo_IMG_date_underscore,train,2081,3682a4b600d8d63fe4fa04e1a5ca907185c1f684addb1593e3e3928d30ca3d24
V/IMG_20210606_203303.jpg,V,2964,2960,photo_IMG_date_underscore,train,2082,df1e21d99b60604789f66c7ef18861eae39e5e9c2bbd47c69480880f82389173
V/V (1).jpg,V,2965,2961,photo_letter_parentheses,train,2083,7acdbbc446b7ea3071b5749cce80e7d819f782859fd46fa21be188dee1f1d30a
V/V (10).jpg,V,2966,2962,photo_letter_parentheses,train,2084,ebe6453f24ebd42bc26e25effed1e96af00d32d83d140364d589b12cc881683f
V/V (11).jpg,V,2967,2963,photo_letter_parentheses,train,2085,9494390a80f599b5ed845b96788f0d9e8cbbba834bd7f4b0dae46b30aef58a79
V/V (12).jpg,V,2968,2964,photo_letter_parentheses,train,2086,89acc676d30c72b688cc6202b18e044e194e30925c01dad55a6ebbc9629fc51b
V/V (2).jpg,V,2969,2965,photo_letter_parentheses,train,2087,87f9fc5943fa12dc75eead4d9d471c3ed831289205deadc16a5d0a469c1712fa
V/V (3).jpg,V,2970,2966,photo_letter_parentheses,train,2088,cda29ccc76bd83be5d8acce670287c0fb8d77b143e0d3ebe9efe911387b898f0
V/V (4).jpg,V,2971,2967,photo_letter_parentheses,train,2089,c576080ea73c1353ea7cce1f8abee6f95c4cc368871499d0e2293739417d5389
V/V (5).jpg,V,2972,2968,photo_letter_parentheses,train,2090,b85379004c2959650b02b0eff11835e4fd18ce1bfcab8dd221c7e8f9a9b5b22f
V/V (6).jpg,V,2973,2969,photo_letter_parentheses,train,2091,4f83146904d25b9bb078013ca9be10c50797fd0d3e356b1e3ae85dfd8506505a
V/V (7).jpg,V,2974,2970,photo_letter_parentheses,train,2092,956b1ba4f4d53ca3712e834f1dca7c40314886ccaa9d1a27bbf7bdf586047b10
V/V (8).jpg,V,2975,2971,photo_letter_parentheses,train,2093,e0b1631357c6e155ae3e5cdebd09432307c4d5cd35e719371274a5b47715823f
V/V (9).jpg,V,2976,2972,photo_letter_parentheses,train,2094,067be26c427a8abfb279f1b3bdffb9e0bef2ec56cc8170223e53ca1898e77f50
V/V_1.jpg,V,2977,2973,photo_letter_underscore,validation,437,776dcdc3544f7e9a8d5cb69605ac0608a48d1f7364d4812c274eb64846c39a45
V/V_2.jpg,V,2978,2974,photo_letter_underscore,validation,438,ba8c68e7d6728c2e0ea0c749d248531b234f26dbc3d231186048a4f9ff9a5996
V/V_3.jpg,V,2979,2975,photo_letter_underscore,validation,439,256e620885b1a5133af2b0c6aed4342921f3a2673c4a25475d9d76e99ecb5169
V/V_4.jpg,V,2980,2976,photo_letter_underscore,validation,440,2503cf1e5f5a2b42630bade17b61475423d671b191016c231e64308e56d23087
V/V_5.jpg,V,2981,2977,photo_letter_underscore,validation,441,ca39208dd40b330497e8abb2bc42714ca051e1d631da35376d04e8f19b032ad6
V/V_6.jpg,V,2982,2978,photo_letter_underscore,validation,442,6cdb32a97fddcaf9f41bd096a3c62afbc1b57121d3cbd9caeaec4ad45a282c44
W/13E6B641-CDAD-479E-AF22-DC39391FEA48.jpg,W,2983,2979,photo_uuid,train,2095,0d6c1ca0f5f59258b325b8995e8f765f5555c4c1d63d92ca56d50e3ad3b6ccd6
W/20210607_175819.jpg,W,2984,2980,photo_date,train,2096,e66cbb3202377851a0d03ac691dea69f7b63ec2a69b4d6ad05048794fcbb66ff
W/20210607_175821.jpg,W,2985,2981,photo_date,train,2097,520dcd7f38e979a43def9fdba562440f7e8c110cf2a78d72c99ce0413303c5cb
W/20210607_175823.jpg,W,2986,2982,photo_date,train,2098,32d2e7652cf2a6100d2899a3e14b6985ab450715f108a1d674e869b1527754c7
W/20210607_175825.jpg,W,2987,2983,photo_date,train,2099,e71c9a3f728b3f4c49f023329e372c20429cd796b2fa7de35f024b3f6c48c690
W/324DBB99-1AB5-4532-AEC1-2CBD451DB8EC.jpg,W,2988,2984,photo_uuid,train,2100,a200e1bf5f34fa2eeccaf5d425b4562d4c92639f9c8a93eefe128875a4672769
W/4535E8F9-4D54-469F-B58D-DEE506121C33.jpg,W,2989,2985,photo_uuid,train,2101,b9d5634391a0447d6bcf4653d8a2e9a5eddb360fd91b4f48c463e99e65a77c74
W/EED07223-6732-4D66-AEA6-3B71E569A625.jpg,W,2990,2986,photo_uuid,train,2102,20cfb85ae82931db91fb10ed30778e3d32cdec6e5de1581646e65b97188b3638
W/hand1_w_bot_seg_1_cropped.jpeg,W,2991,2987,hand1,train,2103,a3dcc9e1e4b94f477f67618c10f49d35778fc8de24d757caf3652ce556e577fc
W/hand1_w_bot_seg_2_cropped.jpeg,W,2992,2988,hand1,train,2104,9fa6f5ce884eebb79a6cc1c91bff9f133938aaaf084e5fd727cde9c90fc5e670
W/hand1_w_bot_seg_3_cropped.jpeg,W,2993,2989,hand1,train,2105,65851152fbc6253c51339c0201e3154a28571ba0afe4533d3dab77a8c4e59703
W/hand1_w_bot_seg_4_cropped.jpeg,W,2994,2990,hand1,train,2106,7b62d199444f9f79b656698827830ea60d6f038e4026934f88e327c5df6808b0
W/hand1_w_bot_seg_5_cropped.jpeg,W,2995,2991,hand1,train,2107,568655205e271eb140632de4ef861123575ac37284e12c079454af6baf11c022
W/hand1_w_dif_seg_1_cropped.jpeg,W,2996,2992,hand1,train,2108,8dfbfa3a38f41e9552011fc11f5f5e142a45388796131e7cb108488dd428b2c8
W/hand1_w_dif_seg_2_cropped.jpeg,W,2997,2993,hand1,train,2109,c16d928eff22df13ccaa980798a0b56bf137bef21bda86185f0a49e90c11d997
W/hand1_w_dif_seg_3_cropped.jpeg,W,2998,2994,hand1,train,2110,a7b8ab666b39d04081e0c228928d7012ce34a34729c7d3580170312287b5211f
W/hand1_w_dif_seg_4_cropped.jpeg,W,2999,2995,hand1,train,2111,450e792b5336452d603979d308bb3d475e5414c62df3a3d832a956928a7c0b74
W/hand1_w_dif_seg_5_cropped.jpeg,W,3000,2996,hand1,train,2112,e8a467e36f81b5008685339414f8ec91920161c0e848ef9b6749ba3760c575e1
W/hand1_w_left_seg_1_cropped.jpeg,W,3001,2997,hand1,train,2113,ecc9c17534a07a55eeaf1685b1b2de5113c1c921668716c00d4705cfc2402bef
W/hand1_w_left_seg_2_cropped.jpeg,W,3002,2998,hand1,train,2114,62a4eda3b80ae89ae79f40fd8d42c0da6e9ad6dbeae64c092ce9e24170a2aa61
W/hand1_w_left_seg_3_cropped.jpeg,W,3003,2999,hand1,train,2115,90ba41d8b62db397687fd4d8ed7675d06388f88d82546959fea24ca32de244fb
W/hand1_w_left_seg_4_cropped.jpeg,W,3004,3000,hand1,train,2116,089d3d8eb4ebcf87593e5751b182cad6251c925ef329421853c3a4ba2528c500
W/hand1_w_left_seg_5_cropped.jpeg,W,3005,3001,hand1,train,2117,c149b8b22f43c966cd41f79e63d810136fc5e03aafd282a0a1331587f1a20aa4
W/hand1_w_right_seg_1_cropped.jpeg,W,3006,3002,hand1,train,2118,b2b398d54ad0c77fe0e4c21c07f49b59539e9acb18d071ec3b66f379df09f795
W/hand1_w_right_seg_2_cropped.jpeg,W,3007,3003,hand1,train,2119,951d39e4f266d27618ad1b9376788d07cedf76c6723cb0b5f25822ce4b351d9c
W/hand1_w_right_seg_3_cropped.jpeg,W,3008,3004,hand1,train,2120,5f68131c86ca9308854564126609ef0531e85027876506e3f74d35611825c689
W/hand1_w_right_seg_4_cropped.jpeg,W,3009,3005,hand1,train,2121,ce8c212f86af190550a1de3268fc18a4c2154f82d24cbdabe0c92b96892ae5cd
W/hand1_w_right_seg_5_cropped.jpeg,W,3010,3006,hand1,train,2122,5c4006237265399f3a1687c9d873799769178e285759cca091ad8397e581ade7
W/hand1_w_top_seg_1_cropped.jpeg,W,3011,3007,hand1,train,2123,1b8fb68057f8e46e3c43937d60d1f25bea37315d5ae76094c9f7828dd6d77d4c
W/hand1_w_top_seg_3_cropped.jpeg,W,3012,3008,hand1,train,2124,aa7e1e0fc049c31109e9e7a5711c7572f84f57da49544224639d78a6ca23e52c
W/hand1_w_top_seg_4_cropped.jpeg,W,3013,3009,hand1,train,2125,3b0392f367b5eebd7dc83baffc74ae32d5fedb77297c6813e2c6cc677788e590
W/hand1_w_top_seg_5_cropped.jpeg,W,3014,3010,hand1,train,2126,1ba24c34d4835692e122896b0d540c46d872a295db02752dafac9ed3f1c13f7d
W/hand2_w_bot_seg_1_cropped.jpeg,W,3015,3011,hand2,train,2127,8f88449ae1f9eaeb68b02eb0abe1825e49486c9bae7ce69c97ef05dc72f6dc7e
W/hand2_w_bot_seg_2_cropped.jpeg,W,3016,3012,hand2,train,2128,7f82a06aad1f0144ff45404d38328213854a097a5761ea9dc650581fe114bc06
W/hand2_w_bot_seg_3_cropped.jpeg,W,3017,3013,hand2,train,2129,42f3cea57f684e5f5b0809e05cafebe99933667cf51548619dc5f29e7eeeb11e
W/hand2_w_bot_seg_4_cropped.jpeg,W,3018,3014,hand2,train,2130,5fec5a3ab1caad9a1b73a09238ad7c6c47886f55145811648b3b14c4440742a0
W/hand2_w_bot_seg_5_cropped.jpeg,W,3019,3015,hand2,train,2131,b915079427b57e8faf613a0ce3cbe5c02516e8774650bee826bfbf2faa4212cc
W/hand2_w_dif_seg_1_cropped.jpeg,W,3020,3016,hand2,train,2132,335395dc55d88c196c05a1d144b3d327c81ce97e5fd9b8aea91c078aea8666f8
W/hand2_w_dif_seg_2_cropped.jpeg,W,3021,3017,hand2,train,2133,f6de9a1d4247c96cf80c89df3b0ccbd242479c3728b172fa67ffb0098a7b0494
W/hand2_w_dif_seg_3_cropped.jpeg,W,3022,3018,hand2,train,2134,37ccf6a34d4b0f743f23ff40dfdfcc86d56ef85b2a40fd0e7604f74375b70ff2
W/hand2_w_dif_seg_4_cropped.jpeg,W,3023,3019,hand2,train,2135,861cf4afc02e83ebc49313c638636d5c1daf37c4de89a81a14449d14db71834e
W/hand2_w_dif_seg_5_cropped.jpeg,W,3024,3020,hand2,train,2136,8e491f772ca25963c743c7ca8a425bab91ab77fffc07d401774cba514a730a07
W/hand2_w_left_seg_1_cropped.jpeg,W,3025,3021,hand2,train,2137,e6dbfab12b2c30580bfe6fac923729e1dbe330ab2623bb2a92d4141aa3a2a8ad
W/hand2_w_left_seg_2_cropped.jpeg,W,3026,3022,hand2,train,2138,0519233b1e57743e59a2eb0da81d55ffa33162f0a70859547364b3d1b88f81cb
W/hand2_w_left_seg_3_cropped.jpeg,W,3027,3023,hand2,train,2139,eb40f27bffab72a682a16b1f9fdf36eb96d1f725bb55e09615cfa8bdf9d87a5a
W/hand2_w_left_seg_4_cropped.jpeg,W,3028,3024,hand2,train,2140,df0c822848e5c2c19fea46411fe8eddd4e85192ca54ece7343d5414d64808eb0
W/hand2_w_left_seg_5_cropped.jpeg,W,3029,3025,hand2,train,2141,480dd60f3a3b3d3f55983599c6da7ba4b18117ecd89e2e54886d0df148f44333
W/hand2_w_top_seg_1_cropped.jpeg,W,3030,3026,hand2,train,2142,2b6e68e6453bb85f659c906e7a20a81752f77b584cfa144fddef8844f12fef3b
W/hand2_w_top_seg_2_cropped.jpeg,W,3031,3027,hand2,train,2143,88e053b02442fd7ca0f1399d58f85b3e304669479ccce7b00c0d5262a5d79b23
W/hand2_w_top_seg_3_cropped.jpeg,W,3032,3028,hand2,train,2144,45089e76d0d22a0c766c2cd6944bf11aa53fdcfc6a95abbec2dd50236434ad9d
W/hand2_w_top_seg_4_cropped.jpeg,W,3033,3029,hand2,train,2145,e5ec0d1873b68e93f9a8db201cbddf0bc3363daf3694967c9d7f9b247f983df7
W/hand2_w_top_seg_5_cropped.jpeg,W,3034,3030,hand2,train,2146,8ac2ca05ae5c911c19bf3d12153bd54895259257520b36630785c0341ec49d8c
W/hand3_w_dif_seg_1_cropped.jpeg,W,3035,3031,hand3,validation,443,f46de1c6e57d37580fba8f2b70282996baea0aec2e23ddffc49a561f09909db0
W/hand3_w_dif_seg_2_cropped.jpeg,W,3036,3032,hand3,validation,444,cdf2e4488a15aecb2b9ff5953d88b8196c33760a6b47c11cec59294097dcddf8
W/hand3_w_dif_seg_3_cropped.jpeg,W,3037,3033,hand3,validation,445,d930de8c212255ca9eaea9743438fe52e84d39269ff6385cf46aa42e2c3949e7
W/hand3_w_dif_seg_4_cropped.jpeg,W,3038,3034,hand3,validation,446,69f04021a6620e95bce44b3b4e42ba5551f6f4eb9736c1991f8cbb3e494a4617
W/hand3_w_dif_seg_5_cropped.jpeg,W,3039,3035,hand3,validation,447,1c4ab01e870c9a4745598741b1d762fbd3434030faf0c7d38dd7ba43c41ffffc
W/hand4_w_bot_seg_1_cropped.jpeg,W,3040,3036,hand4,validation,448,d6bb7edfe7cec8d83de6f1978b47508af739122d7322e69f8c7df3e674de22fc
W/hand4_w_bot_seg_2_cropped.jpeg,W,3041,3037,hand4,validation,449,9a489951e7c3377ac5ce3a5eefab16f7a9c74cd15aa3c9b8ab93b1c327e36bb6
W/hand4_w_bot_seg_3_cropped.jpeg,W,3042,3038,hand4,validation,450,07de8bbc49fb50235cba41f396ce226c23452c259ea0f23ad108915715cd2d4a
W/hand4_w_bot_seg_4_cropped.jpeg,W,3043,3039,hand4,validation,451,dd38c25433b6c1dd6c15289bfa19bf1e75a5c7721e969d98a47d2cf0fe51cec2
W/hand4_w_bot_seg_5_cropped.jpeg,W,3044,3040,hand4,validation,452,2564e48c223ef16532444680e0af2cb2ba9ad4e4a30b5d8526a54f37817d5f35
W/hand5_w_bot_seg_1_cropped.jpeg,W,3045,3041,hand5,test,441,68b10852b60b670fd26d87ef70b3ca991ac2acf2b026c1dc91bbdffb6bcdb83d
W/hand5_w_bot_seg_3_cropped.jpeg,W,3046,3042,hand5,test,442,2765f6cc76d5c793dbdaa4cbf5cc994b4a8b7f20bdb7cf9b0d9e7e797525ea93
W/hand5_w_bot_seg_4_cropped.jpeg,W,3047,3043,hand5,test,443,ba563d8288969774091f6d52d625a98a3ea216a4e5908d07a2510ad6946e7ed8
W/hand5_w_bot_seg_5_cropped.jpeg,W,3048,3044,hand5,test,444,895ac1cbb459770d35605c9497859ddb97296ce56a92c75a41327ab71e9603a7
W/hand5_w_dif_seg_1_cropped.jpeg,W,3049,3045,hand5,test,445,d6daab6b89f78a53419ed3560531a77a4483c6d03cfb13da0743b246236ceed9
W/hand5_w_dif_seg_2_cropped.jpeg,W,3050,3046,hand5,test,446,c5511a2cc64f08490b4642f05e10d11d75fff5d83519d537bd59b1ef3e075fb3
W/hand5_w_dif_seg_3_cropped.jpeg,W,3051,3047,hand5,test,447,2f6ec945c4a24916f12c5563971b5efc1bc3caed251d85f7d784d9435169f9b0
W/hand5_w_dif_seg_4_cropped.jpeg,W,3052,3048,hand5,test,448,166c8e2cae71bb5b84793ebc5875da20612f3b69d0247fcc792c186c28ce637b
W/hand5_w_dif_seg_5_cropped.jpeg,W,3053,3049,hand5,test,449,0fe4fb19a19e05500a17355ba9c2bbf445fcc43423d87c5d7d9c4b7295ee3b72
W/IMG20210607184125.jpg,W,3054,3050,photo_IMG_date,test,450,0554f57035590c2fd5f50f9b8d1cb1f44d0ea2e32ed5db009c9c1c787cced949
W/IMG20210607184126.jpg,W,3055,3051,photo_IMG_date,test,451,8ec49ebe6ab1a5bee9adfdf2bb99ec9bcae9aab9ed2f44243fbb8e75a50f7a6c
W/IMG20210607184127.jpg,W,3056,3052,photo_IMG_date,test,452,f82cdccdd7cdf79dbcb0374d07b698d474b6531eb8559e54e251fc7943857b41
W/IMG20210607184128.jpg,W,3057,3053,photo_IMG_date,test,453,6273edd3a3725019d5d043088e7c2e0bfdc82debc8da52c65f65f86d3279839a
W/IMG_0318.JPG,W,3058,3054,photo_IMG_counter,test,454,e6be397d3c90620a9435e3dfdf9815505abd5678972ab0f3fff94e270a7c7094
W/IMG_0319.JPG,W,3059,3055,photo_IMG_counter,test,455,0c66bcabd954a51395a7195b63f066c8445159d177143288cb8451f58c02a1f2
W/IMG_0320.JPG,W,3060,3056,photo_IMG_counter,test,456,e0a583eede69719cf2aec9fc18113812b15f6008acb1830266410ea6d881b35d
W/IMG_0321.JPG,W,3061,3057,photo_IMG_counter,test,457,c47010f8f680244dc30488f3257ae58e9a5c2e3c87437f1976f20eb822b7da0d
W/IMG_20210605_174211.jpg,W,3062,3058,photo_IMG_date_underscore,train,2147,a7dc93c76b0ea490660b30ea7db24c7457cb97e9c02a7cb883938bc7a3901966
W/IMG_20210605_174217.jpg,W,3063,3059,photo_IMG_date_underscore,train,2148,3456a9658d300ab9468738d9652326df9409d852226e2aad6d683a0a017a99da
W/IMG_20210605_174223.jpg,W,3064,3060,photo_IMG_date_underscore,train,2149,25f809b03e09986377c74de71f2b9b395274db0b90b11572ce7295e0e244427d
W/IMG_20210605_174227.jpg,W,3065,3061,photo_IMG_date_underscore,train,2150,fc1107c6c9721314a48e58d58ec04b0dbaca9cb26fc8da96fcc7273be1d04fd8
W/IMG_20210606_203322.jpg,W,3066,3062,photo_IMG_date_underscore,train,2151,2aa933f6121f091b5f98966afca7d103561cf160cdcb66cd4d8d01b4dff39b7b
W/IMG_20210606_203326.jpg,W,3067,3063,photo_IMG_date_underscore,train,2152,76bed52da1768022e89a9056bc25d7b53158c55e583bbd13f334ddad3bd392bc
W/IMG_20210606_203329.jpg,W,3068,3064,photo_IMG_date_underscore,train,2153,540b301cb0b11d564af35fb7cf717ce7093715ee85fdd9b36f68ffe926b87ed2
W/IMG_20210606_203333.jpg,W,3069,3065,photo_IMG_date_underscore,train,2154,19c2741b0ed751b27bf8a26ae84c6234241645ab18cfa23df636a6dde67ca63f
W/W (1).jpg,W,3070,3066,photo_letter_parentheses,train,2155,794e6c7946745a438d244692c4e4c09ede57760f939c0a697e3e2dce4fef13e4
W/W (10).jpg,W,3071,3067,photo_letter_parentheses,train,2156,19515959212531e8f6cc21b87a795247da636406a753bc04701a49dda395a5ab
W/W (11).jpg,W,3072,3068,photo_letter_parentheses,train,2157,93c9e2fe9a8773f5c1e08c62d479f3cc1a8ea260ad2fed6442ec7224a4c86f91
W/W (12).jpg,W,3073,3069,photo_letter_parentheses,train,2158,37ae0e00aa95931a0c6899e44ee32f6fb3bf4e8083debb089ae2057013699d1f
W/W (2).jpg,W,3074,3070,photo_letter_parentheses,train,2159,7f3dcedce81873da96b2e5f1dd2ec2f8c88e4d48fb70f4594fe740136ce7fbbc
W/W (3).jpg,W,3075,3071,photo_letter_parentheses,train,2160,d0b468023f0a3411316240f8e74ec2b84a7a0a3bab1b8758ebce0fb012cfa098
W/W (4).jpg,W,3076,3072,photo_letter_parentheses,train,2161,90e7b18631be485e1c1b40c7f5981bd941a62bfdf620f5e727bd94f1faed9fbf
W/W (5).jpg,W,3077,3073,photo_letter_parentheses,train,2162,3771127a587db2a664f355506532d309ca12450244a0015b807edd7f2fc53931
W/W (6).jpg,W,3078,3074,photo_letter_parentheses,train,2163,0b6ec641755145293c899dba99ce9133c3611234073f9f65fef5de3dcbab791d
W/W (7).jpg,W,3079,3075,photo_letter_parentheses,train,2164,c331df5a18bb08ba04bfae8d77f4f03092a7bdedd592b2a3078824e617652460
W/W (8).jpg,W,3080,3076,photo_letter_parentheses,train,2165,9b70c2648c9c46c70b9cab9dfd01502193fe3b8bb66fb825235d8abb381e45e8
W/W (9).jpg,W,3081,3077,photo_letter_parentheses,train,2166,d7f955e5da57d20791a90f87b9c23fac6aedb911a591305f17fc84354276a67a
W/W_1.jpg,W,3082,3078,photo_letter_underscore,validation,453,6723d8f5340bceaae6310e8931b71772784b9c04093dc70246100f538210a141
W/W_2.jpg,W,3083,3079,photo_letter_underscore,validation,454,801728645b5faad4043d5f958991ada49b78ede8dd89c3bb37afbfb20dc45ed9
W/W_3.jpg,W,3084,3080,photo_letter_underscore,validation,455,e0d3d560892f205a440c0595bfe4b2e147778a86ccbbd2a0fb2478cda1638e04
W/W_4.jpg,W,3085,3081,photo_letter_underscore,validation,456,cb3d59255615a8664e84470f0dbbddb08f8fae9a9659173842322c850c2807f5
W/W_5.jpg,W,3086,3082,photo_letter_underscore,validation,457,8099315234eb00f181c342f0a673b9a992d6ce07cb484b1a27536425203da862
W/W_6.jpg,W,3087,3083,photo_letter_underscore,validation,458,579c19f3402e5eecf47e9bc5c1146990beb1165cdea82517e46c612f1ad00cf3
X/20210607_175910.jpg,X,3088,3084,photo_date,train,2167,d34cde0c68077ca4c05bf63834ce67a6dc5f3ecce32a0abf674ef2eb969afacb
X/20210607_175917.jpg,X,3089,3085,photo_date,train,2168,8344805a6fd63f803fae92e49bc663f0eaf8952fb07a39ec75acd48c2c415a8b
X/20210607_175919.jpg,X,3090,3086,photo_date,train,2169,1705f68838c8796a2c7bcfde1a5e470d79886c9c042c239ef698f561493c6683
X/20210607_175921.jpg,X,3091,3087,photo_date,train,2170,09c9935a6532d6ecdfb59f86c6f83705e782f6b713c8ec0c8aa65147bf87ee80
X/D0FC3384-8B1C-48EB-A9A1-5E43DE0D4ABE.jpg,X,3092,3088,photo_uuid,train,2171,2f1ce551c770e99ed46fa74af64ad504d1f66c74032a2d72f80eda17c41a22f7
X/hand1_x_bot_seg_1_cropped.jpeg,X,3093,3089,hand1,train,2172,6e96ac97639c750147d3a4d8e6a3278224b9acee947431274f85ef4a33ca58b9
X/hand1_x_bot_seg_2_cropped.jpeg,X,3094,3090,hand1,train,2173,7bf8f2f3a6a761f71a89d6cbbc0eb00500a2ed18d15145e76d91f50c01cb207d
X/hand1_x_bot_seg_3_cropped.jpeg,X,3095,3091,hand1,train,2174,1b944452c5af96c4564ecfdb50aa876644686dc409eb5c2879a52a56e62caa58
X/hand1_x_bot_seg_4_cropped.jpeg,X,3096,3092,hand1,train,2175,b3844500c94dfcdae601c789805bf2d16cdfd032c46bdbd633b948420756649c
X/hand1_x_bot_seg_5_cropped.jpeg,X,3097,3093,hand1,train,2176,4aa339c976b436f7bd86d407299aaf4e11126341454b61afec82a0af6b8a7ad3
X/hand1_x_dif_seg_1_cropped.jpeg,X,3098,3094,hand1,train,2177,6c19a14c10fcfc9e49d5ebbe1074de341b16f28865e5abf05ac50e296359dd83
X/hand1_x_dif_seg_2_cropped.jpeg,X,3099,3095,hand1,train,2178,3eb938311b9a603f0e1d3f1a5bf67d3b501ca677318dea333108baaba2eba633
X/hand1_x_dif_seg_3_cropped.jpeg,X,3100,3096,hand1,train,2179,bdddada19e7dea697637172929f0728ac7cfb4239718f4458c673a94fd2d79c5
X/hand1_x_dif_seg_4_cropped.jpeg,X,3101,3097,hand1,train,2180,b75e9ac42aecef6f6936c9e27233c5717d61eedeaf9b65b547f916aebc4632f1
X/hand1_x_dif_seg_5_cropped.jpeg,X,3102,3098,hand1,train,2181,042dc31091a599e11f4006afece653846d9be11a43fb168f9373c7c2f6d48eb1
X/hand1_x_left_seg_1_cropped.jpeg,X,3103,3099,hand1,train,2182,7b863c57944adee59bc7464963601ce3ab133fb1c0d34f38c73a4d6587d1b2d7
X/hand1_x_left_seg_2_cropped.jpeg,X,3104,3100,hand1,train,2183,e87707bbe3681ebbc3d98b89722559d5ceecc97e51c102ac5249386366822703
X/hand1_x_left_seg_3_cropped.jpeg,X,3105,3101,hand1,train,2184,45ce74182bde367137a233fd199a626bf7b33ce2fb663e49fca86088ca4e17c0
X/hand1_x_right_seg_1_cropped.jpeg,X,3106,3102,hand1,train,2185,4557b61ee52639b42b8e051b7b012e8989ff9f6701b03958b1a1a342c071483b
X/hand1_x_top_seg_1_cropped.jpeg,X,3107,3103,hand1,train,2186,8db9a04184c0075530ec75c0c0fce072aee645defc6c6dfa2790854c4143b653
X/hand1_x_top_seg_2_cropped.jpeg,X,3108,3104,hand1,train,2187,8d023f9e6ae031320f7afbf89856972cf856dbb77d53f5d36848dc280f2f0cc1
X/hand1_x_top_seg_4_cropped.jpeg,X,3109,3105,hand1,train,2188,0908482fca402d0c5f5256bf8f437f2aefa371d058c2d75640a2ab080ba39abb
X/hand1_x_top_seg_5_cropped.jpeg,X,3110,3106,hand1,train,2189,63fc7b6220c9ab7e41d8bac2b200f015b8cb88ff14a9858640bb2a6dc024aa06
X/hand2_x_bot_seg_1_cropped.jpeg,X,3111,3107,hand2,train,2190,1035254f9873d007e1b369b8dce2a7da05e76f7c3c5c9b16b02219f3a35747a8
X/hand2_x_bot_seg_2_cropped.jpeg,X,3112,3108,hand2,train,2191,d9f9a63a177bb4342ad46bc45927dd3ad97d378903911a72e1b2ef7ac3881e34
X/hand2_x_bot_seg_3_cropped.jpeg,X,3113,3109,hand2,train,2192,637e4708ff35899797bf268353e502a58a0d60da30b310b2f7f05dda1dd1a284
X/hand2_x_bot_seg_4_cropped.jpeg,X,3114,3110,hand2,train,2193,092a4549831e1355042e732267cc1ed0080eedefb78c8ec968d6535435aad124
X/hand2_x_bot_seg_5_cropped.jpeg,X,3115,3111,hand2,train,2194,2a0e9abba2590614246ccdec97602e5e7f46e266d35e1da540cff12680d62133
X/hand2_x_dif_seg_1_cropped.jpeg,X,3116,3112,hand2,train,2195,108aaaff8ef72fc9c6565b1d76d8eaad89f21849523e0032eec767fe200bae20
X/hand2_x_dif_seg_2_cropped.jpeg,X,3117,3113,hand2,train,2196,a3a80e577a5f6e070d9f55e241301588f831f890804394da500f1864f5ded7fa
X/hand2_x_dif_seg_3_cropped.jpeg,X,3118,3114,hand2,train,2197,0f43d7b4e36a68b78b4da98a7bfafa78843868a7116fe90c21d445636b75dbaf
X/hand2_x_dif_seg_4_cropped.jpeg,X,3119,3115,hand2,train,2198,f3b523c54e97d30b730ab344b0ce10158ccf22e3e27203c718cdd42ed246dd7d
X/hand2_x_dif_seg_5_cropped.jpeg,X,3120,3116,hand2,train,2199,db290c9cf73a16ce737ff96c02a6ebdb740b83e7ef627b4a0dbdc42a454101c2
X/hand2_x_left_seg_1_cropped.jpeg,X,3121,3117,hand2,train,2200,27779dfb7cff87ab16c4aaaf9ac79a548c7368ac33f0502a5b04fbe16100bf01
X/hand2_x_left_seg_2_cropped.jpeg,X,3122,3118,hand2,train,2201,c046d3f91c637747e22558dc774d54207c6f9e689a12788cd421ee28986c9678
X/hand2_x_left_seg_3_cropped.jpeg,X,3123,3119,hand2,train,2202,1b9a37d679f4049548ff496d3b503a94472af5c391fc41b08a9a861daac32a72
X/hand2_x_left_seg_4_cropped.jpeg,X,3124,3120,hand2,train,2203,2c3762ca87724ea5790fa53fad98eacfe33fda47dfa7213b6742601db33a6a5e
X/hand2_x_left_seg_5_cropped.jpeg,X,3125,3121,hand2,train,2204,9e168c5f0f03d7bbb22856d900310ac29c07f12f75d80d16d2fbc6bee1c730b9
X/hand2_x_right_seg_1_cropped.jpeg,X,3126,3122,hand2,train,2205,446c08fd65d8dbb9860f0e8aaca1df655a479b26a13c6537c9f567ef3b76b39f
X/hand2_x_right_seg_2_cropped.jpeg,X,3127,3123,hand2,train,2206,e8a982f668e9c9a805d5410a209d3006138571d34bfb515a523cb6ccc21e9a7d
X/hand2_x_right_seg_3_cropped.jpeg,X,3128,3124,hand2,train,2207,f37017562561509fb8768d552d18b7f23470ce42f9529b366dee5ec3c958075a
X/hand2_x_right_seg_4_cropped.jpeg,X,3129,3125,hand2,train,2208,302810a945205ffe4f740e6955a83a57d3d4e1762d1183d87e718eb7035d33ee
X/hand2_x_right_seg_5_cropped.jpeg,X,3130,3126,hand2,train,2209,bac475940026f9af159a3c1654ccc5894bedb2899305105f9f05c9796fb2473f
X/hand2_x_top_seg_1_cropped.jpeg,X,3131,3127,hand2,train,2210,8e532feab599f6cee98e8280351c22eb6bfce9b0d56c39d0c9fe4dfbf25250b2
X/hand2_x_top_seg_2_cropped.jpeg,X,3132,3128,hand2,train,2211,4fc8ace97109700e54db85e753affadc7076d9fd0c964ca91cb6970dbd1397ef
X/hand2_x_top_seg_3_cropped.jpeg,X,3133,3129,hand2,train,2212,1f2f2fb02dfecdb9e9aebcb5259aece53a096fc9b852235406dcf269addae759
X/hand2_x_top_seg_4_cropped.jpeg,X,3134,3130,hand2,train,2213,ca0c4d9b9836e0f9c7142c74a42975d0eb9488362015e989004f5cf6dfdf9ec9
X/hand2_x_top_seg_5_cropped.jpeg,X,3135,3131,hand2,train,2214,02ac1b53ca5ad1caeea554fa8c06c8bfeb73277225d6e8a30b0ef403d9fe2d82
X/hand3_x_dif_seg_1_cropped.jpeg,X,3136,3132,hand3,validation,459,1a4f61335f78ae1f2f9427ebb91a8655d14ae269c4bb51cd56b04ea48ef60d8f
X/hand3_x_dif_seg_2_cropped.jpeg,X,3137,3133,hand3,validation,460,a986d5537e8b99e53f2ae424c0b38643f39cd947a472e4f454a987de66882029
X/hand3_x_dif_seg_3_cropped.jpeg,X,3138,3134,hand3,validation,461,27edb4204dd19afb590b2c722339b2167cc709810600d616bed2de25c6c03db4
X/hand3_x_dif_seg_4_cropped.jpeg,X,3139,3135,hand3,validation,462,b2e1cfd8efec25f3f02534e6b449bdbfe1276af06a78c840f87fa5b173db21ed
X/hand3_x_dif_seg_5_cropped.jpeg,X,3140,3136,hand3,validation,463,90f29c989c48723e149773c57c8c3112b0410b8a627a70e9592c41e505f60220
X/hand4_x_bot_seg_1_cropped.jpeg,X,3141,3137,hand4,validation,464,3420e84391af83bbeac6cb7d0c1376c0838f5246438f3da0f0a0252bbbdf1bf6
X/hand4_x_bot_seg_2_cropped.jpeg,X,3142,3138,hand4,validation,465,5eee7ebb47e79518c43c02c94a61b1947a63dbb620850e48200567242735d7e7
X/hand4_x_bot_seg_3_cropped.jpeg,X,3143,3139,hand4,validation,466,44d0dfc2948f4a5b6f8a89080544ef9112c8d8ee94b406e4455d833fad167f06
X/hand4_x_bot_seg_4_cropped.jpeg,X,3144,3140,hand4,validation,467,7dc8207f2d51547b1062c2f0ec094ee5f94c43831b68f4287639c164bbf9f6bf
X/hand4_x_bot_seg_5_cropped.jpeg,X,3145,3141,hand4,validation,468,fb120c3d07a845aa131fce9fefb2b27e9accebbbf0c161bfc0243637180d484d
X/hand5_x_bot_seg_1_cropped.jpeg,X,3146,3142,hand5,test,458,ba04de660259d04c03a6d74de724d3439d607c252d9342c9c177132d61144298
X/hand5_x_bot_seg_2_cropped.jpeg,X,3147,3143,hand5,test,459,fe2170c35f5a05759c107bd30b9ef2e1dfde44649ffad2682cbdb087613a73d2
X/hand5_x_bot_seg_3_cropped.jpeg,X,3148,3144,hand5,test,460,c1b25b866287738de7329d63d82a187d8b5dcaf82b62a5e8b8cb4071c1cecb80
X/hand5_x_bot_seg_4_cropped.jpeg,X,3149,3145,hand5,test,461,73bf7a046a3d30db64584eaf3190ac6ae50791042f11ee45ea851aeca73c4971
X/hand5_x_bot_seg_5_cropped.jpeg,X,3150,3146,hand5,test,462,53003b6bc673f5dab612de78b6f3b59c4cfafbc5c699a6e168ccc5da1523fbeb
X/hand5_x_dif_seg_1_cropped.jpeg,X,3151,3147,hand5,test,463,9017f989b12ca2a044d251472e6d1ac74a77cef107cb2bdd4db1bf97f7ecff48
X/hand5_x_dif_seg_2_cropped.jpeg,X,3152,3148,hand5,test,464,43117317822ca1e4c46cabb392f6dbf741fcf4da117eac1f545b3b7786ea0ee8
X/hand5_x_dif_seg_3_cropped.jpeg,X,3153,3149,hand5,test,465,b6f88410b24fcabed6069556958d4efdab8b63195e4c75f233b4da03e17507a0
X/hand5_x_dif_seg_4_cropped.jpeg,X,3154,3150,hand5,test,466,948532c023ec4d12d3ff80d142865f2c6f25c8a7b8040339ed87bc96b0ad8a1b
X/hand5_x_dif_seg_5_cropped.jpeg,X,3155,3151,hand5,test,467,351f11adf0f252c3f16b2367d578445f81427c864aa9bac58553554d1ed068f3
X/IMG20210607184136.jpg,X,3156,3152,photo_IMG_date,test,468,f2427ed0d8118c0b7733633499795d11cf2b963cfc789bf4f86fc36c967bb5d6
X/IMG20210607184137.jpg,X,3157,3153,photo_IMG_date,test,469,a7582be3126ac302b4538d3597b49929f624a975c3ee68cfbf3a812711489a6f
X/IMG20210607184138.jpg,X,3158,3154,photo_IMG_date,test,470,30767fdfeb2b481a02138f15ae33fbdc06c33da10f56ba24dd37df6651d3efe9
X/IMG20210607184139.jpg,X,3159,3155,photo_IMG_date,test,471,2f89fed0e44442f52ee6a4dd8816aa4911603b051cd262fd188841349e0614c0
X/IMG_0323.JPG,X,3160,3156,photo_IMG_counter,test,472,7de7458d7e76523be3870117dd5fbcfedc61de4c812d6368c03c81d83787118a
X/IMG_0324.JPG,X,3161,3157,photo_IMG_counter,test,473,8bb07f709c05d0f847a9609d4efb0359902dec88afa7d6147b623ad75eb13f1a
X/IMG_20210605_174251.jpg,X,3162,3158,photo_IMG_date_underscore,train,2215,70d0da004502528b9dc5b2f55e1695fe9347c1e4d3aaddc96d8f87090873f68f
X/IMG_20210605_174300.jpg,X,3163,3159,photo_IMG_date_underscore,train,2216,5dfcd5094a756b944b219a768b049ee99b1210b33b9c87fc38f0525bc53b687c
X/IMG_20210605_174305.jpg,X,3164,3160,photo_IMG_date_underscore,train,2217,51f6f3d85bc25c8be31a6f97addc9f617aa5ba260b5dd43d8dd5eab67c18f108
X/IMG_20210605_174311.jpg,X,3165,3161,photo_IMG_date_underscore,train,2218,8165e7103436e5324174a81ca2cfccc3d2dd532d65d9ca1904e512896851288f
X/IMG_20210606_203349.jpg,X,3166,3162,photo_IMG_date_underscore,train,2219,f9a1b60c2f2d95d6f37a4070d8a87949a8015bb312003d0ba86c00c91c6005a6
X/IMG_20210606_203356.jpg,X,3167,3163,photo_IMG_date_underscore,train,2220,a939cf87ae3cf7bf20617155d0b4e0e4ad79955dd3d31b3c252be21212b94310
X/X (1).jpg,X,3168,3164,photo_letter_parentheses,train,2221,de6f78a0487c272ec07eaaa03a26380f7aed09bf4c58044b659d75f2ad6c3db4
X/X (10).jpg,X,3169,3165,photo_letter_parentheses,train,2222,afce830bafd3f6ec5bba70ca4689fcc7497491a7bec91a9a3a8d3600573e8e5c
X/X (11).jpg,X,3170,3166,photo_letter_parentheses,train,2223,59acfa22b972016fd3baedb7c2197c9ff852e88db0083fc82b0c1359dd7c56da
X/X (12).jpg,X,3171,3167,photo_letter_parentheses,train,2224,fd6c77b7dfa40ec49dcbb19241672c480172a455e1ca17a1bd014f8d4911d0d9
X/X (2).jpg,X,3172,3168,photo_letter_parentheses,train,2225,f74c46b98bc0fb71009b7a5b2e0aac2b5ec941bea062fa6e43af18574966e866
X/X (3).jpg,X,3173,3169,photo_letter_parentheses,train,2226,027f4644062583f6077e61dbd2743673ed4b193aea9f40197f8293fce4f5aa22
X/X (4).jpg,X,3174,3170,photo_letter_parentheses,train,2227,ae46092afddf67066611ea78d02e9058f82abded9fd195b98a2b0438288c1411
X/X (5).jpg,X,3175,3171,photo_letter_parentheses,train,2228,d03e68d7ee7216d2f315b0be31e723a26896723f9a35e6dcb3589eacb5c90f06
X/X (6).jpg,X,3176,3172,photo_letter_parentheses,train,2229,5402835a2809de1af16ae89f394efc6853b6c9ed555be6e5a1c9a7c0375d5b72
X/X (7).jpg,X,3177,3173,photo_letter_parentheses,train,2230,76bbebbc7cd194281bd6002a1d065af0582d36b5709144c7d33919438ab47e72
X/X (8).jpg,X,3178,3174,photo_letter_parentheses,train,2231,bbc2f52a56a3bdcaa6ae83b5d13663e1d14d55d8291bf43a762b2129786950b2
X/X (9).jpg,X,3179,3175,photo_letter_parentheses,train,2232,44e47e9c82d13b8f0ba5c4e9ebd41b6b63af2b9ba434ac63a55f1abb2de043e3
X/X_1.jpg,X,3180,3176,photo_letter_underscore,validation,469,6a54bf882310a6da7a5388cbb5f707f838385d4e5e4c08e19bc47dfc501a0f98
X/X_2.jpg,X,3181,3177,photo_letter_underscore,validation,470,f54639c05dbeae5c3120ea9cee869003dbb979b1f0c2606e070032162f64b42f
X/X_3.jpg,X,3182,3178,photo_letter_underscore,validation,471,6c78256563c9427b1b401f1249e27957eedac8991581a358981c56fe665a24df
X/X_4.jpg,X,3183,3179,photo_letter_underscore,validation,472,8c796b117f02cc85199dbe9d1982bdfdaae45cef53664e19afff12f8482a85fd
X/X_5.jpg,X,3184,3180,photo_letter_underscore,validation,473,19203fada4b97d6c735ea26bc17f787623f895d35842b5da26cda7646ba28f6e
X/X_6.jpg,X,3185,3181,photo_letter_underscore,validation,474,4f428b29aad058dd753c4472bcabb764bcd01fe2590491a6b56cb4f54070a89d
Y/20210607_175952.jpg,Y,3186,3182,photo_date,train,2233,11f1a3f2ff2632b4ed2033327399952ebe8ac862b745962eda094447e25ff673
Y/20210607_175954.jpg,Y,3187,3183,photo_date,train,2234,6319bc5751253dc7b75757a46af41d9f5c3e6dda8ebc8ef83e823826505f7af3
Y/20210607_175957.jpg,Y,3188,3184,photo_date,train,2235,4167b1a72582b58d8e08fabb149521fb671952397580ad35ee7c5f5e177df3f3
Y/20210607_175959.jpg,Y,3189,3185,photo_date,train,2236,7742a7b9c38c667609ea75b4b54760b432f37bea9ead3022276b09b579f1f127
Y/7DFE743A-2528-44AD-9B39-9EC55D451150.jpg,Y,3190,3186,photo_uuid,train,2237,d6ab0aaba69b42755717dcee083e2f3fed815de136cf2f5319ee9a7d2a7ef0ba
Y/99ACCF57-0309-4846-A7A7-F22F3EB1BE90.jpg,Y,3191,3187,photo_uuid,train,2238,9a21d6a53cbec79c002ecc069e9594c7d63cedc8034904c5c4bade67faf3f4f8
Y/B0164961-BE8D-4B17-96D8-3DA80329C5FD.jpg,Y,3192,3188,photo_uuid,train,2239,c2ce69a6ce5e615bba3a39d3a60dcfede715cf97765adc7ad07fdd53a8ad3e63
Y/D4F9F7BF-BA0A-43B2-A8C7-C85E2BFAECD8.jpg,Y,3193,3189,photo_uuid,train,2240,4bd3d026fd155933200bdf655bb18acc78d965f77db2d2840d0e3ece870d7a91
Y/hand1_y_bot_seg_1_cropped.jpeg,Y,3194,3190,hand1,train,2241,0891f8760d16bd0c3a80ccbaf87cb4c1fb23ff736bb50b07098d1caba6ba3dd5
Y/hand1_y_bot_seg_2_cropped.jpeg,Y,3195,3191,hand1,train,2242,efbffd57f85db582b86fc4bcfc35266833fe46dd002a5927f60438a50bbffaab
Y/hand1_y_bot_seg_3_cropped.jpeg,Y,3196,3192,hand1,train,2243,c6b8212e8513dfec5461e4df003d285f213629ebe846eecb652fe947197c94d8
Y/hand1_y_bot_seg_4_cropped.jpeg,Y,3197,3193,hand1,train,2244,d7b33d03d2b6de160936668a1db4716803f7ffe452b26d7213c3eb470d27aa90
Y/hand1_y_bot_seg_5_cropped.jpeg,Y,3198,3194,hand1,train,2245,fa3a98cf3fbcd3d5193a4f5a04e5aa24fe087f944f4314a5e55760b4cd48ca8a
Y/hand1_y_dif_seg_1_cropped.jpeg,Y,3199,3195,hand1,train,2246,58af10d8c286cca259190f646fdbb818dee14b629ce91883f86424349b586cdf
Y/hand1_y_dif_seg_2_cropped.jpeg,Y,3200,3196,hand1,train,2247,c6e7ba3844a3d663cb8d0ff04a00773b3e51057c250e98bc934e9c59c0cc3cf0
Y/hand1_y_dif_seg_3_cropped.jpeg,Y,3201,3197,hand1,train,2248,3c74d4861c974ea3cc478557e01b349f1fbe202e145e2b1859c86bb3628fd308
Y/hand1_y_dif_seg_4_cropped.jpeg,Y,3202,3198,hand1,train,2249,4fafab85eec0265c9c2071cd4423f6e115f22fde9a31edde72941cbdd6843c8e
Y/hand1_y_dif_seg_5_cropped.jpeg,Y,3203,3199,hand1,train,2250,9de211822720108741ec1ce852bdff3c0e4c219bf69a5df0a0723521ba318114
Y/hand1_y_left_seg_1_cropped.jpeg,Y,3204,3200,hand1,train,2251,df95781465b5607524d17b75898719533f1d078e29eb54ead76f0d08c5bacaa2
Y/hand1_y_left_seg_2_cropped.jpeg,Y,3205,3201,hand1,train,2252,e7fef5bd6b45ddca07b662433885dfdbac6c9226338d42a0f421f5afa2361d42
Y/hand1_y_left_seg_3_cropped.jpeg,Y,3206,3202,hand1,train,2253,8880e7a0e153ce234e069280a2caea0e2b6cc61fbbb5695bcd62e42e7a85686b
Y/hand1_y_left_seg_4_cropped.jpeg,Y,3207,3203,hand1,train,2254,a9a8668ec74f49884283e0acc0e4a4b98c086782e66cb79017bc5d7e2a197728
Y/hand1_y_left_seg_5_cropped.jpeg,Y,3208,3204,hand1,train,2255,a0f7f100d001dd7a02a9cbf0f35df51022db54dc8d45cbe0213e4f8e273d9a84
Y/hand1_y_right_seg_1_cropped.jpeg,Y,3209,3205,hand1,train,2256,1cba2705101d1dc38e88ca5be9ff56a5423e9ce2a7e6b4136472a1ba61ab5b4a
Y/hand1_y_right_seg_2_cropped.jpeg,Y,3210,3206,hand1,train,2257,151a2d5d3af1f1dcfb51482f830a90fe87aea2f57f61a8cf7c364745da4a064c
Y/hand1_y_right_seg_3_cropped.jpeg,Y,3211,3207,hand1,train,2258,1562767abc8df9fdb794788dd8390d956d7756a3f1837e327b84168803b88ceb
Y/hand1_y_right_seg_4_cropped.jpeg,Y,3212,3208,hand1,train,2259,b6ef42e1d56a427861a52380e2257d0591a2e2ae59fa016ade9d1e4341f9d948
Y/hand1_y_right_seg_5_cropped.jpeg,Y,3213,3209,hand1,train,2260,c5bd6448bf69a1be94ad86e15ae731180ddef298d3b7e9e2f782ebd7ab751b70
Y/hand1_y_top_seg_1_cropped.jpeg,Y,3214,3210,hand1,train,2261,19cf2e684eb74afc40fd8c9850a3eea86c96fa69499563cb322c62533089a07f
Y/hand1_y_top_seg_2_cropped.jpeg,Y,3215,3211,hand1,train,2262,79b931fdf95b815c54813025b0d1a89da7794dceab6b7d2ae6f9e2fb738c422c
Y/hand1_y_top_seg_3_cropped.jpeg,Y,3216,3212,hand1,train,2263,71985dc52547d2bcac49e1b39b3a8dede079ea0fcd72c4cb6e84b347cbf80d65
Y/hand1_y_top_seg_4_cropped.jpeg,Y,3217,3213,hand1,train,2264,0850d191d7e8ae03d407d9f079333ab8cc717bfce91c4ee3d886915aaf9bc3a9
Y/hand1_y_top_seg_5_cropped.jpeg,Y,3218,3214,hand1,train,2265,dde1688c47c926cf3606cfd757183346e9201283f0e3caf57eb0e9ae0608d3d3
Y/hand2_y_bot_seg_1_cropped.jpeg,Y,3219,3215,hand2,train,2266,42368a1a32ba295a882b5bb1c528464b8c917655f944579a59edaefdb62557a8
Y/hand2_y_bot_seg_2_cropped.jpeg,Y,3220,3216,hand2,train,2267,756ef405f032cfe5ff10b24cd7b7b48c3bd2580c477eaf7e8eec49dedbac571c
Y/hand2_y_bot_seg_3_cropped.jpeg,Y,3221,3217,hand2,train,2268,67a5fca37f91b33a157a21d54f8cc5aa81ae7f37305fc3088f00a16b14c81b58
Y/hand2_y_bot_seg_4_cropped.jpeg,Y,3222,3218,hand2,train,2269,14d8a4affa64ce3ef86564b52c5dc2c6e55e3f2ba6c957958d17870c7964f8dc
Y/hand2_y_bot_seg_5_cropped.jpeg,Y,3223,3219,hand2,train,2270,2e986b6aafdd6a9c45c429ed5cb73dc69d2e09e4e37b4ea3f7f6e64aa9ca505a
Y/hand2_y_dif_seg_1_cropped.jpeg,Y,3224,3220,hand2,train,2271,9b686c72bbcc6bc66b872b02efab33b67e50059aa0e71db06ae7310b2dea3a34
Y/hand2_y_dif_seg_2_cropped.jpeg,Y,3225,3221,hand2,train,2272,a3a38b20f775fb05d11895fe3d25a68b8f2b5434cf71b20247321269dc941ed3
Y/hand2_y_dif_seg_3_cropped.jpeg,Y,3226,3222,hand2,train,2273,29bc331be200ae611505e8c32952bd2c210b472e8c9083a0b364be513b1867f4
Y/hand2_y_dif_seg_4_cropped.jpeg,Y,3227,3223,hand2,train,2274,dc240874c0d7d72e99e7e1a5f869e6812cac5e6e8bbe975f4fe940b70c55b608
Y/hand2_y_dif_seg_5_cropped.jpeg,Y,3228,3224,hand2,train,2275,c1b08370b32ea20e109391af9da050f869daac0ffb2dc531377db56841dbe1f7
Y/hand2_y_left_seg_1_cropped.jpeg,Y,3229,3225,hand2,train,2276,199dfcd6d9c5fd7cd894949a66f6eff1671a4d1e71baec5577ef85c7906f5658
Y/hand2_y_left_seg_2_cropped.jpeg,Y,3230,3226,hand2,train,2277,b7c5f9a78e4a67d17a58e6113cccb98d1020fd8602da86354f26c4fcf0d11909
Y/hand2_y_left_seg_3_cropped.jpeg,Y,3231,3227,hand2,train,2278,242298801fe044a5ed066b9be1c388a746dbb4c6f52b4ab591609bdf11de5780
Y/hand2_y_left_seg_4_cropped.jpeg,Y,3232,3228,hand2,train,2279,f2a157f7ffcabe196167f4d3b2889508e76fad784e0febb1d0cb7881afe29fb0
Y/hand2_y_left_seg_5_cropped.jpeg,Y,3233,3229,hand2,train,2280,8ea1fc26ce8cf762f2c5b2cb590d736101e6f3bd334b0a796c8dd08d57d65ff7
Y/hand2_y_right_seg_1_cropped.jpeg,Y,3234,3230,hand2,train,2281,8b0e3952085d01aa6e918ac30e062120f7d7bc1d01f9fe1fe0eced46859162b4
Y/hand2_y_right_seg_2_cropped.jpeg,Y,3235,3231,hand2,train,2282,2bc43535b23aefce8e1a0879271bddfa2f50002ce7bbca8a803b6e7a5303fe98
Y/hand2_y_right_seg_3_cropped.jpeg,Y,3236,3232,hand2,train,2283,e80f336b2f4e9b32c15a4a60db7073923d9e426ecf76ed859297e786bda9d418
Y/hand2_y_right_seg_4_cropped.jpeg,Y,3237,3233,hand2,train,2284,0e1c8f8f1ae43b3728cd00055ee94522e51ffcf2d94022cffd9d439f15a6e5d7
Y/hand2_y_right_seg_5_cropped.jpeg,Y,3238,3234,hand2,train,2285,19a2844db110b1731d82ce1f2a1cfad8c89297425d07f4d12ac13dd5e45d079d
Y/hand2_y_top_seg_1_cropped.jpeg,Y,3239,3235,hand2,train,2286,862dd8f14caa139c07f4f1b4cbaa461916f661cfdabca3bce1fe4687b54aad6f
Y/hand2_y_top_seg_2_cropped.jpeg,Y,3240,3236,hand2,train,2287,9fe97255759d4e3d4949d6b0557035191c286a192f3cf013bee0ceb00024792e
Y/hand2_y_top_seg_3_cropped.jpeg,Y,3241,3237,hand2,train,2288,18b2e7a1e7853cfea96ce508acbdec464adf7a388746419ab2779bc4a13ab794
Y/hand2_y_top_seg_4_cropped.jpeg,Y,3242,3238,hand2,train,2289,5eaf53131d8d67243cdc85103ac72abc80c4e79f5d794e5f9efd63ee659a8a1b
Y/hand2_y_top_seg_5_cropped.jpeg,Y,3243,3239,hand2,train,2290,581f694c41cb08622ce37704186d42ce3e0da229747d4260f6f6a166c2c0293e
Y/hand3_y_dif_seg_1_cropped.jpeg,Y,3244,3240,hand3,validation,475,55c2f1e78c32258bbc3533d79d9eabb8f55dab89a74cba7baea24c3de1ffa57d
Y/hand3_y_dif_seg_2_cropped.jpeg,Y,3245,3241,hand3,validation,476,2561befe6e104bdbfe0db5c463d30477f63dab5d1850dca5c60dd33f61ac8033
Y/hand3_y_dif_seg_3_cropped.jpeg,Y,3246,3242,hand3,validation,477,57757e7db6927f34c4bd0d230b4c6f8b98ad033f29d109b9f6161194cb343e2e
Y/hand3_y_dif_seg_4_cropped.jpeg,Y,3247,3243,hand3,validation,478,f85c4fcda13f7197ca3663bdc489fbccc64c87381f77f7884686f65b56c42343
Y/hand3_y_dif_seg_5_cropped.jpeg,Y,3248,3244,hand3,validation,479,6ea31e0b1ad056bef78ba26baf7fa30a4061b727680208e866615ebca0b56e44
Y/hand4_y_bot_seg_1_cropped.jpeg,Y,3249,3245,hand4,validation,480,8d4f52aedd088c416aaf4633cbbd16dfd4e48b6bb37fea635fe5751f866cdaf0
Y/hand4_y_bot_seg_2_cropped.jpeg,Y,3250,3246,hand4,validation,481,59f77a73e74470a31d9f92e1ee84724ee3977e9ac8998eafe26d470883557baf
Y/hand4_y_bot_seg_3_cropped.jpeg,Y,3251,3247,hand4,validation,482,feaa722ca58621e0f06583f58fe9176ffcf4bbb1028d93053b059172e05bdb73
Y/hand4_y_bot_seg_4_cropped.jpeg,Y,3252,3248,hand4,validation,483,c675672da1de0c96c7bcf5d87b814a542b248f4285d3b440b36a9a84b451e006
Y/hand4_y_bot_seg_5_cropped.jpeg,Y,3253,3249,hand4,validation,484,1525ce1ffd7bebc963b6f3fd930f4c4e700cad9ed1543850a6b5114c98aa703a
Y/hand5_y_bot_seg_1_cropped.jpeg,Y,3254,3250,hand5,test,474,71dc6dc6846ef55895dd1d3511918b9444142d5f1393d4d5bd9599dd9770837b
Y/hand5_y_bot_seg_2_cropped.jpeg,Y,3255,3251,hand5,test,475,c88b6b946ddb4c9ab080fb8a99e808106c7cc6c7e6303dcecd1c89bc0a3f5a54
Y/hand5_y_bot_seg_3_cropped.jpeg,Y,3256,3252,hand5,test,476,43d4cfa76f68cd9ad5e4c89c944d69717deb63464e287d171387158142de50a5
Y/hand5_y_bot_seg_4_cropped.jpeg,Y,3257,3253,hand5,test,477,30004d41db289b593fac1aee2c103025cfc0bd956e121d614b380968aff3f6cf
Y/hand5_y_bot_seg_5_cropped.jpeg,Y,3258,3254,hand5,test,478,2b76f2f8519c1a3e2b733cd51defd296d46269b47ba2f8fe1895bf17082ec2eb
Y/hand5_y_dif_seg_1_cropped.jpeg,Y,3259,3255,hand5,test,479,b41e5194a6e5b89393c50b0705a000bed49c80b988577f9031c14bdec1065671
Y/hand5_y_dif_seg_2_cropped.jpeg,Y,3260,3256,hand5,test,480,17927c4c4eb7a1c347da8e850fe466ddb7f68d3a475413b04fd185548aa79344
Y/hand5_y_dif_seg_3_cropped.jpeg,Y,3261,3257,hand5,test,481,8489c631d9d3c3f18ce511d59e9a25aea692e038e0174ddb07337c917393129e
Y/hand5_y_dif_seg_4_cropped.jpeg,Y,3262,3258,hand5,test,482,eeb9f07c2647ec4869f729a773275e0a28addbc36c8f98d0ccd3fcd3d10b9f64
Y/hand5_y_dif_seg_5_cropped.jpeg,Y,3263,3259,hand5,test,483,2f6f476294398e0a5531cf8fd1b5e1b592a89b51097626fa2627977de2785e79
Y/IMG20210607184231.jpg,Y,3264,3260,photo_IMG_date,test,484,dea63d783407dcca1e2c6bfab9c3c95dfb99596194548aca21e18b83b82c8b1e
Y/IMG20210607184232.jpg,Y,3265,3261,photo_IMG_date,test,485,4141e6927bcfb437f8cb168122e2ac1d73f7196f341e79189bc0e482b16c1e62
Y/IMG20210607184232_01.jpg,Y,3266,3262,photo_IMG_date,test,486,01ddb7a774f4081556f124d4ec55471232692ffb5e562ff5ec173cdeaf24ed5c
Y/IMG20210607184234.jpg,Y,3267,3263,photo_IMG_date,test,487,2f2027ea2704c4a5c4d2c874c8dd967e53fc83a770a7aa7e89662ef73ff583d3
Y/IMG_0328.JPG,Y,3268,3264,photo_IMG_counter,test,488,18507ad1843557b1810ca053a8832a719fe0955d834228bd58852a495200cdbb
Y/IMG_0329.JPG,Y,3269,3265,photo_IMG_counter,test,489,5a427a001bf711a5868df72ff44fda8196abfb7b4801585714621d0304d49e08
Y/IMG_0330.JPG,Y,3270,3266,photo_IMG_counter,test,490,c17f935b874791646bae42433b34633b8be6e49d3faafc1222f2efe54d0bcfc7
Y/IMG_0331.JPG,Y,3271,3267,photo_IMG_counter,test,491,ea3a752e93f968e304e4b46485e8518e7c4283ebe9b2946bb79ee8d97b03d714
Y/IMG_20210605_174350.jpg,Y,3272,3268,photo_IMG_date_underscore,train,2291,d7c3290a3c57b646fcfa4ac42b215ddcaa6af6081648f2f723b1180c9e362dcd
Y/IMG_20210605_174358.jpg,Y,3273,3269,photo_IMG_date_underscore,train,2292,0c0f5cee5af824fdeb0b251e1b7dfdff0990188eed12b17b07571c41fd333caf
Y/IMG_20210605_174402.jpg,Y,3274,3270,photo_IMG_date_underscore,train,2293,adca84e2fb28619472f654459dc0dc1b22407f419ce2d3e31a56fcfd950a5658
Y/IMG_20210605_174405.jpg,Y,3275,3271,photo_IMG_date_underscore,train,2294,040d383716f5705feecbaf9784c86b48f037fb5106f6591da09f9439dd196727
Y/IMG_20210606_203414.jpg,Y,3276,3272,photo_IMG_date_underscore,train,2295,5d9213d568e033f9c670783066c8c07d9511b5d538a34258f6a3ac4dd8e5f238
Y/IMG_20210606_203417.jpg,Y,3277,3273,photo_IMG_date_underscore,train,2296,e143af119906efb18cbe5ec77c7f4c2104e919e32ff0c5ad9c38f1240fa1cce3
Y/IMG_20210606_203420.jpg,Y,3278,3274,photo_IMG_date_underscore,train,2297,e65dc93e9f1142bc9a7f78700e9fdf4600abda21d3430a1898c61cac1d1edc80
Y/IMG_20210606_203423.jpg,Y,3279,3275,photo_IMG_date_underscore,train,2298,af0bf6817056e7f3788ab0e4711bc84125a1205f0112a27c03b0c58343ac0c2d
Y/Y (1).jpg,Y,3280,3276,photo_letter_parentheses,train,2299,bb07a47536b238488897ee553ad45daf472c52bd9cfb8c229a9f3880fc52179c
Y/Y (10).jpg,Y,3281,3277,photo_letter_parentheses,train,2300,c3554ff660bb84b27da2550664b3aa350b599bbb1a49047081048e99d6d0ed1e
Y/Y (11).jpg,Y,3282,3278,photo_letter_parentheses,train,2301,6f60a8d805420f0fbddbde065f0703713710a2e8077499e5771d24652221e4b3
Y/Y (12).jpg,Y,3283,3279,photo_letter_parentheses,train,2302,c94af22ce96386a97894ab08bd02ec3e0c860cadc95a14b3fc974e6f762ea660
Y/Y (2).jpg,Y,3284,3280,photo_letter_parentheses,train,2303,86cb6a8f35670c5923f0d809fefc3f7b84161303039304a4e26bdb12d7d08520
Y/Y (3).jpg,Y,3285,3281,photo_letter_parentheses,train,2304,7bf8ad4c1ffca199ff3d55bec2bf29a6734b56e03d19cc9196a26fbba61b255a
Y/Y (4).jpg,Y,3286,3282,photo_letter_parentheses,train,2305,ef92583cf8299b9c556ddb331fb902d9fe4f3e6e07045edc7bed2851d3c01e4c
Y/Y (5).jpg,Y,3287,3283,photo_letter_parentheses,train,2306,1d315f69a47b9036679e8d0a2589c672781b0028601068f5295c6c1251c761ed
Y/Y (6).jpg,Y,3288,3284,photo_letter_parentheses,train,2307,e00595412a78b2e6bf2d6cc9e75b52591c371d7daeef035b050fa36244c20bec
Y/Y (7).jpg,Y,3289,3285,photo_letter_parentheses,train,2308,00d5e3b10f6c18c3fe769ad2d65b1812d154e1e84e7b51f6fcc04441085ceeef
Y/Y (8).jpg,Y,3290,3286,photo_letter_parentheses,train,2309,659baa3dfb598f6f20daf770ab9fd314cde88ae236e1547bd20278d1c8699deb
Y/Y (9).jpg,Y,3291,3287,photo_letter_parentheses,train,2310,815e48694401ddb87a1c38a112c7b547785b18e88b2f5347bd8cdaa5ab172c17
Y/Y_1.jpg,Y,3292,3288,photo_letter_underscore,validation,485,2d9fa215f279333cb1aa9ea2287d2c01b6702c54655617e313f515ad70da0660
Y/Y_2.jpg,Y,3293,3289,photo_letter_underscore,validation,486,2243498a18ad5d4b858b317d48cef6424d076fdcbd0f21eb8fbc8405cab931bd
Y/Y_3.jpg,Y,3294,3290,photo_letter_underscore,validation,487,9bd3c99a895ad6c4adba8ad78ab1497ffe28d519cd750eb2c4c6933355c24a81
Y/Y_4.jpg,Y,3295,3291,photo_letter_underscore,validation,488,a2ea439700f553bf94032d63f688339036f80c48c7e40b3bb642be49b60aeba1
Y/Y_5.jpg,Y,3296,3292,photo_letter_underscore,validation,489,3d3a0a976fc2277cd745626ffbd2e84ff9d50c4a03b0ebb7d4c31fdfd267d77c
Y/Y_6.jpg,Y,3297,3293,photo_letter_underscore,validation,490,34fedb0e0bf864905661e958f79e7a233ba53330baeda258c351765cf8611cf0
Z/0706D122-F6E6-4D29-B15C-73E9F5BE1880.jpg,Z,3298,3294,photo_uuid,train,2311,d5fdf57e4f24f3f2e78fde02e4539a346b72cb05f8f6ffd4e4ef7fb46e6b5aa5
Z/20210607_180203.jpg,Z,3299,3295,photo_date,train,2312,a7b2d01b3450aabcbd071462a68734b8b6a65c68dfecb2dcd7ee8079cc11f88f
Z/20210607_180204.jpg,Z,3300,3296,photo_date,train,2313,78a8a54c4eaf5f36a74a41091d6c599f868db84e40185a72c9b4a4a3a624f9e8
Z/20210607_180209.jpg,Z,3301,3297,photo_date,train,2314,47128bace8545d502a1b3662a3e069ae7ceda4e914ccfba3d9db6c6eb4325a9b
Z/20210607_180212.jpg,Z,3302,3298,photo_date,train,2315,21e363fc5b4087c734b4bf14547fab9953b26ab4f75b99fe157f7802509d6ed9
Z/2DE9D65B-D88E-49EB-8835-98404D095E09.jpg,Z,3303,3299,photo_uuid,train,2316,3659f7e486f172f534550e1e12eeee8be5b55464a10daaff072ca298e6663e44
Z/812E8F92-4C42-4C24-9686-CD9E0BC06512.jpg,Z,3304,3300,photo_uuid,train,2317,0c61012ee56dfb79880e7d0c13667feea1d21d3e6f0484435d5a2aab82f1b555
Z/96E1FE36-274E-45AD-8D8C-6AB324B21AE1.jpg,Z,3305,3301,photo_uuid,train,2318,245745f1e83aed51be65491b9f3e03b365c5821d4313f171f6a280d9917abdd9
Z/hand1_z_bot_seg_1_cropped.jpeg,Z,3306,3302,hand1,train,2319,d0c566e889dee5ee91a561a94fb9c32b4a11d8f78081d39ca0b1f102f2dcb57f
Z/hand1_z_bot_seg_2_cropped.jpeg,Z,3307,3303,hand1,train,2320,4851a056ba9bed37df691b7c2f87d8a722e91857c2a34251ae6474d3d45b7d02
Z/hand1_z_dif_seg_1_cropped.jpeg,Z,3308,3304,hand1,train,2321,587772c699a4d51e1795e15368548b1ab5797c01f18f095fb010a531af2dd608
Z/hand1_z_dif_seg_2_cropped.jpeg,Z,3309,3305,hand1,train,2322,a7203505849ee03096936394af95f83925895c15b84c150900db0063d862c4d1
Z/hand1_z_dif_seg_3_cropped.jpeg,Z,3310,3306,hand1,train,2323,a39ba98cba0daff11feaa730774681914340b19d884ca24a7dfbae54bc303ec5
Z/hand1_z_dif_seg_4_cropped.jpeg,Z,3311,3307,hand1,train,2324,bea1844aaefb143a843d1b14200dd21236d03bc5474a63ccfdc5292547b79d03
Z/hand1_z_dif_seg_5_cropped.jpeg,Z,3312,3308,hand1,train,2325,42ba48d7b398a197d2d113046d08459b820d34126096e0c4e32d8389913863c6
Z/hand1_z_left_seg_1_cropped.jpeg,Z,3313,3309,hand1,train,2326,82a2f14c11d4cda4d2b9d10042a2efe22a82f7e8873929daa97074a05f64ac08
Z/hand1_z_left_seg_2_cropped.jpeg,Z,3314,3310,hand1,train,2327,5829b17495c15c5b16d18c37aa935bf04b6001430e5e44fa787d3afda2e89550
Z/hand1_z_left_seg_3_cropped.jpeg,Z,3315,3311,hand1,train,2328,3646a6d7b5a4bec2883b5dcf353c79cbe610421c6480d6986e1d7855596e7804
Z/hand1_z_left_seg_4_cropped.jpeg,Z,3316,3312,hand1,train,2329,f39d63b91fa01b442a5e3cd30a17876f4c8609707649be194d5340a8459eb7c3
Z/hand1_z_left_seg_5_cropped.jpeg,Z,3317,3313,hand1,train,2330,92395b942fab433fe40aa53ef88714acc57fe0f5df585edee479af804a3d0f70
Z/hand1_z_right_seg_1_cropped.jpeg,Z,3318,3314,hand1,train,2331,8dbf1cdd5bf57b48704cf15188270eac2a9ea55ef5129377ae342fa2f84427ed
Z/hand1_z_right_seg_2_cropped.jpeg,Z,3319,3315,hand1,train,2332,255972d99c6df829ec87f973ea91ce3d80ffe8f9c22d861f115bfc745378543b
Z/hand1_z_top_seg_1_cropped.jpeg,Z,3320,3316,hand1,train,2333,e3cafc4036988564f84aadbb2ccc9671ccf5e06146fce49cafeabf40003c06e4
Z/hand1_z_top_seg_2_cropped.jpeg,Z,3321,3317,hand1,train,2334,bf90f2e1cff74a025f20ad336f8e3f191e5bea7970588af1b6e83aea47fa4a52
Z/hand1_z_top_seg_3_cropped.jpeg,Z,3322,3318,hand1,train,2335,e7006bd0f2baf2348e5b2db37c30ad66f48ddcde2fee9365dbb7979c5a63e5a8
Z/hand1_z_top_seg_4_cropped.jpeg,Z,3323,3319,hand1,train,2336,79aab43a1a54f4a32e6f4f2a8bf755280d297d79a0dd7eba7e549d9209e363df
Z/hand1_z_top_seg_5_cropped.jpeg,Z,3324,3320,hand1,train,2337,ac2a94311c2c2994040d3fc701d58e146b5b7133bcd3650ca5106dc8077c6f2a
Z/hand2_z_bot_seg_1_cropped.jpeg,Z,3325,3321,hand2,train,2338,ec8538b22088c31fd07a3590f49c4f83ec883abae5462443eb72c1f44e7f46d6
Z/hand2_z_bot_seg_2_cropped.jpeg,Z,3326,3322,hand2,train,2339,cb6048d9568acf0f2530e3a5ae8eea2f5876552f5cde9ced0b557ed4fa1fd264
Z/hand2_z_bot_seg_3_cropped.jpeg,Z,3327,3323,hand2,train,2340,ddf2c70f00207ef972957a5ab77ef7ef9b7947a459fcabb06f529511b4eb0079
Z/hand2_z_bot_seg_4_cropped.jpeg,Z,3328,3324,hand2,train,2341,ef0a9b8464dd92dbc2a86951d2fb85814b39f06f04ae52a5b2776507d0e13487
Z/hand2_z_bot_seg_5_cropped.jpeg,Z,3329,3325,hand2,train,2342,b5b6fb46054d593988c59a07acc31cc84d25180db3b4853cde9c503f1c3afdce
Z/hand2_z_dif_seg_1_cropped.jpeg,Z,3330,3326,hand2,train,2343,b6b1599e47d23f8533fb35c673803d6573a391a2d44caf6194d37fe8bd22adc8
Z/hand2_z_dif_seg_2_cropped.jpeg,Z,3331,3327,hand2,train,2344,289d15d061c7c5ca79b8b18ac6aea5bd95e29ba0071c9ab4eba65ddb38397267
Z/hand2_z_dif_seg_3_cropped.jpeg,Z,3332,3328,hand2,train,2345,595d0976314da7bab32a13efa436317d64483062e03122d77001e61690ee9e14
Z/hand2_z_dif_seg_4_cropped.jpeg,Z,3333,3329,hand2,train,2346,4fd74a9a3150e9ad676c575f1e3e08ce7935161fcf3639acbbc2860bd9f0a9eb
Z/hand2_z_dif_seg_5_cropped.jpeg,Z,3334,3330,hand2,train,2347,85075b9256f288343e3a88d4b0f905b1502d34166f708a42feb765195eb6ac9b
Z/hand2_z_left_seg_1_cropped.jpeg,Z,3335,3331,hand2,train,2348,9bfbe4273ab031d81568f8e9a8af10df05d6a28cb582fd8360001f5932dbf8ac
Z/hand2_z_left_seg_2_cropped.jpeg,Z,3336,3332,hand2,train,2349,996d46b8fb38db0d9ff20d2f11622ba03e04e3a3c075eab3c250331915a56cd6
Z/hand2_z_left_seg_3_cropped.jpeg,Z,3337,3333,hand2,train,2350,fd10cf36d46a9937902c6b66e68c7add4698264e4b52edf6d2688d260d2c75ff
Z/hand2_z_left_seg_4_cropped.jpeg,Z,3338,3334,hand2,train,2351,50d08cb761355c6e171b0277657520dc6b618298e26a17c79872bb46686bdb2d
Z/hand2_z_left_seg_5_cropped.jpeg,Z,3339,3335,hand2,train,2352,d1aef0d6a53346d82ecd6ecf956b227acdeea2ff28eabab9a98a5948887b3fb6
Z/hand2_z_right_seg_1_cropped.jpeg,Z,3340,3336,hand2,train,2353,d58d14c2f4244e3cfca85756ae61639c0a21f45641f3219806c4fb2ea8b7d785
Z/hand2_z_right_seg_2_cropped.jpeg,Z,3341,3337,hand2,train,2354,b1b87a3552c9c4e31e8924a57d23ba234a89870b49473e73a68fb860e9d36d12
Z/hand2_z_right_seg_3_cropped.jpeg,Z,3342,3338,hand2,train,2355,8588be46363cef7ce0dfb11285af868830e7e6e10643d9635a41aa65594572bf
Z/hand2_z_right_seg_4_cropped.jpeg,Z,3343,3339,hand2,train,2356,bacd951a42187baf1a2a83554843d1aebc7d832ba2068317de93758826429fa6
Z/hand2_z_right_seg_5_cropped.jpeg,Z,3344,3340,hand2,train,2357,3923e38aff33c4fb7e56f1bc7cea8d2cb0ee6c5d8c7431065d24fdc0e7e4285e
Z/hand2_z_top_seg_1_cropped.jpeg,Z,3345,3341,hand2,train,2358,4f983b89505d395dfbd8b523fedcb8744f931db64e01db7f5cbd6fa78898559f
Z/hand2_z_top_seg_2_cropped.jpeg,Z,3346,3342,hand2,train,2359,edb05e34a299bcd8c9adaa825902fcc9bf7e7f63c03e6bfe2571e751a47ab4bc
Z/hand2_z_top_seg_3_cropped.jpeg,Z,3347,3343,hand2,train,2360,30a8c4bee1f5ca8c488e503182ee02d1cb078eb3c65dda6ae4fa77ca426c1b24
Z/hand2_z_top_seg_4_cropped.jpeg,Z,3348,3344,hand2,train,2361,42b1ac61fd99815b9c3ad3b675de63cc460837396791443aced030a2773c5a1a
Z/hand2_z_top_seg_5_cropped.jpeg,Z,3349,3345,hand2,train,2362,c86a2b30dc1f5979e3357cd05836bca6f5eb34608be0cf26170173942add96c4
Z/hand3_z_dif_seg_1_cropped.jpeg,Z,3350,3346,hand3,validation,491,be16687681284df82c33edb233d32cb55606723eab46570b0976de2029954b0d
Z/hand3_z_dif_seg_2_cropped.jpeg,Z,3351,3347,hand3,validation,492,87ce8df43a7a7a8dd2e1a7e52f3bbaef80442f576fd198b83c559afa80fcb1c4
Z/hand3_z_dif_seg_3_cropped.jpeg,Z,3352,3348,hand3,validation,493,1d11d9e763c9a5daf3f5079eb4abfe40aaa92564e18ace23db39e1e261e0354a
Z/hand3_z_dif_seg_4_cropped.jpeg,Z,3353,3349,hand3,validation,494,4a5831085489d1f812575a3909848b1b30d33da59b8d66cd4760e6ca98c9ca2b
Z/hand3_z_dif_seg_5_cropped.jpeg,Z,3354,3350,hand3,validation,495,6c5c7d57316a83adc6202a120d7ed9aea520beab459c0f07413ad0111dafe147
Z/hand4_z_bot_seg_1_cropped.jpeg,Z,3355,3351,hand4,validation,496,676c81dbec66ec92da487f9df8b2886b5c18fc88f49a544dd1ad0853513cf7e9
Z/hand4_z_bot_seg_2_cropped.jpeg,Z,3356,3352,hand4,validation,497,cf086eaa560c141ea8bfc063fc440d064bc43e9dbfe17a13b85e5fb8a921e3cb
Z/hand4_z_bot_seg_3_cropped.jpeg,Z,3357,3353,hand4,validation,498,5b7607ac55072aec1ec94f31e15626b49de75cd3f6053341848d830a65ac373b
Z/hand4_z_bot_seg_4_cropped.jpeg,Z,3358,3354,hand4,validation,499,192e536f3c1f94f3c95868cd8588bb0b0d6fac425c9d992951417a5bb40657c3
Z/hand4_z_bot_seg_5_cropped.jpeg,Z,3359,3355,hand4,validation,500,174322a467fd319f499f1d94c65927e02ae95762c9984776fadff2bb9d5cd02b
Z/hand5_z_bot_seg_2_cropped.jpeg,Z,3360,3356,hand5,test,492,dec312efad4873d7fa7294a14d79de746336ff194621621ce1cf4278f6cc022e
Z/hand5_z_bot_seg_3_cropped.jpeg,Z,3361,3357,hand5,test,493,038a4299a39838cfe701bdb8eb1e1e47d9ec8175fd95423c86ac29207cc7700a
Z/hand5_z_bot_seg_4_cropped.jpeg,Z,3362,3358,hand5,test,494,c47fada89452da1ad196eb4344f3b2640d7556a630b76c25642c8c51493619d9
Z/hand5_z_bot_seg_5_cropped.jpeg,Z,3363,3359,hand5,test,495,f0b88fe7276c361098591d3ef6487540cae753add8f20f7a44d5b1332d676d94
Z/hand5_z_dif_seg_1_cropped.jpeg,Z,3364,3360,hand5,test,496,95926a58248156fb24411efb52eb122ec87b43171c758af1f0716ffb326eb89f
Z/hand5_z_dif_seg_2_cropped.jpeg,Z,3365,3361,hand5,test,497,4e2204f3d060e111b4513baab31d23da7874850195f2cdd3a3d1c812268faaaa
Z/hand5_z_dif_seg_3_cropped.jpeg,Z,3366,3362,hand5,test,498,708065c73d5285e65d411539c7c735a8d1f234a7e460e4522aad07284e6f4149
Z/hand5_z_dif_seg_4_cropped.jpeg,Z,3367,3363,hand5,test,499,6092708368fd0ba15c455defe5807453e8c840728f0d568c410974050fae8b29
Z/hand5_z_dif_seg_5_cropped.jpeg,Z,3368,3364,hand5,test,500,907c9ea28ab5334a8e270a7049057dcc42243493f751bd7b2bdc67108e387669
Z/IMG_0333.JPG,Z,3369,3365,photo_IMG_counter,test,501,53d71003f397e0ac03ebde3c040dce1c81842d20c016992d474e40e61438e749
Z/IMG_0334.JPG,Z,3370,3366,photo_IMG_counter,test,502,356d1beb1a21313f3d6879aca3116c9a85c1ad9498475c66f3bd795a1380f7f6
Z/IMG_0336.JPG,Z,3371,3367,photo_IMG_counter,test,503,72475f493a8241ce8b119bfc3a9fdf8147ff05ffd378c48c5f09a95e50cedd72
Z/IMG_20210605_174440.jpg,Z,3372,3368,photo_IMG_date_underscore,train,2363,bfd7545711a9f096c49a2bea1e2a2037ab2258be6afe842f78e02566aa3eee21
Z/IMG_20210605_174444.jpg,Z,3373,3369,photo_IMG_date_underscore,train,2364,c1734c6bf4c9d30604b6e90809c16c26015111f47c1bde09dbabb19441bb181b
Z/IMG_20210605_174449.jpg,Z,3374,3370,photo_IMG_date_underscore,train,2365,01fc4e7c1e3b560dec4bfb74557ea7bc3acf05f46ed8da66b3ae7152617d5efc
Z/IMG_20210605_174454.jpg,Z,3375,3371,photo_IMG_date_underscore,train,2366,3d42ce9e6ffb75ddecce071a4b6b4211c56ac805dcd1f12bc62e06989c642b05
Z/IMG_20210606_203440.jpg,Z,3376,3372,photo_IMG_date_underscore,train,2367,83d34c4255bbbddd75244cb5ad987615f407e20816e76bee14ff2a39681935bd
Z/IMG_20210606_203443.jpg,Z,3377,3373,photo_IMG_date_underscore,train,2368,44ac75766c38ef3a916a8811807696521ef8f930c79f2e210e324420457fa8a4
Z/IMG_20210606_203446.jpg,Z,3378,3374,photo_IMG_date_underscore,train,2369,e26c5f00718e932a095e0a471f7b08717fa42f611397106a1067336f7b0c48e6
Z/IMG_20210606_203450.jpg,Z,3379,3375,photo_IMG_date_underscore,train,2370,cd3a8155025cf3bd1f3a4a2eaa17a74cbb0f3654280b5db5ba4481796cae9982
Z/IMG_20210607_203118.jpg,Z,3380,3376,photo_IMG_date_underscore,train,2371,06be93cd1d1345ffe83701be8c8a6ed5fb2aab45aeb498e4a837e3a82059b84f
Z/IMG_20210607_203120.jpg,Z,3381,3377,photo_IMG_date_underscore,train,2372,5e2cafced9c5aeb471a5a333ef272ab1b0f0438ff1f4db88047935e00e0d8e72
Z/IMG_20210607_203121.jpg,Z,3382,3378,photo_IMG_date_underscore,train,2373,ec67bf47333043c33b42815ca17c8a32c4dc5e9da50624144c10af817f838c36
Z/IMG_20210607_203122.jpg,Z,3383,3379,photo_IMG_date_underscore,train,2374,abf2b7be0daad2cd71f9bf6abf387faca38f167a954238d639cc349c894ada66
Z/Z (1).jpg,Z,3384,3380,photo_letter_parentheses,train,2375,b54279cdc8f7328823f99f787779373be171dcccf40cf3d9c574457227a7d023
Z/Z (10).jpg,Z,3385,3381,photo_letter_parentheses,train,2376,2cc27c4799dd7ef57d29918f3dc03b6ccdb9e9442c56a9d12ad33b3254b3c290
Z/Z (11).jpg,Z,3386,3382,photo_letter_parentheses,train,2377,cec2cc6cde857c008564c7e16ffa1c96ae2e257ae85aae1148b4cc49a2a0f733
Z/Z (12).jpg,Z,3387,3383,photo_letter_parentheses,train,2378,fd95e5794975e2fdd1c2d34666d2096b1abc55638ae4fd7b9fe3f953f807e10b
Z/Z (2).jpg,Z,3388,3384,photo_letter_parentheses,train,2379,714c79832c607edb4ac79e97f3b8db51289a671bcdd235dad3c07b20080e0695
Z/Z (3).jpg,Z,3389,3385,photo_letter_parentheses,train,2380,b1e49aabc1e60ce1fb4c98f9df80ba412efe40baa64af838ac60b105cbc604bb
Z/Z (4).jpg,Z,3390,3386,photo_letter_parentheses,train,2381,1ef65291623e685a8cc761a4965cd83e3de89530337d468d258262da15c4cbb4
Z/Z (5).jpg,Z,3391,3387,photo_letter_parentheses,train,2382,7306a98ba3b59dae14e92f3b99f951270e2b7bcb8590babf85ea521bce210fcf
Z/Z (6).jpg,Z,3392,3388,photo_letter_parentheses,train,2383,227e0b15d0853dfe36af385499761c642fed733d5889ecb224344a02d3a90894
Z/Z (7).jpg,Z,3393,3389,photo_letter_parentheses,train,2384,27d6a56ca1e269c94904b81cfb4a08a4d9f3faf845b06c61147c812a9c199c65
Z/Z (8).jpg,Z,3394,3390,photo_letter_parentheses,train,2385,b5754cb8c001ff1618fa746e1ab1dc90a68581e2872ab27e8068adc70a7a0805
Z/Z (9).jpg,Z,3395,3391,photo_letter_parentheses,train,2386,1b974aa0ab7fdfc32baf0324d4e194071ec2263ca8e1f07a0b7feaa488b37944
Z/Z_1.jpg,Z,3396,3392,photo_letter_underscore,validation,501,3217376c14696dc4f406a96451f5805a13d0f666ea46345581717d9cd396ddba
Z/Z_2.jpg,Z,3397,3393,photo_letter_underscore,validation,502,a6c47b5a2caf3028718ebbed3481c43d95a0d630edc1475ee6776921d948c8ae
Z/Z_3.jpg,Z,3398,3394,photo_letter_underscore,validation,503,c8237a2c43e9d6a4f6a6961792d0f918f649a4979e41e1a94dabd1fa9f1f42ef
Z/Z_4.jpg,Z,3399,3395,photo_letter_underscore,validation,504,26308669273a9a143cbd0917e75bc8aea4c00ad3bc57a5d6fbf0c200ada4f1ae
Z/Z_5.jpg,Z,3400,3396,photo_letter_underscore,validation,505,8861f488b4519cd9b519b08f7efdd8cf086fbcef3d5a27c5ad007364cfcfba10
Z/Z_6.jpg,Z,3401,3397,photo_letter_underscore,validation,506,bdad4d46ab70e8975b43b1041e35b741c70651990daf7da1c684236a7546dc84
